CODGEO,code_departement,P10_POP1564,P10_CHOM1564,P15_POP1564,P15_CHOM1564,P21_POP1564,P21_CHOM1564
44001,44,1151.0,99.0,1200.0,84.0,1256.43049226708,70.7483050837851
44002,44,1992.0,93.0,2278.0,130.0,2537.09182040888,113.466899563206
44003,44,6538.05918778892,359.718874220931,6307.50540726127,520.545049004924,6707.58710058102,498.786053642484
44005,44,3682.33866995074,246.097290640394,4096.14737274221,302.250821018063,4436.59403054214,266.617418659146
44006,44,1114.0,78.0,1090.0,101.0,1142.35836885379,80.7073793732754
44007,44,1453.01483560545,112.371692060946,1461.35065144583,130.53414824059,1465.66406055044,111.219784135122
44009,44,5480.53713735769,260.270981726335,5640.39860917388,342.505647972156,5876.98092273187,289.56059228405
44010,44,1929.26555749857,162.140748295972,1748.27072008625,178.708047622546,1532.77775291408,153.909455092593
44012,44,1367.82650480502,117.060139511455,1407.2559917374,143.047021319145,1568.40515270678,124.906031922401
44013,44,1695.0,114.0,1832.0,158.0,2055.27617442267,128.607719402601
44014,44,2099.92449382254,92.0040222761314,2309.07757949989,123.586124930135,2464.61098099955,96.5542415731122
44015,44,5899.89175173686,365.560107623489,5910.67772501414,489.310693567893,6089.25673674123,454.964602968716
44016,44,595.345679012345,30.7407407407407,683.342339032637,44.7819645902261,701.94296872724,30.3552705268405
44018,44,3954.0,184.0,4669.0,328.0,5070.35265856637,292.336721880069
44019,44,568.44141069397,43.0489192263936,605.718784349918,38.2224522596475,649.979606551262,24.3748958330928
44020,44,12000.2415264871,794.633762463554,11932.7154592813,1052.98480703991,12936.1089025758,925.703995625044
44021,44,2710.0,214.0,2823.0,265.0,2895.73907181003,190.262065508207
44022,44,1665.0,80.0,1628.0,104.0,1756.26180010653,81.5652575013731
44023,44,1734.99045322914,84.6267250317237,1863.44628269699,125.242645830979,1919.46067244281,113.350872284646
44024,44,1718.00541167375,74.9130266718206,1794.19683098592,92.6535211267606,1828.72442672832,73.7095093006777
44025,44,2316.94761676523,116.196902550066,2361.64346634606,151.233211832726,2378.83363991267,131.704887368075
44026,44,12276.8575461611,543.447596515845,12721.5784841507,868.593026002571,13239.9520668894,708.601967329123
44027,44,1322.0767408811,67.2913311226907,1434.65539016689,85.6657645466847,1690.81037813621,78.506978152244
44028,44,2383.29700360013,120.129130316889,2309.26758422015,151.859949893821,2461.98158981361,160.91458594374
44029,44,4252.32523462591,242.45499232398,4264.64376400299,251.947722180732,4434.39913643897,227.635752670884
44030,44,2350.06911712447,132.453970473381,2379.11898888681,180.872530749837,2560.01780585602,209.617974524106
44031,44,489.808252427185,31.9223300970874,459.683823529414,41.1507352941178,474.711969203702,33.7372919647878
44032,44,1844.64942349642,100.582736054846,1980.81250349677,104.096183517396,2183.69510494251,75.9308759647371
44033,44,1824.5741538441,89.1969982867837,1822.10777555458,94.5322022901308,1997.93232108529,85.6278532539548
44035,44,11499.7045880598,594.974146065352,12098.1749855858,767.927372854096,12542.295489153,827.455442259224
44036,44,7182.05626414849,693.517511696382,6946.62204890915,846.074622172483,6959.64499678342,717.782216627393
44037,44,1857.92847380999,108.865404455527,1833.75031781035,125.886340640809,1973.3506869771,85.1202634402242
44038,44,1586.53930295162,83.9479332193032,1705.89954316264,139.732050792091,1868.03295308738,88.6517629677493
44039,44,527.846659364732,19.4129244249726,662.208059981256,35.6129334582943,756.585817398238,36.4322597382145
44041,44,3340.55858044438,140.885687867318,3540.40067851576,201.233696294182,3890.67457172657,217.683688931535
44043,44,4237.09081704232,297.471115567176,4212.39238579584,345.311714220919,4531.79172813996,254.658173552789
44044,44,631.0,63.0,638.0,71.0,631.493067438607,60.6320304670718
44045,44,1918.31958299731,81.1642886233219,2322.83721610803,107.137036658347,2382.05197347074,101.330744126645
44046,44,1794.04548900682,74.838514025777,1756.41952614804,115.813481014807,1696.23062810393,107.557610258365
44047,44,12005.9406069781,528.332380439605,13170.3153865447,869.083598293062,14834.3615312473,980.706533275086
44048,44,1468.0,77.0,1618.0,97.0,1621.15643194037,67.7728212898384
44049,44,2206.83676960342,140.654623384432,2011.0304630912,177.656644661906,1910.00629618305,199.508213895415
44050,44,1699.23365912907,101.456510501251,1751.96273461397,123.734755069351,1837.99285158456,78.6436147410849
44051,44,1937.84683409918,141.227677420527,2058.91662925897,165.748151673238,2172.17452347017,120.68062585635
44052,44,4172.1127377124,306.949024858704,4663.33019945795,458.882942661782,5015.14576529122,328.594659523286
44053,44,1174.22058099458,86.206302314131,1321.42280071813,91.6315080789946,1441.30685584816,72.3985737681199
44054,44,1922.50319558792,84.0959909192944,1892.47631731271,118.727658342292,1894.77345691082,110.687582374659
44055,44,8948.65685758337,655.582329758146,8004.88456365044,732.029980274524,7780.10135986327,677.187920197768
44056,44,2023.0,155.0,2198.0,146.0,2292.02811610024,124.529275571959
44057,44,1377.0,116.0,1449.0,154.0,1351.13004257146,119.35921320434
44058,44,316.556886227545,27.1057884231537,299.544303797467,21.8417721518987,296.566525426616,30.9765963304475
44061,44,1788.69631015255,127.330307884556,1887.97030388234,141.193909004598,1894.04981821286,134.337867029162
44062,44,957.444830439141,77.6593769372409,1089.11125297864,90.8961356491092,1213.29698110733,88.8898928703321
44063,44,2150.0,136.0,2277.0,140.0,2321.13482028619,122.723162553462
44064,44,2635.0,140.0,2730.0,169.0,3081.77192435222,138.393566119888
44065,44,471.0,47.0,462.0,38.0,445.83677520265,34.9057076440671
44066,44,3168.5550667971,166.961576588419,3740.59062501372,197.254320437534,4370.68908685642,178.783557566795
44067,44,2927.71307338803,323.894809552003,2940.75047389027,300.707429232442,3083.19370216682,272.693092467867
44068,44,1826.7778893424,136.896589382817,1959.01873185292,150.299809915489,2082.11029522259,128.518313934879
44069,44,10053.2276670199,635.008815478026,9972.87507136362,846.333179112463,9632.1961725664,638.539886746329
44070,44,2874.07825298274,126.218070582394,2985.81375623878,179.170878737735,3041.14446120359,155.853552460993
44071,44,3561.0,157.0,3560.0,213.0,3695.83980742894,192.346847328586
44072,44,3680.78236308373,264.611543845793,4029.95569364454,355.866171567142,4280.46691540337,259.776460453
44073,44,3276.0,175.0,3667.0,238.0,4094.07589773562,225.212001716943
44074,44,2615.82310469314,185.040742650851,2557.01180836011,219.119478640243,2707.266018999,193.008701551365
44075,44,1112.71516660795,53.1778849013089,1133.65275462953,102.828644940707,1054.04694597077,77.1108075230222
44076,44,666.312175860731,51.2914884536102,797.948720785335,50.8256415550098,867.558799960467,49.3330434106236
44077,44,1298.20368470888,76.746837672703,1378.41865935993,120.217211813509,1577.30312862475,76.7253110990687
44078,44,224.258823529412,4.1529411764706,207.856502335204,21.8313637077169,188.196407503361,18.8487557260467
44079,44,1933.18259888367,108.977604460985,1926.22965631571,115.570018543096,2058.16425647181,93.3065128410609
44080,44,500.982781456951,36.1430463576157,502.697127937337,46.6932114882507,493.240873852218,23.2025981642769
44081,44,2659.77212575106,148.831119052013,2706.77000491895,235.848501917474,2768.84818022452,150.841974533495
44082,44,2889.0,151.0,3096.0,176.0,3432.42430049398,154.331639006423
44083,44,1304.12583487179,66.9565130105556,1444.55969476355,101.691001660738,1556.15958629983,68.3771926097996
44084,44,4461.49669998839,157.70993138037,5153.14821146288,321.967776923301,5516.46617827539,296.640083696266
44085,44,591.0,32.0,635.0,46.0,561.739130050369,27.8953709662473
44086,44,629.469847296378,28.1109585711685,659.293796732974,54.9830133015345,675.357564616924,66.7601203978007
44087,44,4477.82376283104,242.477240203354,4431.53674184846,345.67014844638,4516.69410193664,307.839292034013
44088,44,1721.98647205411,71.3193307226771,1797.82509633231,103.511410987054,1920.27227585134,65.4027353548556
44089,44,2088.86500615006,120.530135301353,2211.7008374242,153.917123881028,2277.60089176233,102.358658054181
44090,44,899.97771449736,48.1059820823472,935.983772819473,71.1737660581474,1065.04968710001,52.6863847535134
44091,44,891.516587677725,60.7406905890318,910.174783188793,77.8438959306204,955.31196571498,49.7170485977204
44092,44,386.571214392804,46.2728635682159,396.714905933429,52.2257597684514,404.983685030899,31.1228398061385
44094,44,1938.0,109.0,2018.0,136.0,2081.14099878424,104.879056299221
44095,44,804.903213671716,55.7542440770866,919.411150581124,81.6894263732986,972.978228416554,61.5199935790458
44096,44,2810.83174038675,130.872638364081,2898.95006402049,174.215749039693,2934.36554801672,121.046995337268
44097,44,1007.0,73.0,1034.0,122.0,1072.32611589104,116.177466628377
44098,44,2998.35523352766,197.626214802357,3069.85661332538,251.945077892625,3321.83102215428,150.069417916753
44099,44,1125.76206443142,73.5239772069056,1123.12365688736,86.5572230840265,1124.10485546113,95.6551163408504
44100,44,1298.0,58.0,1337.0,90.0,1467.85354235728,76.4586101739042
44101,44,3741.05204957235,215.587421650906,3823.38933452172,293.631463992462,4018.29318739982,290.047915112311
44102,44,1919.54782482106,51.8335255092399,1884.24164766232,84.4650674289851,2042.7317118105,99.6812361881113
44103,44,4459.99767562998,444.416098765433,4422.08597847269,417.560207164437,4389.29581683763,287.96307613482
44104,44,529.777509068924,15.9032648125756,555.890781988165,39.1355276212533,510.478350142521,18.6966288704953
44105,44,239.0,22.0,235.0,25.0,226.203297180389,20.8513690900115
44106,44,778.701613489594,49.8776196875688,880.671619749705,67.4812407802489,947.193148600395,69.3754720243026
44107,44,1123.53424657534,68.3890410958904,1205.30362860192,98.6798292422624,1317.34508726751,73.3585483385227
44108,44,1693.1555379461,62.8260479722625,1805.14118250525,116.050428358143,1869.85705968867,95.7875720327417
44109,44,201106.008062008,20150.2175704717,212376.957147464,25809.5762217102,224852.416808738,22686.9308147754
44110,44,4821.63800440765,280.44238211126,5230.60465627721,347.341681370664,5754.55932081234,273.476884271226
44111,44,1279.67711869717,60.8231601773359,1329.84235074627,86.1119402985075,1500.73291610574,74.9531645100533
44112,44,374.504347826088,20.2434782608696,389.776603505505,26.3085507464164,374.138891431285,22.7310841545887
44113,44,2300.0,149.0,2403.0,215.0,2525.69670594781,178.69422284087
44114,44,15938.4311473506,996.021924808157,15565.4361118707,1235.17289293707,16683.5482977816,1190.58912876512
44115,44,2111.71909830601,101.838099694068,2248.38026531132,156.303896335019,2384.26648480909,114.272241848585
44116,44,1876.20102563607,177.92686121317,1875.75468623785,240.047328819586,1769.61128920634,158.780647113472
44117,44,1929.24112233918,117.488370439197,2068.80023131253,138.784789796973,2145.13278058783,79.9758479287919
44118,44,790.26086956522,69.9710144927538,786.155958025984,63.3006984394717,872.751736041948,50.0807697403629
44119,44,1175.54700240291,76.9233776740161,1186.58422841478,89.6663144897819,1237.35977009906,68.3581175589978
44120,44,2811.0,212.0,3104.0,288.0,3314.42703798852,223.554354505708
44121,44,273.0,17.0,255.403187928674,25.9155937370886,263.298478892269,24.1054099456915
44122,44,2257.18465909091,87.5335227272727,2359.57789502916,130.252707581227,2486.70536176933,113.862357573788
44123,44,556.65221878225,36.0072239422085,586.803662258393,48.9003051881994,611.147047733465,36.791188795258
44124,44,455.980922068023,36.9921254870928,489.323607427057,41.6445623342176,470.784644318982,31.803677882583
44125,44,1227.10889350352,93.6214597503726,1080.41276185408,104.505373646855,1115.56214309462,99.943736152114
44126,44,2336.3376202478,123.922223230007,2346.63514380562,206.142504939979,2428.04479108323,229.692233555357
44127,44,1564.48316169429,57.5964213606608,1634.37004618077,95.3114701303324,1702.94429544005,97.4462751015377
44128,44,2840.12713790855,202.612523001635,3128.92631093955,329.434558103529,3152.76322825212,267.958924904622
44129,44,6157.0,453.0,6475.0,577.0,6713.21461763443,479.789921734711
44130,44,3734.49210754698,139.570743802828,3666.61699901464,188.616444488829,4271.04833374116,240.449333804485
44131,44,8303.68008224218,493.671281148188,8290.21129604421,664.617093758368,9312.9950691903,734.043603469632
44132,44,6377.44465139013,504.787350400191,5974.16776751854,487.201065086349,6351.76386537743,556.845812014721
44133,44,1759.26469527588,84.0461593941588,1922.36445737041,125.304532715065,1930.97960038761,97.8284112167127
44134,44,587.507886435331,28.4574132492114,631.779257849667,37.1075166508087,667.727890255389,18.9423388770034
44135,44,2648.77742628816,186.767284887215,2133.35317570043,249.210220141729,1626.97053918276,165.963967518155
44136,44,717.57151695654,53.0423508234264,622.885167258392,64.7398198090577,566.921360628962,61.1441590104536
44137,44,2037.30763630182,103.45857143388,2169.66821289774,119.536051660689,2149.38382404417,111.541099743594
44138,44,592.883435582822,35.3374233128834,669.201072386059,49.0616621983914,751.625828158459,36.8834441664959
44139,44,803.90243902439,60.4878048780488,904.685012380744,85.8748778972009,961.318096316417,41.5621696899653
44140,44,985.228740936059,41.7297297297298,969.075490694426,64.8149181685101,991.457123608181,39.8465196483098
44141,44,722.204301075272,28.6021505376345,784.350992003291,55.4566933746137,824.178314782243,34.6121893156681
44142,44,1099.72626674432,50.3465346534654,1183.48288572933,67.6556082148499,1281.10883510675,63.1521414891574
44143,44,24742.4627685552,1975.76245307295,25182.4697526166,2288.50860304827,27325.8523694455,2209.50400661764
44144,44,1297.14954994183,83.9604126926667,1352.60097225964,114.359848966558,1402.3331778094,76.8975165641859
44145,44,1694.1242491655,83.1352638836655,1765.62034039421,124.022898961353,1987.15937385588,76.1443044685042
44146,44,1385.0,92.0,1365.0,108.0,1257.21542233704,81.3545130566932
44148,44,453.706781721368,20.4628711572748,426.825135063626,44.1693108746576,411.474996364791,33.4220278402741
44149,44,2229.86742505368,130.681899147878,2340.91937547991,138.619912976708,2507.16539834468,103.968003066871
44150,44,2404.47776210626,123.954866008462,2538.52116530265,165.666008255139,2439.81780626789,102.636372969939
44151,44,3390.05845737385,170.244252455803,3818.87589694338,267.069205758476,4186.82708179304,203.728401853082
44152,44,1658.38201674043,89.176711415106,1741.16508455499,130.179850656455,1811.86954613797,110.392888544922
44153,44,985.0,88.0,1084.0,101.0,1055.25834374601,76.9662357999107
44154,44,7507.56539550625,507.969565253484,7862.57154163724,637.97393621998,8201.3018009953,522.101338274451
44155,44,1996.37547023953,112.015597675793,2102.11839486528,145.033995188838,2237.14698670402,124.579588438707
44156,44,1589.52100066938,69.1458574489708,1749.24689213949,110.915310724252,1913.50858494971,102.735288392883
44157,44,913.0,60.0,994.0,99.0,1049.02809069844,80.8371232387341
44158,44,4311.36081850122,169.696137266021,4307.21945787501,259.585707748875,4680.24075732357,227.542084008801
44159,44,761.495278969956,50.2197424892703,737.746478873239,40.5037282518641,775.848072231114,38.4009440177053
44161,44,2093.24930601468,115.91684299384,2182.4556082247,157.187215407348,2136.44371359517,162.391404195989
44162,44,27831.4364086262,2250.19391673169,28943.1590909995,3198.10967877622,31253.3813408977,2813.42281836242
44163,44,2735.98157220831,160.03587853699,2795.10568273238,181.658743509105,2915.52198146093,156.044768592096
44164,44,1183.6906287499,53.7586623576774,1331.30657399586,91.5949940156573,1428.06486928742,80.2941315864378
44165,44,1333.37911809428,58.3289406994427,1451.91251129458,65.5276287289898,1514.53487460858,65.7972607986687
44166,44,3363.04925530703,133.395730665883,3497.82191831984,215.63523334588,3752.40225008722,287.930499436264
44168,44,2492.47518677205,136.106651513573,2406.81118236182,200.521271890281,2444.28558591015,179.541337818881
44169,44,4376.86979870812,236.318611987381,4339.1635641423,277.660157423721,4806.21969504296,209.044985715492
44170,44,541.0,45.0,546.0,40.0,505.717752462834,36.8548174278619
44171,44,1033.02857142857,49.2857142857143,1128.16919739696,72.2472885032538,1337.978569759,53.0937031348494
44172,44,7891.77572863309,460.681541227051,9769.72678118156,656.731997252276,10068.2443928841,619.323678307747
44173,44,1292.78664944525,48.1263683331164,1347.43729674808,83.9030702089323,1364.35992154853,74.9083192544522
44174,44,1235.79405405405,54.1745945945945,1390.08176358124,107.021813090517,1517.36950882897,79.2697393012966
44175,44,2737.27152149317,162.003799900715,2816.90241185755,206.690952652022,3091.57225470723,150.607923121763
44176,44,2092.0,164.0,1983.0,162.0,1896.08607283333,124.433573401963
44178,44,1591.4094218933,81.5336500676773,1607.76432755579,106.53053955965,1666.93156252248,102.148605443025
44179,44,2650.12672221533,92.4317636143793,3114.46085934799,161.173055169601,3318.68392968783,155.488567171667
44180,44,4042.57777158314,231.324250000371,3954.82747480557,291.89809304497,3907.24682268965,202.2878264419
44182,44,2810.17072702337,137.038094642941,2744.02108186027,218.101532236087,2999.95920734862,213.858637369625
44183,44,1497.41924471049,89.6051392668306,1594.21109678374,122.87251654378,1832.12046309231,131.944383812307
44184,44,42659.5793942832,4217.87390338597,43049.7940698745,5477.58710214086,42903.4029939862,4572.05799359686
44185,44,1931.0,153.0,1881.0,189.0,1917.54906236096,200.930130349119
44186,44,3285.49092872865,130.34627099761,3947.19749743204,233.243886216361,4411.09782769734,252.316863016399
44187,44,2670.26503895739,165.952492239391,2836.7821323297,236.425897720056,2841.12804331513,206.013748038052
44188,44,5245.50174970808,231.57038831505,5654.8228664134,390.411312564943,5978.13388442757,349.033683572254
44189,44,1305.0,82.0,1371.0,113.0,1410.39554423808,94.1693562106704
44190,44,16270.6186264302,878.514405466647,16455.9322587027,1373.9967713972,17618.4198879168,1231.91161628242
44192,44,1362.43874643874,64.3038936372269,1506.47608803969,91.7137286753969,1722.75960533441,122.863359475729
44193,44,859.411899700523,61.7296012077522,867.975600422369,75.9106293542694,877.946807560475,57.2378530472474
44194,44,4350.8427654889,234.039548022598,4474.87555172758,287.991764353155,4748.51885747543,224.685057954502
44195,44,4674.75891697516,295.636515279068,5100.12672997414,387.358528937109,5684.62491870878,370.482707467727
44196,44,988.108519129584,66.6443330731048,967.371007371005,91.223587223587,959.315352824684,65.3017844913784
44197,44,984.0,76.0,933.0,87.0,972.619588096878,82.8011211681111
44198,44,4976.56613260328,255.503718533922,5138.02315119496,337.859242140616,5661.95402848197,305.402496842026
44199,44,1262.15022533801,75.4882323485227,1233.76334340383,111.888217522659,1171.28151835439,78.5039388748895
44200,44,226.0,24.0,216.0,18.0,214.001615380514,16.9956202544132
44201,44,4089.47656566261,127.077744925873,4495.5654419678,256.89882842039,4563.41491593121,268.571295507296
44202,44,1035.97506922444,27.5841386618283,1026.99042364925,66.2391885774976,1083.31722124846,60.708196644536
44203,44,1225.57025829923,36.4335019468841,1242.02492719666,87.0692725760413,1296.01481559287,59.6983037190918
44204,44,4989.0,304.0,5989.0,475.0,6726.83985666831,407.898721287561
44205,44,1423.47526002712,101.791102677202,1480.78488301928,121.722126823703,1577.12786073705,81.3920156048778
44206,44,930.374621438255,69.0015884661908,998.209640864946,86.712862066276,1140.52496599849,69.9621861737623
44207,44,556.0,51.0,580.0,42.0,635.394041083206,33.3884747955359
44208,44,494.386413185148,28.769815310089,506.646431434862,38.0864499854277,579.904084732946,38.3351469532257
44209,44,5316.70924558536,188.994369889452,5894.40419491528,314.465551560633,6660.51306031257,398.898332685724
44210,44,4629.21873109872,334.348676203111,4681.78578612245,476.45291938856,5001.60208814711,451.757429827543
44211,44,2766.0,191.0,2410.0,237.0,2418.91366753442,203.091066974763
44212,44,5415.39373501224,310.953516762277,5545.13359539152,377.903170077033,6030.25379898922,279.322533912727
44213,44,4315.22558903386,274.142537218275,4455.87750596305,358.852689400204,4495.18133563132,325.648446116108
44214,44,1206.92677712453,52.8808123997861,1294.05944934804,103.321304483694,1278.93039117099,86.0284322817361
44215,44,13988.402196023,660.4607888608,14529.3222608863,965.454806000726,15904.8949127206,886.862382989913
44216,44,2472.27599494976,96.1709159927564,2417.19897180722,152.319915285152,2436.71939845205,152.410481944579
44217,44,3643.65012083008,151.797240160325,3775.15458270684,232.904133737323,4052.05470153133,155.257678245743
44218,44,416.434131736527,30.3038922155689,439.208350970192,35.9180500027418,456.64655121878,33.0490397176585
44220,44,920.349576271186,45.9675141242938,1021.41512657281,78.7738651893267,1112.78719666755,67.6676524151674
44221,44,867.158017041056,36.2649109217662,945.509969469788,50.0013365696457,971.124072683754,52.660094344405
44222,44,744.0,68.0,725.0,54.0,745.462006050144,41.1464476736903
44223,44,2224.1180538655,117.654741624077,2344.09254793162,146.533786261388,2373.47232552731,111.175210990606
44224,44,1013.85268745852,35.9522229595221,1073.55880490303,66.9104897470045,1097.97691015549,68.9137036518658
49002,49,1782.0,128.0,1788.0,220.0,1721.31062640655,123.244606545696
49003,49,1009.96913418937,83.4810136361021,1022.05158474867,98.3276591182021,1012.46041542175,71.3577052270357
49007,49,102171.107200546,10766.2822612664,102764.463471778,14316.7137823208,105255.983674464,12094.8009604919
49008,49,550.0,47.0,525.0,55.0,542.018968963673,46.1018706446956
49009,49,296.729957805907,14.3248945147679,294.71038571209,17.831638582906,273.606620698683,12.887335387747
49010,49,196.308771929824,13.9508771929824,216.473730814145,12.1754493753087,203.463777933077,16.008082749472
49011,49,302.577464788731,20.37558685446,291.239436619718,26.7464788732394,256.722693364964,15.1341039721211
49012,49,228.636871508381,11.0307262569833,206.562841530055,16.0437158469946,197.361895975067,11.1737356223107
49015,49,7800.44028293197,607.636097062228,7846.99815132258,679.545581450065,8448.24923550729,780.739325675731
49017,49,294.876838877184,19.4662441241007,352.620165877037,34.097679790384,406.081182685663,20.8497589010978
49018,49,6859.44462516227,500.784069899442,6798.30085811125,654.250980858921,6644.86148362437,545.824767601634
49020,49,3520.92749637938,194.290272895277,3394.41206438086,236.928975038721,3467.20290263512,195.942578917881
49021,49,4135.96668484366,303.996195975276,4163.35018675098,321.996560169402,4065.56451940835,255.147901892802
49022,49,874.891297745366,38.4339167090662,844.921995462238,45.1926000174851,829.039714726896,46.421372525037
49023,49,13826.435888518,716.021710118887,13882.2987859437,978.028667645761,13999.3267516744,739.580293902197
49026,49,1710.26301564572,93.6466862541427,1756.02649529893,123.981198419522,1743.89827653683,119.553489029336
49027,49,1204.61304218604,71.0086954804232,1270.2036868203,73.8660318662481,1336.2103501409,59.9362053881358
49028,49,80.1437095175374,6.08686401399018,82.7491744169095,12.7684612796067,78.504347826087,3.18260869565217
49029,49,811.238853030914,35.9630264589966,746.032598274209,54.7651006711409,760.876130602583,70.3910859269796
49030,49,635.0,47.0,610.0,57.0,581.26452420807,44.4588264002173
49035,49,3862.21781064213,218.110110914671,3816.71427112071,238.308305240585,3649.91609050654,154.170814426425
49036,49,422.288828337873,25.1362397820163,423.852,43.472,448.052279372502,29.3520242405069
49038,49,134.0,6.0,155.0,14.0,150.007902633249,7.99851442778265
49041,49,1214.20741045089,130.125103921668,1148.93761531384,128.74322983274,1156.13107995295,119.079882334462
49045,49,380.237812861434,41.7344955325489,374.710074844513,35.56249912824,392.108416035639,33.2155436119701
49048,49,1806.29302895847,64.8159185091001,1817.04346166791,120.544262539925,1906.44858652489,109.986823961264
49050,49,6625.02870518018,336.876537498844,6613.08366875818,431.06035295747,6795.03947400407,358.605489604366
49053,49,190.107255520504,13.2870662460567,205.0,19.0,200.311556501496,5.77785315539616
49054,49,1619.93615831794,138.787213274768,1540.85679296712,180.526478398598,1550.17683858023,145.937665659983
49055,49,1369.21348314607,79.8876404494382,1322.24272687799,73.8167607468519,1423.51230070049,64.0116295712186
49056,49,165.355371900827,17.1404958677686,148.214285714286,21.7380952380952,160.478529696499,11.8625172876396
49057,49,195.522875816994,14.1830065359478,205.913415068382,15.0906829700849,194.062591756017,7.84292417146353
49058,49,469.006952491309,32.3453070683662,519.194730813286,30.4810996563573,536.087017136815,23.7262393874113
49060,49,2292.85279126395,217.192944820993,2235.47976866497,223.664605105975,2119.11613451556,194.005608801568
49061,49,513.943279901357,20.3945745992602,468.141872290382,41.3935547532276,439.680095412984,37.8558336314954
49063,49,3930.32661312566,240.808722401456,3865.49791674854,296.828311581243,3808.90139104847,278.542716727883
49064,49,214.0,14.0,223.0,26.0,225.558506048303,7.0347661030363
49067,49,213.948661258526,15.9946778596638,198.263270637408,12.0379832810867,197.322706390488,10.8611006751202
49068,49,1071.83016688332,67.5833809507816,1121.54623428983,75.4471424062755,1104.97599499875,52.684158608584
49069,49,9564.80078426856,494.076300875407,9928.87963703915,590.047970602074,10396.5847575913,597.143119386384
49070,49,444.0,13.0,446.206799698475,33.4099610322062,416.293310619272,24.2618944809055
49076,49,405.560538116592,31.8654708520179,459.631859850585,23.7736034537131,525.260686733204,19.5491266905333
49080,49,4986.99153912124,389.325820666,5120.29527756606,460.38425531576,5222.4501518852,349.610216895133
49082,49,616.711157455683,28.9395203336809,589.79205990655,35.2278231597438,555.40182115168,31.6484706746815
49086,49,2129.39788162295,116.514801875946,2365.29507912292,166.173794540875,2414.19292464958,87.5053614030326
49089,49,617.71875,17.53125,622.459826378433,39.4135771879797,599.863222352374,37.1368584848399
49090,49,612.270794729971,60.3302296505958,598.157625383828,50.8433981576254,600.762512451785,33.260390265315
49092,49,12968.9815177569,606.920043923021,13071.6804107735,878.857748622328,13017.0758908073,662.517108656236
49099,49,34493.4931422479,3148.6830732166,33166.8919883948,4144.35764628922,32525.3851548742,3204.50627870275
49100,49,312.0,20.0,303.0,31.0,293.952927844693,19.9972154403479
49102,49,176.914634146341,13.9146341463415,188.75739119092,19.4710330862588,181.685982081306,17.2817181738824
49107,49,281.924705882352,12.1694117647058,316.769822817938,18.8128418611367,286.227093164719,18.2727226197292
49109,49,877.173725593135,33.184716403527,938.352887195584,63.4664447741402,890.054055804323,39.8402947826733
49110,49,1048.0,66.0,1125.0,82.0,1207.10736163612,88.0604528898711
49112,49,556.926454445664,40.774972557629,524.096424702058,32.5709642470206,541.777238486299,18.7385190222291
49113,49,308.295302013421,20.7606263982102,314.199773334781,25.6076725205499,322.793549768661,28.8582712583462
49114,49,103.478527607362,5.12269938650305,90.1842105263158,10.7828947368421,77.2413793103448,8.68965517241379
49120,49,922.314775160599,40.05710206995,908.351640513552,64.953637660485,876.114609663477,39.4066707550288
49121,49,272.77559912854,18.7102396514161,286.617829254974,18.0392764183247,285.857203876494,17.3956719682032
49123,49,1115.04403354117,62.0226751231025,1060.74185698999,81.005481286993,1110.81018794117,77.5765703065398
49125,49,6617.39790693894,542.30787952152,6444.12926123378,604.258236444754,6516.25740323725,500.348125223112
49127,49,1971.0,178.0,1931.0,193.0,1914.57943557635,157.377380026433
49129,49,2369.32315747168,112.16289387946,2388.01299276921,180.260997885487,2609.38885083954,199.668262751071
49130,49,388.978930307942,24.3111831442463,381.209702660407,23.3990610328638,412.160373308994,20.9952444628449
49131,49,440.0,37.0,454.0,39.0,455.173966012332,25.7474112396371
49132,49,976.034674221436,58.6284772034362,954.031380682774,73.8010247420152,973.700360488498,61.1163375192645
49135,49,1347.2139880018,47.1346347481997,1383.89724611361,97.5517826967619,1347.30305357318,63.8942979400183
49138,49,1510.0,97.0,1540.0,124.0,1535.59047515268,80.1744512881736
49140,49,1048.04856840917,80.424465817274,1038.42298336424,90.8986381886868,1030.16921122552,62.0614444556501
49155,49,971.731160896128,38.4643584521384,942.368296800403,54.1635075226309,936.040639637667,52.327775522967
49160,49,1753.84471352582,113.095531980912,1750.873274235,185.721838029029,1765.03534573448,143.263556148998
49161,49,201.0,12.0,201.0,17.0,207.535774890772,12.9797739857946
49163,49,1564.36087331166,107.908832378451,1648.1238896071,121.303522288601,1661.90353645339,77.1074490689564
49167,49,2694.92481203007,122.381723539618,2738.05446585592,146.009206083774,2681.39505505749,132.48703258667
49170,49,512.051058530512,34.3387297633874,513.041362530414,43.4111922141119,484.719006246212,38.6295577185323
49171,49,62.2222222222222,1.94444444444444,68.672131147541,7.73770491803278,76.6386554621849,3.02521008403361
49174,49,786.656572520562,56.4403167079177,855.366152010022,70.5597065289751,854.63918054309,54.0003339437616
49176,49,2472.44806050962,181.259124822298,2864.2365598143,218.182868076029,3147.94342615652,221.601544746801
49178,49,507.0,36.0,502.0,49.0,518.734733100601,33.0946876608427
49180,49,4053.87883143357,367.561282589152,3981.23117525826,456.816733779084,3840.35023234242,313.373866759361
49182,49,512.59751552795,24.9540372670807,508.940972222222,31.5104166666667,535.652837610062,21.7414809828645
49183,49,2657.04710500491,192.665358194308,2839.03385598466,233.709439173863,2981.63023211101,160.017042083899
49188,49,562.932004689329,30.2110199296599,529.390334239602,25.5230400935171,527.544041094807,31.4843012161427
49192,49,1998.69082098457,109.92674130852,1957.10428887822,149.193667219229,1887.25820047908,115.178356822575
49193,49,2438.0,151.0,2318.0,195.0,2302.53972699025,134.125543741933
49194,49,3253.8759215707,211.44212235053,3492.04804357001,242.270459779914,3523.28820823429,167.447982418133
49195,49,687.04663212435,17.6165803108808,742.091826531881,41.0323044864937,766.76681301799,36.190789928229
49200,49,3908.49830229103,202.864061395324,4157.3623557385,237.685912935899,4041.78014964584,259.729110262408
49201,49,1383.80260530993,81.8562242894923,1294.07112308542,116.118735254702,1163.95251578258,101.00118254667
49205,49,565.971139954309,43.168012121696,541.301338425443,58.3285807251362,562.85007217794,39.0281437180519
49209,49,238.96317831947,16.1188105968988,238.608903333286,17.1204675222381,250.287636359489,20.1596557280157
49211,49,697.026486444781,31.0003332995836,736.59030023571,55.7921337660564,707.308284033578,33.0280978848332
49214,49,4695.97837037327,239.346267352955,4799.10789574897,422.743826740575,4773.80342334252,375.723186252953
49215,49,2436.46046471777,213.972910064585,2370.86038553515,291.557865133441,2170.49495602028,274.091686753419
49216,49,327.693227091633,15.7450199203187,359.591718277732,11.5741790296977,369.279934823876,16.0817809814259
49217,49,456.915789473684,18.6496240601504,478.329768101314,23.0501362665458,505.10296606516,32.0438695115273
49218,49,9615.80600999325,516.013757349077,9567.19096138748,656.328864389424,9417.5573095978,488.888788028256
49219,49,286.0,34.0,239.0,22.0,210.123444303475,25.3835864926511
49220,49,2084.62239497053,154.700579149894,2122.44252222903,156.658337055173,2158.51131123983,124.391476982024
49221,49,522.41822173436,43.2832052689354,477.530471919411,53.0903108688305,456.4793759392,40.924929093959
49222,49,1354.0,71.0,1256.0,85.0,1237.90024677734,65.3954683343313
49223,49,3462.36831946029,249.19616359036,3271.506701952,269.072949133639,3513.32171779884,195.344367238393
49224,49,631.0,60.0,619.0,66.0,579.936424290352,49.2340675809355
49228,49,3457.15366806021,344.166989940784,3196.84955168357,375.685046327849,3085.8474258254,302.606181690872
49231,49,912.392587508579,39.751544269046,941.565690946221,57.5629680054458,862.301244933855,48.6102832977167
49235,49,323.642710472279,32.6611909650924,309.997701149425,32.1402298850574,237.303919542291,11.6975957373006
49236,49,82.0,8.0,70.0,11.0,71.4396976944333,4.96074127728274
49237,49,95.4037267080745,10.9316770186335,96.6834532374102,8.6906474820144,76.4042553191489,2.82978723404255
49240,49,605.537815126052,26.3277310924371,653.178848653664,46.7139083314437,617.428586983464,30.1754855968013
49241,49,1462.5857530504,82.6413371037185,1479.99669255106,96.151855047455,1621.77297324871,71.2133089447291
49244,49,10815.4785134209,587.906118695926,10834.0779815995,776.521508787764,10685.5099257573,677.018447076536
49246,49,7382.96085562182,453.818200579187,7456.98676231618,686.590999114291,7466.25292478052,639.014370984991
49247,49,1466.55326520907,44.2749839497909,1503.52114816415,113.505534384789,1496.49087804505,91.3530621585288
49248,49,5244.7843342018,383.909380668071,5245.11661621866,585.647583466188,5110.61920179273,405.895366428898
49253,49,747.746158788539,58.1482690551151,714.761106454314,83.556580050293,644.674544373508,45.3552368542972
49257,49,635.035971223022,38.879753340185,612.846918489066,50.493041749503,614.980740768557,33.7893017054654
49259,49,1338.0,114.0,1339.0,97.0,1327.4965970555,54.0670315075817
49260,49,1172.25942374493,54.9999846858172,1176.1523365305,77.4774009545627,1255.70269927308,79.065116022482
49261,49,4905.08383731217,431.613248725429,4925.25181860652,475.47409314654,4739.46165650186,409.330684261621
49262,49,429.741605839416,18.9445255474453,407.650602409637,22.1987951807228,367.218933875441,12.9577168591257
49266,49,642.44209521749,22.3286932935895,752.934285885404,43.5124965916045,784.794306620135,38.5745283883119
49267,49,5667.1881636618,419.504562121485,5712.33382754737,582.230951655936,5487.37692261214,510.460080140676
49269,49,1775.50287686996,82.5347142309166,1689.72921960073,86.3085299455535,1733.89956338385,70.0692506089739
49271,49,1280.97699890471,54.4205914567359,1406.30417422341,82.7244435347078,1324.63896838076,70.3845400364924
49272,49,712.999171813179,52.00032227199,672.111062039328,53.5770242761719,641.264395438432,47.3459571366399
49278,49,2645.53183373415,115.664946036266,2194.99549689676,140.061619521387,2125.39039716443,159.147132056086
49283,49,2132.48819628215,76.7151032167635,2164.68102543804,144.259029175355,2181.512777638,137.588512138487
49284,49,892.0912208125,23.292278641311,888.030285674725,70.3256351701756,860.775661333614,51.4196947137228
49288,49,161.021186440678,3.03813559322034,152.262711864407,9.57627118644068,152.371162026962,14.7500322382885
49291,49,269.67,19.19,254.168331964746,23.2861927896839,231.302806570009,22.1485298953022
49292,49,1909.93371059014,112.44219886823,2046.86903799515,133.922392886015,2097.05536111151,123.731814539708
49294,49,1630.48878394333,90.4746162927981,1645.28104115371,99.4906788603587,1793.46399198242,86.6478772372194
49298,49,2178.69642019424,100.057166355027,2292.65379637953,136.898938015426,2381.29124291753,122.421661945002
49299,49,1708.0,90.0,1748.0,82.0,1811.84691852386,85.1906983893943
49301,49,14872.2771958257,750.39142735297,15762.4762614244,996.229126356194,15958.3648453545,847.908833082361
49302,49,266.780158145768,21.0329746937463,258.0,32.0,265.300139881222,12.9476209292228
49306,49,1071.20694159114,58.9063991152354,1040.50776583035,70.8303464755078,1043.49843489039,48.8925432952469
49307,49,9672.67612122742,519.375172016104,9791.17159270171,683.123295954407,9947.70446324138,504.222104228906
49308,49,1424.96222008302,52.2235920157974,1343.25292237968,72.0092556920191,1372.47652215535,65.9510073590463
49310,49,374.0,28.0,355.0,35.0,369.757546155052,26.9162143301581
49311,49,821.513962859383,50.467232403955,809.271939765414,58.0312391934432,794.637170246195,44.3398739933029
49323,49,4629.21287569034,255.110967744323,4476.46746154495,348.486871594719,4817.58219139483,282.50083445056
49326,49,563.689864573202,12.014861572858,567.347173455345,26.9803242132212,569.298577664849,23.5003631885959
49328,49,16436.4115444613,1844.80554019961,16376.7804817446,2342.11339471035,15216.9756901978,1711.3373129606
49329,49,822.0,37.0,806.0,68.0,817.463353995761,47.4063292844886
49330,49,630.0,35.0,723.0,35.0,717.873322274828,30.9026554269253
49331,49,10536.5295159757,723.409988367559,10452.5254223323,907.394589075794,10502.7330173881,755.725628682408
49332,49,2503.0,120.0,2466.0,165.0,2403.72415886878,112.134450807834
49333,49,1789.0,118.0,1834.0,145.0,1783.5172966219,136.208068145691
49334,49,197.496666666666,20.9633333333333,197.234042553192,25.3586626139818,219.997385280749,14.854343063257
49336,49,520.845499302913,15.5953755188835,498.105334560984,35.6134625134745,486.230841806792,23.8043928886067
49338,49,800.307692307692,35.3671328671329,881.410433776361,69.9417171613778,845.2865463861,41.6579745363817
49339,49,915.0,51.0,920.0,63.0,946.914751423007,58.1194473966869
49341,49,485.396887159533,32.2295719844358,470.310526315789,52.8210526315789,427.611926086612,27.7305940176708
49343,49,1882.81372635766,74.1632808506579,1822.27310521266,99.7166613367445,1850.55803483355,70.4222105461908
49344,49,749.201535508641,36.0403071017276,775.060032386262,39.9346864763961,784.744765859451,44.9319899595025
49345,49,3320.07033400172,177.880270031261,3448.50341073963,215.994451700317,3516.405323983,142.179301641928
49347,49,2605.58725308731,157.645002460689,2550.17701935087,173.649276037313,2638.52283842153,149.289160556067
49352,49,738.0,31.0,818.0,57.0,813.034354376138,37.0749347074939
49353,49,7914.02098470864,836.445513672218,8977.10329692501,1117.56785418403,9658.22714600916,946.209885628741
49355,49,1778.90023489205,81.4533177084544,1745.10767946315,108.391781333115,1824.29971221222,83.6268384451319
49358,49,338.220149253732,32.5615671641792,359.117475462515,34.6380506556927,341.874392351159,39.3976049297726
49359,49,355.886314911108,23.4621049703695,363.878523043795,25.1190435160797,366.491394449875,19.4097525467854
49361,49,1155.26546967773,85.2858333660802,1062.33567721188,93.8141687545416,1033.57604404402,83.5448336102704
49362,49,723.40001416364,55.7223165077392,682.878779770183,61.3499767113753,688.749725084635,32.5012047901108
49364,49,777.923308816406,40.7309222790588,732.132222453996,61.6521268045488,683.570257093097,27.8587384201161
49367,49,3339.94300503093,193.913786186217,3490.39830490276,240.433671798174,3543.20267632619,227.139750126559
49368,49,1186.0,113.0,1155.0,127.0,1111.05242902726,106.575249640341
49369,49,697.040797994029,57.8060057533749,704.411914516635,68.8651014626634,673.853884316974,57.856028412914
49370,49,275.575620767494,13.7787810383747,311.694560669456,24.581589958159,287.712615791196,6.14957711248094
49371,49,1068.34555624612,45.6991920447485,1089.25218404193,70.9097262667443,1094.01111080024,68.7677386764844
49373,49,4616.38231749957,338.605083318151,4490.23905303322,358.249434520918,4436.9202553847,274.505667284118
49374,49,900.491323344289,60.1607259671611,911.411957704473,63.9318597395503,844.768698435053,73.2648311039999
49377,49,3470.30258242139,130.634366847053,3396.85456010967,203.52536670556,3446.9196035905,152.384981816981
49378,49,1508.68429357884,90.9027083782128,1572.70691866368,152.918846581059,1480.1027093859,110.549521404682
49381,49,1129.55113636364,43.7573863636365,1122.18900211097,69.2740481444584,1073.89443628117,62.3694067443955
53001,53,1158.0,45.0,1102.0,49.0,1144.82667001187,46.4344268913714
53002,53,301.129603443156,14.159699221465,329.90424991828,17.2048936703692,343.255120953129,11.7502942012813
53003,53,1578.64356576973,59.1847439574344,1578.36327687987,94.0672035537287,1441.95017110042,81.3648386937325
53005,53,1338.35818390898,60.0174941007384,1337.70100832968,69.7238053485313,1379.27805010192,42.1969819515781
53007,53,1741.0,74.0,1757.0,96.0,1758.54797052903,78.9792101189716
53008,53,1154.31549606672,56.0640136946966,1096.4291370328,50.1490248569646,1054.14794766797,34.5491361189624
53009,53,398.0,18.0,407.0,23.0,412.169084938654,18.9507251757567
53010,53,263.591619694789,21.6368431000932,280.333333333333,24.1666666666667,290.295599151348,12.6687568956244
53011,53,519.0,34.0,545.0,42.0,572.954688771633,39.2999210899798
53012,53,323.0,12.0,300.0,15.0,282.832871423334,14.0018850382674
53013,53,390.0,14.0,399.571793425092,28.8151878922036,347.948370317222,25.6400402002652
53015,53,941.05289071511,32.4156134814213,1138.63975252383,67.7184985421178,1176.24331160485,50.9993383514695
53016,53,776.0,42.0,728.0,42.0,671.793954506877,32.9581674597664
53017,53,558.831275720165,37.920438957476,546.853026139028,40.6384871236418,571.913715677604,32.4621242354367
53018,53,689.924762223424,30.6868375835572,682.777127909311,48.1955283936292,717.585422390517,38.7152070196303
53019,53,79.8260869565218,4.92753623188406,74.21875,7.8125,72.0,4.0
53021,53,570.659528907923,21.3875802997859,619.50950950951,28.8838838838839,636.399235698377,20.2160660970109
53022,53,327.628846153847,22.0423076923078,321.624513618677,29.0564202334631,321.324541161779,15.2556218609725
53023,53,271.856596823614,7.54998562389166,315.455555555556,13.8444444444444,362.039472511322,10.0525782021132
53025,53,641.886410125101,33.5866655710681,688.436760348203,54.384883167506,682.117515471539,33.1507217073778
53026,53,308.737704918034,14.6024590163935,306.527938342967,14.1040462427746,329.418067064719,11.5576675159482
53027,53,126.385618191712,7.96044941623468,120.444059731873,3.91505530988981,127.003829347708,5.99969768307565
53028,53,356.0,24.0,385.0,19.0,368.750183455572,15.0130908974773
53029,53,741.427642764276,47.005900590059,744.526516071574,59.93547081208,739.905408284945,52.3620659255171
53030,53,219.0,4.0,239.0,13.0,207.394544569625,6.91348678485471
53031,53,262.378600823045,4.61934156378601,306.83734939759,17.1024096385542,305.505406996199,7.06207604897023
53033,53,80.1076923076923,0.976923076923077,84.8771929824565,2.0701754385965,81.0,7.0
53034,53,3886.0,173.0,3636.0,201.0,3595.03342981162,158.527856744542
53035,53,357.630742049471,18.0318021201414,340.276077452802,15.9547221097196,375.70292028439,16.3769153547062
53036,53,563.013668574726,24.1732060391873,568.662831248911,42.3320890357642,608.693180313013,35.2197823272106
53037,53,487.0,24.0,493.0,34.0,458.585944787752,28.8034541836484
53038,53,97.7852760736196,2.96319018404908,103.2,2.0235294117647,79.3581081081081,2.73648648648649
53039,53,1027.58432818317,47.4975275985472,1020.26250101828,45.3256997477714,991.497034934258,30.9507065488319
53040,53,374.218241042346,16.1824104234528,387.408242908537,31.7299970396372,369.765044461322,21.3706794045287
53041,53,147.353711790393,8.96069868995633,160.834615384615,11.1269230769231,167.165011637355,4.96551045726452
53042,53,490.81302774427,23.9420989143546,488.411636036716,29.9801334886742,487.387425258604,18.7594271556567
53043,53,323.0,24.0,304.0,20.0,321.171685512655,19.2841172499969
53045,53,490.155885099046,17.1471800416207,451.484249624943,23.0459674836651,412.167639215356,12.8151686087708
53046,53,188.013029315961,13.2117263843648,193.0,13.0,199.827063268899,7.04702072601166
53047,53,169.173431734318,3.13284132841329,147.752808988764,11.8202247191011,138.477297791355,6.08133572731216
53048,53,690.441898527005,30.0613747954173,723.773697694276,42.8206660973525,716.383257247636,33.2542838305825
53049,53,400.50802919708,15.9080291970803,426.601694915254,23.0324858757062,444.711569012037,16.2539448926698
53051,53,348.577777777777,12.2666666666666,343.310722540599,20.7838268623601,351.99829440074,24.7540649918283
53052,53,188.0,12.0,180.0,13.0,168.61722068897,9.9661392575
53053,53,342.841328413285,16.8265682656827,333.984466019417,21.4485436893204,305.029041831931,18.4476628847545
53054,53,3603.6406409773,143.452858203442,3535.30176060084,179.569060310237,3666.13255787606,174.432175416404
53055,53,336.0,10.0,331.0,20.0,327.180381575187,17.8603931076109
53056,53,627.0,35.0,631.0,30.0,630.577123697702,25.7214055187532
53057,53,292.195569282798,22.9106985728381,284.251497005989,21.1676646706587,289.392766794824,11.9858988637524
53058,53,205.0,8.0,211.0,8.0,207.353202186517,3.93369232103024
53059,53,242.509756097561,5.75121951219512,255.058252427185,13.1577669902913,273.013008809735,10.1556308518971
53061,53,299.979757085021,8.27530364372472,295.530599394279,20.2002688458131,267.854995172985,7.72426703434104
53062,53,9729.50863822196,627.489138078295,9686.20665154059,831.290855843917,9469.86790353601,721.298806034656
53063,53,295.16129032258,15.741935483871,326.347547974414,23.9808102345416,286.95412898742,8.73910216083502
53064,53,572.326530612245,16.9504373177843,579.707691525967,26.0087926450826,559.233932530485,31.3283778788998
53066,53,814.453647707303,27.5799855886938,800.612616034315,38.1244102873484,855.94162330368,23.1546541613963
53067,53,283.628709538933,25.5170537166095,257.895873382744,19.3958237233142,254.099088011391,15.4870904790563
53068,53,103.0,6.0,94.0,2.0,81.1066666666667,2.05333333333333
53069,53,111.0,8.0,100.0,10.0,83.4545454545455,5.96103896103896
53071,53,259.0,7.0,273.0,12.0,264.1286138317,7.89141450829744
53072,53,832.0,44.0,797.0,58.0,826.584621904853,39.2259317952618
53073,53,595.000068572548,44.0000050709111,578.142857142856,44.7857142857142,555.738095164782,40.0953446783495
53074,53,580.0,18.0,521.0,20.0,525.718793019081,25.1113352689647
53075,53,185.026315789474,5.19736842105265,172.369337979095,12.1672473867596,180.090112362996,8.7503343841943
53076,53,193.170731707317,8.04878048780488,205.466666666666,10.2222222222222,202.86925249285,12.1036489840103
53077,53,1754.12991013264,48.7783478535576,1751.56957218439,91.3271139998856,1832.00721495549,83.0633172706871
53078,53,528.764568764569,25.9393939393939,547.950934065054,34.9554914341246,545.060784445357,23.9054143323629
53079,53,218.0,8.0,217.792349726775,12.327868852459,208.988284993963,20.0683831427933
53080,53,74.4488188976377,9.76377952755904,67.6030534351145,10.3282442748092,72.2330097087379,2.40776699029126
53082,53,410.0,12.0,372.0,10.0,402.804630316904,19.9933957807844
53083,53,529.0,29.0,519.0,46.0,472.081560115718,28.2980741976431
53084,53,2522.1990502911,149.784557392848,2394.64257394957,164.304625986647,2311.09807316991,150.678483993555
53085,53,124.194174757282,3.02912621359224,106.454081632653,5.96938775510204,116.185567010309,11.1134020618557
53086,53,391.0,22.0,399.0,23.0,373.503263432097,17.9160734358476
53087,53,152.850220264317,5.84140969162996,139.303317535545,13.6161137440758,139.434042553191,7.38723404255319
53088,53,554.602941176471,19.2993697478992,529.353732974193,21.6899738068825,484.186623194965,33.0572109982417
53089,53,292.416666666666,17.1416666666666,308.141807423914,18.125988671995,296.798063004847,14.4294716715083
53090,53,99.1578947368426,4.13157894736844,98.8641975308642,5.7037037037037,103.144329896907,4.48453608247423
53091,53,294.683908045977,17.0977011494253,298.399141630901,19.3905579399142,274.704628672281,20.0961716643772
53093,53,177.813504823152,6.09646302250806,154.708771929824,7.17192982456139,150.168345419616,3.94894791808695
53094,53,1389.82403226095,47.184830518952,1373.11004582787,58.6123172051482,1359.70636234124,62.2690370952046
53096,53,3265.40068451028,207.250161908826,3078.70373641514,244.829698857735,3019.65904014719,148.634057807508
53097,53,5094.60703698608,318.92988972444,4999.60006500821,407.2455853467,4821.37362753252,291.241051406611
53098,53,239.0,10.0,264.0,13.0,242.736938998718,3.97910748894362
53099,53,641.536113936929,28.5127161749746,657.352138307552,39.5541401273885,652.016507430767,21.0202232445835
53100,53,758.409790579584,33.0990409142292,638.908612493796,50.8926332501449,571.030652341734,15.462339044156
53101,53,503.133509866177,24.9075994983256,514.313122066654,28.580257639094,507.354081226997,35.9349872846677
53102,53,108.90243902439,10.3170731707317,93.8674698795181,9.57831325301205,105.636363636364,9.05454545454545
53103,53,1324.8023715415,40.5138339920948,1329.28251605009,70.0572406428939,1297.37150123516,49.5246070439796
53104,53,848.615260420709,37.1477450904292,834.082246740221,40.6359077231695,851.782354701165,37.637837680352
53105,53,148.325688073394,6.13761467889906,157.264957264957,7.86324786324786,154.31718061674,15.9295154185022
53106,53,311.271396390964,14.9148618488194,321.618820988374,29.3211736119225,311.455388185581,16.6890715599042
53107,53,1498.38965259061,94.6588050314475,1350.9920142081,126.143041701891,1224.13652306979,87.5879341088266
53108,53,331.240601503759,14.0526315789474,330.711703243549,29.5546433187075,358.448784651846,19.7332343220909
53109,53,371.027508090615,17.621359223301,381.678048780487,22.5723577235772,384.233102871752,16.7603087958148
53110,53,602.58700430709,39.4324292261897,623.112344237089,43.5624102751872,602.668192806482,38.2545807068304
53111,53,307.11952191235,7.82470119521912,328.034144569544,27.4158423900538,296.620859355039,16.747584633047
53112,53,266.857476635513,10.0700934579439,242.185929648241,26.4572864321607,214.243195718994,12.6506368307373
53113,53,376.370641695897,24.2057498172525,376.426609156142,25.3769399624322,386.838387206313,19.8373976943235
53114,53,119.586206896551,6.02955665024628,112.871287128713,12.8712871287129,103.203488372093,5.31976744186047
53115,53,215.261538461539,7.10769230769234,209.911668282914,9.63830640092729,198.809993646254,9.01265966970202
53116,53,448.203212801726,18.173296990631,439.69852865524,16.9422907511508,405.086992692007,13.9718105579148
53117,53,275.027837259101,10.152034261242,278.224202990237,18.6122712231184,307.594324582362,10.8617829326402
53118,53,120.576419213974,7.15283842794759,144.341085271317,6.18604651162788,133.213124212902,6.57866167036884
53119,53,2733.88481984906,76.1133336329864,2731.71333988315,119.771257397742,2695.33878945516,121.897467788103
53120,53,295.806991826504,15.9351568419266,262.0,16.0,256.559494161776,19.0423411481217
53121,53,812.718352537489,32.7864225817511,769.373477505223,51.4495381317733,743.399236821081,46.0527444254738
53122,53,438.064728279529,19.9160854504457,445.280767566532,31.3047107728364,461.839976252944,30.2368549828692
53123,53,777.7499065132,37.4107549968375,788.336201897642,38.258972761316,799.326399557308,29.4060738370127
53124,53,870.112675109837,44.4207562949779,889.704821616876,55.5216323898696,875.771368870752,40.8769622390525
53125,53,650.58048679331,27.4464925470121,604.544294820059,46.1953730067659,593.23083634621,42.1592655469706
53126,53,626.214218009478,24.9289099526066,636.6630532972,32.5230352303523,625.713806660227,23.8793212954076
53127,53,1316.31328958499,72.9280655376818,1233.51978569399,82.795157384988,1199.07665006858,54.8709764513066
53128,53,149.1065830721,3.94984326018809,181.317754669119,11.7587087513368,192.419906230969,7.0856770143721
53129,53,250.267175572518,16.0814249363867,238.044041450778,18.2331606217617,227.466670908621,4.91474720442293
53130,53,33680.1378933633,2964.46128398822,31609.7856192091,3390.05557338018,30643.3385594194,2953.29748203593
53131,53,122.378787878788,5.96969696969697,105.0,2.0,109.810055865922,5.27932960893855
53132,53,181.058461538462,13.4830769230769,207.965397923876,16.5051903114188,173.095798607023,9.70182576097159
53133,53,438.643835616438,22.3698630136986,463.940096476215,36.2613778174228,414.595144766359,32.6638206414915
53134,53,95.0,4.0,87.0,9.0,102.128491620112,4.04469273743017
53135,53,493.0,23.0,480.0,24.0,459.147027034433,18.1207437526875
53136,53,722.434946559615,18.8350374011744,757.904830600606,24.7888822038947,782.075239622809,20.653502680454
53137,53,1505.70062468388,56.8651839170545,1597.3921689815,78.741492446403,1662.55754441479,55.5632047442395
53139,53,245.736040609138,8.36548223350256,233.663366336634,17.8217821782178,256.410493475394,13.1853870896045
53140,53,2458.94350991715,110.959578207381,2481.25827814569,128.986045411542,2564.98483722053,109.683747442126
53141,53,668.0,26.0,668.0,30.0,722.806387102023,33.5130998686326
53142,53,209.273656798991,13.2277416482512,177.729288847517,8.46611043708768,162.753487279159,5.0853753364416
53143,53,339.122641509434,11.6603773584906,338.202676864246,14.1338432122371,333.387774149805,10.1536625988847
53144,53,483.576059850374,11.9401496259352,501.835289846995,19.0951900199927,461.735793265498,19.7063732517037
53145,53,355.758683729435,20.329067641682,346.259124087593,23.0839416058395,357.681869433078,9.04903698709483
53146,53,975.411979406067,33.4979492261586,1036.77544022117,56.9400395954663,1093.79421144656,37.0908699371868
53147,53,8441.81104639204,672.10007886466,7891.08954872409,701.111688729576,7541.78632720286,623.022136046241
53148,53,125.899038461538,4.87980769230769,143.362831858407,8.60176991150443,152.58407079646,6.1858407079646
53150,53,615.640625000002,32.0333333333334,620.738378324531,32.177931318691,562.93665686885,25.1454280461297
53151,53,606.03324453735,23.42649516699,606.670194392972,33.6489177966738,657.615081998863,26.4651459593934
53152,53,1507.73479461827,89.7578790859446,1500.20108565916,137.221611261837,1452.9970928845,103.780551434027
53153,53,424.441558441557,16.2077922077922,432.451323939983,24.8719521984029,388.500523707642,22.9209165800081
53154,53,467.724491681572,23.2346939712228,445.440581790367,21.9232501104878,484.879612348766,23.2200585064724
53155,53,880.851553117319,45.4563088771554,850.579792660306,41.979261212377,805.709976112966,35.9363681048469
53156,53,165.810344827585,8.13793103448272,167.619047619048,10.1587301587302,163.290836653386,5.0398406374502
53157,53,833.0,18.0,840.125309292325,21.7995961789566,874.193537658508,36.444493209047
53158,53,623.368421052632,28.4240317775571,622.78243902439,23.9531707317073,646.355646158492,28.9862490907089
53160,53,252.0,15.0,242.0,9.0,223.966328585953,10.0199784053244
53161,53,1910.6305753676,105.410306127168,1898.74611154449,138.875124497991,1807.35620914614,77.498897023226
53162,53,660.994835872468,27.0819922400105,593.466136272221,41.1714043691569,551.058058571808,24.0784750201159
53163,53,443.008474576271,26.5805084745763,458.152264470265,29.501885125366,464.32291990817,25.5950400156903
53164,53,229.809278350515,12.9329896907216,207.665801488247,8.91931954277032,199.215787111176,11.0228651485871
53165,53,226.259818731118,15.2749244712991,205.574285714286,12.6657142857143,191.762113720905,8.06320188947645
53168,53,781.7371308187,31.1763416969333,771.602898365782,45.5349550077972,794.589909807501,35.5416194068274
53169,53,279.0,11.0,267.0,10.0,247.560349100023,8.92921955614535
53170,53,690.232283775426,30.5872337351754,709.722336721164,42.9135497466372,673.696825137249,36.2036188837854
53172,53,268.0,9.0,277.0,16.0,264.843133160141,13.1020551114779
53173,53,99.7826086956521,8.80434782608695,112.583333333333,10.0520833333333,105.226519337017,7.86740331491713
53174,53,495.0,19.0,544.0,23.0,534.471067683724,16.0338831688647
53175,53,807.0,38.0,828.0,35.0,870.234342725535,27.1729940403723
53176,53,279.415225476117,10.0871922554555,285.201314496775,18.8140714441873,285.199645965113,17.0890258468545
53177,53,189.36877076412,11.9601328903654,195.192832028021,13.1521678893148,163.479109800345,11.7268384502872
53178,53,132.03947368421,4.89035087719298,137.203539823008,4.03539823008848,150.885462555066,5.13215859030837
53179,53,189.569277108434,11.0331325301205,190.917124972683,8.97054774978296,210.897736853863,10.0931944838166
53180,53,441.359887668129,25.9619315075883,435.326687116565,26.7576687116565,431.778243404599,17.3826208300186
53181,53,423.295862373855,17.6216563870033,385.913472751084,30.2434466626299,354.896868642519,10.0128671490776
53182,53,1146.70906930716,83.1227154505553,1080.44192089308,76.3574039516097,1095.95574518029,54.3366790637541
53184,53,105.835294117647,5.08823529411765,105.0,5.0,108.670807453416,2.01242236024845
53185,53,1466.46021070017,100.450465010441,1322.51479447168,95.0594952669745,1232.6136970562,104.183849070726
53186,53,1127.64432989691,42.4762886597939,1249.23658471776,64.7055793805848,1232.73557787927,61.3607687057367
53187,53,126.594339622642,2.00943396226416,131.947136563877,5.15418502202645,133.46087544214,4.76483275308084
53188,53,1468.0,117.0,1344.0,129.0,1288.36284592669,109.400269172257
53189,53,70.7478260869565,1.96521739130435,66.7889908256883,2.05504587155964,70.0540540540541,4.86486486486486
53190,53,272.0,13.0,246.0,17.0,262.38468504541,19.9450838408512
53191,53,138.888888888889,9.25925925925926,144.803278688525,7.9344262295082,148.560394371293,11.1863549422354
53192,53,201.407624633431,14.9560117302053,198.0,19.0,196.685939984312,6.84602584468674
53193,53,329.0,13.0,369.0,24.0,376.650681539748,23.1580659603504
53195,53,270.931769722815,13.4029850746269,307.142284569138,17.8917835671343,325.092969997821,12.5405549842834
53196,53,226.0,12.0,207.0,15.0,198.616572135993,12.909334790552
53197,53,492.829105584479,21.3704703852774,463.268829464772,32.9478237226949,478.72803340913,24.8592010117223
53198,53,160.202090592335,16.2229965156795,137.233201581028,10.7826086956522,125.889937206133,3.96010483257277
53199,53,140.0,3.0,128.0,2.0,132.500523932266,7.89571312667709
53200,53,778.0,31.0,755.0,30.0,764.71203264292,24.9101408913686
53201,53,4535.75368678472,265.454781426347,4333.72263882373,285.424864271595,4173.20102066902,267.839254892998
53202,53,232.787564766839,12.9326424870466,207.599380386298,12.9942921573922,165.646144815585,10.5653510742471
53203,53,323.413533834586,18.1353383458646,318.727433354454,20.0254981205922,323.379416831197,23.0184337798231
53204,53,230.0,27.0,216.0,22.0,241.397159093203,12.2037249197288
53206,53,142.648401826484,10.0456621004566,135.566502463054,8.47290640394088,130.562770562771,9.90476190476191
53208,53,285.427659574468,14.7127659574468,307.733606557377,24.8975409836066,302.169745675793,14.8873646809165
53209,53,349.071428571429,13.9230769230769,318.911164617398,19.2788340322482,350.264028628835,12.0764760995625
53210,53,823.93445111213,50.323827391593,837.303394198747,74.847979270602,865.537282491549,55.3538009530857
53211,53,968.595949281405,33.0203698357655,889.215120540983,56.6487014030384,778.449662718424,45.6445208215787
53212,53,263.500014107883,7.2361957131583,277.695070102263,17.6605323696286,311.24309358354,9.34843321355913
53213,53,314.102079395084,16.211720226843,305.382390929154,19.1020765361931,279.114431496879,14.7383250201799
53214,53,106.0,8.0,119.0,19.0,107.59509202454,3.87730061349693
53216,53,649.440131779293,29.6134761170309,629.963633493893,25.8180834137112,631.372335830262,22.7189671615699
53218,53,540.0,31.0,536.492876273301,28.1336771633191,491.955471466437,20.3577374278649
53219,53,912.0,35.0,890.0,39.0,835.007021005297,29.7473268749468
53220,53,225.0,15.0,241.0,15.0,220.710933648221,10.0772952838678
53221,53,232.448366613591,15.8681557103112,209.682674317658,8.8569697548477,216.160128673149,14.2638922557534
53222,53,188.626198083068,7.33546325878597,215.953447602357,15.2616449568519,212.000798143047,7.00254005816636
53223,53,245.448362720403,19.191435768262,217.172413793103,9.72413793103446,188.976396092527,11.0177957867071
53224,53,646.155053974488,18.0883218842003,682.152956009379,29.3095329420845,739.393813764264,27.544117375001
53225,53,286.766595289079,15.4175588865096,271.210816627536,13.1010745274821,312.202453124469,13.2455623106972
53226,53,504.0,20.0,519.0,33.0,486.971804039856,28.8086613292243
53228,53,417.264474008377,18.7860310421287,376.545847283993,39.0277724635532,342.803698973565,20.9048717487384
53229,53,995.733899504601,25.9193205944798,1073.40855167427,31.601301400205,1053.43437061308,42.8850954051227
53230,53,152.745454545454,8.86909090909091,151.546218487395,4.2689075630252,149.318445101811,5.72881285946776
53232,53,187.0,13.0,196.633827613861,17.0555797371816,193.655768725627,15.9908300695632
53233,53,222.326470588235,16.65,230.458844963882,16.0434363741964,202.90668485445,9.9709117176817
53234,53,223.619444444445,8.02222222222224,220.389502762431,8.97513812154696,204.554696458946,11.0097537228341
53235,53,152.0,8.0,136.092165898617,6.90322580645161,119.599856604906,8.04853219040202
53236,53,110.651515151516,6.09090909090912,88.0731707317074,7.65853658536586,98.5764705882353,7.04117647058824
53237,53,250.998160916205,12.9992663334166,284.18315278797,15.1429154435057,265.603077401732,11.8649603077673
53238,53,377.74203821656,5.93312101910828,342.91245557625,18.3780752624985,306.802280597376,18.4861778902129
53240,53,324.985655737706,16.0983606557378,284.295053381373,16.3380586373959,267.192558121001,8.89343814454906
53242,53,149.0,8.0,159.0,8.0,160.375968992248,8.96511627906977
53243,53,1083.50119189512,58.241954707986,1053.31958762887,58.1890034364261,1134.50861670174,41.9828980727733
53245,53,584.788441692467,13.1073271413829,565.210483069235,24.3577829067114,563.202368100931,29.4367775732262
53246,53,1151.0,77.0,1170.0,120.0,995.176665290596,67.8084078434535
53247,53,1178.16862170088,61.6539589442815,1238.28940092166,61.0285714285714,1362.0108175269,55.2918299522318
53248,53,91.0,5.0,96.0,7.0,89.05,6.85
53249,53,653.555059523811,45.790343915344,630.165494529033,61.7220338075433,622.750136651443,62.2060009434607
53250,53,229.423558897243,12.9674185463659,232.844444444445,12.9358024691358,245.226834128791,12.2501808984913
53251,53,253.256857855362,13.0648379052369,262.63986245697,13.0625308561842,294.901512099075,14.1821069827766
53253,53,315.0,13.0,287.0,22.0,269.271196742322,19.8738081392814
53255,53,776.094377249836,32.1876761483316,778.023918691263,45.3518195113825,720.70026129518,28.5503290277508
53256,53,152.221739130435,13.5739130434783,120.373056994819,10.9430051813472,88.2558139534884,7.67441860465116
53257,53,178.0,16.0,176.0,17.0,160.815035094614,13.0958009260121
53258,53,594.581277859747,28.03478997011,598.382322837845,27.6482295387191,583.16909361797,28.6070248233976
53259,53,231.856287425149,5.2694610778443,229.915966386555,8.6218487394958,245.10082370771,11.9997985062011
53260,53,217.0,13.0,254.0,22.0,242.359323063524,9.80994941018741
53261,53,103.28488372093,8.69767441860464,110.329268292683,11.1341463414634,103.438848920863,4.54676258992806
53262,53,653.780738009391,28.9455918747106,657.630983425827,42.1470352815103,670.455785940196,25.410371741792
53263,53,182.311418685122,8.1937716262976,179.781144781145,8.93939393939394,150.830752694233,8.05513567946023
53264,53,114.639344262295,9.2950819672131,120.625,10.0520833333333,108.298969072165,13.7835051546392
53265,53,437.795711463779,26.1085001021978,448.162220474117,38.0989658737595,446.785439126047,39.8544327413386
53266,53,144.74678111588,6.93991416309013,143.495575221239,10.1769911504425,128.854625550661,6.93832599118943
53267,53,604.0,39.0,627.0,37.0,647.6066304508,47.0387097511232
53269,53,353.605488850772,10.0171526586621,353.230446340357,19.0725410159341,372.880380381752,34.3443317141786
53270,53,62.0,2.0327868852459,79.2549258098165,7.20993890220205,59.8807339449541,0.981651376146789
53271,53,1752.47738155702,125.05663589472,1614.7581538193,160.033561295208,1432.44152142884,124.072872248016
53272,53,120.233160621762,13.1347150259068,106.388571428571,16.9028571428571,108.864864864865,11.2972972972973
53273,53,689.789498870869,32.2711119324332,687.259311154268,34.4625135934643,687.78430276121,26.021283522853
53276,53,528.918032786886,35.9081967213115,539.771103928941,37.1222289102933,544.184210805608,25.2447363537712
72001,72,1058.72773862908,48.5291479820628,1104.28510116493,79.8038013488658,1066.19517770969,48.0341125877854
72002,72,148.0,7.0,140.0,11.0,115.0,6.0
72003,72,6695.54734811186,819.878202980543,6508.77305474226,919.966464771878,6171.42875058027,814.01940494594
72004,72,316.233140655106,12.6493256262042,338.26665323154,24.51070490464,356.056617397627,22.8786846004816
72005,72,577.0,17.0,582.686935268543,37.5005178510456,527.532806996821,32.9700209798281
72006,72,1194.3907022889,74.1988586829506,1102.25774866173,63.2408647529644,1070.90595583344,47.8475973307522
72007,72,311.0,29.0,298.0,23.0,300.40965102362,17.0299498499019
72008,72,3155.37938464558,238.862191472308,3000.18013612183,262.947649979121,3040.26887995457,179.300783732797
72009,72,246.657754010694,19.0508021390374,243.966674477257,21.1849744034098,228.849541102807,16.8195286569702
72010,72,260.414141414143,17.429292929293,251.851851851852,18.7654320987654,226.978919939795,11.7580080722451
72011,72,531.737078651683,32.2876404494381,550.212972279685,55.9519904220261,538.37764586438,38.7627364751525
72012,72,300.511293634497,12.8932238193019,322.646144110261,25.0383379107143,302.685318703792,10.7482682596289
72013,72,1202.85750834511,98.8476041587262,1246.14410646821,135.12393917287,1198.15177038052,98.0638797594011
72015,72,69.3076923076924,7.13461538461539,71.0,8.0,70.4385964912281,5.78947368421053
72016,72,899.997833583181,68.9998215761652,900.316084646237,51.1596045873725,856.367873067643,45.0696411553086
72017,72,154.652542372881,5.02118644067795,159.354838709677,9.95967741935484,146.97520661157,10.3636363636364
72018,72,73.5714285714286,1.96190476190476,66.0322580645161,6.6989247311828,59.685393258427,1.86516853932584
72019,72,243.410526315789,6.92631578947368,237.64054054054,19.0513513513513,236.252204408162,9.08144074987637
72020,72,502.0,26.0,516.834436042224,41.7963453552184,465.847915879743,30.3513419079507
72021,72,352.0,27.0,384.504686638938,35.6204598530984,373.719954054136,34.0412509661534
72022,72,726.0,68.0,742.0,73.0,733.000113449141,55.0043869771009
72023,72,1226.90623986932,56.8307897709844,1292.21404763595,91.2282106956175,1318.42962403487,84.6303660092492
72024,72,2304.39912400766,115.269641390638,2278.23345234826,104.885471024444,2236.72840788683,79.1132035985542
72025,72,1212.50337837838,85.3994932432432,1254.79126118441,102.723555334762,1206.24568330353,72.2010272125919
72026,72,798.885065885798,30.8411420204978,888.814453991131,57.7052218348966,912.453549050071,53.1869614901482
72027,72,204.494382022472,18.6797752808989,193.645645645646,18.5405405405405,200.186745606495,10.9589372205889
72028,72,318.0,25.0,291.0,28.0,286.706845687596,25.6829773969873
72029,72,1061.57961165522,83.1273746786832,977.762573988412,99.9913510268447,1023.5651252246,112.299577696463
72031,72,348.447119889048,25.2150676613865,348.074546327994,33.8810957362125,333.082345015789,30.1562539721007
72032,72,235.0,16.0,217.0,15.0,211.013605320309,19.0366506029555
72034,72,294.171428571429,12.3428571428572,275.808389863379,10.174097919925,241.105432963592,17.2063317747503
72035,72,1326.0,87.0,1210.0,153.0,1070.1660861327,150.076427168974
72036,72,222.886688911431,7.26439253999165,200.684382984516,15.0388397958376,177.31342342127,7.95781258906636
72037,72,50.4081632653061,6.78571428571429,54.0,7.0,72.45,9.45
72038,72,413.0,41.0,399.0,44.0,344.872056687827,20.7659666646074
72039,72,2125.0,166.0,2056.0,235.0,1954.2217961682,151.920985008387
72040,72,77.0,4.0,86.0,5.0,94.2916666666667,9.125
72041,72,184.0,9.0,213.0,11.0,219.756422217506,4.02264927513965
72042,72,1175.65423513249,99.3493276235666,1171.45483385215,106.416615977463,1159.29930876593,90.4229004110907
72043,72,194.604682007808,8.02549131645912,176.263099017865,15.2108356292148,185.256494685339,12.1821357205426
72044,72,285.0,21.0,258.0,25.0,266.031511931217,11.0143696539938
72045,72,438.243243243243,22.8648648648649,494.780487804878,45.1585365853659,505.857328488693,25.7781816872001
72046,72,885.621488764042,44.5400280898875,933.263674521431,59.0266504938348,947.619273642699,54.5708842424198
72047,72,1321.0,74.0,1345.0,86.0,1348.64290037446,53.8895644802959
72048,72,340.27620967742,7.23991935483873,371.557336112947,31.0377477958158,328.165923032734,7.97651274919471
72049,72,155.0,9.0,142.0,15.0,142.134050755752,4.03200427878111
72050,72,891.719461880961,52.6341100757779,921.110906775205,76.0734783738907,873.811315423687,57.1085424069915
72051,72,2065.90742120541,106.99444758504,2119.0411150073,156.444274371098,2071.87726933715,143.331038072969
72052,72,396.0,13.0,360.0,36.0,311.154163231782,20.6501093780592
72053,72,785.529411764706,45.9774375503626,764.59918032787,54.3983606557378,731.983386648421,28.2731228538952
72054,72,2646.0,204.0,2632.0,176.0,2349.57093985382,168.099182245018
72056,72,944.099939901345,29.3465222483241,844.353907262296,60.26148615579,766.183510931039,39.2990458625503
72057,72,56.9176470588235,1.92941176470588,54.2142857142857,2.95714285714286,48.1666666666667,0.944444444444444
72058,72,3892.73513905213,206.685308136974,3885.78379164003,238.018082856375,3970.04420172371,172.063846277837
72059,72,533.0,26.0,521.0,46.0,509.08383048045,33.6755912974985
72060,72,170.618181818181,15.0545454545454,169.0,30.0,159.889970129185,20.2990737904568
72061,72,996.139657444007,75.2187088274046,1028.69701348053,80.0731144034219,1063.49654802072,70.4803513960374
72062,72,592.0,40.8619528619529,589.671217292381,52.2366325369741,522.698380591616,26.0718277254898
72064,72,340.0,16.0,349.0,20.0,294.225343282267,27.1328790251723
72065,72,1403.47163849831,49.5508621357858,1512.25348748033,86.3380140332436,1306.31950915535,58.9956443417345
72066,72,306.867007672635,13.997442455243,302.930133437101,24.9143677070842,261.22765976158,7.77137539953659
72067,72,574.146666666666,34.7666666666667,596.676923076923,39.3846153846154,622.00296045516,32.9337599096407
72068,72,712.062690259307,75.7917073594124,675.538226244201,82.834445158149,645.200025479387,83.5009406075533
72070,72,174.0,12.0,167.0,16.0,163.014975517285,10.9959176323124
72071,72,3534.69938119972,426.190476056573,3377.51443163929,512.433589069431,2976.75246357434,300.135843593672
72072,72,165.474074074074,15.8037037037037,159.55905511811,13.9212598425196,163.7109375,5.953125
72073,72,760.454298642534,29.7828054298643,735.113184810983,34.7864425257964,753.162456782407,47.3686451312249
72074,72,137.736111111111,9.76851851851852,119.228571428572,11.2095238095238,117.446009389671,3.981220657277
72075,72,621.327623126338,34.8501070663811,625.165720244746,36.9832190869893,630.313972509907,29.1287170897806
72076,72,123.839195979899,6.09045226130652,134.805429864253,4.05429864253392,143.402489626556,6.37344398340249
72077,72,272.717248736192,13.9326443201562,257.33598143156,21.9790739805596,233.344759201041,21.6668370329851
72078,72,244.0,20.0,223.51111111111,28.1999999999999,212.051184636135,9.05310412645588
72079,72,182.907849829352,7.35836177474405,198.176656151419,15.6971608832808,188.658141254718,4.02410784541458
72080,72,1656.02235581527,87.6368137591496,1608.11023663295,104.085352266204,1519.31733915982,72.191625065137
72083,72,265.0,26.0,263.0,17.0,242.509023803718,15.1306028923525
72084,72,825.962139917697,57.8897119341565,830.928256229688,62.4760973617074,793.452521748892,47.884497669808
72085,72,119.771573604061,2.96954314720812,120.792079207921,12.8712871287129,115.631868131868,6.03296703296703
72086,72,89.0,6.0,91.0,7.0,82.0,12.0
72087,72,390.626970227671,22.9194395796848,336.902132299306,14.9152364720586,285.928246476232,13.6326205775008
72088,72,220.0,23.0,229.0,19.0,217.859582171755,17.7468969091567
72089,72,1040.0,77.0,1036.0,112.0,978.163514646078,85.3506771942492
72090,72,1666.7280324234,166.437345916611,1631.45696886131,151.825347581294,1628.90847266129,95.5066423046508
72091,72,109.028571428572,8.22857142857144,98.3028169014084,4.96478873239437,79.4074074074074,2.97777777777778
72093,72,601.495555555555,37.4088888888889,614.608122941822,38.7859495060373,567.754185344022,29.1610508773476
72094,72,378.320189274448,31.4447949526814,374.114701130857,38.7366720516964,372.256364218128,23.728905209647
72095,72,4853.0,591.0,4603.0,694.0,4817.01692971322,728.609777140651
72096,72,993.87174415852,43.9000548993184,992.330351764746,52.540186519197,996.671935004439,27.2699619925369
72098,72,345.230204701609,38.4743210027555,328.523585260262,36.619312090243,314.763689473109,27.0225252090365
72099,72,381.590322580645,15.5354838709677,399.479623824451,21.8620689655172,409.093918344702,23.8400321673101
72100,72,274.707259953161,20.9016393442623,247.507746113053,19.988458837994,269.69606734194,17.9160442974707
72101,72,439.039039039039,23.4834834834835,446.257991338031,38.2784167603175,434.959686431177,29.9926512805506
72102,72,56.6818181818182,5.86363636363636,60.6947368421053,4.89473684210526,57.2530120481928,5.30120481927711
72103,72,365.429017160686,31.9500780031201,367.549109682028,39.0995378153843,347.08483064845,40.7802306568014
72104,72,368.382943143813,32.9448160535117,343.505154639177,32.3298969072166,348.588108790345,22.9140810798832
72105,72,296.02479338843,16.7190082644628,299.75249500998,21.6926147704591,283.844914280631,13.4085621081917
72106,72,607.54157782516,32.8400852878465,627.984815618219,32.7288503253795,613.965864900579,15.3667179404351
72107,72,226.193608056435,12.1734520678742,222.0,14.0,225.17898058474,8.09494087983567
72109,72,320.325334889913,29.2120588421618,357.402989496048,40.1504557918586,353.192326309104,21.8165755385522
72110,72,596.864912478779,43.823426929859,644.616805058997,40.0385644282548,660.071365964425,35.5880675560658
72111,72,342.532567049807,7.09386973180074,348.230769230769,23.4190283400809,331.94319795017,16.7096241067319
72112,72,305.0,34.0,293.0,39.0,304.792326955484,25.4884839556745
72113,72,520.815217391307,18.0978260869566,539.532550573057,29.9670102161366,483.580803003135,11.9655997307761
72114,72,187.658181818183,11.2800000000001,183.348148148149,11.0814814814815,165.020034716804,9.3351563188712
72115,72,580.785282258062,22.3770161290322,563.249624783038,47.5643964776598,521.526573981897,36.8041011002085
72118,72,851.0,57.0,862.0,83.0,854.342251139761,72.643225664217
72119,72,663.316872427984,31.9670781893004,672.630131335382,59.3159741398264,671.047285233618,44.2918681173787
72120,72,157.387755102041,7.86938775510204,161.28,15.12,165.36,14.56
72121,72,188.980392156862,5.16339869281045,206.576501942756,15.020167418322,199.243251184787,9.66755097635035
72122,72,611.764179104475,30.5373134328357,642.843351933001,34.9042103968931,648.763589462392,23.6906815389111
72123,72,38.4347826086957,1.97101449275362,41.4084507042253,0.0,41.5573770491803,3.19672131147541
72124,72,2847.00440751461,191.223104750002,2726.86385914059,300.018656611343,2770.4596643663,224.026697799314
72125,72,217.63125,7.95,183.925400133497,11.9222538545313,193.69861297205,5.20652626886304
72126,72,182.274647887325,8.05633802816904,195.84,15.3,195.243668050317,19.349784659937
72127,72,1379.51806036616,55.5442850074222,1252.20585215606,64.1642710472282,1130.83144580284,56.3633618768472
72128,72,345.571600877193,23.7569078947369,321.140318788792,31.286973798082,310.740452556867,26.0355553727095
72129,72,508.894472361809,23.8693467336684,534.248520710059,29.6804733727811,584.843828687661,24.7692741030127
72130,72,384.81,13.13,385.909470190354,14.2717798124875,470.158671618299,15.2636852665976
72131,72,409.041401273886,20.3503184713376,380.318650924821,22.6507322309883,366.885120856759,21.1509636726898
72132,72,5368.78917921128,550.927361878428,4965.21776961754,596.296991836127,4876.74013710455,488.046772268769
72133,72,990.386842105264,60.8394736842106,991.2238410596,46.2437086092714,1022.64253717537,42.5014844040003
72134,72,343.549496851172,21.5304025454474,349.801916039824,25.2844672574126,323.744153835265,29.708226251848
72135,72,382.0,22.0,378.0,39.0,362.456241364732,19.93199091686
72136,72,229.53488372093,14.6511627906977,221.018518518519,9.16666666666668,205.466204066286,13.2805099642217
72137,72,1429.18560741393,87.359706231985,1370.92213114754,62.3611111111111,1248.71965017379,62.9402935894068
72138,72,1761.86600686833,169.468887962118,1648.32435268799,219.707714564867,1500.60345005014,150.408344706953
72139,72,651.021152826768,32.2528464444122,652.409179923114,32.4423400426553,587.194230685665,41.1139488047418
72141,72,602.0,35.0,611.0,56.0,571.945050154276,44.7473035095934
72142,72,109.0,7.0,100.0,4.0,88.5068493150685,8.75342465753425
72143,72,1100.57543616856,40.7439310274366,1003.47768659141,80.9771509082761,959.237364442095,98.0977301474177
72144,72,207.753846153846,7.87692307692308,191.03692338787,13.8954129864554,177.397971171192,14.640630631782
72145,72,257.321374693716,17.0880658794417,250.362944162436,22.9416243654822,232.845025756616,18.7558449928964
72146,72,1816.97762339025,90.7391912540687,1855.70789465496,116.461490193506,1843.07388294531,60.7047025414265
72147,72,715.910614525138,34.3798882681564,743.160352310138,37.7535020419474,793.077773689578,42.227257415992
72148,72,61.9780219780218,7.23076923076921,57.3333333333331,4.09523809523808,52.65,3.0375
72149,72,409.0,23.0,402.0,23.0,403.898844018174,21.9203962438894
72150,72,815.269503546099,35.4893617021276,829.399688958011,50.388802488336,793.140198529987,27.9217025086155
72151,72,826.0,40.0,779.0,47.0,749.257739873133,40.3149363328633
72152,72,295.0,19.0,269.0,21.0,235.091521108117,9.64277135930072
72153,72,352.538994800693,24.8266897746967,348.218762694586,31.1131060591709,319.624771312881,44.4135133443494
72154,72,9335.27368572598,865.27879513946,9302.98476893364,1089.69544654497,8965.48664460195,832.527222282608
72155,72,1474.87719744056,85.7935101779149,1435.8894386337,86.6836663947903,1324.38880881156,58.7314574150495
72156,72,579.259911894276,20.3964757709252,598.451668234131,33.3066826957263,588.378436071584,41.3024958850664
72157,72,461.0,12.0,431.0,22.0,415.989955198924,23.8544901184791
72158,72,493.0,36.0,483.0,52.0,509.824786475274,38.8073675245021
72160,72,408.831512348624,36.8644671502243,379.554455445543,37.5495049504949,363.140225074579,23.8614140440541
72161,72,493.646659116647,25.7644394110985,472.558139534884,39.3798449612403,497.088940639371,38.1870964618921
72163,72,297.235908141963,23.0960334029228,311.0,31.0,306.088581858558,23.7311560083032
72164,72,46.4444444444446,1.05555555555556,43.6142857142855,6.08571428571426,42.0952380952381,0.0
72165,72,1267.35372069317,61.9683995922528,1258.01962179299,83.0203960744987,1170.0311043907,62.9812670655373
72166,72,236.571428571429,15.4285714285715,227.446153846153,8.2707692307692,202.327087181462,9.47178281568073
72167,72,495.442687747033,26.3425559947298,472.611379062624,29.880807744992,468.421786368798,27.8962499984762
72168,72,1205.2190470258,55.7540254789121,1245.83592861153,101.139482745772,1123.46914645372,107.091264209331
72169,72,963.823258869908,41.8620236530881,950.838854481869,49.5866508148537,952.85683535899,45.2584066736149
72170,72,112.252577319588,5.65979381443299,112.755681818182,8.59090909090912,102.426966292135,8.69662921348315
72171,72,58.5686274509805,3.02941176470589,61.3861386138614,6.93069306930693,54.4711538461538,3.96153846153846
72172,72,845.940845859488,47.4343221755773,846.419063954266,52.483681123964,878.445551986884,47.7499434631733
72173,72,799.0,49.0,718.0,56.0,702.804597262908,41.8298919934294
72174,72,70.7027027027027,6.87387387387387,74.0571428571429,9.25714285714287,68.6666666666667,6.67592592592593
72175,72,930.96686690795,58.6417654536352,918.185124400923,73.775215349872,863.696330490918,67.4256148628868
72176,72,2814.65870067095,265.930800478778,2522.28213831863,280.923016578176,2098.30590527426,188.18229775982
72177,72,227.339130434783,21.936231884058,228.696883852691,22.4787535410765,230.557524869658,12.3648379309126
72178,72,117.708791208791,9.54395604395604,110.658031088083,14.6891191709845,119.681592039801,8.6865671641791
72179,72,1160.71355759429,98.3995922528032,1102.92920927957,81.8465154028356,1065.67339080404,96.9953726749915
72180,72,3142.0,319.0,2886.0,411.0,2708.63391552623,363.319901925763
72181,72,92593.0456863718,10317.541830293,89155.3982281059,12370.8783472448,88540.7696118255,10840.4141160019
72182,72,897.177130369478,84.5455167199619,882.76941531719,72.0314075347349,899.314981292754,48.3973967830391
72183,72,621.366467162116,44.4006903380119,612.033964930948,59.5728597375318,630.744678874799,53.2491592451769
72184,72,215.341463414634,14.9542682926829,231.837270341207,17.244094488189,227.130599603081,10.4400969837971
72185,72,401.839936608558,30.6069730586371,405.910876132931,33.7432024169184,408.151190917533,29.0396083258715
72186,72,549.500553709856,41.3809523809524,539.571106094808,38.686230248307,518.735352273452,26.4281411731724
72187,72,1014.97008531138,70.1378470902557,1063.62003876086,77.7027261723701,976.317838160356,72.2280762245976
72188,72,103.489208633094,5.9136690647482,94.2739726027401,5.06849315068495,94.6158940397351,5.19867549668874
72189,72,1186.63157894737,84.0676691729323,1140.69064748201,101.014388489209,1085.02975285331,99.2602181297164
72190,72,199.726277372263,10.036496350365,189.0,9.0,169.521856335824,11.1710265179319
72191,72,1754.72777238927,149.806013579049,1696.17164856098,181.840915271576,1731.49957225858,94.1587764856611
72192,72,63.7254901960784,1.96078431372549,69.6699029126215,6.05825242718448,55.3714285714286,0.971428571428571
72193,72,266.645021645022,7.34848484848485,249.511574074074,15.6597222222222,253.420367372454,7.20728942494341
72194,72,196.603053435114,21.9732824427481,171.412639405205,16.7472118959108,170.898465403135,9.75198520102748
72195,72,1112.0,72.0,1159.0,103.0,1125.37862048254,80.0959477986375
72196,72,416.61904761905,32.0476190476192,430.099884062724,41.296467076667,453.043454264972,34.2334402003157
72197,72,417.767180925666,20.3338008415147,438.271944310475,31.6700006378198,432.803912388702,18.9313626720665
72198,72,1610.0,69.0,1676.0,120.0,1603.70939386911,76.2194857853336
72199,72,130.025423728814,6.79237288135593,156.812977099237,13.3053435114504,165.43730267146,8.89152052018929
72200,72,2259.0,148.0,2306.0,173.0,2292.55339675334,110.394500600761
72201,72,172.540540540541,25.6756756756757,166.702702702703,22.8223938223938,154.73974509855,10.4901484267359
72202,72,133.424107142857,8.39732142857143,142.173913043479,9.47826086956524,128.03738317757,2.80373831775701
72204,72,357.0,30.0,324.0,30.0,312.773687068314,30.8168408774352
72205,72,1042.45483324731,45.0197305454073,1124.96517666126,81.6671022707273,1143.27713643598,63.311155060438
72208,72,203.38737353478,9.77617865435321,206.098357707062,17.1615217269807,181.336548623333,10.753954182361
72209,72,182.345276872964,16.2084690553746,190.0,21.0,195.399953775468,14.5914461822823
72210,72,168.645360442934,7.11293807751345,193.532532717337,20.2664887520008,188.475905753665,20.8954269812424
72211,72,384.675,26.5632352941177,365.965785381028,34.9517884914465,376.751962587774,29.1072218037514
72212,72,461.482517482517,40.8391608391608,413.268292682928,40.51649928264,416.053902838195,29.9771312347136
72213,72,2975.56633212595,159.466510522665,3196.26451014945,264.558412727633,3125.73265711107,264.211565402891
72214,72,11.5384615384615,0.0,7.0,0.0,7.33333333333333,0.0
72215,72,587.652989812397,35.0585158022386,605.39365446279,54.579753537524,612.608902969454,65.2804550387951
72216,72,354.115992970122,11.1933216168717,358.748755607667,23.3124048035006,389.15225516895,32.7156705643956
72217,72,1626.79162585413,79.5140062173886,1578.16728373406,75.2283915563445,1442.63952486875,69.0810312579185
72218,72,171.3264604811,8.3573883161512,180.221498371336,17.8241042345277,180.413261165148,8.20479989463093
72219,72,527.82462222389,35.497720297367,570.82998886702,39.2817944506126,516.294312844343,27.8827450615928
72220,72,520.697203823588,40.5604555402112,531.520402625996,38.2880237354397,484.083008410618,22.749806810776
72221,72,249.605530738347,24.0556720617923,223.414868376758,16.9504119504836,213.340751801498,30.30663080861
72222,72,184.0,26.0,169.0,15.0,154.952168410166,12.7993186643519
72223,72,1548.68137254902,108.29939668175,1523.68671007276,124.009191880505,1511.23174851947,86.5391990981986
72224,72,321.0,30.0,341.0,31.0,310.760780549463,12.9001636013258
72225,72,441.0,30.0,396.0,40.0,401.2482554519,27.8954744308741
72226,72,709.854720745374,47.369955982132,793.993350542626,67.2541503093457,839.829760913236,46.1783535891577
72227,72,20.9,0.0,28.7,2.05,25.0909090909091,1.09090909090909
72228,72,1231.94280646042,64.9920859473328,1278.07097406671,82.4256639093394,1248.59272993805,54.1045151311823
72229,72,317.858439201452,29.2631578947369,308.164297033577,34.7804552523944,265.846281720212,18.2405192736005
72230,72,726.539827007346,28.8259746960436,717.438512996016,57.0849913592218,672.810033577591,53.0983891440213
72231,72,3058.91344422127,108.209271862963,3008.61782367209,186.761384599645,3190.03635756394,187.691530801922
72232,72,361.172185430463,19.4701986754967,397.24332810047,20.0627943485086,471.45348447606,32.1998705037529
72233,72,36.1323529411765,2.77941176470588,37.1428571428571,4.12698412698412,38.6901408450704,2.83098591549296
72234,72,235.708446866485,12.9291553133515,225.561497326203,22.7540106951872,215.298521075267,15.0496734476601
72235,72,248.0,16.0,240.0,30.0,226.110862020532,13.2089074064794
72236,72,138.294416243655,7.95939086294416,134.311224489796,8.95408163265306,124.680628272251,7.91623036649215
72237,72,311.173245614035,25.3157894736842,344.531845298823,25.0357065092122,310.029425860275,18.6389264470079
72238,72,65.2584269662921,2.96629213483146,57.2839506172839,0.0,47.2957746478873,0.0
72239,72,402.225178616991,20.0620357915236,397.100108753472,34.8370328804417,398.6896944862,26.5627622658742
72241,72,1961.35195310021,135.826927577797,1830.60073905958,125.272493480672,1705.89364907163,97.5662656138032
72243,72,933.483204774186,75.5197647674384,996.639556877175,98.9511505878842,919.269213856677,57.3580003816966
72244,72,1972.54101459169,97.4865392699693,1819.80796320802,104.52927803135,1806.3127788176,106.194931843202
72245,72,459.522834645671,30.5669291338584,463.322726199215,44.5077579826091,428.209353676861,30.8024501678845
72246,72,142.0,8.0,139.0,7.0,136.832512315271,5.82266009852217
72247,72,880.0,44.0,892.0,45.0,846.421881529181,42.2850760104684
72248,72,476.342105263156,21.8005540166204,501.112763255199,44.8551271886911,515.735814893095,50.301594101005
72249,72,545.173594132031,21.359413202934,523.431886145373,24.8343313944739,537.185964200754,26.2997499749939
72250,72,129.675,15.6,116.645569620253,7.21518987341772,97.748502994012,8.29940119760479
72251,72,244.063360881543,27.0027548209367,226.998334229002,24.5925649574804,237.367185543925,23.2408262146928
72252,72,764.363317767784,50.90063480461,748.038766781702,69.1866297179901,681.438166593144,57.8169057656475
72253,72,1739.33316728393,96.1187197845352,1651.48625750759,97.1289399877969,1650.85708613719,96.1716939067834
72254,72,167.0,9.0,178.0,22.0,163.253600591879,8.99814757768744
72255,72,500.117942283566,37.232120451694,493.108887182925,34.877698930692,453.35332910471,49.3215214393815
72256,72,469.804627249359,27.10411311054,478.230967741935,35.0903225806452,475.441690786734,30.7826277208379
72257,72,1430.13896016028,57.2697167893531,1374.35380938844,73.0666433619906,1260.88936386132,42.8640236548923
72259,72,218.415335463259,10.3514376996805,210.358620689656,14.5793103448276,177.719947746568,10.8814720172656
72260,72,2197.23887423011,107.495281312617,2067.41573516602,139.029805573126,1982.17745970568,98.5934965876089
72261,72,199.680981595092,5.8159509202454,212.968543586645,17.3320102713566,206.287568705129,9.48163572657489
72262,72,1235.6615053352,88.8259277514807,1119.49545259545,93.9270258566748,1045.23909238987,76.6199136237616
72264,72,7791.70287358908,951.654081448947,7561.16707244622,1124.31297633204,7249.11522891244,787.722290131669
72265,72,166.674796747968,10.0406504065041,172.783582089552,19.4253731343283,136.004491583885,14.263950164957
72266,72,423.803418803417,29.1239316239315,406.430275425122,28.2238029270517,429.58922738494,44.0594235518627
72267,72,622.118626430801,43.5879292403746,593.195104457386,37.7740863097531,569.640910977579,36.0597837947126
72268,72,459.663323782235,23.7578796561604,447.932766170594,48.5054502188521,447.311168611358,34.0975469495535
72269,72,1899.52148993687,162.787864846718,1714.32946051747,192.724999598321,1531.08038909606,147.610478575174
72270,72,119.101796407186,11.1976047904192,109.352941176471,9.94117647058823,98.7150837988827,0.0
72271,72,471.200970871249,34.4366433333966,540.090069040347,42.2066396172523,571.381841906707,31.2607894529174
72272,72,208.0,7.0,211.566427984386,9.80939846994375,200.492133721262,8.0968041824493
72273,72,126.0,8.0,140.0,22.0,136.0,15.0
72274,72,121.305418719212,8.73399014778325,125.023923444976,6.73205741626795,131.97247706422,7.70642201834862
72275,72,714.488588334742,33.4319526627219,838.557692307693,39.2307692307692,953.886760578548,31.9607672036538
72276,72,1147.28885557221,96.191904047976,1137.20864049171,99.9365513285739,1056.14815569355,83.1109635370707
72277,72,82.258064516129,4.83870967741935,73.8421052631578,3.21052631578947,76.0,1.0
72278,72,491.977972036146,47.6092663260579,443.964983553397,36.0267670092522,418.524029725853,34.5304398873632
72279,72,113.197530864197,5.3395061728395,99.7295597484277,2.9622641509434,84.5027624309392,8.00552486187845
72280,72,1209.91945047165,43.6573461779779,1378.79118478696,68.6353670313821,1326.20477695545,58.8485284210095
72281,72,298.0,21.0,271.0,23.0,270.24137569804,29.1404410859182
72282,72,314.587452471483,22.5437262357415,303.537593984962,40.5375939849624,309.642032847757,19.5812938740378
72283,72,236.145454545454,23.812987012987,209.203957451932,23.7907323879769,214.21656502048,30.6647458672253
72286,72,247.942105263159,24.1894736842106,255.144939597224,17.0159912270416,233.257672268414,14.0859053381348
72287,72,1362.52770716828,62.5012709710218,1375.88573360257,82.6657154629969,1242.33108254624,57.2791565878438
72289,72,1206.22501721975,63.9054516094412,1191.43758536844,92.4953550084259,1182.95829406715,65.7443855443014
72290,72,893.455449804769,51.5727587216187,1042.54690214161,54.708095181608,1193.90251075257,60.8630105315244
72291,72,554.044067796612,32.6508474576272,565.869791666667,54.5416666666667,569.566690685973,42.3536558583567
72292,72,152.0,14.0,154.0,11.0,135.863732851166,2.99993448607812
72293,72,357.685386508304,14.3513502371891,366.785722699758,32.3208960839496,353.509213551648,19.5724018901244
72294,72,332.756052141527,24.9068901303538,284.033621421973,29.7563686448326,295.891206652224,39.2306353059661
72295,72,334.44696969697,11.9090909090909,303.152777777778,16.2222222222222,281.921828549468,8.94166409856774
72296,72,478.598692810458,24.5960784313726,453.987881448493,34.153440797672,460.337155408049,45.5860375864166
72297,72,311.0,21.0,329.0,27.0,321.291431508762,10.0276590047485
72298,72,324.054281546152,19.9491563336482,336.90680064413,32.4622353399886,348.63624983653,15.3964003366184
72299,72,1404.0,99.0,1476.0,116.0,1522.07308198875,102.214340866709
72300,72,1638.67027930315,72.8440928777213,1751.792524069,143.096431921944,1649.59078413535,119.023482344027
72302,72,119.310344827586,3.97701149425287,124.0,10.3333333333333,108.788571428571,4.77142857142857
72303,72,466.067924528301,31.2729559748427,461.305482403793,41.8311645611466,437.82445172986,39.7819819322221
72305,72,593.0,20.0,611.0,62.0,532.200782704799,36.4311383460902
72306,72,812.485649546827,49.3330815709969,802.569522314171,53.7528112683836,854.210441850326,44.0522518885878
72307,72,121.0,4.0,139.0,18.0,149.628691983122,7.0295358649789
72308,72,1488.68122465371,74.5945012610385,1342.43027928204,93.512913074477,1251.12193796698,73.8710210825378
72309,72,194.64827586207,6.08275862068968,192.964018977225,18.9593188265396,182.061621813599,14.7441557532832
72310,72,1252.34322603303,42.0458214395562,1235.70795876292,53.0549313190972,1126.07646674225,52.8654995333044
72311,72,221.0,13.0,226.0,33.0,205.894105655255,16.5979566924193
72312,72,124.705882352941,4.15686274509804,137.46551724138,10.2586206896552,128.326180257511,6.90987124463519
72313,72,136.582608695652,8.84347826086957,134.592920353982,4.01769911504424,130.165048543689,4.23300970873786
72314,72,231.588711752372,8.02300913273448,233.409476650384,14.9564671149718,244.234220455371,20.7511081646323
72315,72,491.0,26.0,514.502014170512,52.6788275690131,484.415064980957,50.6490588164792
72316,72,425.250737463125,33.0973451327432,420.544267053701,29.8258345428157,406.476652836702,21.7891933363121
72317,72,346.084532374102,18.1618705035972,321.88030888031,29.7277992277994,289.023230326319,12.0390783876328
72319,72,442.509803921567,17.3333333333333,506.457305879666,42.77245891892,469.950114541566,26.9107036070462
72320,72,1737.05907842953,60.1403548374686,1646.3853547724,94.7844163808389,1665.70484596265,62.6509861816861
72321,72,359.717584369449,17.9360568383659,364.419313301757,28.9567724156783,325.202086239189,18.4771109369084
72322,72,151.0,13.0,134.0,13.0,126.424410724183,9.95606315050561
72323,72,269.739130434783,18.1739130434783,295.850549450548,21.276923076923,283.627765070021,15.2913846033892
72324,72,308.0,29.0,319.0,40.0,321.396909379939,29.905094505735
72325,72,508.350865314351,32.277368907223,476.200388042043,25.9564115061939,457.041968954054,32.8834059948794
72326,72,143.466346153846,10.7355769230769,137.175355450236,12.2843601895734,131.169724770642,6.90366972477064
72327,72,178.936026936027,13.7643097643098,181.771812080537,14.8993288590604,175.243386277717,10.5897893406287
72328,72,2284.54514088557,122.874065554912,2214.89097234373,125.617682188279,2116.44361328898,107.314892430706
72329,72,2590.79020755574,124.965958487205,2438.13410057543,129.645484113085,2303.06510240988,95.4224516359599
72330,72,278.422871273791,24.7690144036054,274.638694638694,22.051282051282,295.404562968697,16.8872689314875
72331,72,385.340170940171,24.957264957265,374.086246657789,33.8118195652866,395.165490022682,42.3731901372654
72332,72,384.90615630018,19.0953350013604,378.333907042812,19.9654013461132,335.399958054002,34.5210576792756
72333,72,298.0,25.0,264.0,25.0,268.256192946784,25.5667999462973
72334,72,1273.0,140.0,1192.0,148.0,1099.90087276814,142.002138623472
72335,72,709.866666666664,24.1999999999999,694.338760536799,43.8868025404818,660.839472340867,35.9565834475731
72336,72,788.196455655787,30.0491113589115,678.812297116743,36.0237506636932,645.032214476585,40.8504172462494
72337,72,521.0,44.0,541.0,47.0,511.962117992419,47.4237521462233
72338,72,449.71695178849,19.0917573872472,422.59216096754,28.9813887375664,508.475145716344,26.0993727174845
72339,72,510.0,29.0,452.0,34.0,414.019614631927,26.0220468919327
72340,72,750.487065136623,40.3487669428292,746.335176661422,48.1189784952759,774.494301140042,35.9677427005557
72341,72,434.940379646758,13.2128086671846,423.476530609569,25.4263726870241,401.722800186271,24.6027258867258
72342,72,123.0,4.0,123.245901639344,6.84699453551912,110.113799605941,9.40127165256648
72343,72,411.674876847289,20.0328407224958,406.057142857143,19.9047619047619,369.146197810739,23.2735043701154
72344,72,1963.01911159278,92.2970109858348,1891.70087669243,102.719673675909,1744.99218335016,69.9805686443083
72345,72,217.395348837209,13.3488372093023,214.494117647058,14.1647058823529,213.492071707701,10.827428745728
72346,72,2471.80116416558,162.773092367981,2550.28456195384,176.88102173426,2695.77159621928,137.288741110877
72347,72,192.0,7.0,195.264359835632,15.1931751117049,178.351242277265,12.3014344357197
72348,72,93.6739130434779,2.01449275362318,86.3958333333334,9.93055555555556,87.3230769230769,7.93846153846154
72349,72,333.28431372549,15.3823529411764,319.55,22.825,322.505989651126,17.4994996393959
72350,72,1956.0,116.0,1949.0,141.0,1925.58579554185,93.7939710616812
72351,72,597.546031576675,39.1243053318722,621.288278118519,50.2071373787194,593.730380149194,25.0677932505578
72352,72,83.3543307086614,3.16535433070866,85.0,1.0,83.7697841726619,3.06474820143885
72353,72,131.692307692308,7.74660633484163,136.74647887324,7.19718309859157,138.0,5.0
72354,72,101.0,6.0,97.4060606060606,9.93939393939394,104.363636363636,5.96363636363636
72355,72,56.0784313725487,4.078431372549,49.4318181818182,1.97727272727273,69.2924528301887,8.52830188679245
72356,72,257.906831520457,13.1582045943839,273.320213930432,18.7671540779051,224.944168253475,11.2525721633475
72357,72,440.822995461423,25.8698940998488,461.544827044275,31.8353063214341,456.03551306377,24.4052362191986
72358,72,976.874256536595,67.4150753927758,966.476170056569,68.8828538687971,967.904891200013,80.4990054951796
72359,72,800.798657718117,43.0536912751676,828.3444959,62.4811650333313,864.671174209726,57.4587675175431
72360,72,939.567765567761,51.7472527472525,899.011037527594,51.8852097130243,1015.45772296692,47.6571134533722
72361,72,277.839916839917,33.8586278586279,262.0,24.0,301.431099046003,27.6856792621389
72362,72,80.84,4.7,85.0306748466258,4.7239263803681,106.729411764706,10.8705882352941
72363,72,1002.0,67.0,952.0,101.0,943.043336223387,70.9776964253444
72364,72,889.0,70.0,873.0,113.0,806.225818812682,75.2920894852929
72366,72,208.0,16.64,195.164596273292,6.93478260869565,182.883976311603,11.146456697102
72367,72,485.819756298257,26.7086541158268,457.108143352985,39.576462627964,440.927083118135,29.2615150429892
72368,72,204.342070923239,20.2993466743282,199.832533153211,15.1388282691827,168.764026370243,10.2192326621595
72369,72,385.0,35.0,406.0,27.0,386.335505302273,36.9629701086441
72370,72,214.534090909091,13.8409090909091,211.337288437164,25.9036262718672,210.133629757551,15.3482946366683
72372,72,45.0,5.0,43.2,2.88,48.0,2.0
72373,72,1474.50990870137,74.9588026503612,1461.40330110172,129.713011980584,1342.41854076738,99.7908390907258
72374,72,103.858895705522,12.5889570552148,82.638157894737,5.23026315789475,76.9090909090909,6.40909090909091
72375,72,341.0,15.0,354.0,19.0,327.611760777979,10.897784685428
72376,72,411.4294205052,15.2005943536404,431.175637393768,24.6104815864023,428.954484273739,22.6568476253711
72377,72,600.393700787402,41.3385826771654,615.193391642374,41.0796890184647,673.863505361796,32.8729918977472
72378,72,967.393914234427,56.8282859664586,982.760778859531,70.3407510431157,951.433319177485,29.765825164426
72379,72,147.275109170306,12.1048034934498,135.386138613861,11.5445544554455,122.167487684729,10.8374384236453
72380,72,593.080527366594,36.3708969328248,577.711578947368,41.6905263157895,532.213884810109,33.5206500802017
72381,72,849.784188572285,40.4270716696301,872.762582355871,55.1201665123983,860.314307420056,35.221107680401
72382,72,514.0,30.0,541.0,39.0,584.13350111662,34.2587645506263
72383,72,93.4246575342467,4.24657534246576,78.72,4.8,97.0,8.0
72385,72,1162.10948632622,67.1360874365178,1026.98233147907,75.6327304828361,1037.93713700476,48.1432196566012
72386,72,2770.6813985279,152.013088809802,2536.88521386251,150.63049693523,2282.39946824353,109.666638176013
85001,85,1553.49727009641,127.755594049387,1210.26603828917,152.437911238636,1163.91656087542,144.646967046078
85002,85,961.512094163423,80.0475298764848,1061.17211610618,93.6289716216744,1208.40206094036,78.7225018291066
85003,85,5179.0,317.0,5774.0,466.0,6250.17786884689,393.286837335725
85004,85,1239.51072307228,106.696029108249,1362.48793721473,172.213016906457,1283.39841128927,160.509771011669
85005,85,628.223652948848,44.1719755979659,604.173549899898,39.9458514212882,576.419823596335,33.5772727446723
85006,85,983.24095181761,84.7819889593337,1068.13928138075,116.059970619771,1150.55976212342,82.4136412269255
85008,85,3711.34953966083,180.938758965994,3955.48514851486,287.879440885266,4322.24570944003,308.645376396861
85009,85,678.859813084112,45.9968847352025,704.742007644285,58.2551763154446,664.948353333035,43.5375027937342
85010,85,732.0,70.0,762.0,84.0,731.727383912074,55.5881079838414
85011,85,951.858390769232,83.6574362733944,900.792665403839,90.8760059547356,844.334854982555,59.0383985466475
85012,85,1271.20477497327,123.345307240731,1200.04736084353,117.710381196623,1220.66436205129,88.0483107330355
85013,85,737.0,50.0,874.0,49.0,987.88509017233,27.8410722435768
85014,85,677.892999219217,35.5214552082526,700.919560029186,46.1700829863494,691.037484639074,49.7392501884123
85015,85,788.406412478337,39.7772963604853,927.104901373456,60.1793390519479,979.684955218861,50.7342320400428
85016,85,1332.94585785904,63.8344810119121,1366.09592565901,117.045326943708,1395.83553632521,93.3190965304533
85017,85,1360.20054046688,60.2367144198577,1447.09719780864,87.4339588956457,1552.33969897489,55.5754608634678
85018,85,2280.935942061,104.659259163497,2184.87506418999,212.317391792668,1974.52803226896,159.9274574542
85019,85,3722.87644124978,146.002987580216,3761.64400194506,236.831008297474,3988.71996156114,218.510634534583
85020,85,2313.59762150575,80.8893163855803,2410.24210287987,158.014309689642,2362.20328224453,142.263426215873
85021,85,1107.26592156559,43.4641097631914,1185.29291563763,69.6031835061726,1228.27843327305,46.1858046580781
85022,85,618.870535714286,43.3303571428572,680.359801488835,74.3672456575684,702.179448304482,76.8736696718938
85023,85,267.351089588378,19.9515738498789,263.457093907783,24.8805709217656,249.249983615219,11.8824510442039
85024,85,1006.97294185377,62.4553828439839,1123.3952787544,85.7327975891512,1286.74644658894,80.3446281516368
85025,85,1350.35279336208,74.8065033969733,1433.44702478589,101.737173316011,1477.36252628188,63.6825101927931
85026,85,872.0,78.0,902.0,82.0,876.599213811173,68.8210680848622
85028,85,301.0,21.0,353.0,34.0,351.947771607923,18.9266395491174
85029,85,1313.44575017478,58.7359643522679,1246.79766026611,76.4349182130629,1174.28700661362,74.2904705716113
85031,85,1830.68441033453,94.1001232630977,1841.8878759671,111.38931734684,1909.94039775188,68.7857918133765
85033,85,505.422136422135,23.2960102960102,485.733124014469,49.1651729248491,453.061371295168,39.6150006377214
85034,85,1935.62538715394,114.534504129582,2016.8307720359,133.115936974969,2124.30659907083,100.257868233067
85035,85,2339.90883403963,176.138840865836,2248.39366364636,236.53550874824,2362.31784499675,223.321713458503
85036,85,387.256157635469,42.6896551724139,361.293814432988,38.4570446735393,352.15829360387,21.9202531947189
85038,85,1609.18333484919,86.7938368014384,1678.14931650758,90.4463512153607,1804.9601657191,78.9584028338652
85039,85,2291.5055735347,140.762675296656,2395.00324734201,136.470473419594,2505.24483483661,93.1843995347853
85040,85,589.122629134579,40.479680748381,574.965411780018,48.8286811955968,575.648864875576,37.644737548003
85042,85,1152.20269516173,83.0748394638373,1152.78587863441,107.031814686196,1094.48936352981,113.968999016345
85045,85,582.864464692485,65.2380410022782,585.25920843137,55.4967485205666,571.772228486654,40.3636428531619
85046,85,2152.66990181792,120.10017685585,2294.53166536007,140.280371766706,2396.11591450855,127.713901805891
85047,85,11134.6813448086,904.025929486245,11721.2966599669,1273.22571045851,12347.45143493,1097.82844525395
85049,85,1037.28160171752,93.9424846838506,1029.60227834899,121.952891221919,1031.9259778216,78.722137770462
85050,85,960.104431609441,93.9436821535657,993.314874852157,104.137849782887,1060.38039682655,70.7723171587809
85051,85,5219.0,442.0,5047.0,435.0,5043.52198322936,365.716933170964
85054,85,542.004459308807,43.4358974358974,563.641488162346,46.1161217587374,608.076665349871,52.0037994606926
85055,85,576.737916219119,36.6025778732546,582.498208311409,42.7421873118389,658.671731964859,30.4581977602357
85056,85,180.042979942693,11.189111747851,188.024218806755,14.0651536481754,217.542040723296,11.0123122862209
85058,85,420.987034035656,21.1021069692058,465.443084319505,28.4483303666277,474.996645127829,34.754044501467
85059,85,1562.31153802813,132.966347767221,1412.81936503961,165.766596055509,1364.88465181534,129.686794878105
85061,85,875.465051067483,25.7204235754348,920.606459013801,47.6992350266431,896.991093344259,62.7960168028708
85062,85,562.458380843784,44.7525655644241,621.140692732673,56.075065592777,699.422697181573,42.8025127450087
85064,85,1469.40978514853,53.4725288428547,1609.1041247005,83.0600536341147,1564.12738808115,52.0665941678572
85065,85,2019.40670307691,56.5933837455631,2106.82358751953,140.537346174484,2120.58539694234,125.884123419949
85066,85,476.79748427673,13.9647798742138,475.379327159902,26.5885367089556,493.514786095876,27.5649469709511
85067,85,611.0,32.0,599.0,42.0,617.179709814113,24.9348339405764
85070,85,1778.0,150.0,1831.0,233.0,1914.98953957428,165.230525409905
85071,85,1813.0,147.0,1997.0,193.0,2076.20987403608,173.724433844961
85072,85,578.597444089457,28.7859424920128,609.633633633634,35.1711711711712,661.934183756946,21.7597405400535
85073,85,602.864864864867,25.6756756756757,682.160666536922,40.1211009237088,642.921497553715,53.6099571581237
85074,85,122.0,15.0,134.37299839337,17.9160753614917,128.977272727273,10.3181818181818
85076,85,1990.63140339525,95.5163595600951,2084.40189976154,118.11270123151,2209.41147724017,100.585735007808
85077,85,248.376623376624,33.7792207792208,268.55268389662,49.986083499006,296.359438534882,30.4592069036933
85078,85,492.391377262781,36.9907595746668,435.015638970267,42.16826501991,410.664345676368,33.1711471244952
85080,85,1030.28719387684,70.490289292103,979.700228615408,90.0390633022417,962.5794861962,72.3615135735303
85081,85,2731.0,139.0,2783.0,177.0,2865.08972679728,113.899633083241
85082,85,1721.71853542283,57.7068242879792,1760.08092247844,116.904028586122,1777.99858951321,109.267678071331
85083,85,1022.7481772436,59.1708296315451,930.98262311993,77.674033319909,864.39934251679,74.3442156600184
85084,85,5226.59780500119,261.272681424813,5517.65025659807,336.803928420339,5884.06769306063,293.280531854686
85086,85,979.923132103966,81.7698401578724,973.883008293548,74.9144877287817,1037.95737654517,78.1149603531021
85087,85,134.709677419354,13.8986175115207,125.009900990099,12.7128712871287,120.361361266728,10.8793417527565
85088,85,2617.39066788655,161.35956084172,2580.80976863753,193.928020565553,2608.51576587931,153.725981978316
85089,85,3260.68594359531,164.70912972555,3269.86415708708,225.794143960884,3210.76387281179,187.46060247328
85090,85,3963.74382518089,178.769806035943,3978.26443881443,268.757681202289,3897.4492761425,247.539524986402
85092,85,8718.18119013609,945.539897980939,7952.54326759058,1068.32769208898,7377.14321411508,685.373390852916
85093,85,716.231173380035,44.1190893169878,751.725888324873,51.912013536379,787.635331248182,30.8108770020111
85094,85,722.924114671165,42.885328836425,634.657042027742,65.7746340577957,675.683622105113,64.7903669683913
85095,85,970.257938011337,75.8709853937669,1141.79104477612,79.9253731343284,1309.15245602792,57.949900075836
85096,85,2868.78291687877,195.195538674226,2950.47066244485,247.031671693163,3215.1917979771,171.264394114469
85097,85,1963.41318039246,73.1311342864202,1922.39410694773,118.519269690441,1949.98316163646,88.9481670717037
85098,85,1140.69623971798,60.143948296122,1218.42619346438,72.3906128907706,1250.73390784858,61.0353344626989
85099,85,578.926056338026,42.0105633802815,632.512324215338,51.4489095112268,696.792450263844,45.105462651279
85100,85,1198.46609783455,66.3565894617459,1233.51784444866,96.3202015002461,1260.10491619218,90.6187753252015
85101,85,274.561574128553,20.1906199441068,275.757008101018,31.3690304719324,286.776242130186,31.711842260852
85102,85,312.332013125674,20.8546977332462,393.871686006295,53.2572013230335,452.056962851077,55.268877414496
85103,85,1286.65778518572,113.239409334765,1336.75592747559,137.871687587169,1388.80484950634,85.706790781364
85104,85,444.93765586035,34.3815461346634,447.531780004099,46.6329173782909,471.718461574121,51.1833312482381
85105,85,343.411764705882,27.5955882352941,347.494279275188,34.4007150471567,309.076960901644,27.1234590258211
85106,85,846.16705708141,58.593144167495,749.682965058003,68.6904666766068,708.826121016129,78.6189190503001
85108,85,1769.65873867941,69.6302666605552,1946.0342553523,134.126530754647,2111.06547419826,129.541066723453
85109,85,10022.9243636416,587.306383502476,10125.8776347018,829.602504187127,10283.1357970201,598.687991741342
85110,85,438.875234389841,14.9614451661145,445.16589360017,39.5513699565081,474.792840979215,56.3726823960075
85111,85,901.409836065574,50.5367070563079,946.281077252219,101.279973055504,883.114179900158,98.6955012197273
85112,85,1717.0,146.0,1684.0,153.0,1688.02347501251,114.947868981499
85113,85,2823.0,284.0,2826.0,296.0,2698.26604310298,244.398596549038
85114,85,1143.13624544982,91.5665626625069,1024.6135101852,105.547683564433,1004.73974553088,91.1418777753116
85115,85,369.392446633826,26.2463054187192,375.059405940592,31.7673267326731,359.268089696095,17.0519669575998
85116,85,230.574803149606,10.1574803149606,245.859008049406,28.4580025573542,249.100561202495,28.4850682842491
85117,85,376.881880573445,31.155947990119,364.231017770598,33.5605815831987,345.335254369083,18.187972174095
85118,85,1477.20645260256,102.349191118037,1495.97170760589,103.136136396648,1438.42596424273,71.488075098929
85119,85,1425.97733629347,55.4246919962274,1419.07512133432,83.8106763582538,1492.70311625365,60.2157979636502
85120,85,711.0,49.0,792.0,78.0,865.215340996697,76.2023158977501
85121,85,668.933548753325,55.4959296792078,659.384321223709,67.8929254302103,624.415626793732,48.0887413203096
85123,85,168.136882129278,16.3041825095058,164.597122302158,14.7841726618705,181.787911090869,14.1926660309708
85125,85,244.904,17.424,235.038759689923,15.6692506459948,227.309762528545,14.6828874159299
85126,85,774.535131832393,51.7411092772565,800.517006802721,55.6190476190476,795.085550676584,43.8876517257935
85127,85,1282.59377683344,102.930421114879,1234.83860922072,127.846453879015,1067.043474366,85.3628385455513
85128,85,5693.01282136411,581.021883479628,5333.37489353857,701.192865997999,5115.81733826801,411.312238026482
85129,85,2029.93907604818,82.3171823855396,2081.54052245995,155.599768143491,2235.63600180379,112.715762721046
85130,85,912.136754281462,83.034131397524,894.617475728155,94.8,1070.20672487982,74.5088908071417
85131,85,1014.69866666667,60.1600000000002,1037.74936531342,89.6667436342175,895.880287633562,71.513421857066
85132,85,461.270074328229,33.7272742519565,431.792495407069,49.3240434380103,414.749559540436,29.093617389319
85133,85,540.578489964804,38.3307441155028,507.998560503695,52.911906837004,448.812455352585,30.3124449127067
85134,85,149.238493723849,8.06694560669456,155.572656267634,11.0035968986678,142.151507265574,11.9283659552721
85135,85,1601.9514131374,135.478643159398,1646.90999986317,163.649801055682,1525.82383344647,143.513949814554
85136,85,71.3793103448276,14.8706896551724,58.4732142857143,10.9017857142857,66.0,11.0
85137,85,308.307262569832,19.3296089385475,317.079754601228,23.8895705521473,288.163879802648,13.4588364948558
85138,85,539.521089957918,38.1687960390879,662.224830515195,61.8513079611608,736.162495255261,57.8500122578457
85139,85,248.293023255814,15.7023255813953,269.154520613054,31.5492316002221,240.341470223492,20.1260444519032
85140,85,961.134146341463,36.5487804878049,935.80964970258,54.927957699934,898.86935904923,46.0483046946465
85141,85,387.086538461538,21.5048076923077,371.791540785499,36.1057401812689,414.570260591617,29.9272635011276
85142,85,600.361396303901,28.8993839835729,634.713852376137,43.9110212335692,658.133399011877,28.2028275870323
85143,85,659.945251832809,61.4612828944107,624.551954242134,63.3603431839846,622.068779023675,50.5445648828465
85144,85,856.17286007587,23.1680388889196,905.883451912151,52.9850659640761,989.088944833757,45.4621304764306
85145,85,598.419753086419,30.7407407407407,601.46255182546,42.2491361751832,606.512406011573,33.4975603932382
85146,85,12296.1745015864,673.957895057693,12752.8929204975,830.588070604008,13089.5905910406,736.97539000741
85147,85,1060.0,64.0,1058.0,97.0,1006.50134217478,59.8419972002551
85148,85,518.0,39.0,490.0,40.0,519.987530624877,44.0054880446517
85149,85,235.081967213115,31.4754098360656,232.9336492891,24.760663507109,250.492728932203,18.296768815239
85151,85,3895.55930963513,198.813204460834,3737.34912865591,253.471667447907,3776.05257659644,178.63538206792
85152,85,2703.51706866505,209.404453456119,2966.26833862109,281.650922898143,3233.58425930147,181.781000682593
85153,85,1651.66609348143,80.9325299090653,1743.66222743259,93.581620424645,1797.94676317268,78.3490782610044
85154,85,1078.70909090909,68.9818181818182,1071.85227272727,91.7954545454545,1001.86660276583,60.1161764582855
85155,85,3096.0,140.0,3033.0,162.0,2959.18485669501,129.89935765055
85156,85,1040.71186903442,83.487814656166,1155.90395022621,111.446237316879,1247.74184102671,84.2487087627194
85157,85,388.353359562033,17.71872433101,414.990703851261,30.3413014608234,463.742788658068,22.8561152678336
85158,85,687.21101409975,41.0723783937168,750.180658027022,75.0254058078338,694.997544055517,56.5166468979529
85159,85,1311.18578944842,107.701018123495,1349.00155874623,126.000145590826,1355.95935712524,100.205707618262
85160,85,1700.13119533528,106.734693877551,1751.56971771211,119.514591045365,1828.99477277668,71.3565247519798
85161,85,1389.93324857915,93.549504418283,1469.28734776291,125.325649049681,1526.62108328475,72.8311406304875
85162,85,1160.58277327883,73.7206536100032,1238.65328086964,83.4628567745547,1245.59817052308,69.8485171008663
85163,85,2662.0,193.0,2495.0,250.0,2307.4766146654,196.81583342043
85164,85,1064.45455946701,77.5296922604277,1114.04295468745,98.4812954420892,1101.67527934804,110.855688103176
85165,85,,,,,,
85167,85,579.702101359702,23.682323856613,509.43538268507,25.219573400251,456.390183660162,32.6378212287121
85169,85,648.0,59.0,639.0,78.0,687.041571196458,56.3685648374787
85171,85,313.956273764258,24.2281368821292,358.683285990603,30.5109732195456,373.839596304468,26.127020484282
85172,85,1143.58495080946,86.06244906453,1165.52775442329,104.198319721087,1250.45474339444,77.1135301684033
85174,85,375.389078498292,22.7508532423207,430.213174389018,38.302328590253,425.422384418918,33.5785001233655
85175,85,365.892740451751,16.4430671868475,374.746835443038,24.5253164556962,420.885135203934,22.5542505840572
85176,85,699.983988152031,28.7805457683654,619.959113584471,39.2274101106691,597.743694742101,27.9342044264718
85177,85,708.590425531915,62.6968085106383,782.833566433567,104.355244755245,798.345722312463,66.1804074320661
85178,85,5070.91513754428,265.434551344976,5264.99309302174,344.624236431462,5370.44198826502,219.032247221875
85179,85,579.0,54.0,631.0,54.0,703.785498878371,48.8897068160215
85181,85,372.809112828816,24.6616284873485,361.053781179619,36.0740363576499,375.33642313287,32.6611040263464
85182,85,3366.0,224.0,3326.0,261.0,3386.80500823094,244.510779485495
85184,85,182.81,10.1,191.449317853101,20.9683759349974,187.862391902827,21.684752571138
85185,85,376.529387685372,34.9357163831788,404.048535961489,28.8650218600481,378.430453922935,33.3193371208356
85186,85,533.704238298162,30.7521633445595,586.809435920184,33.531175181302,649.25774286699,18.4526722843162
85187,85,508.0,25.0,501.0,30.0,519.167300088016,31.1404403578024
85188,85,644.507030732517,39.5468706702775,659.394136129334,55.1989269372362,672.987471295003,41.056016475858
85189,85,1209.25506493506,84.0872727272726,1246.28080883544,110.691732518681,1256.28569153447,113.554025895549
85190,85,1828.42918685262,90.6292681409117,1917.29289787455,123.125972006221,2140.22837756321,96.5531119238514
85191,85,35231.8566933056,3086.3031215004,34740.4258662363,4270.75526312049,34604.041826247,3269.49189989142
85192,85,566.358342665173,15.5699888017917,564.106157112526,35.5031847133758,596.501491840661,19.7721572804832
85193,85,323.0,16.0,339.0,31.0,403.865442023997,27.3345322123487
85194,85,23100.7882367047,1953.68374843197,21996.1774523749,2352.15276985108,23927.2819960696,2183.81801188754
85196,85,1097.76335401849,46.7110730328669,1132.06534477107,57.189990261896,1237.14846408116,37.7811017755828
85197,85,2099.03431140205,133.872277051519,2215.8681640625,138.546875,2347.26144967648,92.3872587807752
85198,85,863.252973830295,27.8136399682792,889.977963133994,50.2082780653364,888.965100090063,39.1907936023872
85199,85,301.74081237911,27.852998065764,316.411214953271,42.5177570093458,343.22191642392,21.3314351087024
85200,85,608.400300778218,64.8975022871776,643.997069499462,69.8794930318865,671.334921660085,56.9730117000278
85201,85,187.218658892128,4.06997084548104,248.641149615369,14.6872618699712,261.847536553454,25.2023821590633
85202,85,924.0,62.0,979.0,81.0,967.42193558287,77.7099721024168
85204,85,1526.65917937069,125.618687624782,1491.5728489909,143.927282436932,1596.31702530337,142.534441764565
85205,85,335.0,17.0,331.071537398334,36.3387306032803,324.636026564277,31.645868399524
85206,85,204.0,16.0,214.0,24.0,225.995346495438,23.6252420330843
85207,85,228.641626283668,17.5109817460526,228.627066412192,30.1008406797592,206.323183030003,23.3888503982401
85208,85,1338.23961854341,87.9811212346251,1408.2106488021,95.3093513340271,1504.67594068735,54.7200293582892
85209,85,315.121771217712,31.4169741697417,348.547854785479,40.8910891089109,388.615768865532,26.9282071097011
85210,85,1136.02195361986,98.9861153438617,1224.66029994991,120.261279769105,1316.95913559307,70.359778042226
85211,85,1410.45293526251,104.092467547049,1491.96444795122,118.439780070581,1549.96065491952,99.4480291077384
85212,85,,,,,,
85213,85,2509.20378012764,106.311665707975,2628.82914027277,159.673005038049,2569.90940309953,138.337839780551
85214,85,1189.20332409972,63.3839335180052,1366.23850831051,99.3034726976481,1621.66290420257,104.632345889195
85215,85,2238.06238505958,105.368322819284,2325.82831726413,178.463823331149,2357.16727074712,122.364172578135
85216,85,1253.22143439707,74.9176050818276,1267.27267820575,79.3971533253749,1238.46308081859,57.0075434361021
85218,85,1019.82992212085,63.0204093454983,1039.31834532374,63.7919664268585,1151.37046805781,59.7160798667851
85220,85,1017.74748436568,52.4684999532205,976.778219952691,67.2992196294086,1001.02868308553,49.3028683123052
85221,85,1385.70025188917,97.0566750629723,1520.27763207194,137.856500562008,1621.92379519704,88.5612012444326
85222,85,3808.77628866006,344.014619084897,3713.11229064838,454.868891944606,3563.72924464828,363.786759680227
85223,85,1514.0,120.0,1651.0,185.0,1671.9908425702,133.976028784768
85226,85,5966.74417206317,459.57657602755,5789.60756673445,608.968202753971,6097.51851272933,540.048123046733
85227,85,1134.98335298173,87.3898258962839,1100.98983726906,107.19897585885,1066.8884653737,76.3002511100699
85229,85,354.332829046899,29.3645990922844,335.68181818182,19.1818181818183,321.788183583829,12.2896082167889
85231,85,393.26,25.44,474.871233789337,34.8326865189251,414.743519291857,45.2300873552709
85232,85,638.867147270853,54.5005149330586,675.283142527773,63.1370130168964,690.673084225071,52.8210127419269
85233,85,374.749568221071,35.5025906735751,378.73121869783,27.906510851419,372.659564094422,13.7846863779071
85234,85,4593.0,486.0,4606.0,623.0,4212.70411174834,427.334546071485
85235,85,261.0,19.0,241.0,21.0,259.558979081276,23.0117127918699
85236,85,846.886784548431,32.2570734357377,1018.06027657024,74.8726442836258,1122.88964267239,85.1456817211199
85237,85,229.0,12.0,219.0,15.0,221.646445789343,21.9804656233767
85238,85,2025.32158680189,95.0088094057894,2047.41494489051,131.049369933178,2076.66934748641,97.3110101979057
85239,85,617.922551252845,40.2072892938495,661.917722815022,54.5907842127397,695.695156229289,63.0597384191012
85240,85,925.84553391538,28.7468099395568,1006.93707165109,60.2778816199377,1046.35086614254,35.7661997044796
85242,85,613.0,37.0,603.0,44.0,623.4893170877,37.486955713226
85243,85,1436.82684236551,117.595236830186,1349.30778149548,137.801364934204,1412.44264372744,156.602774363292
85244,85,575.086137815092,61.0952903143804,534.036899359472,48.2910105067594,499.42995128046,26.5833318392228
85245,85,105.695121951219,11.8536585365854,115.6,10.6857142857143,99.585798816568,4.02366863905325
85246,85,1409.4901176978,78.8636313890824,1410.94498236073,88.7470011741143,1504.48360258367,85.274699110203
85247,85,636.3417989418,33.2793650793651,684.255100793564,47.9240106439108,710.818262671936,23.9951520096363
85248,85,244.0,16.0,249.0,21.0,240.007272946388,12.9494280455101
85250,85,1203.7015615963,62.7044534412957,1395.83085548263,109.630521334616,1484.74743003549,83.3024391241139
85251,85,389.523809523809,35.2380952380952,386.450617283952,36.6111111111113,359.372229906744,15.8474732746267
85252,85,353.0,23.0,353.0,26.0,355.374193606934,25.136647308407
85254,85,1107.0,75.0,1041.0,82.0,1025.32158919058,62.1078790678981
85255,85,1250.0,97.0,1220.0,144.0,1068.76387259451,100.172444219371
85256,85,799.834676636267,43.4024235995926,752.992631571166,53.366297108458,702.06415141798,40.0927102809027
85259,85,802.0,35.0,880.0,46.0,841.304787417053,36.823271644564
85260,85,423.315625590976,25.5679523489859,485.180940581615,48.7057899456168,508.367606020402,48.3072220013924
85261,85,139.157261143522,14.1100513569415,151.462809917355,20.3305785123966,186.895467269635,22.2125222056344
85262,85,1897.80234936576,66.5152790874768,2105.7214445741,106.170834905654,2200.30286559892,105.33553239924
85264,85,771.811804073201,19.8513498890791,732.890770022487,57.3129267234686,722.370371574447,46.708009041266
85265,85,596.0,54.0,598.0,55.0,575.488442987778,60.5558339311872
85266,85,918.637744527395,50.5399406374295,934.05305544419,70.819596416875,991.003553353589,41.5539138745155
85267,85,534.96923076923,52.5692307692307,550.888662790073,49.850494708394,607.022142359625,53.0111610643873
85268,85,815.0,58.0,868.0,94.0,886.770238565799,59.1513853432626
85269,85,255.225964375936,25.1217037144755,225.575446039218,20.0988987447509,226.736444929418,26.18004429137
85273,85,1052.25221238938,78.84007585335,1118.15575321565,97.3307983985076,1200.68389668917,102.439104888734
85274,85,302.039754657057,24.3538829356188,296.866920152091,25.9011406844107,312.809614676724,19.8602140168782
85276,85,466.0,28.0,505.0,46.0,483.941827597526,30.1885788034635
85277,85,829.0,48.0,874.0,83.0,937.524110283617,55.5300179549201
85278,85,629.790824261276,64.0303265940902,608.110169491528,73.6186440677969,624.513403704216,56.826279835511
85280,85,1735.89181163103,69.5758848289681,1804.20104320631,153.705390372177,1903.00592157866,146.784365873521
85281,85,637.492566897919,29.3448959365709,629.60159172229,49.4196722279455,598.507643672599,45.0058742090836
85282,85,536.436107854631,37.1981242672919,526.138392857143,37.9988839285714,564.789147861702,23.5874264062539
85284,85,2469.59322528689,173.304787739431,2419.85443165826,240.786506205467,2488.93833608603,145.373363150137
85285,85,434.048442906575,19.9307958477509,503.17163754264,35.9609089340843,480.976240725729,26.1190402632534
85286,85,330.0,35.0,332.0,30.0,335.638052551756,28.0688343688935
85287,85,307.861562650308,13.3406677148467,300.942664475479,23.3394794922945,286.419482749612,16.6854260844528
85288,85,4233.07937194028,340.372006427426,4099.79748315762,424.839351864308,4304.15881258796,301.466508579912
85289,85,1411.64030077512,74.6145991022009,1370.87191109506,102.783685782395,1297.07503676324,83.7491794308314
85290,85,331.0,21.0,323.0,29.0,308.580075458925,22.7338189892282
85291,85,717.869899740611,45.4552327315327,799.39258255716,61.9749826213467,783.581772879631,52.1135068730741
85292,85,869.994838589115,59.0523951299551,892.944866743009,76.683595787468,883.765165986364,56.9923282304887
85293,85,906.884566326531,61.7251275510204,1000.59823677581,67.7172544080602,1001.39056463718,36.5673280867464
85294,85,1460.26762446185,149.311135974483,1361.1681822719,188.118827352352,1335.53927101898,138.105153110858
85295,85,1899.99784875408,82.6789147351055,1940.14618872576,128.181004303204,2047.24043598411,101.282930116988
85296,85,744.572963294538,39.942703670546,777.910116565932,58.5412236152066,709.02306501433,53.1844374842242
85297,85,665.097780974521,61.3390375064785,616.018645731107,66.403336604514,586.386578927875,41.1652424477519
85298,85,890.479509527628,70.6097164140563,935.063993957017,89.4751035227009,1108.94349667093,63.6732785027151
85300,85,2982.76154850606,134.950034886382,2998.15151062508,199.819718469132,2952.9342190903,135.152850160049
85301,85,933.471354166667,49.5390625,1052.48529269608,65.4692198570392,1148.64125496314,43.5983406601112
85302,85,3435.23798161141,134.826603936393,3489.30033500166,186.902803321473,3300.04851296416,169.092328837245
85303,85,1012.0,95.0,1029.0,99.0,1022.44970980013,59.0141313999081
85304,85,390.540499282585,27.6760983743564,423.249264620836,56.8950934426792,426.930111244564,42.9420366134118
85305,85,482.268740224371,27.3638435091089,472.403370049459,34.8509940992324,433.881782345615,29.4839910810129
85306,85,466.0,31.0,458.0,38.0,428.060928566675,30.2931587166177
