CODGEO,code_departement,P22_POP,P16_POP,P22_MEN,MED_SL23,PR_MD60_23,P22_CHOM1564,P22_ACT1564,P22_EMPLT,ETTOT24
44001,44,2052.0,2068.0,862.386109758026,24080,s,71.258563623214,1008.92963223259,304.951369316192,57.0
44002,44,4121.0,3763.0,1548.66143902647,27630,s,115.135492776382,2109.8396730437,1550.02111149492,140.0
44003,44,11346.0,10595.0,5331.56420877528,26100,13,482.984573676039,5043.67602137026,14039.9987821419,720.0
44005,44,7288.0,6691.0,3024.34526501472,25870,8,270.963314027959,3618.83749956738,1907.57946651487,177.0
44006,44,1881.0,1797.0,877.499470507118,25700,s,81.2463708577705,839.637513019018,274.49854626711,47.0
44007,44,2451.0,2501.0,1117.75105753782,22940,s,111.109577555815,1134.29956974375,368.942442698957,75.0
44009,44,9617.0,8867.0,3953.73335903014,32310,6,291.278549013094,4500.62475143079,3711.39525623074,360.0
44010,44,2799.0,2947.0,1491.47021492569,27730,s,152.573179870214,1064.53602970342,577.57872521736,128.0
44012,44,3523.0,2944.0,1789.0,28490,s,131.0,1198.0,696.081345957606,113.0
44013,44,3317.0,2999.0,1318.3549971718,26930,s,130.142060158964,1713.79711028405,536.086784991361,48.0
44014,44,3967.0,3718.0,1580.81074487522,28650,s,96.7903233408235,2044.13123836387,2058.67546010132,155.0
44015,44,10352.0,9687.0,4336.93866870256,25370,10,462.681301463878,4795.73023200705,3934.72485039889,303.0
44016,44,1114.0,1040.0,426.077539318244,25500,s,30.9149065564375,586.943313080624,248.997930624484,25.0
44018,44,8281.0,7620.0,3505.5622153659,28660,7,297.050313254993,4080.79834393489,2383.92398543799,247.0
44019,44,1100.0,956.0,433.0,27720,s,25.0,565.0,94.1920121445753,17.0
44020,44,20590.0,19049.0,8799.02211668343,26590,13.8,949.69610130695,10230.9548322639,13370.3558896046,598.0
44021,44,5004.0,4931.0,2088.60325440783,25470,s,189.95417708107,2240.02084385782,986.787690928804,143.0
44022,44,2814.0,2632.0,1153.40479878873,25720,s,82.8296577190752,1388.22947644575,652.433165016572,59.0
44023,44,3067.0,3141.0,1267.18006422096,25630,s,113.428742720445,1528.20463876528,1025.59916000451,74.0
44024,44,2760.0,2790.0,1129.71746066508,29020,s,72.8703996733484,1450.29636272887,265.455322481939,44.0
44025,44,4031.0,4018.0,1569.42950756166,26710,s,132.661441417576,1896.01926114679,1279.64040414008,135.0
44026,44,20535.0,19384.0,9027.76160413996,30820,7.4,717.155669648136,9831.42844041999,20237.7856548798,990.0
44027,44,2600.0,2217.0,954.0,28050,s,81.0,1421.0,268.649432555571,41.0
44028,44,4011.0,3698.0,1642.84201634803,29370,s,161.782119861527,1934.57168343042,1488.40407385875,124.0
44029,44,7158.0,6713.0,2932.9928641259,27150,s,231.082642790389,3593.67064420173,1963.59064024255,211.0
44030,44,4424.0,4109.0,1858.62215297057,25090,s,211.609131691893,2003.87859168961,514.419112060058,56.0
44031,44,811.0,816.0,361.0,23880,s,34.0,357.0,123.532608213583,26.0
44032,44,3443.0,3265.0,1312.11806830768,28350,s,76.4509616452051,1775.2194028463,898.97046618709,85.0
44033,44,3246.0,2983.0,1237.50113328909,28930,s,86.322103142261,1626.92874130546,380.708659329629,47.0
44035,44,20483.0,19348.0,8608.15524688105,31490,7,825.799012653491,9857.84957845986,10410.1989146636,637.0
44036,44,12231.0,11854.0,5957.05299716575,23000,19,681.210576807492,5021.09003671038,9824.29377538195,623.0
44037,44,3138.0,3007.0,1254.0,28380,s,85.0,1608.0,718.83257951138,97.0
44038,44,3035.0,2814.0,1240.06938387277,25200,s,89.3248580632051,1529.70416674208,581.873821668243,69.0
44039,44,1172.0,1047.0,434.567145173616,28080,s,36.7184379614221,639.334704957255,220.093128318224,50.0
44041,44,6342.0,5490.0,2539.65864640614,27850,s,158.818413480956,3272.81106841682,3083.16152637257,206.0
44043,44,7459.0,7035.0,3393.23962212775,28020,9,254.834148092353,3587.91937157057,4952.40481339176,392.0
44044,44,1072.0,1109.0,475.126893309204,22940,s,60.3788907347436,502.027217583407,122.444698466901,21.0
44045,44,3954.0,3692.0,1422.1989892997,27730,s,103.289979163917,2003.78611699837,1202.40240316202,89.0
44046,44,2615.0,2684.0,1055.73162957911,27300,s,99.3632431587337,1378.34068550328,199.304174380274,41.0
44047,44,23541.0,20900.0,9974.34550673684,27510,9.6,990.78131667832,12133.6553043683,7472.63618357874,588.0
44048,44,2534.0,2543.0,993.224361888705,26740,s,67.6812020396772,1310.51046046554,294.471557074836,62.0
44049,44,4081.0,4066.0,2131.44176244332,28540,s,120.299172872288,1192.60304438904,1259.08944725164,193.0
44050,44,2985.0,2926.0,1184.0960331215,26490,s,78.3107522641675,1481.16761968564,224.110766544364,29.0
44051,44,3578.0,3488.0,1491.10184661233,24310,s,121.823967047125,1690.73509204508,1635.70366065694,142.0
44052,44,8117.0,7852.0,3362.0,25630,9,329.0,4053.0,3387.87796314488,176.0
44053,44,2288.0,2188.0,898.688425486277,26660,s,73.2067688878547,1167.17028427457,233.155250746609,31.0
44054,44,3062.0,2983.0,1228.61013812684,25280,s,96.4542749057981,1494.57526572167,558.503984230877,72.0
44055,44,16613.0,15455.0,9081.97646706286,32440,8,639.468536639242,5886.26809020109,5978.90360226712,989.0
44056,44,3852.0,3601.0,1490.69896163516,26570,s,127.984321768917,1969.56776581736,535.290164524872,75.0
44057,44,2257.0,2447.0,982.362984880481,23570,s,118.312135013545,1007.58501806226,402.083485119697,46.0
44058,44,502.0,483.0,207.97246535142,23250,s,31.9883833961592,228.214882617616,58.9307176703671,13.0
44061,44,3289.0,3227.0,1274.4686013334,25360,s,136.065571346198,1547.90567487683,509.273698979259,69.0
44062,44,1880.0,1781.0,763.0,25120,s,90.0,959.0,224.683075273609,29.0
44063,44,3794.0,3621.0,1529.13564347457,27430,s,123.445210954509,1876.98614869734,2078.54238561524,124.0
44064,44,5090.0,4543.0,1978.87092122772,27630,s,141.293148775777,2546.12132047966,1025.48107838748,82.0
44065,44,770.0,772.0,328.632472590071,23110,s,35.0389571402772,338.440001435863,121.92988794537,20.0
44066,44,6910.0,5841.0,2499.31857961427,29730,s,182.315463357821,3727.60525232119,2039.09081923561,192.0
44067,44,5242.0,5215.0,2364.59514811732,23280,15,272.880176779199,2331.18885825328,1437.11715251532,165.0
44068,44,3577.0,3335.0,1503.88785746161,24450,s,132.280531874165,1704.48526553011,599.402699626819,63.0
44069,44,16684.0,16186.0,7881.98617803657,28630,8,601.398787654598,7550.60235797208,8560.88308038974,913.0
44070,44,4734.0,4648.0,1953.44052741217,29150,s,156.755776074213,2444.49037518446,1634.73357596546,148.0
44071,44,5992.0,5755.0,2412.16626421966,30880,s,193.680121854577,2889.11948667281,2129.79225956953,268.0
44072,44,7178.0,6719.0,3035.0,25730,9,262.0,3450.0,2488.74946402599,203.0
44073,44,6528.0,5930.0,2501.74068523035,27820,s,227.093747198107,3311.11948720212,1769.61518241177,204.0
44074,44,4172.0,3915.0,1920.0,27770,s,195.0,2243.0,1194.78047373394,62.0
44075,44,1825.0,1853.0,800.412603527637,23980,s,90.3225765684506,885.155792612091,448.646526029309,46.0
44076,44,1381.0,1342.0,544.550382044202,24170,s,48.6711744637622,684.211339488486,176.743887618995,25.0
44077,44,2753.0,2434.0,1084.0,25450,s,79.0,1359.0,419.076535686338,57.0
44078,44,327.0,351.0,154.965364648707,21560,s,18.7435081599614,152.541062351189,145.815648460325,9.0
44079,44,3214.0,2977.0,1300.10058841499,26850,s,95.1699865391003,1750.18969326425,682.210655555543,87.0
44080,44,769.0,766.0,320.0,26990,s,23.0,391.0,82.3130175933342,12.0
44081,44,4769.0,4493.0,2008.0,24680,s,153.0,2245.0,1613.93401389944,155.0
44082,44,5593.0,5143.0,2054.49967073978,27020,s,158.440568978086,2826.29318906844,1269.12324329988,104.0
44083,44,2468.0,2401.0,919.636838025546,26010,s,68.7138796590253,1265.46425131451,946.562366130447,40.0
44084,44,8595.0,8126.0,3464.15603771799,27370,8,231.343030532139,4442.78884309819,2592.96468990132,240.0
44085,44,949.0,1020.0,391.509211403734,24400,s,27.8395889129985,452.139528416516,228.590971036271,23.0
44086,44,1064.0,1035.0,456.505458935895,23610,s,47.1023053566935,527.741707447139,165.151129962295,25.0
44087,44,7665.0,7393.0,3385.33912105465,25310,10,274.527376327938,3545.19380680234,5170.09384932943,341.0
44088,44,3071.0,2908.0,1236.61780169571,27280,s,66.203057276353,1617.3859581641,356.266939398949,60.0
44089,44,3689.0,3429.0,1431.72228118094,28030,s,104.165292041574,1895.37782741022,2063.6712191762,136.0
44090,44,1578.0,1479.0,655.0,25200,s,52.0,879.0,427.569930720584,37.0
44091,44,1529.0,1499.0,660.0,24310,s,50.0,758.0,229.380420885374,40.0
44092,44,670.0,691.0,306.0,22530,s,31.0,295.0,67.0267779650275,9.0
44094,44,3393.0,3208.0,1313.75946608438,29420,s,107.675806226259,1720.08994409599,481.437875892322,58.0
44095,44,1587.0,1512.0,654.572327507981,23920,s,62.2605264094884,792.831072527154,192.926109705663,28.0
44096,44,4681.0,4686.0,1903.0,26450,s,120.0,2381.0,1018.27956092626,113.0
44097,44,2156.0,1938.0,1084.32898735309,28570,s,118.448699904373,757.219207092746,384.848994979534,75.0
44098,44,5619.0,5271.0,2303.64044073555,26010,s,152.532998122997,2680.64613429293,1089.16612908021,119.0
44099,44,1964.0,1960.0,821.9377977051,24330,s,95.7377943291026,859.720217747072,511.885822356326,63.0
44100,44,2341.0,2179.0,939.607184709322,27170,s,76.8845650918963,1239.62353902582,285.850678334431,46.0
44101,44,6523.0,6215.0,2757.17372680995,27090,10,291.678834360854,3169.63225134845,3277.74174359053,157.0
44102,44,3346.0,3097.0,1321.98780517536,26650,s,67.7361736388272,1736.32748900481,686.426239998765,98.0
44103,44,7289.0,7079.0,3154.0,25290,11,289.0,3441.0,10968.5934757771,325.0
44104,44,843.0,859.0,341.6854724911,25360,s,26.007149823501,428.502396545772,84.0283750865053,13.0
44105,44,356.0,384.0,155.023490953042,22530,s,20.7615113163321,180.056050900029,49.0014988391864,11.0
44106,44,1846.0,1576.0,910.568947790831,27460,s,70.1035203777469,676.591160134889,201.557815756564,50.0
44107,44,2004.0,1874.0,761.0,26250,s,75.0,1110.0,230.451046230663,40.0
44108,44,2903.0,2810.0,1169.23011514472,27450,s,96.5461828947199,1541.18090677997,704.564815919105,84.0
44109,44,325070.0,306694.0,172690.222510607,26720,19.1,22425.0098782791,168362.743583569,213420.039399095,11718.0
44110,44,9448.0,8651.0,3850.94255187022,26520,8,277.226365616522,4660.78200341281,3044.97952602343,288.0
44111,44,2335.0,2144.0,896.0,26520,s,76.0,1200.0,218.457675998697,33.0
44112,44,579.0,592.0,223.28174622109,24010,s,22.712482263397,298.540078785027,79.2853614004104,9.0
44113,44,4280.0,4130.0,1836.25514528431,25220,s,181.113339918735,2014.42623781385,2004.64364405858,167.0
44114,44,28341.0,25931.0,12398.7790956008,30410,11.3,1161.54809621906,13105.1385459714,13164.1429039629,963.0
44115,44,3915.0,3763.0,1589.93716877532,28380,s,114.669524756844,1937.04645322508,525.12926837624,75.0
44116,44,3030.0,3144.0,1472.37671125355,23620,s,159.890422015232,1328.86224971168,1059.22606388385,52.0
44117,44,3374.0,3236.0,1375.2538073836,27870,s,80.9892776981384,1801.26647967772,761.465626518616,102.0
44118,44,1454.0,1342.0,539.960674434195,24420,s,50.6212709867787,723.654245251096,201.520708234645,27.0
44119,44,2042.0,1978.0,809.0,25020,s,69.0,993.0,282.856770408764,47.0
44120,44,5335.0,5050.0,2262.62523741664,26610,s,222.561872199828,2617.62720653823,1045.93492111571,110.0
44121,44,437.0,429.0,182.757711766416,23210,s,24.4438751915953,203.936481259998,67.9554990270152,13.0
44122,44,3865.0,3605.0,1481.12922402843,27740,s,114.947974025622,2035.3799212558,463.95785382065,71.0
44123,44,1011.0,983.0,450.0,24300,s,37.0,489.0,127.683429517287,26.0
44124,44,829.0,770.0,326.477033750849,24490,s,33.4032483280452,382.645067556816,121.880210339213,22.0
44125,44,2663.0,2261.0,1359.0,29320,s,106.0,837.0,548.971704578957,110.0
44126,44,4617.0,4164.0,2229.22305583171,27060,s,170.354371885168,1822.27797847778,838.81048571548,127.0
44127,44,2802.0,2610.0,1094.24684071967,25440,s,58.4460524904635,1423.92448545186,615.29941374783,77.0
44128,44,5281.0,5241.0,2217.90339809658,24720,12,269.423561123634,2460.57023776111,959.507853137373,146.0
44129,44,11249.0,10666.0,4812.48421611674,26570,8,450.449970755169,5325.16675699532,4923.60932222641,358.0
44130,44,6942.0,5877.0,2789.6215000902,29240,s,173.333934480129,3544.67459583642,1888.92335846346,202.0
44131,44,18382.0,14703.0,9238.43431575648,29470,7,701.094187402158,7312.03404101877,8074.5610501423,871.0
44132,44,12530.0,10676.0,6489.33591940642,31310,8,528.420740537047,4929.95042163567,3303.51528769325,501.0
44133,44,3046.0,2910.0,1295.0,27910,s,99.0,1634.0,471.794850586059,67.0
44134,44,1050.0,1025.0,394.519414491046,26210,s,18.9688260869723,541.607335163625,136.567339765068,23.0
44135,44,4007.0,4410.0,2239.37546209806,29460,11,165.248006731308,1150.757377324,1293.12129079815,240.0
44136,44,1246.0,1223.0,686.601586638877,30360,s,61.7093118117149,349.571211401896,277.408211383098,64.0
44137,44,3557.0,3476.0,1355.50841040336,27680,s,91.9797597530181,1865.72784109695,653.111692589434,73.0
44138,44,1124.0,1119.0,442.0,25930,s,36.0,595.0,541.711855512577,55.0
44139,44,1541.0,1379.0,604.0,25720,s,43.0,815.0,171.299475455111,20.0
44140,44,1559.0,1525.0,627.703989997268,25890,s,46.1211630166492,858.560332111764,287.687547697931,31.0
44141,44,1288.0,1284.0,486.632360546171,25480,s,34.6873053203627,670.732484230691,147.970139126332,27.0
44142,44,1932.0,1899.0,764.0,25910,s,63.0,1047.0,292.571039527041,42.0
44143,44,43349.0,40368.0,20602.7031189425,26580,14.1,2159.35550875349,21663.5635943284,16652.4848597877,1241.0
44144,44,2358.0,2319.0,966.0,24390,s,77.0,1082.0,644.182809070602,64.0
44145,44,3272.0,2913.0,1272.0,26650,s,78.0,1674.0,561.13556285551,57.0
44146,44,2152.0,2237.0,912.788673506067,24350,s,81.3571280509274,951.01850695341,314.963766211658,55.0
44148,44,705.0,708.0,284.947215761116,23410,s,36.6106988001812,324.186080658677,71.7476680596421,11.0
44149,44,4075.0,3860.0,1614.15644522289,25830,s,104.965485143795,2101.15869148527,565.209391410537,76.0
44150,44,3991.0,3912.0,1604.88602559767,28420,s,102.814581657251,1933.49608484637,4460.07401739283,195.0
44151,44,6949.0,6355.0,2847.0,29840,s,207.0,3428.0,1357.11793165491,140.0
44152,44,3014.0,2984.0,1193.04027372785,26120,s,111.091592430102,1472.96472566841,313.070179963723,65.0
44153,44,1749.0,1777.0,707.222750233431,23860,s,77.3776563020472,804.304118827066,185.739008482381,29.0
44154,44,14645.0,13778.0,7004.36861882252,28760,8,511.956067651639,5913.77155292541,4896.98753870102,414.0
44155,44,3499.0,3333.0,1381.03798385506,26570,s,125.665564612684,1850.91409925523,416.041298201545,70.0
44156,44,3209.0,2873.0,1231.70810432013,25110,s,87.9588716084506,1626.06651982071,748.182288312601,59.0
44157,44,1764.0,1715.0,700.221183770064,24260,s,81.8600644196089,858.611798929899,282.380157703582,38.0
44158,44,7739.0,6952.0,3133.0,30120,s,230.0,3775.0,2897.27960614055,240.0
44159,44,1246.0,1186.0,510.545086339784,30640,s,38.70249795814,642.798152523469,168.261402473306,27.0
44161,44,3790.0,3776.0,1521.35047965766,25050,s,162.798287655769,1662.92160479799,1286.21908247866,91.0
44162,44,50561.0,46603.0,23984.9819631209,25940,16.9,2800.07925347527,24823.7012912526,47219.1229520487,2754.0
44163,44,4890.0,4624.0,1873.75295134055,26250,s,158.032662032954,2335.56259514271,1021.47762482837,89.0
44164,44,2376.0,2265.0,930.70326113828,25390,s,81.20405451348,1169.51472749328,718.020141155186,71.0
44165,44,2405.0,2268.0,905.761489525388,27060,s,66.6439762915962,1246.38281384234,761.662388105989,55.0
44166,44,6024.0,5692.0,2464.1415690622,27230,s,221.8232418083,2938.77403188357,687.102225471339,77.0
44168,44,4125.0,3983.0,1821.3078597821,24840,s,135.698308426326,1943.8029192566,529.271798846131,53.0
44169,44,7768.0,6888.0,3200.70609634546,28760,s,212.521751795269,3984.25348723766,2772.76984444391,244.0
44170,44,963.0,973.0,381.293460608671,23510,s,37.2065140605039,396.740557242623,230.645206683552,28.0
44171,44,2114.0,1776.0,830.547027650416,29400,s,54.5579585763069,1137.69794028797,181.300877313653,31.0
44172,44,16227.0,15247.0,7051.15688268887,28980,9,704.787644483179,8067.60232607538,6682.82914465882,554.0
44173,44,2118.0,2109.0,844.351942151184,26700,s,47.5959716125733,1135.66906671964,314.936852371551,37.0
44174,44,2390.0,2128.0,935.183507450903,26340,s,80.373824435906,1264.32911940167,232.992638542193,48.0
44175,44,5246.0,4699.0,2068.0,27420,s,155.0,2525.0,716.778709591869,100.0
44176,44,3221.0,3175.0,1402.46066372945,26080,s,125.867385502996,1483.11381135144,272.931802814142,35.0
44178,44,2644.0,2630.0,1048.08035187578,27000,s,102.223791807146,1307.66446048774,377.216605220448,56.0
44179,44,5435.0,4787.0,2089.7183323377,27990,s,159.574248724828,2739.58204028354,919.956839589417,120.0
44180,44,6625.0,6589.0,2790.05334990035,23960,12,204.128516330565,3156.89490852118,2642.73680575019,188.0
44182,44,5520.0,4813.0,2729.80338643435,27960,s,192.514072790729,2266.30599003386,1040.19333629842,158.0
44183,44,2859.0,2560.0,1182.20449276946,26550,s,99.3279786084928,1474.66559787443,433.038643975614,70.0
44184,44,73111.0,69719.0,37608.5559885829,24750,18,4410.7978935784,32114.8969674817,41766.7705574724,2203.0
44185,44,3304.0,3164.0,1577.04496377342,24480,s,202.462028109881,1464.76226293161,1176.15923001437,96.0
44186,44,7209.0,6659.0,2841.16464030209,26790,s,234.032732527221,3738.6733037184,1736.4089324317,180.0
44187,44,4701.0,4553.0,1999.01858686273,25240,s,209.682605061341,2264.35414101664,1977.80372672174,154.0
44188,44,9392.0,8851.0,3769.2408608201,27410,7,301.947825765574,4851.7906076353,3313.22053389134,312.0
44189,44,2447.0,2353.0,989.841565165452,25540,s,95.4184351949447,1125.72279166238,294.599063776017,39.0
44190,44,28373.0,26872.0,13789.9564524279,28930,9.7,1275.48015793263,14100.4025126801,7202.20263413216,590.0
44192,44,2846.0,2457.0,1155.30811384309,26080,s,82.0235315032344,1480.429372089,525.29874405071,71.0
44193,44,1527.0,1521.0,615.0,23440,s,57.0,693.0,233.027168873018,34.0
44194,44,8534.0,7915.0,3760.02354475275,33610,7,225.356794096196,3725.45878780367,2517.55545954359,280.0
44195,44,9465.0,8448.0,3618.16663170533,28290,9,375.067182221802,4544.90161068942,3558.78092508188,291.0
44196,44,1693.0,1628.0,760.0,24330,s,66.0,745.0,182.547956273834,18.0
44197,44,1658.0,1598.0,731.595067565677,22950,s,83.3581871332295,739.105547000945,302.889811438186,50.0
44198,44,9163.0,8216.0,3888.0,28200,8,310.0,4615.0,3953.69997254085,383.0
44199,44,1965.0,2000.0,861.0,24390,s,78.0,905.0,642.582116775546,48.0
44200,44,339.0,351.0,151.149278308171,23470,s,16.9912432195558,173.983269580113,49.1270108800653,6.0
44201,44,7457.0,6958.0,2974.84584993712,33610,s,189.531212885056,3509.15663711088,1252.94759558097,179.0
44202,44,1820.0,1785.0,707.104129185979,25740,s,53.5361608795727,904.285368608637,390.510361986499,44.0
44203,44,2005.0,1928.0,765.769322185203,27440,s,46.2937953108036,1062.40530907896,234.296658272175,33.0
44204,44,10956.0,9778.0,4484.29923875595,29430,8,409.152131403059,5468.9388519061,3282.58288673497,297.0
44205,44,2619.0,2488.0,1034.0,25400,s,83.0,1255.0,593.304312654314,57.0
44206,44,1936.0,1794.0,773.0,24660,s,71.0,940.0,329.579078177187,45.0
44207,44,1124.0,1065.0,391.200012080237,24540,s,33.7111575436643,499.530741688245,179.632211673509,24.0
44208,44,976.0,862.0,395.07465254409,22750,s,39.167285475296,476.354754918983,119.066743466519,25.0
44209,44,10414.0,8978.0,3987.34049075494,31030,6,258.202958322773,5278.20406526436,3324.02424858487,338.0
44210,44,8234.0,7871.0,3676.99222178801,24200,13,459.908180821405,3855.13382463718,3771.63039768589,379.0
44211,44,4862.0,4502.0,2603.16610877174,27900,10,203.1088476305,1713.84604358067,1247.84776377384,198.0
44212,44,9524.0,8953.0,4046.0,26770,8,281.0,4868.0,3935.57327249015,334.0
44213,44,7509.0,7540.0,3156.84922103932,24540,11,325.316070991556,3541.67384750654,1955.1393920684,228.0
44214,44,2084.0,2060.0,831.632897628946,24970,s,63.6710277450146,1067.70374145379,330.639621805826,51.0
44215,44,26048.0,23581.0,11415.6959974535,31190,6.6,843.352358542592,12534.3502883836,10224.2406266821,845.0
44216,44,4110.0,3961.0,1650.61130552849,26060,s,91.6850935082261,2031.96556639709,1160.86292033985,134.0
44217,44,6633.0,5923.0,2510.0,31380,s,159.0,3436.0,2474.12408993034,261.0
44218,44,687.0,662.0,282.691587287535,25100,s,33.2429133568856,356.55766697381,171.899974673964,17.0
44220,44,1716.0,1648.0,708.943785060941,26690,s,69.5698097742521,951.265646746643,177.106400731618,32.0
44221,44,1559.0,1556.0,560.531929555277,26740,s,31.595195407523,855.728907366776,170.884478195469,27.0
44222,44,1258.0,1187.0,489.415382655236,26490,s,41.5905086537492,606.240795598081,89.9080351901306,17.0
44223,44,3691.0,3638.0,1464.39385856652,27620,s,110.077152194501,1937.10450997689,934.735694032415,104.0
44224,44,1815.0,1657.0,690.366122962392,25070,s,71.0040945134406,920.497572113683,274.344596461023,35.0
49002,49,2925.0,3026.0,1257.5194316945,24540,s,122.746384787738,1320.73152957241,1084.44005060759,101.0
49003,49,1734.0,1774.0,726.733758719876,24260,s,71.3431779287782,833.696738618292,335.300166277624,59.0
49007,49,157555.0,151229.0,83926.9574404486,23930,22,11815.8159690061,74053.4718347697,93859.8286783827,5368.0
49008,49,917.0,947.0,346.44131514597,23970,s,45.9531359686015,429.062241360326,134.293633066569,30.0
49009,49,450.0,467.0,193.380753909851,25070,s,22.9538296744616,246.498207186165,37.115931752079,6.0
49010,49,317.0,313.0,131.720853950308,26330,s,16.0651494781512,154.533980228593,58.9977085967677,14.0
49011,49,410.0,426.0,171.0,27510,s,15.0,198.0,11.0184369853938,4.0
49012,49,349.0,366.0,145.0,23920,s,11.0,156.0,45.5438765865774,8.0
49015,49,15225.0,13699.0,7152.3624260866,28520,10,694.629834684156,6571.50450937259,5320.81401707966,369.0
49017,49,629.0,572.0,229.392622256969,24930,s,20.9047699220537,317.106271254352,86.700724377707,11.0
49018,49,11747.0,11868.0,5096.03000286066,24110,13,488.298425206315,5235.23862145963,4135.71158060205,382.0
49020,49,5618.0,5002.0,2439.44886196095,28980,s,197.967247558973,2562.57693835402,8179.46045575938,631.0
49021,49,6893.0,7166.0,2917.0,25190,8,252.0,3161.0,2438.73852980827,234.0
49022,49,1346.0,1413.0,559.389062557706,27030,s,26.9400629770817,687.7824068568,708.957993695774,50.0
49023,49,23887.0,23146.0,9780.03789844692,25400,7.2,734.705388869647,11448.6690721295,8632.57312721689,708.0
49026,49,2781.0,2810.0,1153.32355257632,26270,s,119.437486909031,1388.79585328574,612.364903727678,96.0
49027,49,2115.0,2040.0,810.971056710364,25980,s,59.958156777623,1100.32736384312,231.652441086204,41.0
49028,49,119.0,123.0,60.0173913043477,25600,s,3.10434782608695,58.982608695652,12.313732356942,8.0
49029,49,1317.0,1228.0,582.626286897609,28740,s,71.1492004416472,599.609897693748,153.270159189119,32.0
49030,49,938.0,998.0,373.751375610354,26080,s,44.1528785444377,455.451282361404,94.3878634809657,19.0
49035,49,6635.0,6709.0,2734.59203870465,32260,s,152.584498100657,2767.548901581,1344.0467136161,156.0
49036,49,775.0,745.0,305.611510125219,23780,s,29.676019421606,370.152298227072,41.5635792389781,11.0
49038,49,236.0,251.0,104.950761760074,22170,s,8.06537830780951,118.013166709551,17.1135322884008,5.0
49041,49,2078.0,1973.0,883.00694278335,23430,s,120.328514032161,885.670675654379,305.64571517526,44.0
49045,49,617.0,599.0,231.263296950858,23320,s,33.6077718713815,279.847367210731,104.307949087761,16.0
49048,49,3193.0,2898.0,1268.93514451274,28100,s,92.8809079180074,1528.6469309069,272.423813285713,59.0
49050,49,11000.0,10803.0,4399.87487510964,27020,6,355.316173937998,5417.53608696991,3177.79046236716,325.0
49053,49,348.0,371.0,139.593116146749,24580,s,5.78474749836369,166.702614172547,97.5526575511905,8.0
49054,49,2815.0,2845.0,1280.0,24000,s,145.0,1190.0,1371.41606477663,102.0
49055,49,2397.0,2214.0,979.524699122321,29100,s,64.4985190153271,1099.52319227703,318.364432854497,60.0
49056,49,276.0,252.0,106.0,25550,s,12.0,137.0,19.0,9.0
49057,49,329.0,362.0,125.08996622605,23600,s,7.79127967591198,150.247683092797,31.0428449733298,7.0
49058,49,892.0,880.0,362.447486204785,24130,s,23.85062402069,423.150021572289,1290.1170028717,26.0
49060,49,3450.0,3552.0,1509.36509731533,24450,s,131.171449746986,1535.88322055977,1327.24770635206,97.0
49061,49,811.0,816.0,356.65691915177,23480,s,37.9371561697273,377.248813066243,178.74068856148,36.0
49063,49,6541.0,6557.0,2937.60923321912,26540,8,279.751325738661,2980.6928381374,2453.43527658671,240.0
49064,49,409.0,392.0,155.958467147937,25660,s,7.22829200066563,180.302257804366,87.5538660080403,18.0
49067,49,341.0,354.0,137.0,24940,s,11.0,166.0,136.199356996851,13.0
49068,49,1837.0,1870.0,742.773590222493,25350,s,52.3214289661127,892.796166691987,1084.74401571929,64.0
49069,49,,,,,,,,,
49070,49,712.0,710.0,295.187611038344,24860,s,25.4238395562529,339.043308197462,77.6110656286463,12.0
49076,49,820.0,743.0,307.0,26100,s,20.0,466.0,50.9014617495991,11.0
49080,49,8712.0,8776.0,3603.0,24680,10,349.0,4090.0,2402.03471801876,217.0
49082,49,941.0,959.0,386.15742007812,25130,s,30.09107553595,470.227082687133,127.01533984264,21.0
49086,49,3885.0,3959.0,1545.0,25620,s,87.0,1944.0,1055.98445186882,129.0
49089,49,1067.0,1059.0,422.988509466451,25030,s,25.9595096110311,541.312718345258,172.791179790717,30.0
49090,49,1036.0,977.0,424.0,25160,s,34.0,503.0,112.978250344474,13.0
49092,49,21550.0,21600.0,8724.13133870691,25430,8.9,668.113405129823,10542.1932874025,8945.85986291782,761.0
49099,49,54074.0,53718.0,25995.0382583789,25020,15.8,3057.15151495175,24895.9050999411,37823.1830929691,2246.0
49100,49,473.0,471.0,199.164935627244,25000,s,20.1224527766674,234.192765638149,105.158290656194,21.0
49102,49,345.0,343.0,143.205910383792,24250,s,18.7650499944029,151.226113554335,102.496640669554,12.0
49107,49,481.0,472.0,202.803446158301,27420,s,16.0666666506456,229.755998138786,424.438024088694,18.0
49109,49,1575.0,1598.0,651.017188003722,25420,s,38.6043670206489,777.244954454921,326.92530503224,37.0
49110,49,1982.0,1819.0,771.026506277255,25770,s,89.2816868316322,1017.60021160141,379.89591120776,53.0
49112,49,935.0,917.0,414.813846415796,26540,s,18.3996717229866,399.821718131801,154.254671107726,21.0
49113,49,530.0,497.0,217.218252855987,25700,s,17.799376439014,262.097233756779,45.6313671039985,9.0
49114,49,140.0,147.0,66.6206896551724,21740,s,8.68965517241379,56.0,18.733206990968,3.0
49120,49,1448.0,1402.0,606.0,27290,s,40.0,731.0,176.028001048918,26.0
49121,49,442.0,464.0,184.0,24620,s,17.0,220.0,80.5200804047536,13.0
49123,49,1812.0,1673.0,720.471969167468,27090,s,78.8845241908074,861.749478817473,898.715976110464,143.0
49125,49,11227.0,10981.0,4878.28863912512,24540,12,494.982165891967,5065.39048216499,4938.44096127803,391.0
49126,49,16975.0,16324.0,6926.34109881624,25770,7,537.013912782744,8699.41746177563,3631.59944228138,385.0
49127,49,3376.0,3371.0,1468.85437543644,24600,s,158.570033832695,1506.81861119276,1714.43155028737,137.0
49129,49,4614.0,4070.0,2042.35856331214,26690,s,183.508561265449,2098.8055275435,3525.59898410979,220.0
49130,49,661.0,631.0,227.215389794002,27430,s,19.9514167922875,339.770268722412,65.8152485619478,12.0
49131,49,719.0,747.0,290.692454759604,24460,s,25.8892100547118,349.889733045095,45.9533740124987,6.0
49132,49,1567.0,1547.0,615.944081702697,25460,s,45.1074691898558,844.073264598907,281.741050292694,29.0
49135,49,2216.0,2216.0,877.732240899312,27780,s,68.0639336013138,1049.60286472543,326.856469519692,45.0
49138,49,2531.0,2637.0,1016.00274235502,24960,s,79.9252179093268,1229.66625460019,398.671487699287,64.0
49140,49,1477.0,1532.0,519.069395022476,23460,s,57.5941332485755,830.090512371586,1399.49596044572,27.0
49155,49,1437.0,1449.0,574.806955705518,29340,s,47.4476525291669,771.968036622468,329.592355093715,58.0
49160,49,3069.0,2976.0,1311.67867301181,24760,s,143.237669992302,1384.07341601237,623.198710084137,75.0
49161,49,343.0,320.0,136.468687149379,26210,s,13.0740869584466,175.817944064838,147.245850633184,8.0
49163,49,2792.0,2746.0,1133.61405896546,25100,s,77.5708074823302,1373.99286376104,531.859936429521,61.0
49167,49,4670.0,4495.0,1935.14050849454,31910,s,133.602346362569,2063.05781666533,925.988339800487,145.0
49170,49,828.0,822.0,365.0,26390,s,39.0,389.0,88.6256046603497,14.0
49171,49,119.0,122.0,54.0,24130,s,3.0,56.0,17.0231863606319,2.0
49174,49,1304.0,1321.0,540.646925341472,24430,s,53.4792084445553,697.591499336324,367.589811568361,26.0
49176,49,5343.0,4870.0,2200.17217363082,25990,s,225.257512023346,2588.14693901111,2282.41135051144,178.0
49178,49,884.0,861.0,367.672274944163,24740,s,33.0398216207025,413.926206337412,141.686263689141,34.0
49180,49,6583.0,6813.0,3048.0,23720,15,308.0,2898.0,3008.10416920075,234.0
49182,49,895.0,844.0,370.35368461912,25930,s,21.8751796187503,461.144327823518,354.945587051825,31.0
49183,49,4967.0,4856.0,1978.55463481532,25470,s,160.491771386866,2422.60229667277,878.223534749683,106.0
49188,49,846.0,842.0,327.583959375849,26020,s,22.8485547534399,449.081443678456,159.418278705209,21.0
49192,49,3206.0,3161.0,1302.57131237114,25980,s,115.099187863631,1526.7132625512,1816.83678765506,125.0
49193,49,3878.0,3822.0,1680.09944122148,25250,s,135.203824576729,1874.62358555131,1015.06530611363,81.0
49194,49,5770.0,5787.0,2293.0,26840,s,166.0,2839.0,1064.99556562743,121.0
49195,49,1257.0,1154.0,484.259378160653,26290,s,35.3071952810682,604.529626939633,330.111024555263,29.0
49200,49,6453.0,6351.0,2556.34745009287,27970,s,166.522212241134,3238.78566396654,1886.72615079064,113.0
49201,49,2057.0,2089.0,908.369251199932,25480,s,90.8169800755531,972.087484866725,779.420201367551,41.0
49205,49,1050.0,989.0,408.0,23600,s,40.0,452.0,250.221017012241,37.0
49209,49,433.0,414.0,163.191811664264,25200,s,13.6921714773573,215.456894819857,39.5836850650032,6.0
49211,49,1229.0,1225.0,502.0,25200,s,33.0,570.0,748.368437899413,42.0
49214,49,7811.0,7513.0,3320.66322041998,27720,7,274.50337750775,3654.43314838719,2010.12230668971,135.0
49215,49,3716.0,3903.0,1742.82351571187,24190,s,188.977186235976,1704.31478719548,2105.27846416838,132.0
49216,49,565.0,570.0,222.0,28200,s,16.0,293.0,80.1139301448182,9.0
49217,49,792.0,744.0,313.435032415895,26240,s,32.5014308606263,420.613461951268,130.193912037541,14.0
49218,49,15684.0,15971.0,6507.37459786645,24680,8,492.889560088274,7595.9658060556,5279.66644089366,407.0
49219,49,416.0,441.0,226.349008555766,27820,s,25.0755855197326,160.029734872665,179.960117221879,32.0
49220,49,3694.0,3642.0,1578.0,24670,s,124.0,1729.0,1326.79004639148,100.0
49221,49,800.0,864.0,378.08197851418,21640,s,40.9736582480683,336.027409431048,114.974029064139,21.0
49222,49,2033.0,2006.0,828.395399004226,27430,s,65.1819744700711,980.766763898888,723.594062217419,66.0
49223,49,6172.0,5453.0,2725.49132333372,27750,8,203.187774434602,2799.8437619783,1492.7554203237,158.0
49224,49,1011.0,991.0,409.112142219839,24490,s,50.1153023812353,462.554828841309,389.146816776417,28.0
49228,49,5473.0,5680.0,2588.0,22210,19,300.0,2315.0,1655.98984991721,173.0
49231,49,1454.0,1489.0,614.379367362014,26350,s,48.8289664665085,702.06943993209,501.243561699015,40.0
49235,49,377.0,435.0,185.0,27400,s,11.0,170.0,119.381555662443,21.0
49236,49,128.0,126.0,67.0,24530,s,5.0,58.0,24.1120535507786,6.0
49237,49,137.0,145.0,71.9007092198582,22880,s,2.91489361702128,62.1843971631206,23.4780995548699,1.0
49240,49,1016.0,1031.0,414.981972182046,24290,s,33.5484482391749,504.489935925132,264.186334736659,24.0
49241,49,2649.0,2326.0,1033.0,29110,s,72.0,1306.0,535.306102177726,75.0
49244,49,18514.0,18366.0,7737.40951127602,25020,9,620.286519037354,8484.7084565905,6386.0448870768,543.0
49246,49,12863.0,12708.0,6127.80408140573,26690,12,599.461557548635,5829.49329532612,4832.14515071661,498.0
49247,49,2478.0,2429.0,996.979013548381,27480,s,81.2032265827676,1173.04851791936,408.690017064485,50.0
49248,49,8811.0,9013.0,3844.0,23850,13,403.0,3946.0,2776.92194642185,283.0
49253,49,1089.0,1193.0,508.0,23700,s,44.0,492.0,320.124029066769,45.0
49257,49,1043.0,1006.0,454.0,24760,s,34.0,495.0,219.205698523041,17.0
49259,49,2332.0,2343.0,942.350022476095,26130,s,54.6842389535084,1081.57908348795,441.114589339099,64.0
49260,49,2012.0,1835.0,838.816043678161,26320,s,79.6489693435417,1045.87358713847,565.021645139509,51.0
49261,49,8452.0,8679.0,3768.17290350144,25150,10,408.854223818789,3735.75222333463,1831.07413643494,235.0
49262,49,644.0,664.0,286.0,26900,s,13.0,283.0,53.5549246991892,9.0
49266,49,1283.0,1214.0,499.294581722744,26200,s,36.3461146125678,678.373318095701,166.776746890531,20.0
49267,49,9496.0,9209.0,4364.73563740417,26190,13,512.228281239016,4096.59220845718,8436.34328670442,551.0
49269,49,2843.0,2699.0,1153.0556943418,26920,s,69.5260547737813,1384.48304640735,832.447644612351,83.0
49271,49,2139.0,2161.0,811.835504965057,27740,s,45.6924507738984,1113.48729794477,291.617852197804,40.0
49272,49,1127.0,1118.0,484.0,24170,s,48.0,522.0,195.706863262912,15.0
49278,49,3617.0,3416.0,1592.17268892705,30130,s,89.5866016901237,1553.19639824573,2477.22261741844,170.0
49283,49,3787.0,3570.0,1503.10735886453,26180,s,106.583863236171,1814.66225328634,1470.04203141484,134.0
49284,49,1396.0,1399.0,584.795496651042,25550,s,44.4280210505417,697.834974484409,261.441997832959,41.0
49288,49,225.0,230.0,106.243608576923,26620,s,2.8606495732575,118.958816881583,13.0712517484141,3.0
49291,49,386.0,396.0,164.145268330224,23920,s,22.6332458489082,195.182808931724,43.3004322225816,8.0
49292,49,3508.0,3397.0,1311.7863666104,26040,s,125.288900153068,1758.05521564667,666.819071394134,91.0
49294,49,2961.0,2731.0,1130.31804051533,28980,s,87.3055130069509,1380.24204656567,369.332814828992,59.0
49298,49,3860.0,3529.0,1477.0,29560,s,124.0,1965.0,1355.33853559927,175.0
49299,49,3099.0,2817.0,1229.87544672677,26950,s,85.8516121504239,1481.97582808468,694.072851549663,78.0
49301,49,25764.0,25681.0,10454.4090358524,26070,6.2,799.801157354666,13073.9660605533,8345.8567975507,702.0
49302,49,442.0,457.0,186.547183180669,22920,s,12.9593505043704,221.357693972164,87.684466521084,11.0
49306,49,1693.0,1672.0,689.679210163089,28630,s,49.4522488139966,831.322726940469,322.943988075341,66.0
49307,49,16588.0,15821.0,6668.21018307152,27910,5,534.606278067981,7916.87137659374,3842.64923483209,407.0
49308,49,2209.0,2040.0,910.642045193587,31470,s,35.7333762578709,1040.91701109022,347.512007697155,53.0
49310,49,600.0,599.0,259.362068014371,23100,s,26.9672221867331,304.498882318229,74.9484537136203,17.0
49311,49,1319.0,1297.0,523.144952983051,25090,s,58.7213437450701,644.787270437504,175.260042502279,20.0
49323,49,7946.0,7060.0,3373.72931029485,27010,9,288.76768245089,3754.0040214469,5479.65592432774,368.0
49326,49,891.0,815.0,352.418738533515,29400,s,18.1532103199744,465.620984677321,53.0244455049208,11.0
49328,49,26074.0,27125.0,13243.0011547505,23990,18.8,1631.80479083074,10860.904200202,15076.1269990507,1155.0
49329,49,1351.0,1338.0,549.694798509743,28690,s,47.4505023531738,627.576860245812,238.922367284723,48.0
49330,49,1161.0,1183.0,414.098538286385,26410,s,30.8880359725368,576.050589339158,70.7778908419291,14.0
49331,49,17617.0,17577.0,7763.15638871383,24390,12,686.013632393233,8008.45459663562,8102.71316672115,579.0
49332,49,4199.0,4092.0,1669.27954986958,27320,s,111.917056934943,1926.32865363334,2289.35387975973,223.0
49333,49,2853.0,2980.0,1198.58414626165,24710,s,135.4375692455,1403.95589898748,1696.20810691782,113.0
49334,49,341.0,319.0,139.454337109795,25000,s,14.9471832998257,176.789126354951,41.6375779118383,7.0
49336,49,875.0,897.0,368.837975387017,24970,s,25.4408196513475,440.935002149864,288.388850267696,37.0
49338,49,1344.0,1418.0,543.0,28720,s,41.0,658.0,86.0664688199999,17.0
49339,49,1477.0,1484.0,576.685735378022,27750,s,57.8456856554519,753.102740653913,109.527630699226,23.0
49341,49,691.0,760.0,307.0,25080,s,27.0,320.0,103.961519105205,16.0
49343,49,3178.0,3162.0,1344.61263777089,26960,s,70.2119934864532,1517.11252324486,697.512619578597,89.0
49344,49,1238.0,1222.0,441.713857048506,26660,s,28.9403259292027,666.207058721427,143.938709277109,20.0
49345,49,5874.0,5757.0,2451.43463327152,25780,s,143.593540014054,2867.04995707928,1673.50537523314,195.0
49347,49,4498.0,4349.0,1968.79585235848,26990,s,149.879463019058,2017.66037598828,1524.22831260107,176.0
49352,49,1316.0,1336.0,522.496856206838,25800,s,36.9229129178654,661.787362412041,146.626054134191,23.0
49353,49,15620.0,14402.0,6795.68407981565,23960,17,951.235024070612,7690.20720617651,5355.22079122738,431.0
49355,49,3078.0,2956.0,1285.0,26280,s,84.0,1481.0,755.963604053224,75.0
49358,49,569.0,585.0,248.011498938241,23910,s,37.5232268449559,280.928886855606,132.890330774489,27.0
49359,49,553.0,581.0,230.741026803366,27500,s,19.2253295386752,290.679676130154,81.4752347130493,18.0
49361,49,1924.0,1829.0,831.0,23800,s,85.0,815.0,278.254341531944,39.0
49362,49,1282.0,1224.0,555.0,27620,s,33.0,568.0,169.975705008776,34.0
49364,49,1122.0,1159.0,477.413902519461,24740,s,27.9301937454451,565.016467339937,194.072318687905,35.0
49367,49,5784.0,5750.0,2156.837985523,25210,s,227.641242181344,2850.84700236019,1007.15110039674,120.0
49368,49,2006.0,1990.0,839.259191170387,22870,s,107.736053857809,821.426263874064,704.710979879578,63.0
49369,49,1330.0,1269.0,602.221276788391,22660,s,63.5409218234709,550.91727760684,245.441929414741,42.0
49370,49,459.0,478.0,194.0,25750,s,6.0,223.0,39.4922703142216,10.0
49371,49,1750.0,1704.0,757.021574652294,25110,s,69.413163465152,909.483659788812,305.316734511163,32.0
49373,49,7722.0,7882.0,3357.48172459757,23890,11,274.803645523156,3535.83195361415,2605.38024366201,282.0
49374,49,1462.0,1540.0,576.929582922952,23700,s,73.9406066967735,624.273443325646,177.134034258121,19.0
49377,49,5642.0,5503.0,2209.33368507931,28150,s,152.69172024302,2727.18193369521,1067.59640766682,114.0
49378,49,2599.0,2589.0,1068.08700328479,24320,s,112.613394823054,1192.83769650675,641.901675990169,60.0
49381,49,1829.0,1855.0,792.929790407178,25350,s,62.638806348862,883.094249709776,475.86049278122,55.0
53001,53,1864.0,1812.0,737.993662542366,26540,s,46.6181218381674,908.125296949546,187.356907562638,35.0
53002,53,612.0,599.0,209.0,25350,s,12.0,276.0,105.784538676152,16.0
53003,53,2603.0,2812.0,1149.93598501156,24800,s,80.6558681295927,1063.56724221337,1094.76657653609,104.0
53005,53,2324.0,2281.0,1035.0,25370,s,42.0,1113.0,682.1761457046,76.0
53007,53,2908.0,2782.0,1177.24093092602,26370,s,79.7579982165196,1395.62952401003,447.976658746792,66.0
53008,53,1830.0,1788.0,807.619795342281,25970,s,34.2792856789224,837.279782949032,325.910595200397,39.0
53009,53,672.0,640.0,259.603293206407,26650,s,18.9580052477516,330.2190708681,157.024195355893,23.0
53010,53,419.0,442.0,172.333428139608,25500,s,11.8128192621975,224.191230299413,57.622124844946,8.0
53011,53,887.0,866.0,333.376861879155,25720,s,39.5567244065711,476.928589738186,126.49477437011,25.0
53012,53,453.0,497.0,190.310598744006,25350,s,13.9690308955025,233.374686277522,66.1355288008818,14.0
53013,53,555.0,596.0,247.497927125537,25130,s,25.5262402385092,253.680593347994,127.073877454747,20.0
53015,53,1964.0,1923.0,693.093591277689,25810,s,51.0730002704682,967.568583009523,249.698205135777,34.0
53016,53,1220.0,1244.0,511.305805624239,23270,s,33.1355433354999,458.081162762809,512.62600890043,45.0
53017,53,971.0,914.0,398.300573929388,23230,s,32.6387214023809,451.443145618988,444.97490527407,31.0
53018,53,1298.0,1275.0,501.733326233713,24480,s,38.0197324657829,583.490400517501,397.741916647392,47.0
53019,53,119.0,123.0,50.575,25940,s,1.98333333333333,62.475,27.8904191287416,4.0
53021,53,966.0,999.0,362.0,27810,s,20.0,503.0,74.2968446567832,12.0
53022,53,495.0,514.0,200.0,25810,s,15.0,257.0,61.8836644568196,17.0
53023,53,550.0,540.0,188.0,26550,s,10.0,312.0,47.8912285646312,6.0
53025,53,1086.0,1119.0,428.652974620678,25390,s,33.08607713504,560.749429955292,310.5950909797,29.0
53026,53,500.0,504.0,180.437673291925,26380,s,11.2748513798347,262.887254490314,89.6742393994162,15.0
53027,53,203.0,184.0,76.0033019527089,24970,s,6.00026068047702,99.0043012278708,27.9552673539688,7.0
53028,53,560.0,614.0,218.766149766203,25800,s,15.0502576123036,307.864144272835,37.0592977019114,8.0
53029,53,1280.0,1254.0,501.753565010796,23330,s,53.0565096828233,617.680471712039,209.118761661886,41.0
53030,53,320.0,335.0,120.066957880018,26990,s,7.00199708986641,171.020265011921,37.8197056166616,7.0
53031,53,490.0,499.0,190.189597640163,25540,s,7.02385821237951,251.351961029389,54.7939796807356,15.0
53033,53,116.0,114.0,47.0,24250,s,7.0,60.0,20.5463072475497,5.0
53034,53,6294.0,5948.0,2607.65838879156,28150,s,160.566624393189,2773.6004796907,2396.23111242707,230.0
53035,53,611.0,553.0,217.55965789885,24600,s,16.5247108598623,298.132106626517,74.6774520872703,20.0
53036,53,1066.0,1102.0,413.888492137035,24070,s,35.1553707778533,485.950852344411,200.612283620401,26.0
53037,53,718.0,742.0,286.703735454312,25240,s,28.6490263316352,379.542521545379,47.0751705696675,11.0
53038,53,136.0,164.0,72.4671532846715,25820,s,1.98540145985401,63.5328467153284,20.79680311212,7.0
53039,53,1726.0,1799.0,752.958636689089,24600,s,31.0493053542894,779.605252425743,453.958446249299,54.0
53040,53,618.0,648.0,267.919640819336,24100,s,29.3681976844576,327.115186650992,81.7380510300853,12.0
53041,53,276.0,265.0,118.830946875897,25870,s,4.93070113970915,132.607533970627,45.1596064302633,8.0
53042,53,833.0,814.0,364.809013365543,25300,s,18.7628090530172,379.882183342217,162.865501858343,23.0
53043,53,584.0,535.0,215.29865192059,24870,s,19.633136999745,272.96282664517,123.843538788283,13.0
53045,53,674.0,704.0,284.353990243386,25970,s,12.7675077921211,317.854046740545,131.506220076513,15.0
53046,53,313.0,309.0,122.192009723763,25410,s,7.03313087859279,165.315328296691,35.2142082226822,8.0
53047,53,254.0,265.0,119.800330797044,24250,s,6.05214672600729,109.617138194404,57.7284178794438,11.0
53048,53,1173.0,1197.0,513.020266059315,24830,s,33.6269181319184,582.999738899513,463.001037563615,47.0
53049,53,691.0,708.0,245.142762243497,26880,s,16.1382766480537,353.330698691901,47.2889785173971,6.0
53051,53,624.0,580.0,257.146594796723,23130,s,31.0142209176843,297.738101579226,57.824838936698,10.0
53052,53,282.0,305.0,125.013583565194,25830,s,9.96802875749106,136.26814279667,20.0348875507844,7.0
53053,53,495.0,521.0,225.444637864387,24250,s,18.2042819071415,232.465023416995,66.2009372815145,8.0
53054,53,6482.0,5950.0,2727.0,28990,s,177.0,2779.0,5379.81954865026,466.0
53055,53,599.0,612.0,256.174742546777,24960,s,17.8788656747132,275.192181784032,143.913812179402,24.0
53056,53,963.0,1009.0,358.960512071738,27430,s,25.7181868743448,518.932639976366,173.997602233702,16.0
53057,53,503.0,501.0,212.0,22830,s,12.0,222.0,114.65423383235,12.0
53058,53,315.0,346.0,132.132706809894,25890,s,3.87450609954808,171.515005549579,36.1608778316438,8.0
53059,53,413.0,415.0,151.585476797112,25890,s,10.0707108695934,225.452737957764,56.6551454454197,13.0
53061,53,455.0,495.0,201.322083179858,24260,s,13.032436344257,211.108112808465,405.905186203636,11.0
53062,53,16539.0,16858.0,8036.31655471595,25180,11,618.665411904078,7101.36145702697,10095.5780191027,705.0
53063,53,464.0,479.0,186.762549766732,23810,s,8.87911523783186,242.897276942107,76.1934374004841,10.0
53064,53,960.0,1046.0,433.351050807399,24540,s,31.3516919986591,432.771109953306,175.655283618209,31.0
53066,53,1363.0,1364.0,533.598853767017,25080,s,23.0756190751994,675.425762214938,225.079611830046,29.0
53067,53,433.0,406.0,179.0,23590,s,16.0,222.0,68.8581272320229,10.0
53068,53,155.0,161.0,68.1999999999998,23720,s,2.06666666666666,60.9666666666665,44.5656175394789,8.0
53069,53,152.0,175.0,82.9090909090909,21580,s,5.92207792207792,62.1818181818182,42.2902022910196,5.0
53071,53,477.0,482.0,199.734044332928,23180,s,7.83256059151556,198.958639427955,64.2730218476862,17.0
53072,53,1289.0,1204.0,510.342468013898,26020,s,39.2693051214619,651.650130629704,109.665704198405,22.0
53073,53,919.0,904.0,397.099691846687,22980,s,40.525189578485,424.911202568011,340.087815112891,24.0
53074,53,840.0,851.0,338.421010773444,26970,s,25.0723802264813,426.828022652137,98.7795113936049,20.0
53075,53,298.0,287.0,122.0,23770,s,9.0,151.0,32.9029208684534,6.0
53076,53,307.0,315.0,130.0,24720,s,12.0,160.0,52.8430576752991,11.0
53077,53,3208.0,3098.0,1347.07832058198,25160,s,85.9964668057696,1446.94948087833,1192.53058460512,124.0
53078,53,867.0,867.0,324.956711791466,24740,s,23.9518881720293,434.322319313988,122.163038741614,21.0
53079,53,377.0,366.0,166.0,22100,s,20.0,168.0,70.7726956743848,10.0
53080,53,114.0,127.0,69.7281553398056,20910,s,2.2135922330097,44.271844660194,26.4166376328891,7.0
53082,53,633.0,640.0,240.782498438614,24840,s,19.9529969332733,319.762024675194,51.7641933888968,15.0
53083,53,808.0,902.0,382.891102950404,23610,s,27.5320298886231,352.57200710951,138.303727681727,26.0
53084,53,4415.0,4513.0,2101.0,24560,13,150.0,1703.0,3081.83001140526,210.0
53085,53,197.0,193.0,84.2835051546389,26950,s,11.1701030927835,87.3298969072162,11.0569509945154,3.0
53086,53,633.0,692.0,270.572542581296,24570,s,18.0018960318386,310.939465686831,138.94509753405,24.0
53087,53,226.0,216.0,95.2085106382978,26420,s,7.69361702127659,113.48085106383,37.3461036122881,9.0
53088,53,853.0,890.0,386.059481904376,24090,s,20.5955657015564,410.254435498072,154.729851253461,27.0
53089,53,533.0,490.0,229.314496166038,24440,s,14.7147288847199,258.207821763144,45.5805229894652,15.0
53090,53,184.0,158.0,72.0824742268042,26970,s,4.74226804123712,95.7938144329897,23.069103198146,6.0
53091,53,461.0,484.0,225.521567688087,24520,s,20.5494412061625,227.864433051172,268.430493662623,21.0
53093,53,288.0,285.0,143.0,21980,s,4.0,111.0,35.7338629432885,3.0
53094,53,2278.0,2249.0,930.965619337351,26100,s,62.6345676168423,1092.62323423202,409.226842898624,60.0
53096,53,5511.0,5731.0,2600.0,24330,10,147.0,2292.0,2835.72054012822,220.0
53097,53,8380.0,8757.0,3911.30163189881,24550,13,287.124770361275,3417.60849307228,5298.81785101704,281.0
53098,53,423.0,439.0,171.859439538731,24250,s,3.99560698836718,194.947638278675,61.4148028643288,15.0
53099,53,1096.0,1067.0,438.98820323527,27590,s,21.0186224532779,532.614699385094,142.801863864191,23.0
53100,53,1186.0,1228.0,582.827956892764,23500,s,35.3721387012921,403.773791533025,346.259997182313,44.0
53101,53,838.0,829.0,328.201445290271,24910,s,36.2468956656227,419.926773508432,139.339248312267,12.0
53102,53,166.0,162.0,79.4787878787882,23360,s,9.05454545454549,88.5333333333337,16.1035313765911,6.0
53103,53,2127.0,2131.0,854.233533151057,25680,s,49.3962874829509,1009.56474323558,646.03509537363,43.0
53104,53,1351.0,1328.0,541.0,25380,s,38.0,688.0,213.545106845832,30.0
53105,53,238.0,229.0,93.3317820308518,26980,s,6.76591074792477,141.119451768128,17.68535980762,5.0
53106,53,541.0,526.0,250.0,22980,s,17.0,255.0,99.2336116369106,14.0
53107,53,2475.0,2592.0,1244.39687048699,22790,s,85.7708382863236,894.279265312059,1977.76980337824,130.0
53108,53,570.0,532.0,224.744730749168,24770,s,15.7134028208251,302.395684925564,372.284282995095,27.0
53109,53,626.0,623.0,255.033861980628,25740,s,16.8802697954251,308.494425084221,65.8846335066823,14.0
53110,53,977.0,1017.0,426.029080699487,23710,s,38.0952233630064,473.06022121265,385.615102494104,39.0
53111,53,466.0,479.0,198.289960956194,25380,s,11.7943670956448,222.912577606084,59.7624375092045,16.0
53112,53,343.0,398.0,167.0,22120,s,12.0,154.0,75.8843497310471,15.0
53113,53,625.0,608.0,260.0,24570,s,20.0,273.0,112.800614458711,18.0
53114,53,172.0,202.0,96.0,22320,s,5.0,74.0,9.04023204996656,1.0
53115,53,305.0,311.0,134.619537746996,23790,s,0.902404261235514,128.876517051784,60.4700953604947,7.0
53116,53,721.0,756.0,297.231792174733,24300,s,13.9772018214408,331.49327546318,211.988718866788,29.0
53117,53,496.0,486.0,189.424211488748,25630,s,10.9338003345021,254.747556135336,55.2389785040747,11.0
53118,53,228.0,257.0,106.1686662644,22210,s,0.974957668722169,101.101009304953,28.0063528268855,8.0
53119,53,4554.0,4213.0,1949.62767067701,27360,s,116.959915688093,2052.79086453088,584.927731949837,77.0
53120,53,458.0,472.0,211.493164810128,24920,s,19.1261535803297,191.240347354482,76.8857587604561,16.0
53121,53,1343.0,1391.0,623.121439368064,23870,s,38.3352824729014,547.401627097741,917.701849237954,60.0
53122,53,756.0,727.0,330.009077243368,25500,s,16.5532639670736,359.184974238483,125.847228533141,20.0
53123,53,1332.0,1456.0,592.0,24540,s,29.0,618.0,255.762661795614,35.0
53124,53,1392.0,1435.0,525.79839627007,24910,s,41.3777321928989,727.721895818455,278.805419205576,44.0
53125,53,1100.0,1147.0,503.0,23290,s,41.0,443.0,482.500992180216,36.0
53126,53,1012.0,1107.0,452.0,23990,s,23.0,455.0,192.697903204246,33.0
53127,53,2243.0,2293.0,997.94493219398,25190,s,54.9331841923704,907.384781016478,1017.06712859208,114.0
53128,53,322.0,350.0,134.0,24190,s,7.0,143.0,51.6159109279529,14.0
53129,53,358.0,386.0,141.0,26160,s,5.0,184.0,36.9255684406491,8.0
53130,53,49474.0,49492.0,25949.4659096867,24120,20.3,2851.56334067556,22203.5128784751,36196.4744787698,2292.0
53131,53,184.0,194.0,92.5139664804465,24470,s,5.13966480446925,86.3463687150834,40.2511976496081,7.0
53132,53,274.0,303.0,124.42734481027,25530,s,9.34719566682193,130.377339412834,74.5224959328691,13.0
53133,53,710.0,761.0,347.299052268844,22580,s,22.4746482828653,299.669344206528,88.4604021354244,11.0
53134,53,187.0,148.0,69.9944134078214,24700,s,4.17877094972068,82.5307262569834,18.5861920591163,3.0
53135,53,728.0,750.0,284.824581121218,25660,s,17.9212360221027,355.517006449564,121.061787372545,19.0
53136,53,1227.0,1165.0,474.422848057271,27030,s,20.827888402733,647.421398198421,147.039038058043,20.0
53137,53,2724.0,2640.0,1067.0,26550,s,55.0,1396.0,592.308170292496,68.0
53139,53,410.0,404.0,183.0,23510,s,13.0,191.0,50.0578687333951,12.0
53140,53,4345.0,4228.0,1885.0,26750,s,109.0,1999.0,1943.6938253043,121.0
53141,53,1182.0,1137.0,419.034692994733,26550,s,33.7956055487816,594.246818750484,119.811122867712,22.0
53142,53,284.0,310.0,144.468475481905,25520,s,5.04352663801927,127.024261214521,48.5184024510713,10.0
53143,53,510.0,523.0,192.0,26710,s,10.0,264.0,48.9873595160358,11.0
53144,53,750.0,816.0,324.961496820583,25420,s,19.7030590166747,374.013787613448,205.77937123709,20.0
53145,53,543.0,549.0,219.158921229248,25050,s,9.01673782295252,286.093541324852,68.2153324122811,15.0
53146,53,1884.0,1830.0,744.0,27080,s,37.0,893.0,608.615084785996,54.0
53147,53,12854.0,12893.0,6532.26503525177,24830,15,577.739075893905,5252.55304352806,10637.4236816077,556.0
53148,53,230.0,221.0,84.4690265486727,23760,s,6.1061946902655,123.141592920354,55.7819279659426,10.0
53150,53,907.0,963.0,391.995710033149,26600,s,27.0811188034675,460.334685046,144.06561188144,26.0
53151,53,1075.0,1091.0,404.629845689062,24570,s,26.229838932616,522.785145684551,260.905227056392,26.0
53152,53,2784.0,2908.0,1335.81422060947,23330,s,103.862640363356,1134.64817358424,1391.16337468287,122.0
53153,53,625.0,672.0,271.752898101015,24880,s,13.7306982706053,322.025859411049,73.6711503474892,11.0
53154,53,883.0,906.0,374.0,24040,s,23.0,369.0,278.568336919347,32.0
53155,53,1307.0,1363.0,561.0,25320,s,35.0,627.0,238.87571594986,34.0
53156,53,250.0,255.0,102.19206757864,27530,s,7.2671078543232,138.851405353186,70.34722167196,10.0
53157,53,1342.0,1255.0,535.960920276361,27480,s,36.8874194983361,701.777192837188,118.729741653647,22.0
53158,53,1030.0,1025.0,420.0,25180,s,29.0,529.0,143.47249324177,32.0
53160,53,374.0,377.0,170.100685295992,24270,s,10.0128814917282,183.440018877045,73.0444248834983,14.0
53161,53,3192.0,3272.0,1391.34321544856,24680,s,77.7388384092958,1435.74955046317,1083.19471484119,104.0
53162,53,977.0,959.0,463.0,27330,s,24.0,446.0,119.054625187093,20.0
53163,53,757.0,768.0,299.898894535358,24060,s,24.7974626312161,373.324857163525,178.51845208649,14.0
53164,53,345.0,347.0,179.953754339513,23570,s,11.0820713429017,159.487242354122,118.044991304743,14.0
53165,53,347.0,345.0,142.023145422147,27460,s,8.03137164837055,151.258114746529,22.1577635395113,1.0
53168,53,1250.0,1217.0,525.0,25200,s,36.0,646.0,213.354994288506,28.0
53169,53,406.0,417.0,165.081621997633,26280,s,8.90229215189196,191.869359991938,29.5534497976887,8.0
53170,53,1124.0,1193.0,488.223820357042,25420,s,35.7767753777653,527.09184682798,153.975266901222,25.0
53172,53,394.0,422.0,161.642829785912,27690,s,13.1883103063954,226.295233777698,35.4022907066623,9.0
53173,53,177.0,199.0,73.3425414364641,25010,s,7.8232044198895,86.0552486187845,36.4374753529186,4.0
53174,53,841.0,846.0,327.333129855884,26960,s,16.0863449532635,400.336110811368,253.297177006433,20.0
53175,53,1384.0,1335.0,540.173025872401,27440,s,27.2855297328854,717.611833730463,266.468636039903,29.0
53176,53,522.0,546.0,214.0,24150,s,17.0,225.0,101.10946538303,17.0
53177,53,296.0,355.0,130.882917399053,24750,s,11.5906940710104,134.398927106102,87.0132810936384,11.0
53178,53,228.0,228.0,89.7222222222226,26730,s,3.16666666666668,137.222222222223,45.3480384558218,9.0
53179,53,354.0,334.0,142.909156113909,24670,s,10.2849354894305,174.168348788986,53.2639870361801,7.0
53180,53,659.0,661.0,261.763393391839,25530,s,17.7061343786938,355.418570462272,136.035957780584,31.0
53181,53,808.0,848.0,352.672366456988,23480,s,10.006407132049,239.447510482454,515.67576391842,28.0
53182,53,1816.0,1817.0,828.482601830146,24100,s,54.6656246086433,887.724594767425,692.53893459447,36.0
53184,53,161.0,167.0,57.0,28640,s,2.0,83.0,42.8773789845408,6.0
53185,53,2300.0,2343.0,1079.54535624516,23140,s,104.409198814867,932.744870038026,840.236984410817,89.0
53186,53,2141.0,2175.0,904.806833025101,24480,s,61.5993029343296,1002.09448286969,464.612140179779,73.0
53187,53,230.0,233.0,107.329845024531,25070,s,5.81012212978096,111.862198475412,19.832185185455,7.0
53188,53,2506.0,2529.0,1187.44330122014,23090,s,109.115846156207,947.446217487282,1143.50663864176,56.0
53189,53,111.0,109.0,51.0,25370,s,5.0,62.0,20.0835160800496,6.0
53190,53,464.0,458.0,205.100208843303,23970,s,19.804820288677,208.136169658374,71.1902015950788,14.0
53191,53,250.0,244.0,105.563439391633,22560,s,9.29686329439952,129.915184658017,34.0118017720214,8.0
53192,53,311.0,333.0,125.645070408032,22110,s,6.81127617379759,138.637470171413,55.7683405137375,6.0
53193,53,575.0,564.0,229.135923895691,26060,s,23.3974633598204,316.489469823293,77.5657680759107,9.0
53195,53,484.0,497.0,173.329306225787,27430,s,12.2691061015022,265.640514682872,57.6683390948171,9.0
53196,53,350.0,374.0,170.942367479038,24210,s,13.0792017820694,158.242541110497,79.4255981355484,16.0
53197,53,934.0,893.0,391.185645673627,22440,s,25.4432494958195,353.069657114408,253.497259528437,37.0
53198,53,223.0,245.0,107.144719893319,23780,s,3.93948992538171,90.2438808438867,28.4781415375972,6.0
53199,53,212.0,218.0,100.198052667222,23360,s,7.79075868937338,90.5600079468169,35.2651666359555,4.0
53200,53,1181.0,1130.0,476.157709324139,27620,s,24.810751533782,581.659717236591,71.951997365083,14.0
53201,53,7384.0,7344.0,3393.51407990359,26720,10,267.385156685388,3215.69155952244,5217.50032651418,476.0
53202,53,294.0,344.0,144.395776610133,24170,s,10.4964394139311,126.630966657586,142.677603433107,14.0
53203,53,524.0,529.0,218.278373039792,24760,s,22.9838617423849,263.976081633052,23.061964444346,6.0
53204,53,399.0,386.0,171.533260975483,24750,s,12.3144788138461,182.358014622851,38.1969081581065,8.0
53206,53,219.0,209.0,93.8571428571428,26530,s,10.4285714285714,114.714285714286,23.0627407499163,4.0
53208,53,502.0,488.0,219.0,24350,s,15.0,215.0,51.9732602878237,10.0
53209,53,559.0,536.0,226.454105209732,26170,s,12.1152724701743,290.168070608322,72.2310272294149,13.0
53210,53,1512.0,1557.0,639.382326798098,24730,s,54.6958508098004,671.668190000437,349.721414584936,38.0
53211,53,1440.0,1548.0,653.259341403598,24620,s,46.4899826685921,645.699249860901,392.479064365455,54.0
53212,53,456.0,428.0,179.924644698078,27900,s,9.55363334900133,255.765899971019,45.061119619214,8.0
53213,53,496.0,524.0,216.642636796427,22430,s,8.43879701889372,229.56256950218,69.9529261153949,11.0
53214,53,154.0,174.0,67.079754601227,24840,s,3.77914110429448,85.0306748466258,27.9480610257388,5.0
53216,53,946.0,1001.0,381.742673075361,25120,s,21.8371698026238,446.255421036288,211.552666552968,20.0
53218,53,770.0,877.0,352.354272782002,25000,s,20.0187827695016,388.851606315626,129.90014844211,23.0
53219,53,1381.0,1432.0,616.198872945243,26250,s,29.8175750290714,675.541359311032,197.974222204354,38.0
53220,53,378.0,418.0,136.226774575915,25020,s,10.2631398086499,187.809574762842,41.7142334150245,8.0
53221,53,394.0,382.0,162.025513312648,23240,s,14.1301923856907,166.531553579011,45.1709288326781,10.0
53222,53,365.0,400.0,136.09443858899,25040,s,7.00380941197634,170.014585074067,45.4827296132222,5.0
53223,53,329.0,362.0,171.555125048494,22500,s,11.008850874,144.992249042995,74.4505447980456,16.0
53224,53,1179.0,1158.0,433.261366196649,26630,s,30.0478245092722,641.978008348314,109.589393127971,16.0
53225,53,513.0,488.0,189.761242796972,25200,s,19.0861549632478,269.898831552787,60.6732357269634,13.0
53226,53,808.0,851.0,315.120238428058,25350,s,28.7944046321208,405.959812597433,110.331358443561,22.0
53228,53,556.0,616.0,241.953596456408,23890,s,20.772340999173,253.685385911847,98.3923412675204,16.0
53229,53,1689.0,1653.0,650.717988247716,28550,s,38.859915342227,867.389063714417,140.728917913178,25.0
53230,53,257.0,238.0,117.0,24340,s,6.0,123.0,29.0630967524515,6.0
53232,53,323.0,304.0,119.857877542437,24850,s,16.2878450948539,162.978768386233,28.2118006453968,10.0
53233,53,335.0,376.0,141.688329624365,23420,s,9.98464130876644,157.037108044489,45.7445297530786,9.0
53234,53,321.0,362.0,140.0,26260,s,11.0,153.0,26.002247269621,8.0
53235,53,228.0,212.0,105.571267606174,24010,s,8.05524660483551,87.53212905167,28.0459097399315,8.0
53236,53,166.0,161.0,88.2531645569624,22860,s,7.35443037974687,73.5443037974687,22.8715007614244,9.0
53237,53,440.0,472.0,194.595444858129,23740,s,11.7828720201763,191.289984439271,69.8538964269545,13.0
53238,53,521.0,553.0,255.512325353833,24400,s,16.8795104391789,234.187123519375,85.2084798034714,14.0
53240,53,425.0,443.0,193.938600805043,23970,s,8.83982596064855,200.166112831579,34.2155991447149,10.0
53242,53,255.0,263.0,97.8488372093023,26100,s,8.8953488372093,120.581395348837,53.61387676826,8.0
53243,53,1782.0,1746.0,718.0,26650,s,42.0,915.0,316.683599158091,41.0
53245,53,927.0,942.0,394.822404725957,24850,s,32.2217249916019,461.63355663053,351.25946967541,40.0
53246,53,1761.0,1993.0,849.424427038931,24420,s,67.1596967138038,774.994713731557,270.603019247528,40.0
53247,53,2313.0,2153.0,963.626188686609,25620,s,55.6487193245166,1084.17958393908,654.653136497162,50.0
53248,53,132.0,141.0,63.1714285714286,23290,s,6.6,69.7714285714286,32.4993376720695,5.0
53249,53,1107.0,1118.0,525.029765200342,23440,s,39.6408093794251,474.464183961238,197.017755825905,42.0
53250,53,391.0,404.0,177.259191277414,23510,s,12.1255732736539,201.154610016737,39.3312282569769,10.0
53251,53,475.0,420.0,172.626292089125,25640,s,14.287090890108,234.084632337065,67.0962779035308,16.0
53253,53,518.0,508.0,185.154103873225,22690,s,19.9615748616321,218.50170002958,324.561289983233,10.0
53255,53,1197.0,1314.0,585.0,25270,s,27.0,559.0,229.421109342328,32.0
53256,53,162.0,191.0,87.5930232558139,25070,s,7.53488372093023,63.1046511627907,47.9247433826723,10.0
53257,53,328.0,313.0,119.680560213968,25280,s,13.5487448808922,136.866140675377,96.9281053963858,18.0
53258,53,901.0,956.0,347.07077453248,25120,s,28.3988804513936,400.372599459855,438.672575408109,36.0
53259,53,376.0,349.0,181.944793779769,23580,s,12.499898805958,226.305151444424,138.279393156237,23.0
53260,53,386.0,443.0,148.137748846403,24650,s,9.74373506524538,203.999348810521,228.168166044955,15.0
53261,53,149.0,165.0,72.8920863309356,24920,s,4.28776978417268,73.9640287769787,20.2949640287771,7.0
53262,53,1060.0,1087.0,418.0,25000,s,25.0,514.0,242.680004263101,31.0
53263,53,270.0,292.0,135.210209278792,23970,s,5.11080770181568,116.306016992982,33.844994815754,9.0
53264,53,190.0,196.0,78.3505154639175,23070,s,13.7113402061856,88.1443298969072,59.0040596437291,7.0
53265,53,770.0,756.0,321.517068368684,23840,s,25.5016389120902,354.01441346847,116.168163028744,16.0
53266,53,227.0,235.0,97.0,25190,s,7.0,110.0,47.6652521980833,4.0
53267,53,1164.0,1160.0,479.910857700653,24120,s,46.9490187504059,536.549490070452,470.711386906306,60.0
53269,53,612.0,592.0,244.163954416088,24410,s,16.2205857121813,291.407937128827,115.102769359097,21.0
53270,53,110.0,127.0,50.6956521739131,25040,s,1.91304347826087,47.8260869565217,19.1814030497544,3.0
53271,53,2682.0,2855.0,1349.6784763738,23640,s,127.133642055762,981.839751139255,1879.23305892001,111.0
53272,53,192.0,173.0,87.1783783783786,21900,s,11.4162162162162,81.9891891891894,21.7738585119115,6.0
53273,53,1080.0,1135.0,435.410570744961,26060,s,26.2224557286672,578.800085257233,232.573569091282,34.0
53276,53,905.0,911.0,382.047429566615,23090,s,24.6158869186694,413.817705792793,320.859714994443,17.0
72001,72,1681.0,1631.0,655.0,27990,s,48.0,825.0,194.803511175324,26.0
72002,72,199.0,219.0,88.0,24850,s,6.0,87.0,12.1086165993933,5.0
72003,72,10740.0,11102.0,4657.9311170199,20890,27,758.801015415331,4093.69995736154,6813.38620971579,239.0
72004,72,569.0,563.0,218.0,26440,s,23.0,301.0,45.1062669550918,12.0
72005,72,917.0,961.0,394.983376766077,24560,s,22.0192596534037,398.532873633809,147.336010949608,17.0
72006,72,1897.0,1841.0,841.0,26810,s,48.0,810.0,1145.76359699702,123.0
72007,72,499.0,480.0,201.374267117199,26570,s,16.9564353451309,237.122526807178,205.946880405893,10.0
72008,72,5463.0,5251.0,2431.66760131586,25890,11,178.128473234425,2245.49873143087,3635.02975099998,235.0
72009,72,351.0,407.0,135.023818186632,24400,s,16.7085218565635,180.298876202874,24.5928942592168,5.0
72010,72,337.0,405.0,168.0,25320,s,11.0,177.0,36.8944774238519,8.0
72011,72,898.0,916.0,385.87625132179,24120,s,38.6881021632899,414.257383901889,106.994495621662,21.0
72012,72,478.0,522.0,204.432601342814,25870,s,10.689947640734,231.259407036802,56.3330457868976,13.0
72013,72,2131.0,2125.0,1005.58509741654,23090,s,95.8844704052419,905.036834083192,475.225416682005,42.0
72015,72,107.0,119.0,46.9298245614035,24770,s,5.63157894736842,45.0526315789474,24.1397559849049,3.0
72016,72,1458.0,1490.0,586.786849929843,24330,s,44.5372217826263,670.571441642301,215.295090219323,31.0
72017,72,229.0,245.0,87.8491379310344,27200,s,4.9353448275862,119.435344827586,31.4833303635195,9.0
72018,72,88.0,89.0,43.1020408163265,s,s,1.79591836734694,42.204081632653,11.1048171932609,2.0
72019,72,335.0,370.0,137.0,25580,s,9.0,185.0,54.2243605413575,14.0
72020,72,692.0,737.0,300.104263629476,25880,s,30.3783140133752,348.756155139536,79.2579120673094,15.0
72021,72,572.0,626.0,268.623132750064,24350,s,34.1300672021877,306.397009111232,78.448730407119,13.0
72022,72,1217.0,1243.0,473.942113435968,23910,s,55.148514942527,578.454662341605,1283.9407294907,36.0
72023,72,2270.0,2211.0,970.232605140655,24620,s,71.1909244786333,1076.40138791338,553.280970397145,51.0
72024,72,3748.0,3657.0,1597.04219886098,28010,s,80.0655585757596,1747.78871756624,779.267952878638,82.0
72025,72,1946.0,2075.0,861.508459298563,25020,s,71.8537794120078,961.010696803903,285.906596173336,42.0
72026,72,1523.0,1484.0,646.206743235556,26320,s,53.4557907143661,719.299735498658,165.234167098981,24.0
72027,72,329.0,333.0,164.0,25140,s,11.0,159.0,41.8270372390026,6.0
72028,72,476.0,483.0,196.871480883428,24810,s,25.5275642656048,226.791838310539,84.3836492690804,18.0
72029,72,1974.0,1957.0,963.315007847527,23110,s,112.240963398612,754.459131779754,807.621336561991,73.0
72031,72,543.0,528.0,207.032027311886,24620,s,24.6937537801638,292.233549984988,109.767350367044,15.0
72032,72,334.0,333.0,154.657868402587,25250,s,19.0162250436289,174.376702144683,26.8885716838791,6.0
72034,72,434.0,453.0,182.810975616542,28460,s,6.96283126753674,199.66119492233,90.9286915992249,13.0
72035,72,2025.0,2222.0,1042.20679897905,24030,s,148.309007729022,749.787391082514,666.635215473208,58.0
72036,72,306.0,337.0,127.626110469699,25350,s,7.8946062558326,138.183845275038,16.4850449317943,6.0
72037,72,129.0,97.0,58.05,23500,s,9.675,59.125,4.21231343600744,1.0
72038,72,534.0,626.0,232.857839611956,24980,s,20.4909324629638,263.80055303741,146.100673324793,7.0
72039,72,3721.0,3869.0,1786.51696411856,23060,s,150.846800894829,1452.684103643,1330.88821367249,90.0
72040,72,153.0,135.0,62.6875,22850,s,9.5625,77.5625,13.75,5.0
72041,72,352.0,324.0,130.896962914007,25620,s,4.05677625894066,187.809513949178,36.1195829087955,11.0
72042,72,2121.0,2068.0,994.0,24280,s,90.0,875.0,775.86947376195,86.0
72043,72,335.0,316.0,148.892569466806,25970,s,12.3459612963826,150.602649706635,13.5162482344198,3.0
72044,72,431.0,439.0,166.975842916129,24940,s,11.0032129523257,216.571081334097,56.4896024562236,9.0
72045,72,781.0,812.0,285.462235406226,26420,s,25.4077895375447,403.393306020534,48.6084515715295,9.0
72046,72,1562.0,1541.0,660.492809845999,24720,s,49.1896462117622,781.372112596231,256.234292133845,23.0
72047,72,2127.0,2148.0,809.778159106077,26250,s,54.0046559655815,1047.16161006709,253.112544725276,28.0
72048,72,537.0,556.0,210.771849365457,25290,s,15.677540520688,283.447033045438,59.3740991094607,8.0
72049,72,250.0,246.0,103.852983241709,22810,s,4.03175055063624,105.84210329691,42.3870945039849,13.0
72050,72,1525.0,1609.0,722.546408378013,24140,s,56.8536988542867,666.123503898359,1485.47222539289,79.0
72051,72,3365.0,3372.0,1390.52598257027,26370,s,102.482303603011,1673.72141558285,633.348618832947,83.0
72052,72,668.0,701.0,332.898197675418,26200,s,20.3996391562502,217.005471419159,103.461538779128,14.0
72053,72,1161.0,1220.0,499.0,26330,s,28.0,564.0,228.445449669011,13.0
72054,72,3680.0,3857.0,1367.29394884184,25470,s,167.746835405863,1845.41042294415,3905.08422791228,111.0
72056,72,1303.0,1373.0,530.050093117232,25700,s,41.5709094840902,567.573795749076,145.013575893294,15.0
72057,72,68.0,68.0,31.1666666666667,s,s,0.944444444444444,40.6111111111111,8.55555555555555,0.0
72058,72,6803.0,6463.0,2771.0,28860,7,175.0,3058.0,1864.18065505443,183.0
72059,72,816.0,859.0,365.328847842594,24720,s,33.631037355058,410.946500979957,144.090715100175,36.0
72060,72,282.0,269.0,132.0,22860,s,21.0,121.0,32.9142290038148,7.0
72061,72,1725.0,1691.0,699.953907345033,24860,s,70.9048521517179,897.885894345982,253.929929499253,24.0
72062,72,779.0,879.0,348.0,25730,s,25.0,415.0,174.610521414716,22.0
72064,72,517.0,545.0,237.423717489081,26080,s,27.0563945815283,229.49336141021,57.6601774214007,16.0
72065,72,2252.0,2389.0,1009.2007428333,29750,s,58.0424905837183,928.500846607666,2385.78166767951,287.0
72066,72,421.0,454.0,170.021262818411,27040,s,6.92090260290909,198.405077560217,14.7180497267643,4.0
72067,72,998.0,975.0,400.0,25130,s,33.0,524.0,112.282938564762,15.0
72068,72,1370.0,1440.0,700.300212889702,23120,s,83.7505606337295,466.928946993308,961.205780876153,78.0
72070,72,250.0,242.0,111.167746018653,24410,s,10.9918509668416,124.015576463513,11.6510662111672,3.0
72071,72,5707.0,6160.0,2923.0,22730,21,292.0,2053.0,3164.71420252144,198.0
72072,72,255.0,263.0,97.6171875,26170,s,5.9765625,129.4921875,10.900092178299,4.0
72073,72,1164.0,1065.0,456.504279759113,27040,s,47.6563598486498,601.938928180273,103.255073838547,23.0
72074,72,213.0,210.0,99.0,26180,s,4.0,95.0,12.0,4.0
72075,72,996.0,969.0,399.265521517384,26100,s,25.754858704071,508.96301670833,102.187480690068,17.0
72076,72,259.0,226.0,91.3485477178425,27170,s,6.448132780083,120.365145228216,6.09997250849595,1.0
72077,72,436.0,431.0,198.832673840634,24150,s,22.2425198427527,182.775838396237,262.893276370262,16.0
72078,72,353.0,368.0,158.902832695047,23620,s,9.02647676161765,159.834034879175,143.751752939199,15.0
72079,72,308.0,307.0,126.834052188495,25730,s,4.02291193528125,147.886811063784,22.73518975636,5.0
72080,72,2746.0,2685.0,1188.97161639094,26610,s,72.0876974400747,1139.16553554707,2789.73532607541,101.0
72083,72,357.0,410.0,140.857364152589,26050,s,15.1662159073355,189.145379964095,44.9405579304048,10.0
72084,72,1276.0,1266.0,546.363495847776,25500,s,48.1182216677983,614.038591183777,141.119383328768,18.0
72085,72,177.0,194.0,93.8963414634149,25690,s,5.39634146341465,99.2926829268296,31.7256004815272,6.0
72086,72,138.0,134.0,56.0,27210,s,12.0,63.0,13.0855188390442,3.0
72087,72,460.0,529.0,220.932198874031,26120,s,13.4334688046358,204.715008241698,59.8179889458016,16.0
72088,72,320.0,348.0,138.003548490424,25140,s,17.5444677934874,193.152020161065,61.4743178291276,9.0
72089,72,1828.0,1878.0,896.690594244223,24300,s,84.8450219984594,728.816374385437,683.970560364044,72.0
72090,72,2838.0,2900.0,1384.05885782054,24270,s,93.7696140246079,1262.13364706146,1415.06487362154,95.0
72091,72,135.0,142.0,66.0,25150,s,3.0,65.0,18.0529801324503,4.0
72093,72,886.0,911.0,394.0,26650,s,29.0,450.0,101.036351099449,19.0
72094,72,638.0,619.0,294.0,23620,s,24.0,290.0,64.8098576987539,14.0
72095,72,8049.0,7447.0,3388.38730581516,21320,28,734.342573586076,3148.4985067855,2413.50377251828,139.0
72096,72,1619.0,1643.0,604.0,27030,s,27.0,761.0,565.192356514526,45.0
72098,72,512.0,527.0,234.0,24070,s,27.0,242.0,44.4876420983336,10.0
72099,72,641.0,636.0,247.764926967402,25210,s,23.9200029561226,337.153482096933,59.5226809545481,10.0
72100,72,403.0,410.0,164.860463997244,24400,s,11.4709472827087,222.573537049726,48.1400627772697,13.0
72101,72,670.0,683.0,269.02550314209,24290,s,26.8466460135815,373.993798452961,77.4485509647871,16.0
72102,72,83.0,95.0,44.0,s,s,5.0,49.0,8.9251949768102,2.0
72103,72,614.0,608.0,297.632012437059,23660,s,41.173411056732,271.145035850432,96.0228121400542,21.0
72104,72,585.0,582.0,254.0,23220,s,23.0,279.0,96.4374671614539,10.0
72105,72,460.0,501.0,203.0,28090,s,13.0,216.0,38.1668604201573,7.0
72106,72,910.0,933.0,342.663080141178,26580,s,15.1820275788896,477.034533168432,75.2577807749142,8.0
72107,72,341.0,352.0,147.0,27990,s,8.0,189.0,29.0629947544305,8.0
72109,72,544.0,604.0,226.671427256363,25610,s,21.6418111430061,266.148695979989,61.8290992953688,12.0
72110,72,993.0,1044.0,391.904116581319,24520,s,34.7788310026172,535.851775383426,212.587465908407,24.0
72111,72,490.0,494.0,193.0,26630,s,17.0,262.0,41.7349744204225,12.0
72112,72,482.0,478.0,203.015242233786,23670,s,25.6070074420915,228.427324079512,55.5791013631943,20.0
72113,72,746.0,795.0,288.9548971696,28160,s,11.9897344790245,370.343373928811,66.6120081018909,15.0
72114,72,250.0,271.0,107.333422094758,25820,s,9.18496044313943,126.99373985438,26.7370022550419,12.0
72115,72,942.0,942.0,428.951388672127,24280,s,24.7733398099206,427.585380685947,166.560073521593,26.0
72118,72,1433.0,1483.0,655.357777734601,24670,s,72.3385120549439,662.269187231464,183.970946412671,31.0
72119,72,1062.0,1027.0,445.107523541059,28120,s,24.6680108600222,552.144460510441,115.697374158948,14.0
72120,72,225.0,250.0,87.0,25660,s,14.0,128.0,22.059044189685,7.0
72121,72,318.0,333.0,138.985761589556,25090,s,14.9029190677755,148.295532696683,39.8570681110749,10.0
72122,72,1076.0,1047.0,452.652934153058,25760,s,23.7156777070565,509.202403737556,72.1990662935934,16.0
72123,72,61.0,71.0,27.0,s,s,3.0,29.0,3.0,1.0
72124,72,4818.0,4632.0,2241.75057621293,24770,11,225.001892922456,2126.71971922538,1510.03219465899,143.0
72125,72,304.0,295.0,121.819883254968,24740,s,5.33917703039492,143.872383422329,63.6660596024149,10.0
72126,72,290.0,301.0,122.144487035744,24330,s,13.2585324947243,143.217219905016,41.1897452741405,11.0
72127,72,1852.0,1948.0,806.0,27840,s,55.0,848.0,122.894010410444,16.0
72128,72,526.0,526.0,254.292827210511,24390,s,26.0185071974666,244.54658633805,58.0953870911911,10.0
72129,72,905.0,841.0,344.93338228835,26830,s,25.3837715571533,487.962953620131,84.5954646965315,14.0
72130,72,736.0,643.0,271.645442192272,29030,s,16.402298464085,377.614479647818,58.3598370244161,13.0
72131,72,577.0,588.0,242.166260712014,25100,s,20.2415764274951,282.609238608637,56.4993903676392,10.0
72132,72,8769.0,8848.0,4490.07685744839,23720,18,487.004059158931,3601.64909660815,6316.14839717021,401.0
72133,72,1543.0,1510.0,605.0,28910,s,43.0,799.0,134.737522423678,22.0
72134,72,525.0,543.0,235.593618321435,24260,s,30.2762457809853,259.260218180042,57.7561806196942,12.0
72135,72,600.0,621.0,231.752231817119,24670,s,19.8974770779458,283.499391477633,65.1058815311015,6.0
72136,72,309.0,327.0,128.279918854119,26510,s,13.1410153524918,176.167124090829,47.7251602603304,8.0
72137,72,2189.0,2220.0,934.078306438043,26010,s,63.0040345018055,992.764802531022,258.906687074613,36.0
72138,72,2909.0,3026.0,1407.48720843611,23250,s,151.229226935021,1123.16889600068,1053.19619650766,104.0
72139,72,995.0,1004.0,419.737002607014,24100,s,36.4363281108096,468.640221210961,162.923150518099,25.0
72141,72,889.0,967.0,388.362952025614,25040,s,44.5930955575276,456.769333015365,64.7675586883285,16.0
72142,72,141.0,160.0,68.5684931506849,23940,s,8.69178082191781,73.3972602739726,21.6667279480372,6.0
72143,72,1941.0,1920.0,810.715514770236,23840,s,88.8057952548129,763.804812800372,931.206292277677,64.0
72144,72,339.0,334.0,164.764297991521,23710,s,15.109056348124,142.949593589724,35.5182238394955,11.0
72145,72,384.0,394.0,173.0,23830,s,18.0,171.0,28.2655135456586,10.0
72146,72,3200.0,3015.0,1268.0,27470,s,61.0,1457.0,320.130201281098,56.0
72147,72,1285.0,1082.0,519.0,26700,s,44.0,678.0,96.3307771055532,24.0
72148,72,80.0,85.0,33.0,s,s,3.0,39.0,19.8396019088098,5.0
72149,72,597.0,654.0,241.917592763684,25210,s,21.7224096746104,297.018430125473,180.408039930712,24.0
72150,72,1275.0,1286.0,498.0,27340,s,28.0,653.0,201.253728596058,36.0
72151,72,1142.0,1156.0,499.079059250955,25320,s,40.4528214355008,559.109202820424,129.268269733037,21.0
72152,72,412.0,474.0,188.30621814455,26330,s,9.35306947546426,162.051001553524,42.5736750276685,5.0
72153,72,552.0,572.0,264.3464100003,22820,s,44.6961493435596,257.307751521222,82.6360118247434,15.0
72154,72,15081.0,15163.0,7268.41828325295,24300,16,837.426408991501,6381.40953557066,7623.5874475485,555.0
72155,72,4260.0,4479.0,1801.37157975458,27340,s,115.281592534269,1971.72199895517,653.368105729114,80.0
72156,72,920.0,970.0,390.901836860502,25110,s,41.4913381563116,486.989993447158,134.236858158637,14.0
72157,72,695.0,737.0,296.95780299196,28000,s,23.8444955837401,341.53558231567,19.6475286815394,7.0
72158,72,817.0,847.0,356.415714752402,24280,s,38.7573507544056,401.653813216407,89.5040333860006,19.0
72160,72,585.0,606.0,247.0,25400,s,24.0,287.0,105.437005718508,13.0
72161,72,938.0,903.0,473.0,24260,s,38.0,377.0,115.728066712558,16.0
72163,72,484.0,510.0,192.826512056164,25590,s,23.5494612966981,253.123752335945,60.8821050741942,9.0
72164,72,65.0,70.0,26.8253968253968,s,s,0.0,31.9841269841269,4.12698412698412,1.0
72165,72,1937.0,1917.0,814.873632692486,26120,s,60.6117375475963,912.029137822839,147.248749243171,19.0
72166,72,295.0,331.0,128.794130033344,25470,s,9.21956293069242,158.363711855186,37.4754978150413,10.0
72167,72,703.0,732.0,260.991744341461,25990,s,14.7222819672798,382.764669981848,249.466521127881,20.0
72168,72,2100.0,2185.0,1002.02338386505,23680,s,73.2827045097752,883.367256433137,1291.96007103031,74.0
72169,72,1496.0,1467.0,597.77084901782,27340,s,35.9598728120211,776.879088082206,169.668369549369,30.0
72170,72,175.0,182.0,80.6179775280899,22920,s,8.84831460674157,86.5168539325842,23.8201637749464,8.0
72171,72,104.0,101.0,59.0,s,s,4.0,41.0,9.06863370525941,4.0
72172,72,1454.0,1445.0,621.746684049087,24680,s,47.8921719536313,680.930181609543,251.604681653882,30.0
72173,72,1233.0,1234.0,536.314339141133,25610,s,41.6257750844378,516.625959638774,626.33317634534,42.0
72174,72,105.0,107.0,51.5277777777778,s,s,6.80555555555555,58.3333333333333,15.8562544467227,7.0
72175,72,1524.0,1568.0,730.940521227617,24070,s,50.5302299531914,649.080660035272,461.75680502497,48.0
72176,72,4016.0,4344.0,1984.66330245006,22820,17,186.108626705064,1528.21931680865,1512.43772308254,157.0
72177,72,336.0,349.0,138.170657948127,25040,s,11.6276951228574,185.921139226865,178.723451472169,8.0
72178,72,197.0,191.0,75.4676616915423,22890,s,8.82089552238806,91.1492537313433,25.7333200655592,7.0
72179,72,1881.0,1916.0,897.91849860155,22980,s,96.992806854593,848.127753328654,334.232479824892,40.0
72180,72,5080.0,5311.0,2556.24895585333,21870,23,361.379033466761,1877.48340078891,2814.28084170892,199.0
72181,72,145182.0,142991.0,73588.3028999622,23610,22.9,10671.3573083344,64782.2604673725,85354.7085352929,4806.0
72182,72,1550.0,1574.0,670.134872469047,24440,s,48.6808942482234,717.630752599091,360.831138091321,36.0
72183,72,1063.0,1050.0,473.616964287596,23230,s,52.599073772024,466.452236209646,184.800627932754,34.0
72184,72,346.0,381.0,154.0,26440,s,10.0,170.0,131.51370097097,21.0
72185,72,658.0,662.0,274.0,24610,s,29.0,323.0,50.9438110221631,8.0
72186,72,879.0,894.0,373.922858181731,24910,s,26.2113553796542,415.334191542518,336.587093047268,32.0
72187,72,1618.0,1665.0,686.013083622951,24200,s,60.5082807945296,767.207883934905,261.850292474592,22.0
72188,72,159.0,150.0,68.4437086092715,26270,s,5.26490066225165,70.5496688741721,4.13262460787731,3.0
72189,72,2038.0,2210.0,987.668855064027,22490,s,97.3280568460044,785.49156021504,1252.18916696213,80.0
72190,72,287.0,278.0,135.0,26770,s,11.0,136.0,93.0179590490946,9.0
72191,72,3186.0,3140.0,1458.0,24330,s,95.0,1335.0,855.93971061266,67.0
72192,72,105.0,103.0,53.0,24730,s,1.0,48.0,13.9047177175859,2.0
72193,72,446.0,441.0,208.476232594865,25940,s,7.61563201519367,200.719150668194,56.598134496229,14.0
72194,72,272.0,267.0,105.326427350435,23940,s,9.87603200305729,140.37323551387,29.5494743656514,7.0
72195,72,1853.0,1908.0,753.690586718461,25110,s,80.2779391233524,920.751713868536,173.446748559625,27.0
72196,72,735.0,693.0,300.877685404993,24280,s,34.1411402831375,364.436624484951,211.346844937346,13.0
72197,72,679.0,702.0,263.714653308947,25340,s,18.9678386776139,352.724296323257,54.730489176109,11.0
72198,72,2631.0,2652.0,1106.54541407164,29340,s,75.9163520854274,1258.02311676185,515.753781773285,65.0
72199,72,266.0,256.0,106.490094214874,26090,s,8.95698864198257,125.096261442702,20.3087221332383,14.0
72200,72,3699.0,3656.0,1482.70393465194,26990,s,111.347389191789,1768.52138560908,551.435796583873,79.0
72201,72,234.0,258.0,104.482168313527,23150,s,9.72076475829262,115.75737460878,28.3886715360339,5.0
72202,72,207.0,212.0,91.892523364486,23580,s,2.9018691588785,110.271028037383,16.6128140382855,7.0
72204,72,517.0,548.0,223.575150879124,25280,s,31.1781755785016,245.329000517396,76.5865380710489,21.0
72205,72,1833.0,1812.0,718.2421406024,25750,s,45.1971495453902,911.953941674909,296.859725349612,33.0
72208,72,369.0,403.0,158.846436917068,25160,s,12.0568060812597,150.539370437018,177.930383065496,28.0
72209,72,313.0,302.0,136.539566462278,23670,s,14.7724588511092,160.577909914586,31.0174798781487,8.0
72210,72,299.0,311.0,125.85408245856,24850,s,21.0175720172844,144.491036730793,36.561468379862,8.0
72211,72,633.0,643.0,280.0,22740,s,29.0,309.0,98.6267679856418,22.0
72212,72,697.0,702.0,303.462494625452,23920,s,29.9885992132804,340.08912171692,93.9356243308775,15.0
72213,72,5299.0,5279.0,2217.22504651947,25520,s,267.53097469688,2323.25462921367,1600.05675910862,112.0
72214,72,12.0,11.0,5.0,s,s,0.0,5.0,2.0,1.0
72215,72,1023.0,1029.0,420.834229386225,24270,s,31.329365006421,466.182420615973,151.543868784675,22.0
72216,72,593.0,591.0,220.918026726401,24970,s,18.4861037172588,315.948451776784,82.8006388317353,12.0
72217,72,2463.0,2402.0,1046.54979710533,29610,s,68.9566880571976,1119.82244519718,675.437890868945,70.0
72218,72,302.0,299.0,127.854997838131,25420,s,14.376982451576,154.583023171099,21.7266404974614,5.0
72219,72,768.0,861.0,312.0,26080,s,27.0,400.0,173.975603887402,29.0
72220,72,876.0,930.0,376.356998076309,24550,s,22.386113170829,379.699960455179,123.952212885167,12.0
72221,72,361.0,377.0,170.372260313639,23270,s,29.8233898414037,163.941292363823,24.1389329454772,7.0
72222,72,255.0,284.0,111.652381779297,24770,s,12.4533484567926,116.562458463536,27.5495835543859,7.0
72223,72,2585.0,2633.0,1211.77020877254,24530,s,84.7753612386981,1200.89658592348,673.200237688472,78.0
72224,72,529.0,535.0,204.551074186219,25250,s,13.0217378918467,252.638989040182,34.8143154595077,6.0
72225,72,671.0,665.0,278.20126224435,24730,s,28.1260840869644,329.069766271168,123.1135768182,16.0
72226,72,1325.0,1320.0,509.0,25420,s,46.0,692.0,153.451875786461,22.0
72227,72,33.0,40.0,13.0,s,s,1.0,20.0,13.0773209345375,4.0
72228,72,1998.0,2118.0,854.160604727822,25950,s,51.9815466594171,940.582242918473,430.070721648099,45.0
72229,72,449.0,526.0,201.396832168493,22340,s,17.904764979455,203.534498971872,56.7240294051715,8.0
72230,72,1038.0,1088.0,416.686040495114,27060,s,35.7817205249428,530.025973693241,87.3371341243226,16.0
72231,72,5367.0,4999.0,2121.18895873294,26780,s,134.049632395583,2451.02919957417,1615.42984901384,101.0
72232,72,707.0,637.0,243.0,26150,s,33.0,399.0,32.838567376541,5.0
72233,72,71.0,63.0,31.0,s,s,3.0,34.0,3.00219205712326,1.0
72234,72,346.0,374.0,164.0,24520,s,15.0,169.0,23.7898742419898,7.0
72235,72,373.0,381.0,169.677325186822,23660,s,13.2065653568455,187.414814368727,85.0018314123174,17.0
72236,72,191.0,195.0,82.0,29700,s,8.0,90.0,11.740720877505,5.0
72237,72,505.0,520.0,195.191610366019,25230,s,14.6040960882009,260.862081881035,31.3540820591997,7.0
72238,72,74.0,77.0,32.1315789473684,s,s,1.94736842105263,35.0526315789474,15.7365288004143,1.0
72239,72,597.0,609.0,241.787849874684,26150,s,26.6158721708848,312.794444944304,87.1539491281869,20.0
72241,72,2928.0,2988.0,1331.2194092257,25880,s,97.7831118567295,1358.91177545185,816.232513190671,87.0
72243,72,1614.0,1697.0,633.0,24430,s,57.0,718.0,414.004084288136,34.0
72244,72,2900.0,2981.0,1265.21808564896,25340,s,96.7790481947621,1409.19786507828,919.896798193157,53.0
72245,72,669.0,686.0,263.817026349143,24390,s,18.6718705758062,320.683136292301,68.7068068198815,7.0
72246,72,193.0,219.0,87.4679802955665,25310,s,5.70443349753695,107.433497536946,14.3655189001119,3.0
72247,72,1333.0,1324.0,539.309590607063,29410,s,42.1871483595713,633.249641638207,289.37388370943,27.0
72248,72,808.0,822.0,357.053615197055,24110,s,31.1737256459841,406.945056428798,93.3568841550569,16.0
72249,72,805.0,784.0,325.060405670906,26710,s,14.5929906656493,444.372690306645,79.3452347373011,13.0
72250,72,160.0,174.0,68.9820359281437,26740,s,8.62275449101796,80.4790419161676,27.15633829058,7.0
72251,72,390.0,377.0,163.555171540374,25670,s,12.8444937525638,195.653278115121,39.1418812665176,8.0
72252,72,1108.0,1210.0,486.76112765309,24300,s,57.1619703693626,526.970084555171,218.664767981042,28.0
72253,72,2546.0,2615.0,1015.59226022725,27540,s,95.3698479643217,1217.56245259291,880.302705366378,74.0
72254,72,263.0,278.0,119.860989818648,25030,s,9.02995996235315,124.483310676241,14.9292576913535,9.0
72255,72,791.0,819.0,341.445679337832,23740,s,49.1695945867172,347.456162932515,77.6882381802522,16.0
72256,72,808.0,775.0,335.0,23950,s,31.0,361.0,93.6619872930182,20.0
72257,72,2352.0,2282.0,969.487341656165,32460,s,43.4320258293896,984.295756166313,693.828930759887,72.0
72259,72,270.0,296.0,122.073605904199,25880,s,10.9223278864869,140.020080092847,36.1221787647701,14.0
72260,72,3492.0,3402.0,1405.0,27920,s,98.0,1489.0,1530.81727669525,181.0
72261,72,301.0,339.0,132.272032987352,27010,s,6.68666471204244,179.450570691952,46.311110569396,9.0
72262,72,2052.0,2175.0,921.0,24130,s,75.0,758.0,487.616175804015,70.0
72264,72,12194.0,12350.0,5762.87802936991,21680,23,844.127257757991,5281.0258545308,12367.0583169891,441.0
72265,72,246.0,263.0,114.312445115863,22280,s,9.06569830563464,118.770850923467,24.2073714743326,9.0
72266,72,764.0,669.0,333.460106741228,25590,s,45.0932007607516,332.98437528932,68.8279756010386,14.0
72267,72,916.0,913.0,371.989314704758,25670,s,36.1901907852061,466.134342991944,84.045616437374,18.0
72268,72,709.0,722.0,277.108913658274,24930,s,28.3535277548013,346.162558388362,35.5573986602833,3.0
72269,72,2969.0,3248.0,1482.0,23240,s,143.0,1039.0,1776.92683290846,129.0
72270,72,185.0,178.0,78.5474860335199,26880,s,0.0,73.3798882681567,24.2676276734493,4.0
72271,72,881.0,889.0,342.0,24600,s,31.0,481.0,68.4007404235877,10.0
72272,72,326.0,317.0,153.447703529658,24680,s,7.45863565104653,163.444299326759,43.7721302160008,5.0
72273,72,231.0,228.0,98.0,24640,s,15.0,109.0,12.9187565171082,4.0
72274,72,214.0,205.0,88.348623853211,25500,s,7.85321100917431,108.963302752294,22.7502319359629,8.0
72275,72,1517.0,1404.0,563.0,27190,s,32.0,801.0,150.065417187996,24.0
72276,72,1884.0,1997.0,931.921743582849,24020,s,82.6342856687348,815.12860920824,884.919636935227,47.0
72277,72,113.0,118.0,55.0,26450,s,1.0,57.0,12.0003837932203,1.0
72278,72,750.0,812.0,347.590371663693,23170,s,34.5587978940995,327.489465036638,250.707545258523,24.0
72279,72,171.0,158.0,88.8066298342542,23220,s,8.50276243093923,73.6906077348067,24.1392444063234,5.0
72280,72,2228.0,2100.0,904.613460430025,28730,s,56.7377061735111,1025.34722552863,225.666207965919,24.0
72281,72,450.0,438.0,195.932972001621,24510,s,29.2163529774551,210.422779487828,44.8529854309502,10.0
72282,72,519.0,532.0,244.0,22970,s,19.0,220.0,74.3498254321204,17.0
72283,72,346.0,338.0,143.159356401084,22590,s,30.9974771275254,159.971059235347,71.6715587464409,16.0
72286,72,392.0,399.0,163.713568781065,26070,s,14.2013397392592,186.490463416274,35.3654941744916,5.0
72287,72,,,,,,,,,
72289,72,1964.0,2065.0,871.0,25660,s,65.0,922.0,613.639227446934,52.0
72290,72,1810.0,1739.0,691.330219838558,25430,s,59.4213044509936,979.286807250356,153.104271322339,23.0
72291,72,955.0,960.0,405.0,23600,s,42.0,443.0,107.958986671486,20.0
72292,72,225.0,254.0,100.682747501048,27420,s,3.01049435464516,108.050118915906,50.2277205206628,4.0
72293,72,612.0,631.0,218.912399681832,25970,s,16.7270643271534,284.907664280708,78.0387328679592,5.0
72294,72,474.0,472.0,229.160642748492,24870,s,39.2217223181768,243.560239511903,94.3846468484942,24.0
72295,72,511.0,504.0,224.0,26210,s,9.0,196.0,156.585929281957,15.0
72296,72,741.0,730.0,315.839964407195,25700,s,19.9504603174595,372.387753367809,165.560712289874,9.0
72297,72,536.0,552.0,228.200113128519,25440,s,10.0183588914051,268.388034739078,45.8507914922522,8.0
72298,72,,,,,,,,,
72299,72,2471.0,2408.0,950.23751938903,25350,s,102.869298664671,1215.27811020439,276.99833634481,33.0
72300,72,2712.0,2686.0,1126.24780757454,26070,s,119.588571205846,1330.61233396745,556.996824742013,63.0
72302,72,172.0,182.0,75.1912568306011,26460,s,5.63934426229508,79.8907103825137,8.599035781107,3.0
72303,72,740.0,740.0,332.903634900739,23830,s,40.3321336744522,356.281238971366,102.845634951924,17.0
72305,72,914.0,1021.0,407.353998351654,24310,s,35.6007382600222,408.421895278466,143.197664798172,21.0
72306,72,1325.0,1292.0,506.870571427279,26370,s,44.0785016256726,657.323820808934,95.4848603551361,18.0
72307,72,238.0,239.0,91.3839662447257,26650,s,7.0295358649789,123.518987341772,12.0464135021097,3.0
72308,72,2090.0,2129.0,936.689479906945,26480,s,73.2282261310598,911.062931523608,451.373597616323,41.0
72309,72,276.0,290.0,137.665236779278,24040,s,14.6147274371133,142.515374821916,31.5089743601319,4.0
72310,72,2002.0,1928.0,817.677619268642,31410,s,43.9864056351972,835.654184712624,563.218849909761,67.0
72311,72,339.0,365.0,170.845624523773,22090,s,16.6409106156649,159.48377032943,29.655727768086,6.0
72312,72,225.0,237.0,90.0000000000003,24380,s,6.27906976744188,115.116279069768,20.5896761553052,7.0
72313,72,212.0,226.0,93.6504854368929,26140,s,4.11650485436892,98.7961165048541,10.2341235658461,2.0
72314,72,363.0,377.0,153.006257825958,24020,s,19.846045405278,159.449353450598,69.169567769103,11.0
72315,72,832.0,838.0,383.187669684154,24430,s,43.5740790133582,365.909680302128,118.445314013486,15.0
72316,72,705.0,689.0,306.0,24150,s,22.0,314.0,116.921683887196,17.0
72317,72,498.0,518.0,247.0,24670,s,12.0,220.0,60.8348525302451,14.0
72319,72,729.0,773.0,301.179214148194,26210,s,26.9919840786965,379.234269654784,58.8799340164718,13.0
72320,72,2773.0,2510.0,1004.5106533803,30250,s,64.2731514554957,1218.10714573697,1818.29465252839,175.0
72321,72,499.0,582.0,227.31522732844,25700,s,18.2427271999641,259.14173536554,132.824570958678,10.0
72322,72,223.0,228.0,100.553025654917,27490,s,10.0017496189697,93.0842643761445,37.3683008096818,10.0
72323,72,438.0,455.0,184.0,25640,s,15.0,225.0,42.6155198522405,12.0
72324,72,503.0,519.0,203.819351126321,23910,s,29.9293836185263,255.920940005696,58.640428651459,9.0
72325,72,822.0,871.0,422.38824719005,24010,s,32.9407769560404,363.238058078197,162.038042215621,24.0
72326,72,218.0,211.0,90.0,25620,s,7.0,105.0,15.0096027929776,6.0
72327,72,268.0,298.0,118.0,25540,s,10.0,128.0,32.8725714694546,8.0
72328,72,3865.0,3575.0,1670.0,29840,s,112.0,1596.0,1048.39822036758,126.0
72329,72,4042.0,4008.0,1767.93352851145,27980,s,95.2019086722067,1758.65454668085,810.606754779014,98.0
72330,72,447.0,430.0,185.843553734672,22110,s,16.4195009264882,224.931069443083,65.6731123899042,14.0
72331,72,584.0,570.0,257.93871148161,24650,s,28.729640910607,312.798727994753,514.224806875257,11.0
72332,72,599.0,602.0,261.025385674644,24390,s,16.2522069055293,272.957800059546,93.6681421850204,16.0
72333,72,432.0,444.0,200.371089770342,23250,s,25.3773591536479,188.641339130531,246.242572338804,7.0
72334,72,2192.0,2312.0,1001.99564086599,22320,s,141.789983675391,756.745941088674,1659.98743225418,112.0
72335,72,1080.0,1087.0,451.021417626861,26890,s,40.1824261182501,545.51404242927,100.566871279061,23.0
72336,72,1229.0,1190.0,546.061180269881,27470,s,40.9427608143402,483.255934370655,1117.48588379031,108.0
72337,72,832.0,903.0,403.560017075528,23240,s,47.135635407168,378.009606676637,694.646568986024,18.0
72338,72,822.0,663.0,284.377945106302,27320,s,26.5514106129177,416.505268189221,45.4806286585192,8.0
72339,72,646.0,693.0,269.170867825042,27920,s,25.9110914085445,310.487596927302,58.1602732422737,8.0
72340,72,1237.0,1209.0,503.0,26330,s,36.0,634.0,97.0810153228806,13.0
72341,72,604.0,640.0,254.525508142656,27150,s,15.4356004909544,322.445131553996,153.539734052001,18.0
72342,72,160.0,178.0,74.7305389221557,29690,s,2.87425149700599,80.4790419161676,12.4769968076847,6.0
72343,72,606.0,630.0,238.0,24430,s,23.0,281.0,60.9378895607889,16.0
72344,72,2821.0,2897.0,1192.79115227978,28110,s,69.3950255223629,1286.51997590921,1267.85324117449,74.0
72345,72,339.0,342.0,138.609088979324,26670,s,10.9217640833165,168.100686292536,16.7108235422068,3.0
72346,72,4628.0,4462.0,2153.87511984438,25460,s,138.627596032608,2135.81566936892,1634.76620351076,111.0
72347,72,289.0,324.0,116.437571748167,26050,s,10.8318919949849,147.438045253723,36.2468250119313,8.0
72348,72,132.0,139.0,55.0791366906475,23990,s,7.59712230215827,66.4748201438849,6.64748201438849,2.0
72349,72,521.0,489.0,217.789303071917,25830,s,18.2657180484554,273.60384913014,55.4923636792684,9.0
72350,72,3043.0,3021.0,1235.00748507956,26590,s,93.3764105062036,1493.7691488805,425.562189151387,69.0
72351,72,1017.0,1080.0,419.160249155127,25010,s,24.5333191120106,454.744084348134,208.850486057483,34.0
72352,72,143.0,133.0,56.5827338129498,23270,s,3.08633093525181,67.8992805755398,11.2877697841727,3.0
72353,72,215.0,216.0,87.0,27360,s,5.0,106.0,33.2071810598432,5.0
72354,72,165.0,165.0,71.0,24670,s,6.0,86.0,26.7025666562222,9.0
72355,72,119.0,86.0,41.5377358490565,s,s,8.98113207547168,65.1132075471697,9.72991580398474,1.0
72356,72,398.0,456.0,182.704560523102,23360,s,17.1675617091283,183.316886528148,56.4249516476365,9.0
72357,72,741.0,721.0,302.658809887371,24570,s,28.6321117025686,361.711069967651,79.021976959944,23.0
72358,72,1653.0,1594.0,662.044955365551,24170,s,86.3974546002205,727.767141675764,629.270335898106,43.0
72359,72,1412.0,1397.0,547.518633029878,26270,s,51.6637022000513,712.092638620453,123.204002423222,20.0
72360,72,1639.0,1359.0,637.0,30000,s,49.0,823.0,574.060043383971,42.0
72361,72,510.0,457.0,211.991058321244,23770,s,28.1385029106642,250.055328910063,67.9643763313828,15.0
72362,72,169.0,158.0,65.6117647058824,26470,s,10.9352941176471,95.4352941176471,16.9416266005785,3.0
72363,72,1669.0,1662.0,766.520732804766,24560,s,71.0907177445414,720.684937147116,664.767223813976,53.0
72364,72,1383.0,1518.0,694.898926606907,24520,s,75.0640214962474,615.018811105373,400.786638534985,42.0
72366,72,304.0,322.0,146.0,25300,s,11.0,134.0,65.843544556192,13.0
72367,72,778.0,802.0,302.15171974665,24250,s,29.1307574764716,348.560223806936,99.4903224661033,13.0
72368,72,287.0,325.0,156.0,25010,s,10.0,112.0,44.8383639644531,9.0
72369,72,586.0,619.0,241.604299780398,24500,s,37.569541032826,302.225274746743,110.081816708353,15.0
72370,72,339.0,339.0,146.937593585924,22820,s,15.6741475880039,172.437991636278,95.2362583976612,8.0
72372,72,77.0,75.0,34.0,s,s,2.0,35.0,3.89800881137137,3.0
72373,72,2508.0,2576.0,1259.28662323666,24840,s,79.1896513272515,989.30905766493,1088.69691260925,101.0
72374,72,137.0,155.0,73.6893939393941,24310,s,6.22727272727274,57.0833333333334,18.3185826837116,4.0
72375,72,517.0,559.0,233.20867857154,26050,s,10.7911439614773,264.292864422355,128.205863019837,16.0
72376,72,651.0,706.0,276.0,26210,s,22.0,342.0,86.948989374082,19.0
72377,72,1035.0,1029.0,410.0,25490,s,33.0,553.0,260.06556703439,37.0
72378,72,1383.0,1438.0,559.0,26070,s,29.0,724.0,148.980480333923,33.0
72379,72,203.0,202.0,86.0,24660,s,11.0,106.0,30.8813862637887,10.0
72380,72,899.0,950.0,391.0,26080,s,33.0,406.0,261.150219185245,23.0
72381,72,1350.0,1378.0,514.45510293371,26260,s,38.2269018151189,716.822709334745,737.402791970367,33.0
72382,72,1526.0,1482.0,613.519850045334,25580,s,49.4458407823195,746.53250470489,183.690387874706,30.0
72383,72,131.0,124.0,51.3923076923078,27000,s,7.05384615384617,79.6076923076925,16.1783666205543,2.0
72385,72,1734.0,1763.0,743.554457796311,25590,s,64.0753730931458,885.572808343168,179.507801083624,23.0
72386,72,4187.0,4254.0,1801.99680007505,29910,s,109.346755710723,1700.27176315012,1037.04859039576,92.0
85001,85,2808.0,2759.0,1557.15405675032,25770,s,109.451271936032,770.906580403196,788.756216911297,165.0
85002,85,2207.0,1941.0,1004.77156575496,26180,s,81.3621329851641,990.838213652715,307.091374822376,66.0
85003,85,10218.0,9314.0,4215.02490098241,26220,7,396.299922731783,5051.3049235472,4360.21004988535,392.0
85004,85,2966.0,2785.0,1518.96202427741,25740,s,162.136507170158,822.165170266221,494.078280140014,76.0
85005,85,1035.0,1058.0,437.554680131267,25310,s,33.2843007944742,442.054152988366,721.831277395635,47.0
85006,85,2028.0,1799.0,868.161452909301,24780,s,86.2123318653657,953.637264490743,572.453465080941,55.0
85008,85,7129.0,6430.0,2865.711636163,26810,7,229.589853661037,3503.93364454819,1263.93631396786,164.0
85009,85,1118.0,1138.0,475.0,24350,s,43.0,523.0,276.565740438864,17.0
85010,85,1408.0,1400.0,667.97359755291,25080,s,55.2574290118299,543.296477750621,236.911275824771,36.0
85011,85,1790.0,1752.0,941.506259577185,27310,s,59.5438882377241,598.700739858418,263.268043768738,58.0
85012,85,2356.0,2193.0,1243.0,25590,s,90.0,901.0,553.053189998274,112.0
85013,85,1551.0,1393.0,612.75630576732,26070,s,28.3554259223708,847.780097618877,248.61243336798,26.0
85014,85,1161.0,1158.0,494.456616761389,24160,s,48.0845723404002,547.289670671412,184.426285748802,29.0
85015,85,1654.0,1505.0,625.172586681031,26120,s,52.4507361807009,839.988678120817,176.179286413715,35.0
85016,85,2366.0,2199.0,980.654240858392,26040,s,75.4437265740335,1201.99337160063,566.196806881755,66.0
85017,85,2406.0,2368.0,913.402022023291,25700,s,54.8021104624268,1249.18683622638,559.404310138482,58.0
85018,85,3955.0,3925.0,2025.81819566618,24610,s,155.992470394724,1357.33102996365,1308.80229992637,149.0
85019,85,6239.0,5932.0,2540.8922180691,26810,s,159.97313950748,3264.50359903269,2756.00834573776,193.0
85020,85,4059.0,4029.0,1717.47954470138,26570,s,126.588499812937,1894.17063014744,1106.94138600226,91.0
85021,85,,,,,,,,,
85022,85,1320.0,1209.0,606.0,25030,s,78.0,542.0,164.908727646136,28.0
85023,85,449.0,420.0,183.871675351958,25070,s,12.1347148143266,186.566678488872,66.0498030662336,12.0
85024,85,2215.0,1991.0,931.0,25020,s,82.0,1064.0,321.138223162445,39.0
85025,85,2295.0,2261.0,967.994741074255,25770,s,64.3413517579717,1241.15352711122,550.895798521209,70.0
85026,85,1465.0,1379.0,596.470677472432,24990,s,69.5947999287706,741.112245382485,546.196207402561,53.0
85028,85,595.0,584.0,242.404829112992,26280,s,19.0462191993599,300.234079141088,85.2225789651676,11.0
85029,85,2169.0,2155.0,1008.40715459462,24540,s,66.700779685549,890.80852000182,960.364725610807,138.0
85031,85,3170.0,3126.0,1359.0,24570,s,69.0,1560.0,990.174035926826,83.0
85033,85,717.0,740.0,318.014704426548,23840,s,38.5161902987518,353.742444856948,84.1863660014983,16.0
85034,85,3471.0,3326.0,1483.0,25500,s,101.0,1730.0,1005.07024919482,105.0
85035,85,5139.0,4468.0,2620.07995113449,28160,s,224.149233081845,1643.97787444629,1195.56670015568,204.0
85036,85,587.0,582.0,262.0,24790,s,22.0,281.0,99.2954623455028,12.0
85038,85,2916.0,2791.0,1138.2641963998,26670,s,79.1164436657817,1498.4668406329,980.113813301307,62.0
85039,85,4015.0,3921.0,1653.75193353968,25600,s,93.0933434070024,2031.14414881275,1294.91424875969,70.0
85040,85,1100.0,1114.0,498.0,23790,s,37.0,431.0,241.173810235787,21.0
85042,85,1909.0,1909.0,813.84102852106,24010,s,114.216615929219,870.783394873937,427.445575789359,54.0
85045,85,1103.0,1061.0,503.370220239822,25210,s,40.7349915100592,447.394770885279,393.951122284161,29.0
85046,85,3883.0,3756.0,1568.68153162876,26420,s,129.445849532317,1987.29870463996,1624.51421482135,125.0
85047,85,22890.0,20303.0,11111.2019322059,25830,10.4,1069.42405916988,9330.8007234304,12628.0739662145,1078.0
85049,85,1816.0,1757.0,790.0,24330,s,79.0,790.0,308.669638411179,33.0
85050,85,2041.0,1839.0,893.462670642855,23860,s,74.3861589166332,845.123295046145,273.625479414954,32.0
85051,85,8518.0,8291.0,3816.27873577328,24630,11,368.972703566598,3877.91135711449,4700.85784831162,346.0
85054,85,1083.0,887.0,452.0,23930,s,55.0,525.0,117.075134667839,14.0
85055,85,1108.0,952.0,437.0,25210,s,32.0,569.0,81.0371735899442,10.0
85056,85,394.0,382.0,180.564571899554,24440,s,11.0605578381642,159.186388704859,38.2310242194435,11.0
85058,85,792.0,726.0,323.636220296804,27120,s,16.8831083192262,395.17908270536,283.988824305671,20.0
85059,85,2590.0,2522.0,1189.80867497567,22720,s,129.426478244101,956.544212878259,2117.77131640939,124.0
85061,85,1550.0,1537.0,603.075388815104,25950,s,40.992636718072,755.215166942185,179.122748782825,23.0
85062,85,1144.0,1027.0,449.904429239579,24560,s,43.2044521306559,569.903599305911,135.616737007261,27.0
85064,85,2559.0,2483.0,1033.8313757235,25850,s,64.4137560345978,1284.30090919628,758.704187558348,71.0
85065,85,3648.0,3543.0,1495.93638495901,25150,s,106.160060281362,1819.27867279336,1175.05560909067,104.0
85066,85,847.0,833.0,352.853650991825,24180,s,30.4141278949651,426.584933376895,87.5978233210661,10.0
85067,85,1002.0,980.0,407.785673348866,25610,s,25.0194457141849,475.991231654615,374.461380518492,46.0
85070,85,3416.0,3146.0,1532.84365310802,25180,s,166.903342106921,1520.81963620747,1556.61319991074,116.0
85071,85,3708.0,3444.0,1628.52443264426,24800,s,175.762738748301,1648.06994658688,923.635481844823,83.0
85072,85,1047.0,988.0,424.895722311055,24870,s,21.8904317655157,570.68523340667,536.675204729585,21.0
85073,85,1025.0,1053.0,397.670684013482,25320,s,23.7542948975585,507.132508368868,193.50562742354,26.0
85074,85,229.0,216.0,88.4549356223176,24260,s,6.87982832618026,92.3862660944206,17.7608398530269,3.0
85076,85,5659.0,5262.0,2232.23654331226,27940,s,146.332193668618,2899.30894106194,1869.03418310094,144.0
85077,85,492.0,503.0,224.0,23010,s,30.0,216.0,42.4324412638724,8.0
85078,85,731.0,748.0,382.224203510395,24460,s,30.7236855925466,299.874233188329,314.533914276954,24.0
85080,85,1757.0,1720.0,709.013937164318,25000,s,72.7692344178693,766.526215244675,230.52274623499,36.0
85081,85,4535.0,4248.0,1844.92643173555,27360,s,116.191700179379,2291.49859458616,1864.81593998813,163.0
85082,85,2984.0,2832.0,1243.60528885162,25420,s,86.3599364842045,1528.70739356253,1614.4466307419,95.0
85083,85,1643.0,1649.0,862.561431774767,24800,s,44.6001215450477,624.987219329126,510.473474999935,66.0
85084,85,6835.0,6313.0,2729.46149692072,25780,7,221.508594143927,3503.06630759278,6932.61666224538,377.0
85086,85,1704.0,1576.0,702.013554848268,24630,s,79.0771998532596,825.175558333901,402.154780074263,42.0
85087,85,205.0,208.0,100.054866297027,20510,s,10.9405001739313,84.5566389061199,40.7936269323678,5.0
85088,85,4978.0,4668.0,2354.0,28060,s,154.0,1894.0,496.499102085982,78.0
85089,85,5411.0,5234.0,2227.87587621447,26360,s,188.214404009352,2578.74774127126,1787.70320015241,132.0
85090,85,6401.0,6507.0,2608.86359641963,24910,s,248.959968321229,3239.0699808263,1938.25257595781,194.0
85092,85,13806.0,13424.0,6871.62810554245,24230,17,715.292051702141,5261.50544133378,10166.5522524309,674.0
85093,85,1242.0,1182.0,511.0,25140,s,31.0,657.0,281.93127043765,28.0
85094,85,1176.0,1114.0,534.562970133897,24430,s,46.8784878320983,513.436334890389,293.917076164219,41.0
85095,85,2128.0,1831.0,866.032438739599,24400,s,60.4690032751181,1122.48541049006,222.92368779766,44.0
85096,85,5413.0,4956.0,2326.0,25600,s,174.0,2640.0,1370.85035887755,161.0
85097,85,3223.0,3034.0,1322.12673370813,25760,s,90.5142596232417,1617.20867037568,750.970519833711,78.0
85098,85,1963.0,1905.0,841.321162004949,26660,s,60.7396363099947,996.877431953055,152.48571333247,29.0
85099,85,1144.0,1026.0,455.706698127539,25220,s,45.9195327126777,562.123646430975,89.9985560187665,15.0
85100,85,2216.0,2129.0,999.872615992203,27060,s,90.3047910389137,900.30796690328,966.585663129699,62.0
85101,85,484.0,492.0,197.962112384116,24470,s,31.8047049240932,209.951923176128,29.5214558618511,8.0
85102,85,725.0,658.0,299.123583235503,23410,s,31.3599258059571,368.897576502991,81.9057152276083,6.0
85103,85,2216.0,2151.0,939.0,25540,s,86.0,1146.0,277.21722269255,39.0
85104,85,910.0,832.0,459.840148564366,25290,s,52.2460952340042,321.908986987145,135.721968947494,26.0
85105,85,516.0,546.0,249.738161785947,22680,s,26.8894089251687,214.003840636527,61.650578902717,9.0
85106,85,1335.0,1359.0,718.035237077164,26470,s,78.8333520953082,537.553113783716,656.920296330951,111.0
85108,85,3437.0,3145.0,1343.77260116513,26870,s,95.1809540804482,1831.293846101,1180.58726531511,87.0
85109,85,16589.0,15972.0,7407.65560051411,26010,8,633.239261973023,8425.95259378487,14824.684086803,837.0
85110,85,903.0,911.0,391.476504239069,23270,s,49.1663712063469,374.162268711174,260.939752124224,27.0
85111,85,1505.0,1534.0,703.594284923785,23570,s,83.829733866296,702.392601504465,440.700706104873,34.0
85112,85,2805.0,2699.0,1258.40846117735,26850,s,114.113721639705,1287.49455846021,307.001144627869,80.0
85113,85,4887.0,4789.0,2346.15612800588,26500,s,244.949540380283,2059.49632857437,1806.36813212633,308.0
85114,85,3046.0,2647.0,1716.31893101724,28440,s,97.5550784723416,700.301112736125,766.797243698047,146.0
85115,85,647.0,613.0,268.636829071404,24390,s,17.5359533640701,297.393486157841,172.045240159194,21.0
85116,85,483.0,440.0,216.530252774871,25200,s,23.8816553809032,195.101859342219,68.5033302797551,15.0
85117,85,601.0,619.0,284.0,25300,s,18.0,258.0,101.09866581661,17.0
85118,85,2285.0,2272.0,945.0,27090,s,70.0,1163.0,264.883285329802,44.0
85119,85,2572.0,2344.0,1063.38106136483,26170,s,61.6079011184948,1285.77138320396,686.230037520635,68.0
85120,85,1512.0,1370.0,681.975399410239,25400,s,76.641514617479,678.946212456224,289.471965661781,36.0
85121,85,1050.0,1046.0,482.0,23070,s,49.0,481.0,170.021032692397,25.0
85123,85,296.0,276.0,132.90276067743,24930,s,14.5922849848145,144.024842339504,27.7579172524444,4.0
85125,85,383.0,383.0,155.806422706396,23820,s,14.3684414657031,165.523180136544,44.2695170693791,10.0
85126,85,1360.0,1318.0,573.640764223548,26360,s,43.9604992172358,635.961901161962,230.25331106246,27.0
85127,85,2442.0,2495.0,1273.28599538094,27200,s,85.9479695508324,720.874389239024,635.749211690857,118.0
85128,85,9450.0,9467.0,4923.04192580544,24440,15,410.142810409997,3547.86821810265,5893.01871860453,424.0
85129,85,3671.0,3427.0,1496.03921791979,25760,s,96.3183894779729,1843.95278685317,917.687957151518,88.0
85130,85,1754.0,1483.0,758.464630246986,25090,s,78.2345210565062,893.523565642336,449.609230898212,47.0
85131,85,1461.0,1618.0,667.743036622837,25220,s,70.6562199837999,677.905629165831,168.264882178023,26.0
85132,85,757.0,765.0,332.708706603078,24960,s,29.2795920516255,324.644674724347,148.115204551004,21.0
85133,85,895.0,956.0,422.578814957322,24100,s,30.1398507540711,358.554363522348,411.661985518016,48.0
85134,85,240.0,256.0,113.109461065574,26070,s,11.8927619658326,122.924372430301,18.5139613484573,3.0
85135,85,2773.0,2823.0,1224.00249742094,24760,s,143.290523075398,1089.89678631162,689.72053255601,99.0
85136,85,124.0,110.0,57.4634146341462,21910,s,11.0894308943089,52.4227642276421,17.1638498558147,2.0
85137,85,526.0,510.0,233.554494995939,25830,s,14.6941600652906,242.578882961589,55.1690459650104,11.0
85138,85,1199.0,1119.0,474.110546462509,25350,s,58.4708378338186,594.057149098149,131.537763910755,14.0
85139,85,457.0,456.0,220.551304962388,24130,s,16.4732152821787,180.512782726746,59.6958555914468,13.0
85140,85,1489.0,1513.0,686.0,25100,s,46.0,681.0,492.281217944797,37.0
85141,85,681.0,662.0,284.0,23850,s,30.0,311.0,96.8570640409004,13.0
85142,85,1010.0,989.0,407.0,25460,s,28.0,546.0,281.535442379647,16.0
85143,85,1073.0,1049.0,515.0,24070,s,51.0,461.0,205.870154605147,28.0
85144,85,1560.0,1408.0,624.270493886911,25940,s,53.0646586196561,868.042776047002,204.293733109945,26.0
85145,85,989.0,979.0,401.134080568804,23520,s,34.0734382168307,502.420203884125,105.40216659282,20.0
85146,85,20754.0,20084.0,8991.29671731681,27250,6.4,669.387519720482,10687.317215893,15099.9460732235,908.0
85147,85,1626.0,1676.0,714.60487194615,24750,s,59.8316201074152,789.726732807767,149.844392349703,31.0
85148,85,820.0,794.0,345.738094054384,25470,s,43.9038917557186,387.876110002502,69.7120688021588,11.0
85149,85,408.0,404.0,179.539710412793,22620,s,18.1469612226378,192.849965929778,60.1873175974151,10.0
85151,85,6065.0,5976.0,2604.0,26260,s,179.0,2902.0,3839.04879885373,191.0
85152,85,5451.0,5001.0,2218.0,25800,s,184.0,2657.0,4498.7139443761,251.0
85153,85,2986.0,2865.0,1261.94531315319,24890,s,79.1744274680643,1460.5109134088,683.216941630829,94.0
85154,85,1749.0,1839.0,751.896639208235,23830,s,59.0637139176575,770.488630669399,922.521190717716,52.0
85155,85,5209.0,4913.0,2144.68568665177,28350,s,134.156445375322,2379.83395317398,2669.80036174587,200.0
85156,85,2341.0,2121.0,1064.0,24420,s,86.0,989.0,904.732567059362,92.0
85157,85,823.0,745.0,349.967912376411,25080,s,23.4280879289774,378.744542666202,111.969754916159,20.0
85158,85,1211.0,1233.0,549.583254055569,23570,s,39.2584465406249,571.7674155798,241.154831070783,22.0
85159,85,2372.0,2316.0,1025.0,24510,s,101.0,1041.0,505.860617476692,70.0
85160,85,3056.0,2857.0,1271.82056059089,26570,s,72.6826619625449,1478.65023587225,405.171044743288,78.0
85161,85,2546.0,2468.0,1077.0,25880,s,73.0,1234.0,485.307704899904,61.0
85162,85,2054.0,2126.0,859.0,25570,s,69.0,975.0,443.934869803267,68.0
85163,85,4502.0,4675.0,2377.21312839932,27310,s,197.426655164443,1699.13465024044,2299.63227951436,413.0
85164,85,2293.0,2066.0,1174.84114524604,26430,s,87.4461739048491,804.900617656506,636.650915398566,104.0
85165,85,1264.0,1252.0,489.643379975341,vm,vm,37.1182570041174,678.387900325442,0.0,0.0
85167,85,801.0,800.0,383.827288451749,26970,s,32.7978544323082,346.62758573417,88.1164216002222,9.0
85169,85,1110.0,1089.0,462.80151503377,24140,s,56.4279861106941,548.714825039719,281.385811815622,32.0
85171,85,618.0,607.0,255.565712899397,26390,s,26.4272891011195,289.637055700048,71.5706830261805,15.0
85172,85,2210.0,1989.0,986.727358795605,25110,s,79.5631747215777,1037.22219029728,394.28609267734,63.0
85174,85,684.0,698.0,285.933925494699,24150,s,33.5055667673302,337.924351962671,114.82589337445,14.0
85175,85,678.0,626.0,276.525011772259,25380,s,22.775239667016,339.488355819604,61.83581591023,9.0
85176,85,1144.0,1127.0,493.134724526435,26740,s,20.5034445652007,481.198513595012,163.841668672391,23.0
85177,85,1366.0,1375.0,624.0,23420,s,66.0,617.0,158.142865685539,28.0
85178,85,8637.0,8497.0,3510.0,26700,s,220.0,4273.0,4132.71260770618,290.0
85179,85,1234.0,1082.0,519.148466330839,24740,s,49.699023508072,576.688749568947,138.83971253495,30.0
85181,85,643.0,616.0,274.179368358685,24220,s,32.9113301106356,291.568703472979,58.8476552130825,10.0
85182,85,5641.0,5533.0,2534.73858844457,24930,10,246.570220697312,2615.86051432707,4665.3272309786,235.0
85184,85,318.0,320.0,149.35295874152,23590,s,10.5089681893158,148.654743219839,51.4433858645209,7.0
85185,85,646.0,672.0,273.975030620805,25000,s,33.1853185530311,305.857498270066,122.936999294605,12.0
85186,85,1018.0,975.0,407.982258679129,26220,s,18.7168093692325,520.251154458672,280.454349039931,22.0
85187,85,861.0,869.0,367.904635866018,25280,s,31.4689412022276,427.592649719405,219.944430631038,21.0
85188,85,1157.0,1097.0,480.0,24990,s,42.0,538.0,132.951773244229,23.0
85189,85,2179.0,2071.0,929.769907497071,26080,s,114.182611380213,1005.35647854703,335.026538083358,51.0
85190,85,3571.0,3299.0,1451.0,24980,s,98.0,1815.0,1197.3507152403,99.0
85191,85,54699.0,53741.0,28216.3772507702,25090,15.6,3031.2446981022,24782.8708911773,45657.4038438503,2633.0
85192,85,980.0,942.0,404.0,25260,s,20.0,476.0,205.550533769945,18.0
85193,85,664.0,622.0,260.255085408397,23740,s,27.5023831793576,309.545067634868,66.4663938400532,14.0
85194,85,48740.0,43219.0,26056.7901264873,28010,9.2,2063.41881923943,17536.1262407679,19489.0134532549,2168.0
85196,85,1942.0,1818.0,767.765021096478,25960,s,38.3969912750048,1044.30714153799,225.662301649117,34.0
85197,85,3833.0,3638.0,1491.11429764686,26180,s,93.5043002289192,1968.24456313859,632.152978956022,84.0
85198,85,1382.0,1341.0,553.995345705538,26230,s,28.8272266215841,715.540292981957,170.35947569595,27.0
85199,85,533.0,532.0,208.472435711405,23810,s,21.1458675096944,262.504934366434,129.33933736213,12.0
85200,85,1166.0,1059.0,479.548692661819,24860,s,59.2349713216148,548.606029985499,128.798089435004,17.0
85201,85,511.0,462.0,244.186732792927,25190,s,22.1602354689746,195.238365566323,41.3646666910612,13.0
85202,85,1587.0,1605.0,643.988780128948,25140,s,77.7535200123697,790.374120830599,473.004711513649,43.0
85204,85,2653.0,2539.0,1097.79921513537,24610,s,143.689102840271,1312.94738508025,660.06081409511,82.0
85205,85,543.0,537.0,223.058678470125,23500,s,31.8807364864748,253.020992365392,68.10819496106,8.0
85206,85,400.0,376.0,209.085966479803,22990,s,23.6039543174346,164.315821433838,51.4314768468366,9.0
85207,85,413.0,384.0,205.734322410636,24670,s,15.0950908907326,152.435225202223,44.4925884854514,4.0
85208,85,2425.0,2299.0,973.0,26610,s,55.0,1223.0,775.251644209859,63.0
85209,85,613.0,606.0,245.0,24640,s,27.0,317.0,62.8801866968566,19.0
85210,85,2251.0,2102.0,872.546519718879,24000,s,72.6806223641556,1072.45453793078,353.605938973991,52.0
85211,85,2547.0,2373.0,1016.24635014996,26180,s,100.518643108075,1293.6006979823,318.92223002917,51.0
85212,85,1338.0,1239.0,516.781223148065,vm,vm,35.9155761263407,704.377058018674,0.0,0.0
85213,85,4285.0,4141.0,1755.10929556378,25930,s,130.707152025967,2043.59750795775,931.476870082089,125.0
85214,85,2592.0,2115.0,1081.5171609126,26730,s,74.7528368061293,1321.60617138894,294.0600211231,71.0
85215,85,3924.0,3787.0,1639.18858146718,25530,s,124.389203341665,1928.97056587293,2913.26558070573,127.0
85216,85,2074.0,2049.0,850.329185891965,25600,s,57.0123044740934,998.600710968951,945.426640645676,90.0
85218,85,1820.0,1652.0,762.984211237466,26250,s,61.3588255756942,969.381882829646,141.687754096766,29.0
85220,85,1629.0,1503.0,665.91937780297,25240,s,50.0659176391276,768.244211753272,320.778182575205,32.0
85221,85,2752.0,2621.0,1263.31962332853,24790,s,89.2856921015023,1285.89952483171,373.234484091769,58.0
85222,85,8140.0,7570.0,4406.27869931344,27450,8,369.663424382871,2633.74698063298,5790.80189450386,621.0
85223,85,3593.0,3498.0,1528.22382655226,24380,s,148.371343089609,1630.95010818681,2745.82443030767,182.0
85226,85,12923.0,11049.0,6737.297098514,27070,10,515.807482493965,4216.22423603267,3075.00480053319,427.0
85227,85,1904.0,1965.0,808.36817719453,24390,s,76.3774675514637,803.877705163918,404.296970370798,44.0
85229,85,628.0,613.0,303.232721749385,23240,s,12.6428137826457,250.132109577038,416.837124645091,18.0
85231,85,824.0,817.0,402.395966427863,25470,s,37.2144259446859,343.185295493238,80.0389979176982,18.0
85232,85,1095.0,1050.0,432.180894874057,25000,s,53.2104340737125,569.380014564411,220.073811239744,27.0
85233,85,,,,,,,,,
85234,85,8809.0,8636.0,4402.28415301691,26700,12,429.279233766137,3019.50558139612,3582.6352135593,588.0
85235,85,427.0,404.0,198.51848480366,24480,s,23.0762967689752,205.706655031909,37.7783280665335,10.0
85236,85,2018.0,1713.0,866.777129258102,25360,s,73.0374048925431,967.955819051276,374.831095314913,48.0
85237,85,394.0,363.0,174.950416456278,24250,s,22.1291111464068,175.956153135251,68.1096097238817,11.0
85238,85,3613.0,3612.0,1460.75833690758,26260,s,96.1566291110158,1623.7972605397,1892.83127450714,106.0
85239,85,1196.0,1055.0,463.228833833283,25340,s,65.0024610214696,588.060665760192,96.2794762554369,20.0
85240,85,1619.0,1605.0,656.0,26990,s,36.0,862.0,386.562730639942,53.0
85242,85,1033.0,965.0,430.465837192184,24650,s,37.8267144036139,504.72793282073,160.329466388935,29.0
85243,85,2933.0,2659.0,1457.10317435137,26260,s,103.594299857238,1030.53098364898,443.015278108131,61.0
85244,85,802.0,815.0,338.161320658951,25340,s,26.2946895525623,372.948330181819,185.93847963668,17.0
85245,85,169.0,175.0,86.0,22110,s,4.0,75.0,120.690846806122,7.0
85246,85,2540.0,2321.0,1036.14547153258,25850,s,85.9640707519733,1254.86282637989,701.824178453909,69.0
85247,85,1144.0,1062.0,435.723506535957,25470,s,24.6053647693161,588.507241751887,201.789168280662,27.0
85248,85,421.0,409.0,195.898502067429,24740,s,12.9920740059086,180.614704445971,75.1054235852202,13.0
85250,85,2443.0,2245.0,1027.93590321926,26270,s,77.3374115966492,1193.94549164098,337.154160811619,43.0
85251,85,637.0,654.0,297.806151069409,23380,s,15.9284054434342,291.60802952029,105.669309443526,24.0
85252,85,598.0,590.0,236.903710250707,24260,s,25.1046667416378,274.728750451015,73.6611784717936,17.0
85254,85,1771.0,1755.0,760.202841176727,24890,s,62.6819415537924,829.630418234413,473.050865603177,41.0
85255,85,2347.0,2356.0,1178.3280907469,24770,s,100.548773967793,741.623388922055,423.571181382766,58.0
85256,85,1263.0,1297.0,529.349273055521,24900,s,39.5558120366917,523.809767958937,146.549009616141,16.0
85259,85,1382.0,1345.0,583.967550956986,26500,s,37.9268994590804,720.513991662801,239.992149218248,34.0
85260,85,857.0,811.0,349.407788680192,23920,s,39.7836965634893,461.682989201594,255.041917528944,15.0
85261,85,297.0,246.0,110.697000029429,24990,s,22.7799889997808,158.064561197056,38.9495602164862,10.0
85262,85,3622.0,3375.0,1422.18600135993,25240,s,110.473068705376,1919.14600925016,1251.79382825336,73.0
85264,85,1340.0,1340.0,553.437904154984,23000,s,50.3946261215842,575.416512590582,421.423890404644,36.0
85265,85,924.0,966.0,406.959268039423,23440,s,60.2450342791418,452.286294569682,118.762179274076,17.0
85266,85,1671.0,1585.0,651.926336051815,25020,s,41.7932869339598,796.579641250173,712.03814844653,45.0
85267,85,982.0,907.0,418.235089649109,25340,s,53.8584562937275,502.504405727739,104.740417890624,18.0
85268,85,1526.0,1425.0,671.738045057598,24780,s,60.5464515745953,716.977792636809,198.722434046847,45.0
85269,85,424.0,400.0,186.192930928971,25960,s,26.3007969132416,178.529035936,26.4635382506322,6.0
85273,85,1996.0,1788.0,800.835043923896,25740,s,105.592294845245,989.826226509006,181.11927253613,41.0
85274,85,549.0,525.0,242.104633810382,24070,s,19.9281644024491,245.951105895805,60.2546784319752,11.0
85276,85,753.0,788.0,341.708962409952,23840,s,30.1770359224579,381.720348432421,68.6087008743849,10.0
85277,85,1592.0,1481.0,661.387193616604,25000,s,56.2695509500616,759.072611729133,197.071815137713,34.0
85278,85,1602.0,1303.0,856.549456836302,27430,s,61.9133412038033,484.087158905627,185.755177115866,38.0
85280,85,3390.0,3070.0,1510.03104771123,25480,s,118.562931611378,1586.19818056534,957.579982636677,124.0
85281,85,1029.0,976.0,446.84054429961,24570,s,32.9203092048613,537.73570008801,71.9217437356884,16.0
85282,85,972.0,884.0,396.3572179479,24660,s,24.2812135902757,470.008269806683,187.628070006718,23.0
85284,85,4535.0,4220.0,2092.15720139381,26550,s,148.682479833668,1923.78670719243,1084.26910290134,120.0
85285,85,756.0,747.0,299.808300345298,24790,s,21.4952504119701,394.637239607594,59.2752825637736,16.0
85286,85,551.0,579.0,241.77589106177,23910,s,27.8314432119545,244.634467679415,73.5021318433447,17.0
85287,85,447.0,476.0,188.512711455325,24640,s,16.5698174802305,242.024327059882,76.5687207586758,11.0
85288,85,8327.0,7510.0,3867.02947391233,27910,7,307.248133813177,3323.09847908912,2589.15031924165,354.0
85289,85,2173.0,2203.0,958.653666175677,24020,s,84.049406295167,979.009833210213,678.025157204409,73.0
85290,85,538.0,570.0,248.452119467552,24740,s,22.8138176609019,235.79016831266,47.765671018124,15.0
85291,85,1255.0,1238.0,532.888027858246,25200,s,52.2952994294483,675.172334683713,128.660572937824,23.0
85292,85,1504.0,1493.0,605.126455885994,23940,s,52.678349993883,695.195910722122,311.077210163105,37.0
85293,85,1556.0,1597.0,670.998548614759,26200,s,36.2956134032783,800.499723017958,542.581712703122,39.0
85294,85,3129.0,2907.0,1699.0,28330,s,141.0,939.0,1101.20780672401,294.0
85295,85,3361.0,3177.0,1359.63621570147,25840,s,102.769600355934,1710.95105269555,876.071579220751,86.0
85296,85,1240.0,1264.0,509.293108986493,24150,s,53.277082093953,589.12382983486,223.906382687601,31.0
85297,85,1061.0,1019.0,501.0,24500,s,42.0,458.0,189.261207707933,29.0
85298,85,1951.0,1660.0,824.0,25130,s,66.0,906.0,240.436690629305,48.0
85300,85,4743.0,4657.0,1879.87474562277,27080,s,136.062644008218,2269.32889489791,1286.66981798587,127.0
85301,85,1802.0,1711.0,729.0,26120,s,44.0,957.0,438.867649355724,43.0
85302,85,5580.0,5545.0,2363.59398434271,25850,s,155.218406249087,2733.88278230211,2470.76907298624,208.0
85303,85,1829.0,1802.0,790.830455758753,24060,s,59.2294279827365,784.094958863375,593.044309648248,52.0
85304,85,782.0,762.0,321.443143334182,23390,s,40.9392493908707,375.414953059425,165.556987356352,17.0
85305,85,823.0,860.0,359.0,24800,s,29.0,325.0,220.963264470858,25.0
85306,85,743.0,727.0,304.72272414984,24800,s,30.4224304088255,339.488111371484,73.5377104825552,9.0
