id_election,id_brut_miom,code_departement,libelle_departement,code_canton,libelle_canton,code_commune,libelle_commune,code_circonscription,libelle_circonscription,code_bv,inscrits,abstentions,votants,blancs,nuls,exprimes,ratio_abstentions_inscrits,ratio_votants_inscrits,ratio_blancs_inscrits,ratio_blancs_votants,ratio_nuls_inscrits,ratio_nuls_votants,ratio_exprimes_inscrits,ratio_exprimes_votants,taux_participation,taux_abstention,annee,type_election
2022_pres_t1,44001_0001,44,Loire-Atlantique,,,44001,Abbaretz,6.0,6ème circonscription,0001,1553,376,1177,23.0,8,1146,24.21,75.79,1.48,1.95,0.52,0.68,73.79,97.37,75.7888,24.2112,2022,pres
2022_pres_t1,44002_0002,44,Loire-Atlantique,,,44002,Aigrefeuille-Sur-Maine,10.0,10ème circonscription,0002,1046,228,818,18.0,6,794,21.8,78.2,1.72,2.2,0.57,0.73,75.91,97.07,78.2027,21.7973,2022,pres
2022_pres_t1,44002_0003,44,Loire-Atlantique,,,44002,Aigrefeuille-Sur-Maine,10.0,10ème circonscription,0003,1011,216,795,11.0,6,778,21.36,78.64,1.09,1.38,0.59,0.75,76.95,97.86,78.635,21.365,2022,pres
2022_pres_t1,44003_0004,44,Loire-Atlantique,,,44003,Ancenis-Saint-Géréon,6.0,6ème circonscription,0004,941,214,727,18.0,5,704,22.74,77.26,1.91,2.48,0.53,0.69,74.81,96.84,77.2582,22.7418,2022,pres
2022_pres_t1,44003_0005,44,Loire-Atlantique,,,44003,Ancenis-Saint-Géréon,6.0,6ème circonscription,0005,890,195,695,17.0,6,672,21.91,78.09,1.91,2.45,0.67,0.86,75.51,96.69,78.0899,21.9101,2022,pres
2022_pres_t1,44003_0006,44,Loire-Atlantique,,,44003,Ancenis-Saint-Géréon,6.0,6ème circonscription,0006,1012,159,853,15.0,5,833,15.71,84.29,1.48,1.76,0.49,0.59,82.31,97.66,84.2885,15.7115,2022,pres
2022_pres_t1,44003_0007,44,Loire-Atlantique,,,44003,Ancenis-Saint-Géréon,6.0,6ème circonscription,0007,908,185,723,14.0,6,703,20.37,79.63,1.54,1.94,0.66,0.83,77.42,97.23,79.6256,20.3744,2022,pres
2022_pres_t1,44003_0008,44,Loire-Atlantique,,,44003,Ancenis-Saint-Géréon,6.0,6ème circonscription,0008,917,175,742,13.0,4,725,19.08,80.92,1.42,1.75,0.44,0.54,79.06,97.71,80.916,19.084,2022,pres
2022_pres_t1,44003_0009,44,Loire-Atlantique,,,44003,Ancenis-Saint-Géréon,6.0,6ème circonscription,0009,885,172,713,15.0,4,694,19.44,80.56,1.69,2.1,0.45,0.56,78.42,97.34,80.565,19.435,2022,pres
2022_pres_t1,44020_0010,44,Loire-Atlantique,,,44020,Bouguenais,4.0,4ème circonscription,0010,852,228,624,7.0,1,616,26.76,73.24,0.82,1.12,0.12,0.16,72.3,98.72,73.2394,26.7606,2022,pres
2022_pres_t1,44020_0011,44,Loire-Atlantique,,,44020,Bouguenais,4.0,4ème circonscription,0011,846,182,664,15.0,6,643,21.51,78.49,1.77,2.26,0.71,0.9,76.0,96.84,78.487,21.513,2022,pres
2022_pres_t1,44020_0012,44,Loire-Atlantique,,,44020,Bouguenais,4.0,4ème circonscription,0012,979,226,753,7.0,5,741,23.08,76.92,0.72,0.93,0.51,0.66,75.69,98.41,76.9152,23.0848,2022,pres
2022_pres_t1,44020_0013,44,Loire-Atlantique,,,44020,Bouguenais,4.0,4ème circonscription,0013,860,193,667,8.0,2,657,22.44,77.56,0.93,1.2,0.23,0.3,76.4,98.5,77.5581,22.4419,2022,pres
2022_pres_t1,44020_0014,44,Loire-Atlantique,,,44020,Bouguenais,4.0,4ème circonscription,0014,956,261,695,14.0,8,673,27.3,72.7,1.46,2.01,0.84,1.15,70.4,96.83,72.6987,27.3013,2022,pres
2022_pres_t1,44020_0015,44,Loire-Atlantique,,,44020,Bouguenais,4.0,4ème circonscription,0015,1128,265,863,20.0,2,841,23.49,76.51,1.77,2.32,0.18,0.23,74.56,97.45,76.5071,23.4929,2022,pres
2022_pres_t1,44026_0016,44,Loire-Atlantique,,,44026,Carquefou,5.0,5ème circonscription,0016,823,191,632,16.0,4,612,23.21,76.79,1.94,2.53,0.49,0.63,74.36,96.84,76.7922,23.2078,2022,pres
2022_pres_t1,44026_0017,44,Loire-Atlantique,,,44026,Carquefou,5.0,5ème circonscription,0017,690,113,577,11.0,2,564,16.38,83.62,1.59,1.91,0.29,0.35,81.74,97.75,83.6232,16.3768,2022,pres
2022_pres_t1,44026_0018,44,Loire-Atlantique,,,44026,Carquefou,5.0,5ème circonscription,0018,640,118,522,9.0,2,511,18.44,81.56,1.41,1.72,0.31,0.38,79.84,97.89,81.5625,18.4375,2022,pres
2022_pres_t1,44026_0019,44,Loire-Atlantique,,,44026,Carquefou,5.0,5ème circonscription,0019,824,160,664,7.0,3,654,19.42,80.58,0.85,1.05,0.36,0.45,79.37,98.49,80.5825,19.4175,2022,pres
2022_pres_t1,44026_0020,44,Loire-Atlantique,,,44026,Carquefou,5.0,5ème circonscription,0020,686,153,533,4.0,2,527,22.3,77.7,0.58,0.75,0.29,0.38,76.82,98.87,77.6968,22.3032,2022,pres
2022_pres_t1,44109_0141,44,Loire-Atlantique,,,44109,Nantes,1.0,1ère circonscription,0141,1035,227,808,11.0,0,797,21.93,78.07,1.06,1.36,0.0,0.0,77.0,98.64,78.0676,21.9324,2022,pres
2022_pres_t1,44109_0142,44,Loire-Atlantique,,,44109,Nantes,1.0,1ère circonscription,0142,989,217,772,6.0,3,763,21.94,78.06,0.61,0.78,0.3,0.39,77.15,98.83,78.0586,21.9414,2022,pres
2022_pres_t1,44109_0143,44,Loire-Atlantique,,,44109,Nantes,1.0,1ère circonscription,0143,1007,179,828,7.0,2,819,17.78,82.22,0.7,0.85,0.2,0.24,81.33,98.91,82.2244,17.7756,2022,pres
2022_pres_t1,44109_0144,44,Loire-Atlantique,,,44109,Nantes,1.0,1ère circonscription,0144,1014,219,795,14.0,2,779,21.6,78.4,1.38,1.76,0.2,0.25,76.82,97.99,78.4024,21.5976,2022,pres
2022_pres_t1,44109_0145,44,Loire-Atlantique,,,44109,Nantes,1.0,1ère circonscription,0145,1049,366,683,6.0,1,676,34.89,65.11,0.57,0.88,0.1,0.15,64.44,98.98,65.1096,34.8904,2022,pres
2022_pres_t1,44109_0151,44,Loire-Atlantique,,,44109,Nantes,1.0,1ère circonscription,0151,969,162,807,5.0,6,796,16.72,83.28,0.52,0.62,0.62,0.74,82.15,98.64,83.2817,16.7183,2022,pres
2022_pres_t1,44109_0152,44,Loire-Atlantique,,,44109,Nantes,1.0,1ère circonscription,0152,1013,187,826,13.0,2,811,18.46,81.54,1.28,1.57,0.2,0.24,80.06,98.18,81.54,18.46,2022,pres
2022_pres_t1,44109_0153,44,Loire-Atlantique,,,44109,Nantes,1.0,1ère circonscription,0153,974,210,764,3.0,5,756,21.56,78.44,0.31,0.39,0.51,0.65,77.62,98.95,78.4394,21.5606,2022,pres
2022_pres_t1,44109_0154,44,Loire-Atlantique,,,44109,Nantes,1.0,1ère circonscription,0154,954,163,791,5.0,1,785,17.09,82.91,0.52,0.63,0.1,0.13,82.29,99.24,82.914,17.086,2022,pres
2022_pres_t1,44109_0161,44,Loire-Atlantique,,,44109,Nantes,1.0,1ère circonscription,0161,970,199,771,10.0,0,761,20.52,79.48,1.03,1.3,0.0,0.0,78.45,98.7,79.4845,20.5155,2022,pres
2022_pres_t1,44109_0162,44,Loire-Atlantique,,,44109,Nantes,1.0,1ère circonscription,0162,970,175,795,5.0,3,787,18.04,81.96,0.52,0.63,0.31,0.38,81.13,98.99,81.9588,18.0412,2022,pres
2022_pres_t1,44109_0163,44,Loire-Atlantique,,,44109,Nantes,1.0,1ère circonscription,0163,982,229,753,5.0,4,744,23.32,76.68,0.51,0.66,0.41,0.53,75.76,98.8,76.6802,23.3198,2022,pres
2022_pres_t1,44109_0171,44,Loire-Atlantique,,,44109,Nantes,1.0,1ère circonscription,0171,940,169,771,6.0,2,763,17.98,82.02,0.64,0.78,0.21,0.26,81.17,98.96,82.0213,17.9787,2022,pres
2022_pres_t1,44109_0172,44,Loire-Atlantique,,,44109,Nantes,1.0,1ère circonscription,0172,939,212,727,6.0,2,719,22.58,77.42,0.64,0.83,0.21,0.28,76.57,98.9,77.4228,22.5772,2022,pres
2022_pres_t1,44109_0173,44,Loire-Atlantique,,,44109,Nantes,1.0,1ère circonscription,0173,955,183,772,9.0,2,761,19.16,80.84,0.94,1.17,0.21,0.26,79.69,98.58,80.8377,19.1623,2022,pres
2022_pres_t1,44109_0174,44,Loire-Atlantique,,,44109,Nantes,1.0,1ère circonscription,0174,1012,172,840,6.0,0,834,17.0,83.0,0.59,0.71,0.0,0.0,82.41,99.29,83.004,16.996,2022,pres
2022_pres_t1,44109_0175,44,Loire-Atlantique,,,44109,Nantes,1.0,1ère circonscription,0175,1007,232,775,8.0,0,767,23.04,76.96,0.79,1.03,0.0,0.0,76.17,98.97,76.9613,23.0387,2022,pres
2022_pres_t1,44109_0411,44,Loire-Atlantique,,,44109,Nantes,1.0,1ère circonscription,0411,618,136,482,7.0,2,473,22.01,77.99,1.13,1.45,0.32,0.41,76.54,98.13,77.9935,22.0065,2022,pres
2022_pres_t1,44109_0416,44,Loire-Atlantique,,,44109,Nantes,1.0,1ère circonscription,0416,931,198,733,12.0,2,719,21.27,78.73,1.29,1.64,0.21,0.27,77.23,98.09,78.7325,21.2675,2022,pres
2022_pres_t1,44109_0521,44,Loire-Atlantique,,,44109,Nantes,1.0,1ère circonscription,0521,743,333,410,8.0,3,399,44.82,55.18,1.08,1.95,0.4,0.73,53.7,97.32,55.1817,44.8183,2022,pres
2022_pres_t1,44109_0522,44,Loire-Atlantique,,,44109,Nantes,1.0,1ère circonscription,0522,811,264,547,8.0,1,538,32.55,67.45,0.99,1.46,0.12,0.18,66.34,98.35,67.4476,32.5524,2022,pres
2022_pres_t1,44109_0523,44,Loire-Atlantique,,,44109,Nantes,1.0,1ère circonscription,0523,828,327,501,6.0,4,491,39.49,60.51,0.72,1.2,0.48,0.8,59.3,98.0,60.5072,39.4928,2022,pres
2022_pres_t1,44109_0524,44,Loire-Atlantique,,,44109,Nantes,1.0,1ère circonscription,0524,953,200,753,7.0,0,746,20.99,79.01,0.73,0.93,0.0,0.0,78.28,99.07,79.0136,20.9864,2022,pres
2022_pres_t1,44109_0525,44,Loire-Atlantique,,,44109,Nantes,1.0,1ère circonscription,0525,944,250,694,5.0,1,688,26.48,73.52,0.53,0.72,0.11,0.14,72.88,99.14,73.5169,26.4831,2022,pres
2022_pres_t1,44109_0611,44,Loire-Atlantique,,,44109,Nantes,1.0,1ère circonscription,0611,1057,237,820,9.0,3,808,22.42,77.58,0.85,1.1,0.28,0.37,76.44,98.54,77.5781,22.4219,2022,pres
2022_pres_t1,44109_0612,44,Loire-Atlantique,,,44109,Nantes,1.0,1ère circonscription,0612,969,201,768,11.0,6,751,20.74,79.26,1.14,1.43,0.62,0.78,77.5,97.79,79.257,20.743,2022,pres
2022_pres_t1,44109_0613,44,Loire-Atlantique,,,44109,Nantes,1.0,1ère circonscription,0613,894,196,698,8.0,3,687,21.92,78.08,0.89,1.15,0.34,0.43,76.85,98.42,78.0761,21.9239,2022,pres
2022_pres_t1,44109_0614,44,Loire-Atlantique,,,44109,Nantes,1.0,1ère circonscription,0614,842,178,664,6.0,3,655,21.14,78.86,0.71,0.9,0.36,0.45,77.79,98.64,78.8599,21.1401,2022,pres
2022_pres_t1,44109_0615,44,Loire-Atlantique,,,44109,Nantes,1.0,1ère circonscription,0615,958,191,767,11.0,3,753,19.94,80.06,1.15,1.43,0.31,0.39,78.6,98.17,80.0626,19.9374,2022,pres
2022_pres_t1,44109_0621,44,Loire-Atlantique,,,44109,Nantes,1.0,1ère circonscription,0621,909,191,718,12.0,2,704,21.01,78.99,1.32,1.67,0.22,0.28,77.45,98.05,78.9879,21.0121,2022,pres
2022_pres_t1,44109_0622,44,Loire-Atlantique,,,44109,Nantes,1.0,1ère circonscription,0622,831,194,637,13.0,1,623,23.35,76.65,1.56,2.04,0.12,0.16,74.97,97.8,76.6546,23.3454,2022,pres
2022_pres_t1,44109_0623,44,Loire-Atlantique,,,44109,Nantes,1.0,1ère circonscription,0623,873,195,678,8.0,5,665,22.34,77.66,0.92,1.18,0.57,0.74,76.17,98.08,77.6632,22.3368,2022,pres
2022_pres_t1,44109_0624,44,Loire-Atlantique,,,44109,Nantes,1.0,1ère circonscription,0624,958,227,731,14.0,3,714,23.7,76.3,1.46,1.92,0.31,0.41,74.53,97.67,76.3048,23.6952,2022,pres
2022_pres_t1,44109_0625,44,Loire-Atlantique,,,44109,Nantes,1.0,1ère circonscription,0625,969,223,746,11.0,3,732,23.01,76.99,1.14,1.47,0.31,0.4,75.54,98.12,76.9866,23.0134,2022,pres
2022_pres_t1,44109_0631,44,Loire-Atlantique,,,44109,Nantes,1.0,1ère circonscription,0631,994,167,827,8.0,2,817,16.8,83.2,0.8,0.97,0.2,0.24,82.19,98.79,83.1992,16.8008,2022,pres
2022_pres_t1,44109_0632,44,Loire-Atlantique,,,44109,Nantes,1.0,1ère circonscription,0632,920,193,727,9.0,1,717,20.98,79.02,0.98,1.24,0.11,0.14,77.93,98.62,79.0217,20.9783,2022,pres
2022_pres_t1,44109_0633,44,Loire-Atlantique,,,44109,Nantes,1.0,1ère circonscription,0633,1013,236,777,13.0,1,763,23.3,76.7,1.28,1.67,0.1,0.13,75.32,98.2,76.7029,23.2971,2022,pres
2022_pres_t1,44109_0634,44,Loire-Atlantique,,,44109,Nantes,1.0,1ère circonscription,0634,945,222,723,10.0,2,711,23.49,76.51,1.06,1.38,0.21,0.28,75.24,98.34,76.5079,23.4921,2022,pres
2022_pres_t1,44109_0641,44,Loire-Atlantique,,,44109,Nantes,1.0,1ère circonscription,0641,947,167,780,9.0,3,768,17.63,82.37,0.95,1.15,0.32,0.38,81.1,98.46,82.3654,17.6346,2022,pres
2022_pres_t1,44109_0642,44,Loire-Atlantique,,,44109,Nantes,1.0,1ère circonscription,0642,896,263,633,2.0,0,631,29.35,70.65,0.22,0.32,0.0,0.0,70.42,99.68,70.6473,29.3527,2022,pres
2022_pres_t1,44109_0643,44,Loire-Atlantique,,,44109,Nantes,1.0,1ère circonscription,0643,955,209,746,11.0,2,733,21.88,78.12,1.15,1.47,0.21,0.27,76.75,98.26,78.1152,21.8848,2022,pres
2022_pres_t1,44109_0651,44,Loire-Atlantique,,,44109,Nantes,1.0,1ère circonscription,0651,885,226,659,2.0,1,656,25.54,74.46,0.23,0.3,0.11,0.15,74.12,99.54,74.4633,25.5367,2022,pres
2022_pres_t1,44109_0652,44,Loire-Atlantique,,,44109,Nantes,1.0,1ère circonscription,0652,882,231,651,12.0,1,638,26.19,73.81,1.36,1.84,0.11,0.15,72.34,98.0,73.8095,26.1905,2022,pres
2022_pres_t1,44109_0653,44,Loire-Atlantique,,,44109,Nantes,1.0,1ère circonscription,0653,1025,224,801,7.0,4,790,21.85,78.15,0.68,0.87,0.39,0.5,77.07,98.63,78.1463,21.8537,2022,pres
2022_pres_t1,44109_0654,44,Loire-Atlantique,,,44109,Nantes,1.0,1ère circonscription,0654,1022,219,803,15.0,3,785,21.43,78.57,1.47,1.87,0.29,0.37,76.81,97.76,78.5714,21.4286,2022,pres
2022_pres_t1,44109_0655,44,Loire-Atlantique,,,44109,Nantes,1.0,1ère circonscription,0655,1018,239,779,6.0,4,769,23.48,76.52,0.59,0.77,0.39,0.51,75.54,98.72,76.5226,23.4774,2022,pres
2022_pres_t1,44109_0661,44,Loire-Atlantique,,,44109,Nantes,1.0,1ère circonscription,0661,930,325,605,10.0,1,594,34.95,65.05,1.08,1.65,0.11,0.17,63.87,98.18,65.0538,34.9462,2022,pres
2022_pres_t1,44109_0662,44,Loire-Atlantique,,,44109,Nantes,1.0,1ère circonscription,0662,885,273,612,6.0,2,604,30.85,69.15,0.68,0.98,0.23,0.33,68.25,98.69,69.1525,30.8475,2022,pres
2022_pres_t1,44109_0663,44,Loire-Atlantique,,,44109,Nantes,1.0,1ère circonscription,0663,849,408,441,2.0,5,434,48.06,51.94,0.24,0.45,0.59,1.13,51.12,98.41,51.9435,48.0565,2022,pres
2022_pres_t1,44109_0664,44,Loire-Atlantique,,,44109,Nantes,1.0,1ère circonscription,0664,866,316,550,7.0,1,542,36.49,63.51,0.81,1.27,0.12,0.18,62.59,98.55,63.5104,36.4896,2022,pres
2022_pres_t1,44109_0671,44,Loire-Atlantique,,,44109,Nantes,1.0,1ère circonscription,0671,993,385,608,12.0,2,594,38.77,61.23,1.21,1.97,0.2,0.33,59.82,97.7,61.2286,38.7714,2022,pres
2022_pres_t1,44109_0672,44,Loire-Atlantique,,,44109,Nantes,1.0,1ère circonscription,0672,945,302,643,10.0,4,629,31.96,68.04,1.06,1.56,0.42,0.62,66.56,97.82,68.0423,31.9577,2022,pres
2022_pres_t1,44109_0673,44,Loire-Atlantique,,,44109,Nantes,1.0,1ère circonscription,0673,1076,356,720,6.0,8,706,33.09,66.91,0.56,0.83,0.74,1.11,65.61,98.06,66.9145,33.0855,2022,pres
2022_pres_t1,44109_0111,44,Loire-Atlantique,,,44109,Nantes,2.0,2ème circonscription,0111,1092,219,873,10.0,5,858,20.05,79.95,0.92,1.15,0.46,0.57,78.57,98.28,79.9451,20.0549,2022,pres
2022_pres_t1,44109_0112,44,Loire-Atlantique,,,44109,Nantes,2.0,2ème circonscription,0112,1085,251,834,13.0,2,819,23.13,76.87,1.2,1.56,0.18,0.24,75.48,98.2,76.8664,23.1336,2022,pres
2022_pres_t1,44109_0113,44,Loire-Atlantique,,,44109,Nantes,2.0,2ème circonscription,0113,1116,240,876,9.0,4,863,21.51,78.49,0.81,1.03,0.36,0.46,77.33,98.52,78.4946,21.5054,2022,pres
2022_pres_t1,44109_0114,44,Loire-Atlantique,,,44109,Nantes,2.0,2ème circonscription,0114,1102,222,880,7.0,3,870,20.15,79.85,0.64,0.8,0.27,0.34,78.95,98.86,79.8548,20.1452,2022,pres
2022_pres_t1,44109_0121,44,Loire-Atlantique,,,44109,Nantes,2.0,2ème circonscription,0121,891,205,686,7.0,4,675,23.01,76.99,0.79,1.02,0.45,0.58,75.76,98.4,76.9921,23.0079,2022,pres
2022_pres_t1,44109_0122,44,Loire-Atlantique,,,44109,Nantes,2.0,2ème circonscription,0122,941,187,754,6.0,5,743,19.87,80.13,0.64,0.8,0.53,0.66,78.96,98.54,80.1275,19.8725,2022,pres
2022_pres_t1,44109_0123,44,Loire-Atlantique,,,44109,Nantes,2.0,2ème circonscription,0123,961,232,729,6.0,3,720,24.14,75.86,0.62,0.82,0.31,0.41,74.92,98.77,75.8585,24.1415,2022,pres
2022_pres_t1,44109_0131,44,Loire-Atlantique,,,44109,Nantes,2.0,2ème circonscription,0131,1048,229,819,4.0,2,813,21.85,78.15,0.38,0.49,0.19,0.24,77.58,99.27,78.1489,21.8511,2022,pres
2022_pres_t1,44109_0132,44,Loire-Atlantique,,,44109,Nantes,2.0,2ème circonscription,0132,1075,224,851,12.0,1,838,20.84,79.16,1.12,1.41,0.09,0.12,77.95,98.47,79.1628,20.8372,2022,pres
2022_pres_t1,44109_0133,44,Loire-Atlantique,,,44109,Nantes,2.0,2ème circonscription,0133,1046,206,840,7.0,5,828,19.69,80.31,0.67,0.83,0.48,0.6,79.16,98.57,80.3059,19.6941,2022,pres
2022_pres_t1,44109_0134,44,Loire-Atlantique,,,44109,Nantes,2.0,2ème circonscription,0134,1026,206,820,6.0,3,811,20.08,79.92,0.58,0.73,0.29,0.37,79.04,98.9,79.922,20.078,2022,pres
2022_pres_t1,44109_0211,44,Loire-Atlantique,,,44109,Nantes,2.0,2ème circonscription,0211,1138,269,869,17.0,3,849,23.64,76.36,1.49,1.96,0.26,0.35,74.6,97.7,76.362,23.638,2022,pres
2022_pres_t1,44109_0212,44,Loire-Atlantique,,,44109,Nantes,2.0,2ème circonscription,0212,774,283,491,4.0,6,481,36.56,63.44,0.52,0.81,0.78,1.22,62.14,97.96,63.4367,36.5633,2022,pres
2022_pres_t1,44109_0213,44,Loire-Atlantique,,,44109,Nantes,2.0,2ème circonscription,0213,850,416,434,8.0,3,423,48.94,51.06,0.94,1.84,0.35,0.69,49.76,97.47,51.0588,48.9412,2022,pres
2022_pres_t1,44109_0214,44,Loire-Atlantique,,,44109,Nantes,2.0,2ème circonscription,0214,917,312,605,8.0,1,596,34.02,65.98,0.87,1.32,0.11,0.17,64.99,98.51,65.976,34.024,2022,pres
2022_pres_t1,44109_0221,44,Loire-Atlantique,,,44109,Nantes,2.0,2ème circonscription,0221,1050,247,803,15.0,4,784,23.52,76.48,1.43,1.87,0.38,0.5,74.67,97.63,76.4762,23.5238,2022,pres
2022_pres_t1,44109_0222,44,Loire-Atlantique,,,44109,Nantes,2.0,2ème circonscription,0222,1132,287,845,8.0,2,835,25.35,74.65,0.71,0.95,0.18,0.24,73.76,98.82,74.6466,25.3534,2022,pres
2022_pres_t1,44109_0223,44,Loire-Atlantique,,,44109,Nantes,2.0,2ème circonscription,0223,879,148,731,8.0,2,721,16.84,83.16,0.91,1.09,0.23,0.27,82.03,98.63,83.1627,16.8373,2022,pres
2022_pres_t1,44109_0224,44,Loire-Atlantique,,,44109,Nantes,2.0,2ème circonscription,0224,884,224,660,7.0,3,650,25.34,74.66,0.79,1.06,0.34,0.45,73.53,98.48,74.6606,25.3394,2022,pres
2022_pres_t1,44109_0231,44,Loire-Atlantique,,,44109,Nantes,2.0,2ème circonscription,0231,918,205,713,11.0,2,700,22.33,77.67,1.2,1.54,0.22,0.28,76.25,98.18,77.6688,22.3312,2022,pres
2022_pres_t1,44109_0232,44,Loire-Atlantique,,,44109,Nantes,2.0,2ème circonscription,0232,834,156,678,10.0,3,665,18.71,81.29,1.2,1.47,0.36,0.44,79.74,98.08,81.295,18.705,2022,pres
2022_pres_t1,44109_0233,44,Loire-Atlantique,,,44109,Nantes,2.0,2ème circonscription,0233,902,214,688,12.0,5,671,23.73,76.27,1.33,1.74,0.55,0.73,74.39,97.53,76.2749,23.7251,2022,pres
2022_pres_t1,44109_0234,44,Loire-Atlantique,,,44109,Nantes,2.0,2ème circonscription,0234,900,210,690,10.0,0,680,23.33,76.67,1.11,1.45,0.0,0.0,75.56,98.55,76.6667,23.3333,2022,pres
2022_pres_t1,44109_0241,44,Loire-Atlantique,,,44109,Nantes,2.0,2ème circonscription,0241,858,204,654,1.0,1,652,23.78,76.22,0.12,0.15,0.12,0.15,75.99,99.69,76.2238,23.7762,2022,pres
2022_pres_t1,44109_0242,44,Loire-Atlantique,,,44109,Nantes,2.0,2ème circonscription,0242,948,175,773,10.0,1,762,18.46,81.54,1.05,1.29,0.11,0.13,80.38,98.58,81.5401,18.4599,2022,pres
2022_pres_t1,44109_0243,44,Loire-Atlantique,,,44109,Nantes,2.0,2ème circonscription,0243,843,169,674,11.0,5,658,20.05,79.95,1.3,1.63,0.59,0.74,78.05,97.63,79.9526,20.0474,2022,pres
2022_pres_t1,44109_0244,44,Loire-Atlantique,,,44109,Nantes,2.0,2ème circonscription,0244,876,188,688,8.0,3,677,21.46,78.54,0.91,1.16,0.34,0.44,77.28,98.4,78.5388,21.4612,2022,pres
2022_pres_t1,44109_0251,44,Loire-Atlantique,,,44109,Nantes,2.0,2ème circonscription,0251,1011,278,733,16.0,4,713,27.5,72.5,1.58,2.18,0.4,0.55,70.52,97.27,72.5025,27.4975,2022,pres
2022_pres_t1,44109_0252,44,Loire-Atlantique,,,44109,Nantes,2.0,2ème circonscription,0252,966,201,765,6.0,5,754,20.81,79.19,0.62,0.78,0.52,0.65,78.05,98.56,79.1925,20.8075,2022,pres
2022_pres_t1,44109_0253,44,Loire-Atlantique,,,44109,Nantes,2.0,2ème circonscription,0253,1090,269,821,10.0,2,809,24.68,75.32,0.92,1.22,0.18,0.24,74.22,98.54,75.3211,24.6789,2022,pres
2022_pres_t1,44109_0254,44,Loire-Atlantique,,,44109,Nantes,2.0,2ème circonscription,0254,1079,281,798,19.0,3,776,26.04,73.96,1.76,2.38,0.28,0.38,71.92,97.24,73.9574,26.0426,2022,pres
2022_pres_t1,44109_0261,44,Loire-Atlantique,,,44109,Nantes,2.0,2ème circonscription,0261,843,138,705,11.0,5,689,16.37,83.63,1.3,1.56,0.59,0.71,81.73,97.73,83.6299,16.3701,2022,pres
2022_pres_t1,44109_0262,44,Loire-Atlantique,,,44109,Nantes,2.0,2ème circonscription,0262,969,223,746,5.0,0,741,23.01,76.99,0.52,0.67,0.0,0.0,76.47,99.33,76.9866,23.0134,2022,pres
2022_pres_t1,44109_0263,44,Loire-Atlantique,,,44109,Nantes,2.0,2ème circonscription,0263,867,186,681,9.0,3,669,21.45,78.55,1.04,1.32,0.35,0.44,77.16,98.24,78.5467,21.4533,2022,pres
2022_pres_t1,44109_0264,44,Loire-Atlantique,,,44109,Nantes,2.0,2ème circonscription,0264,918,204,714,6.0,1,707,22.22,77.78,0.65,0.84,0.11,0.14,77.02,99.02,77.7778,22.2222,2022,pres
2022_pres_t1,44109_0311,44,Loire-Atlantique,,,44109,Nantes,2.0,2ème circonscription,0311,937,189,748,9.0,0,739,20.17,79.83,0.96,1.2,0.0,0.0,78.87,98.8,79.8292,20.1708,2022,pres
2022_pres_t1,44109_0312,44,Loire-Atlantique,,,44109,Nantes,2.0,2ème circonscription,0312,1014,195,819,11.0,5,803,19.23,80.77,1.08,1.34,0.49,0.61,79.19,98.05,80.7692,19.2308,2022,pres
2022_pres_t1,44109_0313,44,Loire-Atlantique,,,44109,Nantes,2.0,2ème circonscription,0313,1054,210,844,15.0,3,826,19.92,80.08,1.42,1.78,0.28,0.36,78.37,97.87,80.0759,19.9241,2022,pres
2022_pres_t1,44109_0314,44,Loire-Atlantique,,,44109,Nantes,2.0,2ème circonscription,0314,990,204,786,4.0,2,780,20.61,79.39,0.4,0.51,0.2,0.25,78.79,99.24,79.3939,20.6061,2022,pres
2022_pres_t1,44109_0315,44,Loire-Atlantique,,,44109,Nantes,2.0,2ème circonscription,0315,1020,222,798,9.0,1,788,21.76,78.24,0.88,1.13,0.1,0.13,77.25,98.75,78.2353,21.7647,2022,pres
2022_pres_t1,44109_0321,44,Loire-Atlantique,,,44109,Nantes,2.0,2ème circonscription,0321,954,207,747,6.0,2,739,21.7,78.3,0.63,0.8,0.21,0.27,77.46,98.93,78.3019,21.6981,2022,pres
2022_pres_t1,44109_0322,44,Loire-Atlantique,,,44109,Nantes,2.0,2ème circonscription,0322,984,194,790,5.0,2,783,19.72,80.28,0.51,0.63,0.2,0.25,79.57,99.11,80.2846,19.7154,2022,pres
2022_pres_t1,44109_0323,44,Loire-Atlantique,,,44109,Nantes,2.0,2ème circonscription,0323,1107,242,865,8.0,3,854,21.86,78.14,0.72,0.92,0.27,0.35,77.15,98.73,78.1391,21.8609,2022,pres
2022_pres_t1,44109_0324,44,Loire-Atlantique,,,44109,Nantes,2.0,2ème circonscription,0324,1043,212,831,11.0,2,818,20.33,79.67,1.05,1.32,0.19,0.24,78.43,98.44,79.674,20.326,2022,pres
2022_pres_t1,44109_0331,44,Loire-Atlantique,,,44109,Nantes,2.0,2ème circonscription,0331,1076,210,866,13.0,4,849,19.52,80.48,1.21,1.5,0.37,0.46,78.9,98.04,80.4833,19.5167,2022,pres
2022_pres_t1,44109_0332,44,Loire-Atlantique,,,44109,Nantes,2.0,2ème circonscription,0332,1144,263,881,13.0,4,864,22.99,77.01,1.14,1.48,0.35,0.45,75.52,98.07,77.0105,22.9895,2022,pres
2022_pres_t1,44109_0333,44,Loire-Atlantique,,,44109,Nantes,2.0,2ème circonscription,0333,1083,257,826,5.0,2,819,23.73,76.27,0.46,0.61,0.18,0.24,75.62,99.15,76.2696,23.7304,2022,pres
2022_pres_t1,44109_0341,44,Loire-Atlantique,,,44109,Nantes,2.0,2ème circonscription,0341,1089,271,818,6.0,2,810,24.89,75.11,0.55,0.73,0.18,0.24,74.38,99.02,75.1148,24.8852,2022,pres
2022_pres_t1,44109_0342,44,Loire-Atlantique,,,44109,Nantes,2.0,2ème circonscription,0342,1119,185,934,9.0,3,922,16.53,83.47,0.8,0.96,0.27,0.32,82.39,98.72,83.4674,16.5326,2022,pres
2022_pres_t1,44109_0343,44,Loire-Atlantique,,,44109,Nantes,2.0,2ème circonscription,0343,1354,226,1128,10.0,5,1113,16.69,83.31,0.74,0.89,0.37,0.44,82.2,98.67,83.3087,16.6913,2022,pres
2022_pres_t1,44109_0351,44,Loire-Atlantique,,,44109,Nantes,2.0,2ème circonscription,0351,1032,229,803,11.0,2,790,22.19,77.81,1.07,1.37,0.19,0.25,76.55,98.38,77.8101,22.1899,2022,pres
2022_pres_t1,44109_0352,44,Loire-Atlantique,,,44109,Nantes,2.0,2ème circonscription,0352,1078,299,779,5.0,2,772,27.74,72.26,0.46,0.64,0.19,0.26,71.61,99.1,72.2635,27.7365,2022,pres
2022_pres_t1,44109_0353,44,Loire-Atlantique,,,44109,Nantes,2.0,2ème circonscription,0353,1185,246,939,14.0,4,921,20.76,79.24,1.18,1.49,0.34,0.43,77.72,98.08,79.2405,20.7595,2022,pres
2022_pres_t1,44109_0354,44,Loire-Atlantique,,,44109,Nantes,2.0,2ème circonscription,0354,1019,233,786,16.0,2,768,22.87,77.13,1.57,2.04,0.2,0.25,75.37,97.71,77.1344,22.8656,2022,pres
2022_pres_t1,44109_0361,44,Loire-Atlantique,,,44109,Nantes,2.0,2ème circonscription,0361,894,213,681,5.0,2,674,23.83,76.17,0.56,0.73,0.22,0.29,75.39,98.97,76.1745,23.8255,2022,pres
2022_pres_t1,44109_0362,44,Loire-Atlantique,,,44109,Nantes,2.0,2ème circonscription,0362,894,217,677,8.0,3,666,24.27,75.73,0.89,1.18,0.34,0.44,74.5,98.38,75.7271,24.2729,2022,pres
2022_pres_t1,44109_0363,44,Loire-Atlantique,,,44109,Nantes,2.0,2ème circonscription,0363,953,253,700,9.0,1,690,26.55,73.45,0.94,1.29,0.1,0.14,72.4,98.57,73.4523,26.5477,2022,pres
2022_pres_t1,44109_0364,44,Loire-Atlantique,,,44109,Nantes,2.0,2ème circonscription,0364,985,246,739,7.0,5,727,24.97,75.03,0.71,0.95,0.51,0.68,73.81,98.38,75.0254,24.9746,2022,pres
2022_pres_t1,44109_0412,44,Loire-Atlantique,,,44109,Nantes,2.0,2ème circonscription,0412,729,142,587,5.0,2,580,19.48,80.52,0.69,0.85,0.27,0.34,79.56,98.81,80.5213,19.4787,2022,pres
2022_pres_t1,44109_0413,44,Loire-Atlantique,,,44109,Nantes,2.0,2ème circonscription,0413,978,199,779,5.0,0,774,20.35,79.65,0.51,0.64,0.0,0.0,79.14,99.36,79.6524,20.3476,2022,pres
2022_pres_t1,44109_0414,44,Loire-Atlantique,,,44109,Nantes,2.0,2ème circonscription,0414,777,132,645,6.0,1,638,16.99,83.01,0.77,0.93,0.13,0.16,82.11,98.91,83.0116,16.9884,2022,pres
2022_pres_t1,44109_0415,44,Loire-Atlantique,,,44109,Nantes,2.0,2ème circonscription,0415,796,153,643,6.0,3,634,19.22,80.78,0.75,0.93,0.38,0.47,79.65,98.6,80.7789,19.2211,2022,pres
2022_pres_t1,44109_0421,44,Loire-Atlantique,,,44109,Nantes,2.0,2ème circonscription,0421,855,162,693,5.0,3,685,18.95,81.05,0.58,0.72,0.35,0.43,80.12,98.85,81.0526,18.9474,2022,pres
2022_pres_t1,44109_0422,44,Loire-Atlantique,,,44109,Nantes,2.0,2ème circonscription,0422,951,204,747,11.0,1,735,21.45,78.55,1.16,1.47,0.11,0.13,77.29,98.39,78.5489,21.4511,2022,pres
2022_pres_t1,44109_0423,44,Loire-Atlantique,,,44109,Nantes,2.0,2ème circonscription,0423,932,182,750,7.0,2,741,19.53,80.47,0.75,0.93,0.21,0.27,79.51,98.8,80.4721,19.5279,2022,pres
2022_pres_t1,44109_0424,44,Loire-Atlantique,,,44109,Nantes,2.0,2ème circonscription,0424,878,188,690,11.0,1,678,21.41,78.59,1.25,1.59,0.11,0.14,77.22,98.26,78.5877,21.4123,2022,pres
2022_pres_t1,44109_0425,44,Loire-Atlantique,,,44109,Nantes,2.0,2ème circonscription,0425,898,193,705,8.0,1,696,21.49,78.51,0.89,1.13,0.11,0.14,77.51,98.72,78.5078,21.4922,2022,pres
2022_pres_t1,44109_0431,44,Loire-Atlantique,,,44109,Nantes,2.0,2ème circonscription,0431,949,209,740,8.0,0,732,22.02,77.98,0.84,1.08,0.0,0.0,77.13,98.92,77.9768,22.0232,2022,pres
2022_pres_t1,44109_0441,44,Loire-Atlantique,,,44109,Nantes,2.0,2ème circonscription,0441,925,184,741,11.0,3,727,19.89,80.11,1.19,1.48,0.32,0.4,78.59,98.11,80.1081,19.8919,2022,pres
2022_pres_t1,44109_0442,44,Loire-Atlantique,,,44109,Nantes,2.0,2ème circonscription,0442,915,171,744,6.0,1,737,18.69,81.31,0.66,0.81,0.11,0.13,80.55,99.06,81.3115,18.6885,2022,pres
2022_pres_t1,44109_0443,44,Loire-Atlantique,,,44109,Nantes,2.0,2ème circonscription,0443,945,202,743,9.0,1,733,21.38,78.62,0.95,1.21,0.11,0.13,77.57,98.65,78.6243,21.3757,2022,pres
2022_pres_t1,44109_0444,44,Loire-Atlantique,,,44109,Nantes,2.0,2ème circonscription,0444,1003,241,762,14.0,1,747,24.03,75.97,1.4,1.84,0.1,0.13,74.48,98.03,75.9721,24.0279,2022,pres
2022_pres_t1,44109_0541,44,Loire-Atlantique,,,44109,Nantes,2.0,2ème circonscription,0541,896,193,703,12.0,2,689,21.54,78.46,1.34,1.71,0.22,0.28,76.9,98.01,78.4598,21.5402,2022,pres
2022_pres_t1,44109_0542,44,Loire-Atlantique,,,44109,Nantes,2.0,2ème circonscription,0542,843,190,653,11.0,0,642,22.54,77.46,1.3,1.68,0.0,0.0,76.16,98.32,77.4614,22.5386,2022,pres
2022_pres_t1,44109_0543,44,Loire-Atlantique,,,44109,Nantes,2.0,2ème circonscription,0543,875,171,704,8.0,1,695,19.54,80.46,0.91,1.14,0.11,0.14,79.43,98.72,80.4571,19.5429,2022,pres
2022_pres_t1,44109_0544,44,Loire-Atlantique,,,44109,Nantes,2.0,2ème circonscription,0544,896,184,712,10.0,0,702,20.54,79.46,1.12,1.4,0.0,0.0,78.35,98.6,79.4643,20.5357,2022,pres
2022_pres_t1,44109_0545,44,Loire-Atlantique,,,44109,Nantes,2.0,2ème circonscription,0545,950,214,736,7.0,2,727,22.53,77.47,0.74,0.95,0.21,0.27,76.53,98.78,77.4737,22.5263,2022,pres
2022_pres_t1,44109_0546,44,Loire-Atlantique,,,44109,Nantes,2.0,2ème circonscription,0546,899,187,712,10.0,6,696,20.8,79.2,1.11,1.4,0.67,0.84,77.42,97.75,79.1991,20.8009,2022,pres
2022_pres_t1,44109_0721,44,Loire-Atlantique,,,44109,Nantes,2.0,2ème circonscription,0721,1017,287,730,7.0,5,718,28.22,71.78,0.69,0.96,0.49,0.68,70.6,98.36,71.7797,28.2203,2022,pres
2022_pres_t1,44109_0722,44,Loire-Atlantique,,,44109,Nantes,2.0,2ème circonscription,0722,1000,339,661,11.0,4,646,33.9,66.1,1.1,1.66,0.4,0.61,64.6,97.73,66.1,33.9,2022,pres
2022_pres_t1,44109_0723,44,Loire-Atlantique,,,44109,Nantes,2.0,2ème circonscription,0723,1017,386,631,8.0,3,620,37.95,62.05,0.79,1.27,0.29,0.48,60.96,98.26,62.0452,37.9548,2022,pres
2022_pres_t1,44109_0724,44,Loire-Atlantique,,,44109,Nantes,2.0,2ème circonscription,0724,992,378,614,17.0,4,593,38.1,61.9,1.71,2.77,0.4,0.65,59.78,96.58,61.8952,38.1048,2022,pres
2022_pres_t1,44109_0725,44,Loire-Atlantique,,,44109,Nantes,2.0,2ème circonscription,0725,1008,192,816,9.0,3,804,19.05,80.95,0.89,1.1,0.3,0.37,79.76,98.53,80.9524,19.0476,2022,pres
2022_pres_t1,44109_0731,44,Loire-Atlantique,,,44109,Nantes,2.0,2ème circonscription,0731,853,179,674,10.0,2,662,20.98,79.02,1.17,1.48,0.23,0.3,77.61,98.22,79.0152,20.9848,2022,pres
2022_pres_t1,44109_0732,44,Loire-Atlantique,,,44109,Nantes,2.0,2ème circonscription,0732,912,192,720,7.0,1,712,21.05,78.95,0.77,0.97,0.11,0.14,78.07,98.89,78.9474,21.0526,2022,pres
2022_pres_t1,44109_0733,44,Loire-Atlantique,,,44109,Nantes,2.0,2ème circonscription,0733,849,194,655,16.0,5,634,22.85,77.15,1.88,2.44,0.59,0.76,74.68,96.79,77.1496,22.8504,2022,pres
2022_pres_t1,44109_0734,44,Loire-Atlantique,,,44109,Nantes,2.0,2ème circonscription,0734,905,173,732,12.0,0,720,19.12,80.88,1.33,1.64,0.0,0.0,79.56,98.36,80.884,19.116,2022,pres
2022_pres_t1,44109_0735,44,Loire-Atlantique,,,44109,Nantes,2.0,2ème circonscription,0735,1003,168,835,8.0,3,824,16.75,83.25,0.8,0.96,0.3,0.36,82.15,98.68,83.2502,16.7498,2022,pres
2022_pres_t1,44109_0736,44,Loire-Atlantique,,,44109,Nantes,2.0,2ème circonscription,0736,843,244,599,12.0,3,584,28.94,71.06,1.42,2.0,0.36,0.5,69.28,97.5,71.0558,28.9442,2022,pres
2022_pres_t1,44109_0741,44,Loire-Atlantique,,,44109,Nantes,2.0,2ème circonscription,0741,947,242,705,10.0,3,692,25.55,74.45,1.06,1.42,0.32,0.43,73.07,98.16,74.4456,25.5544,2022,pres
2022_pres_t1,44109_0742,44,Loire-Atlantique,,,44109,Nantes,2.0,2ème circonscription,0742,841,211,630,10.0,1,619,25.09,74.91,1.19,1.59,0.12,0.16,73.6,98.25,74.9108,25.0892,2022,pres
2022_pres_t1,44109_0743,44,Loire-Atlantique,,,44109,Nantes,2.0,2ème circonscription,0743,905,250,655,7.0,3,645,27.62,72.38,0.77,1.07,0.33,0.46,71.27,98.47,72.3757,27.6243,2022,pres
2022_pres_t1,44109_0744,44,Loire-Atlantique,,,44109,Nantes,2.0,2ème circonscription,0744,958,208,750,12.0,12,726,21.71,78.29,1.25,1.6,1.25,1.6,75.78,96.8,78.2881,21.7119,2022,pres
2022_pres_t1,44109_0745,44,Loire-Atlantique,,,44109,Nantes,2.0,2ème circonscription,0745,943,269,674,13.0,5,656,28.53,71.47,1.38,1.93,0.53,0.74,69.57,97.33,71.474,28.526,2022,pres
2022_pres_t1,44109_0746,44,Loire-Atlantique,,,44109,Nantes,2.0,2ème circonscription,0746,159,158,1,0.0,1,0,99.37,0.63,0.0,0.0,0.63,100.0,0.0,0.0,0.6289,99.3711,2022,pres
2022_pres_t1,44109_0432,44,Loire-Atlantique,,,44109,Nantes,3.0,3ème circonscription,0432,971,220,751,5.0,0,746,22.66,77.34,0.51,0.67,0.0,0.0,76.83,99.33,77.3429,22.6571,2022,pres
2022_pres_t1,44109_0433,44,Loire-Atlantique,,,44109,Nantes,3.0,3ème circonscription,0433,955,176,779,7.0,2,770,18.43,81.57,0.73,0.9,0.21,0.26,80.63,98.84,81.5707,18.4293,2022,pres
2022_pres_t1,44109_0434,44,Loire-Atlantique,,,44109,Nantes,3.0,3ème circonscription,0434,966,268,698,4.0,4,690,27.74,72.26,0.41,0.57,0.41,0.57,71.43,98.85,72.2567,27.7433,2022,pres
2022_pres_t1,44109_0445,44,Loire-Atlantique,,,44109,Nantes,3.0,3ème circonscription,0445,817,184,633,2.0,1,630,22.52,77.48,0.24,0.32,0.12,0.16,77.11,99.53,77.4786,22.5214,2022,pres
2022_pres_t1,44109_0451,44,Loire-Atlantique,,,44109,Nantes,3.0,3ème circonscription,0451,958,217,741,3.0,4,734,22.65,77.35,0.31,0.4,0.42,0.54,76.62,99.06,77.3486,22.6514,2022,pres
2022_pres_t1,44109_0452,44,Loire-Atlantique,,,44109,Nantes,3.0,3ème circonscription,0452,974,184,790,10.0,2,778,18.89,81.11,1.03,1.27,0.21,0.25,79.88,98.48,81.1088,18.8912,2022,pres
2022_pres_t1,44109_0453,44,Loire-Atlantique,,,44109,Nantes,3.0,3ème circonscription,0453,1035,220,815,15.0,1,799,21.26,78.74,1.45,1.84,0.1,0.12,77.2,98.04,78.744,21.256,2022,pres
2022_pres_t1,44109_0461,44,Loire-Atlantique,,,44109,Nantes,3.0,3ème circonscription,0461,895,197,698,11.0,0,687,22.01,77.99,1.23,1.58,0.0,0.0,76.76,98.42,77.9888,22.0112,2022,pres
2022_pres_t1,44109_0462,44,Loire-Atlantique,,,44109,Nantes,3.0,3ème circonscription,0462,924,219,705,9.0,4,692,23.7,76.3,0.97,1.28,0.43,0.57,74.89,98.16,76.2987,23.7013,2022,pres
2022_pres_t1,44109_0463,44,Loire-Atlantique,,,44109,Nantes,3.0,3ème circonscription,0463,973,283,690,11.0,3,676,29.09,70.91,1.13,1.59,0.31,0.43,69.48,97.97,70.9147,29.0853,2022,pres
2022_pres_t1,44109_0471,44,Loire-Atlantique,,,44109,Nantes,3.0,3ème circonscription,0471,743,347,396,4.0,7,385,46.7,53.3,0.54,1.01,0.94,1.77,51.82,97.22,53.2974,46.7026,2022,pres
2022_pres_t1,44109_0472,44,Loire-Atlantique,,,44109,Nantes,3.0,3ème circonscription,0472,893,357,536,5.0,1,530,39.98,60.02,0.56,0.93,0.11,0.19,59.35,98.88,60.0224,39.9776,2022,pres
2022_pres_t1,44109_0473,44,Loire-Atlantique,,,44109,Nantes,3.0,3ème circonscription,0473,936,281,655,3.0,7,645,30.02,69.98,0.32,0.46,0.75,1.07,68.91,98.47,69.9786,30.0214,2022,pres
2022_pres_t1,44109_0511,44,Loire-Atlantique,,,44109,Nantes,3.0,3ème circonscription,0511,975,299,676,5.0,2,669,30.67,69.33,0.51,0.74,0.21,0.3,68.62,98.96,69.3333,30.6667,2022,pres
2022_pres_t1,44109_0512,44,Loire-Atlantique,,,44109,Nantes,3.0,3ème circonscription,0512,892,247,645,7.0,1,637,27.69,72.31,0.78,1.09,0.11,0.16,71.41,98.76,72.3094,27.6906,2022,pres
2022_pres_t1,44109_0513,44,Loire-Atlantique,,,44109,Nantes,3.0,3ème circonscription,0513,917,270,647,10.0,4,633,29.44,70.56,1.09,1.55,0.44,0.62,69.03,97.84,70.5562,29.4438,2022,pres
2022_pres_t1,44109_0531,44,Loire-Atlantique,,,44109,Nantes,3.0,3ème circonscription,0531,1003,454,549,4.0,4,541,45.26,54.74,0.4,0.73,0.4,0.73,53.94,98.54,54.7358,45.2642,2022,pres
2022_pres_t1,44109_0532,44,Loire-Atlantique,,,44109,Nantes,3.0,3ème circonscription,0532,886,422,464,2.0,2,460,47.63,52.37,0.23,0.43,0.23,0.43,51.92,99.14,52.3702,47.6298,2022,pres
2022_pres_t1,44109_0533,44,Loire-Atlantique,,,44109,Nantes,3.0,3ème circonscription,0533,953,214,739,13.0,0,726,22.46,77.54,1.36,1.76,0.0,0.0,76.18,98.24,77.5446,22.4554,2022,pres
2022_pres_t1,44109_0534,44,Loire-Atlantique,,,44109,Nantes,3.0,3ème circonscription,0534,838,281,557,4.0,2,551,33.53,66.47,0.48,0.72,0.24,0.36,65.75,98.92,66.4678,33.5322,2022,pres
2022_pres_t1,44109_0551,44,Loire-Atlantique,,,44109,Nantes,3.0,3ème circonscription,0551,1008,244,764,8.0,2,754,24.21,75.79,0.79,1.05,0.2,0.26,74.8,98.69,75.7937,24.2063,2022,pres
2022_pres_t1,44109_0552,44,Loire-Atlantique,,,44109,Nantes,3.0,3ème circonscription,0552,1011,234,777,11.0,3,763,23.15,76.85,1.09,1.42,0.3,0.39,75.47,98.2,76.8546,23.1454,2022,pres
2022_pres_t1,44109_0553,44,Loire-Atlantique,,,44109,Nantes,3.0,3ème circonscription,0553,1007,199,808,5.0,2,801,19.76,80.24,0.5,0.62,0.2,0.25,79.54,99.13,80.2383,19.7617,2022,pres
2022_pres_t1,44109_0554,44,Loire-Atlantique,,,44109,Nantes,3.0,3ème circonscription,0554,1084,291,793,19.0,4,770,26.85,73.15,1.75,2.4,0.37,0.5,71.03,97.1,73.155,26.845,2022,pres
2022_pres_t1,44109_0555,44,Loire-Atlantique,,,44109,Nantes,3.0,3ème circonscription,0555,971,213,758,7.0,3,748,21.94,78.06,0.72,0.92,0.31,0.4,77.03,98.68,78.0639,21.9361,2022,pres
2022_pres_t1,44109_0561,44,Loire-Atlantique,,,44109,Nantes,3.0,3ème circonscription,0561,970,349,621,6.0,7,608,35.98,64.02,0.62,0.97,0.72,1.13,62.68,97.91,64.0206,35.9794,2022,pres
2022_pres_t1,44109_0562,44,Loire-Atlantique,,,44109,Nantes,3.0,3ème circonscription,0562,970,483,487,6.0,4,477,49.79,50.21,0.62,1.23,0.41,0.82,49.18,97.95,50.2062,49.7938,2022,pres
2022_pres_t1,44109_0563,44,Loire-Atlantique,,,44109,Nantes,3.0,3ème circonscription,0563,951,361,590,4.0,2,584,37.96,62.04,0.42,0.68,0.21,0.34,61.41,98.98,62.04,37.96,2022,pres
2022_pres_t1,44109_0564,44,Loire-Atlantique,,,44109,Nantes,3.0,3ème circonscription,0564,988,400,588,8.0,3,577,40.49,59.51,0.81,1.36,0.3,0.51,58.4,98.13,59.5142,40.4858,2022,pres
2022_pres_t1,44109_0565,44,Loire-Atlantique,,,44109,Nantes,3.0,3ème circonscription,0565,989,230,759,8.0,4,747,23.26,76.74,0.81,1.05,0.4,0.53,75.53,98.42,76.7442,23.2558,2022,pres
2022_pres_t1,44109_0371,44,Loire-Atlantique,,,44109,Nantes,4.0,4ème circonscription,0371,1086,261,825,10.0,2,813,24.03,75.97,0.92,1.21,0.18,0.24,74.86,98.55,75.9669,24.0331,2022,pres
2022_pres_t1,44109_0372,44,Loire-Atlantique,,,44109,Nantes,4.0,4ème circonscription,0372,868,287,581,9.0,2,570,33.06,66.94,1.04,1.55,0.23,0.34,65.67,98.11,66.9355,33.0645,2022,pres
2022_pres_t1,44109_0373,44,Loire-Atlantique,,,44109,Nantes,4.0,4ème circonscription,0373,1022,224,798,10.0,5,783,21.92,78.08,0.98,1.25,0.49,0.63,76.61,98.12,78.0822,21.9178,2022,pres
2022_pres_t1,44109_0381,44,Loire-Atlantique,,,44109,Nantes,4.0,4ème circonscription,0381,933,274,659,10.0,2,647,29.37,70.63,1.07,1.52,0.21,0.3,69.35,98.18,70.6324,29.3676,2022,pres
2022_pres_t1,44109_0382,44,Loire-Atlantique,,,44109,Nantes,4.0,4ème circonscription,0382,1010,235,775,10.0,2,763,23.27,76.73,0.99,1.29,0.2,0.26,75.54,98.45,76.7327,23.2673,2022,pres
2022_pres_t1,44109_0383,44,Loire-Atlantique,,,44109,Nantes,4.0,4ème circonscription,0383,941,196,745,13.0,1,731,20.83,79.17,1.38,1.74,0.11,0.13,77.68,98.12,79.1711,20.8289,2022,pres
2022_pres_t1,44109_0384,44,Loire-Atlantique,,,44109,Nantes,4.0,4ème circonscription,0384,905,204,701,9.0,3,689,22.54,77.46,0.99,1.28,0.33,0.43,76.13,98.29,77.4586,22.5414,2022,pres
2022_pres_t1,44109_0385,44,Loire-Atlantique,,,44109,Nantes,4.0,4ème circonscription,0385,1017,220,797,5.0,5,787,21.63,78.37,0.49,0.63,0.49,0.63,77.38,98.75,78.3677,21.6323,2022,pres
2022_pres_t1,44109_0271,44,Loire-Atlantique,,,44109,Nantes,5.0,5ème circonscription,0271,879,268,611,5.0,3,603,30.49,69.51,0.57,0.82,0.34,0.49,68.6,98.69,69.5108,30.4892,2022,pres
2022_pres_t1,44109_0272,44,Loire-Atlantique,,,44109,Nantes,5.0,5ème circonscription,0272,970,259,711,6.0,4,701,26.7,73.3,0.62,0.84,0.41,0.56,72.27,98.59,73.299,26.701,2022,pres
2022_pres_t1,44109_0273,44,Loire-Atlantique,,,44109,Nantes,5.0,5ème circonscription,0273,933,190,743,11.0,1,731,20.36,79.64,1.18,1.48,0.11,0.13,78.35,98.38,79.6356,20.3644,2022,pres
2022_pres_t1,44109_0274,44,Loire-Atlantique,,,44109,Nantes,5.0,5ème circonscription,0274,944,190,754,5.0,4,745,20.13,79.87,0.53,0.66,0.42,0.53,78.92,98.81,79.8729,20.1271,2022,pres
2022_pres_t1,44109_0275,44,Loire-Atlantique,,,44109,Nantes,5.0,5ème circonscription,0275,972,264,708,11.0,2,695,27.16,72.84,1.13,1.55,0.21,0.28,71.5,98.16,72.8395,27.1605,2022,pres
2022_pres_t1,44109_0711,44,Loire-Atlantique,,,44109,Nantes,5.0,5ème circonscription,0711,949,162,787,7.0,3,777,17.07,82.93,0.74,0.89,0.32,0.38,81.88,98.73,82.9294,17.0706,2022,pres
2022_pres_t1,44109_0712,44,Loire-Atlantique,,,44109,Nantes,5.0,5ème circonscription,0712,970,204,766,9.0,4,753,21.03,78.97,0.93,1.17,0.41,0.52,77.63,98.3,78.9691,21.0309,2022,pres
2022_pres_t1,44109_0713,44,Loire-Atlantique,,,44109,Nantes,5.0,5ème circonscription,0713,994,331,663,10.0,4,649,33.3,66.7,1.01,1.51,0.4,0.6,65.29,97.89,66.7002,33.2998,2022,pres
2022_pres_t1,44109_0714,44,Loire-Atlantique,,,44109,Nantes,5.0,5ème circonscription,0714,1064,277,787,13.0,3,771,26.03,73.97,1.22,1.65,0.28,0.38,72.46,97.97,73.9662,26.0338,2022,pres
2022_pres_t1,44109_0715,44,Loire-Atlantique,,,44109,Nantes,5.0,5ème circonscription,0715,979,246,733,8.0,0,725,25.13,74.87,0.82,1.09,0.0,0.0,74.06,98.91,74.8723,25.1277,2022,pres
2022_pres_t1,44109_0751,44,Loire-Atlantique,,,44109,Nantes,5.0,5ème circonscription,0751,949,229,720,9.0,1,710,24.13,75.87,0.95,1.25,0.11,0.14,74.82,98.61,75.8693,24.1307,2022,pres
2022_pres_t1,44109_0752,44,Loire-Atlantique,,,44109,Nantes,5.0,5ème circonscription,0752,1010,274,736,9.0,8,719,27.13,72.87,0.89,1.22,0.79,1.09,71.19,97.69,72.8713,27.1287,2022,pres
2022_pres_t1,44109_0753,44,Loire-Atlantique,,,44109,Nantes,5.0,5ème circonscription,0753,802,198,604,8.0,4,592,24.69,75.31,1.0,1.32,0.5,0.66,73.82,98.01,75.3117,24.6883,2022,pres
2022_pres_t1,44109_0754,44,Loire-Atlantique,,,44109,Nantes,5.0,5ème circonscription,0754,800,292,508,13.0,2,493,36.5,63.5,1.62,2.56,0.25,0.39,61.62,97.05,63.5,36.5,2022,pres
2022_pres_t1,44109_0755,44,Loire-Atlantique,,,44109,Nantes,5.0,5ème circonscription,0755,880,272,608,6.0,2,600,30.91,69.09,0.68,0.99,0.23,0.33,68.18,98.68,69.0909,30.9091,2022,pres
2022_pres_t1,44109_0761,44,Loire-Atlantique,,,44109,Nantes,5.0,5ème circonscription,0761,885,181,704,8.0,2,694,20.45,79.55,0.9,1.14,0.23,0.28,78.42,98.58,79.548,20.452,2022,pres
2022_pres_t1,44109_0762,44,Loire-Atlantique,,,44109,Nantes,5.0,5ème circonscription,0762,1094,208,886,14.0,1,871,19.01,80.99,1.28,1.58,0.09,0.11,79.62,98.31,80.9872,19.0128,2022,pres
2022_pres_t1,44109_0763,44,Loire-Atlantique,,,44109,Nantes,5.0,5ème circonscription,0763,1017,237,780,12.0,2,766,23.3,76.7,1.18,1.54,0.2,0.26,75.32,98.21,76.6962,23.3038,2022,pres
2022_pres_t1,44109_0764,44,Loire-Atlantique,,,44109,Nantes,5.0,5ème circonscription,0764,880,267,613,12.0,2,599,30.34,69.66,1.36,1.96,0.23,0.33,68.07,97.72,69.6591,30.3409,2022,pres
2022_pres_t1,44109_0765,44,Loire-Atlantique,,,44109,Nantes,5.0,5ème circonscription,0765,929,171,758,8.0,3,747,18.41,81.59,0.86,1.06,0.32,0.4,80.41,98.55,81.5931,18.4069,2022,pres
2022_pres_t1,44109_0766,44,Loire-Atlantique,,,44109,Nantes,5.0,5ème circonscription,0766,1072,191,881,17.0,5,859,17.82,82.18,1.59,1.93,0.47,0.57,80.13,97.5,82.1828,17.8172,2022,pres
2022_pres_t1,44114_0021,44,Loire-Atlantique,,,44114,Orvault,1.0,1ère circonscription,0021,821,134,687,19.0,0,668,16.32,83.68,2.31,2.77,0.0,0.0,81.36,97.23,83.6784,16.3216,2022,pres
2022_pres_t1,44114_0022,44,Loire-Atlantique,,,44114,Orvault,1.0,1ère circonscription,0022,865,199,666,8.0,0,658,23.01,76.99,0.92,1.2,0.0,0.0,76.07,98.8,76.9942,23.0058,2022,pres
2022_pres_t1,44114_0023,44,Loire-Atlantique,,,44114,Orvault,1.0,1ère circonscription,0023,879,153,726,27.0,0,699,17.41,82.59,3.07,3.72,0.0,0.0,79.52,96.28,82.5939,17.4061,2022,pres
2022_pres_t1,44114_0024,44,Loire-Atlantique,,,44114,Orvault,1.0,1ère circonscription,0024,885,189,696,18.0,0,678,21.36,78.64,2.03,2.59,0.0,0.0,76.61,97.41,78.6441,21.3559,2022,pres
2022_pres_t1,44143_0025,44,Loire-Atlantique,,,44143,Rezé,4.0,4ème circonscription,0025,934,244,690,6.0,3,681,26.12,73.88,0.64,0.87,0.32,0.43,72.91,98.7,73.8758,26.1242,2022,pres
2022_pres_t1,44143_0026,44,Loire-Atlantique,,,44143,Rezé,4.0,4ème circonscription,0026,1030,301,729,11.0,2,716,29.22,70.78,1.07,1.51,0.19,0.27,69.51,98.22,70.7767,29.2233,2022,pres
2022_pres_t1,44143_0027,44,Loire-Atlantique,,,44143,Rezé,4.0,4ème circonscription,0027,1144,237,907,14.0,5,888,20.72,79.28,1.22,1.54,0.44,0.55,77.62,97.91,79.2832,20.7168,2022,pres
2022_pres_t1,44143_0028,44,Loire-Atlantique,,,44143,Rezé,4.0,4ème circonscription,0028,817,186,631,3.0,2,626,22.77,77.23,0.37,0.48,0.24,0.32,76.62,99.21,77.2338,22.7662,2022,pres
2022_pres_t1,44143_0029,44,Loire-Atlantique,,,44143,Rezé,4.0,4ème circonscription,0029,1005,251,754,16.0,4,734,24.98,75.02,1.59,2.12,0.4,0.53,73.03,97.35,75.0249,24.9751,2022,pres
2022_pres_t1,44143_0030,44,Loire-Atlantique,,,44143,Rezé,4.0,4ème circonscription,0030,1063,253,810,13.0,6,791,23.8,76.2,1.22,1.6,0.56,0.74,74.41,97.65,76.1994,23.8006,2022,pres
2022_pres_t1,44143_0031,44,Loire-Atlantique,,,44143,Rezé,4.0,4ème circonscription,0031,900,192,708,12.0,8,688,21.33,78.67,1.33,1.69,0.89,1.13,76.44,97.18,78.6667,21.3333,2022,pres
2022_pres_t1,44143_0032,44,Loire-Atlantique,,,44143,Rezé,4.0,4ème circonscription,0032,768,183,585,7.0,0,578,23.83,76.17,0.91,1.2,0.0,0.0,75.26,98.8,76.1719,23.8281,2022,pres
2022_pres_t1,44143_0033,44,Loire-Atlantique,,,44143,Rezé,4.0,4ème circonscription,0033,505,106,399,3.0,0,396,20.99,79.01,0.59,0.75,0.0,0.0,78.42,99.25,79.0099,20.9901,2022,pres
2022_pres_t1,44162_0034,44,Loire-Atlantique,,,44162,Saint-Herblain,3.0,3ème circonscription,0034,692,138,554,7.0,4,543,19.94,80.06,1.01,1.26,0.58,0.72,78.47,98.01,80.0578,19.9422,2022,pres
2022_pres_t1,44162_0035,44,Loire-Atlantique,,,44162,Saint-Herblain,3.0,3ème circonscription,0035,672,189,483,7.0,5,471,28.12,71.88,1.04,1.45,0.74,1.04,70.09,97.52,71.875,28.125,2022,pres
2022_pres_t1,44162_0036,44,Loire-Atlantique,,,44162,Saint-Herblain,3.0,3ème circonscription,0036,814,165,649,12.0,5,632,20.27,79.73,1.47,1.85,0.61,0.77,77.64,97.38,79.7297,20.2703,2022,pres
2022_pres_t1,44162_0037,44,Loire-Atlantique,,,44162,Saint-Herblain,3.0,3ème circonscription,0037,611,124,487,11.0,1,475,20.29,79.71,1.8,2.26,0.16,0.21,77.74,97.54,79.7054,20.2946,2022,pres
2022_pres_t1,44162_0038,44,Loire-Atlantique,,,44162,Saint-Herblain,3.0,3ème circonscription,0038,724,138,586,18.0,2,566,19.06,80.94,2.49,3.07,0.28,0.34,78.18,96.59,80.9392,19.0608,2022,pres
2022_pres_t1,44162_0039,44,Loire-Atlantique,,,44162,Saint-Herblain,3.0,3ème circonscription,0039,913,194,719,17.0,4,698,21.25,78.75,1.86,2.36,0.44,0.56,76.45,97.08,78.7514,21.2486,2022,pres
2022_pres_t1,44184_0040,44,Loire-Atlantique,,,44184,Saint-Nazaire,8.0,8ème circonscription,0040,1141,376,765,13.0,6,746,32.95,67.05,1.14,1.7,0.53,0.78,65.38,97.52,67.0465,32.9535,2022,pres
2022_pres_t1,44184_0041,44,Loire-Atlantique,,,44184,Saint-Nazaire,8.0,8ème circonscription,0041,1162,424,738,11.0,7,720,36.49,63.51,0.95,1.49,0.6,0.95,61.96,97.56,63.5112,36.4888,2022,pres
2022_pres_t1,44184_0042,44,Loire-Atlantique,,,44184,Saint-Nazaire,8.0,8ème circonscription,0042,983,349,634,6.0,4,624,35.5,64.5,0.61,0.95,0.41,0.63,63.48,98.42,64.4964,35.5036,2022,pres
2022_pres_t1,44184_0043,44,Loire-Atlantique,,,44184,Saint-Nazaire,8.0,8ème circonscription,0043,967,321,646,17.0,4,625,33.2,66.8,1.76,2.63,0.41,0.62,64.63,96.75,66.8046,33.1954,2022,pres
2022_pres_t1,44184_0044,44,Loire-Atlantique,,,44184,Saint-Nazaire,8.0,8ème circonscription,0044,1098,360,738,15.0,2,721,32.79,67.21,1.37,2.03,0.18,0.27,65.66,97.7,67.2131,32.7869,2022,pres
2022_pres_t1,44184_0045,44,Loire-Atlantique,,,44184,Saint-Nazaire,8.0,8ème circonscription,0045,1001,287,714,9.0,13,692,28.67,71.33,0.9,1.26,1.3,1.82,69.13,96.92,71.3287,28.6713,2022,pres
2022_pres_t1,44184_0046,44,Loire-Atlantique,,,44184,Saint-Nazaire,8.0,8ème circonscription,0046,1062,278,784,10.0,3,771,26.18,73.82,0.94,1.28,0.28,0.38,72.6,98.34,73.823,26.177,2022,pres
2022_pres_t1,44184_0047,44,Loire-Atlantique,,,44184,Saint-Nazaire,8.0,8ème circonscription,0047,1285,288,997,13.0,4,980,22.41,77.59,1.01,1.3,0.31,0.4,76.26,98.29,77.5875,22.4125,2022,pres
2022_pres_t1,44184_0048,44,Loire-Atlantique,,,44184,Saint-Nazaire,8.0,8ème circonscription,0048,1111,196,915,13.0,7,895,17.64,82.36,1.17,1.42,0.63,0.77,80.56,97.81,82.3582,17.6418,2022,pres
2022_pres_t1,44184_0049,44,Loire-Atlantique,,,44184,Saint-Nazaire,8.0,8ème circonscription,0049,962,245,717,10.0,2,705,25.47,74.53,1.04,1.39,0.21,0.28,73.28,98.33,74.5322,25.4678,2022,pres
2022_pres_t1,44184_0050,44,Loire-Atlantique,,,44184,Saint-Nazaire,8.0,8ème circonscription,0050,940,253,687,7.0,5,675,26.91,73.09,0.74,1.02,0.53,0.73,71.81,98.25,73.0851,26.9149,2022,pres
2022_pres_t1,49002_0001,49,Maine-et-Loire,,,49002,Allonnes,3.0,3ème circonscription,0001,902,210,692,15.0,3,674,23.28,76.72,1.66,2.17,0.33,0.43,74.72,97.4,76.7184,23.2816,2022,pres
2022_pres_t1,49002_0002,49,Maine-et-Loire,,,49002,Allonnes,3.0,3ème circonscription,0002,1110,265,845,17.0,4,824,23.87,76.13,1.53,2.01,0.36,0.47,74.23,97.51,76.1261,23.8739,2022,pres
2022_pres_t1,49003_0003,49,Maine-et-Loire,,,49003,Tuffalun,4.0,4ème circonscription,0003,245,41,204,3.0,2,199,16.73,83.27,1.22,1.47,0.82,0.98,81.22,97.55,83.2653,16.7347,2022,pres
2022_pres_t1,49007_0101,49,Maine-et-Loire,,,49007,Angers,1.0,1ère circonscription,0101,1259,294,965,15.0,4,946,23.35,76.65,1.19,1.55,0.32,0.41,75.14,98.03,76.6481,23.3519,2022,pres
2022_pres_t1,49007_0102,49,Maine-et-Loire,,,49007,Angers,1.0,1ère circonscription,0102,1553,416,1137,15.0,5,1117,26.79,73.21,0.97,1.32,0.32,0.44,71.93,98.24,73.2131,26.7869,2022,pres
2022_pres_t1,49007_0103,49,Maine-et-Loire,,,49007,Angers,1.0,1ère circonscription,0103,1210,364,846,16.0,4,826,30.08,69.92,1.32,1.89,0.33,0.47,68.26,97.64,69.9174,30.0826,2022,pres
2022_pres_t1,49007_0104,49,Maine-et-Loire,,,49007,Angers,1.0,1ère circonscription,0104,1346,280,1066,7.0,1,1058,20.8,79.2,0.52,0.66,0.07,0.09,78.6,99.25,79.1976,20.8024,2022,pres
2022_pres_t1,49007_0105,49,Maine-et-Loire,,,49007,Angers,1.0,1ère circonscription,0105,1415,310,1105,18.0,4,1083,21.91,78.09,1.27,1.63,0.28,0.36,76.54,98.01,78.0919,21.9081,2022,pres
2022_pres_t1,49007_0106,49,Maine-et-Loire,,,49007,Angers,1.0,1ère circonscription,0106,1037,254,783,10.0,4,769,24.49,75.51,0.96,1.28,0.39,0.51,74.16,98.21,75.5063,24.4937,2022,pres
2022_pres_t1,49007_0107,49,Maine-et-Loire,,,49007,Angers,1.0,1ère circonscription,0107,1180,281,899,12.0,2,885,23.81,76.19,1.02,1.33,0.17,0.22,75.0,98.44,76.1864,23.8136,2022,pres
2022_pres_t1,49007_0108,49,Maine-et-Loire,,,49007,Angers,1.0,1ère circonscription,0108,903,147,756,7.0,1,748,16.28,83.72,0.78,0.93,0.11,0.13,82.83,98.94,83.7209,16.2791,2022,pres
2022_pres_t1,49007_0109,49,Maine-et-Loire,,,49007,Angers,1.0,1ère circonscription,0109,966,172,794,11.0,1,782,17.81,82.19,1.14,1.39,0.1,0.13,80.95,98.49,82.1946,17.8054,2022,pres
2022_pres_t1,49007_0110,49,Maine-et-Loire,,,49007,Angers,1.0,1ère circonscription,0110,1285,271,1014,11.0,3,1000,21.09,78.91,0.86,1.08,0.23,0.3,77.82,98.62,78.9105,21.0895,2022,pres
2022_pres_t1,49007_0111,49,Maine-et-Loire,,,49007,Angers,1.0,1ère circonscription,0111,1255,252,1003,5.0,1,997,20.08,79.92,0.4,0.5,0.08,0.1,79.44,99.4,79.9203,20.0797,2022,pres
2022_pres_t1,49007_0112,49,Maine-et-Loire,,,49007,Angers,1.0,1ère circonscription,0112,1248,272,976,15.0,1,960,21.79,78.21,1.2,1.54,0.08,0.1,76.92,98.36,78.2051,21.7949,2022,pres
2022_pres_t1,49007_0113,49,Maine-et-Loire,,,49007,Angers,1.0,1ère circonscription,0113,1128,207,921,11.0,2,908,18.35,81.65,0.98,1.19,0.18,0.22,80.5,98.59,81.6489,18.3511,2022,pres
2022_pres_t1,49007_0115,49,Maine-et-Loire,,,49007,Angers,1.0,1ère circonscription,0115,985,207,778,11.0,1,766,21.02,78.98,1.12,1.41,0.1,0.13,77.77,98.46,78.9848,21.0152,2022,pres
2022_pres_t1,49007_0116,49,Maine-et-Loire,,,49007,Angers,1.0,1ère circonscription,0116,1118,227,891,9.0,2,880,20.3,79.7,0.81,1.01,0.18,0.22,78.71,98.77,79.6959,20.3041,2022,pres
2022_pres_t1,49007_0117,49,Maine-et-Loire,,,49007,Angers,1.0,1ère circonscription,0117,1202,232,970,8.0,3,959,19.3,80.7,0.67,0.82,0.25,0.31,79.78,98.87,80.6988,19.3012,2022,pres
2022_pres_t1,49007_0118,49,Maine-et-Loire,,,49007,Angers,1.0,1ère circonscription,0118,975,246,729,11.0,7,711,25.23,74.77,1.13,1.51,0.72,0.96,72.92,97.53,74.7692,25.2308,2022,pres
2022_pres_t1,49007_0119,49,Maine-et-Loire,,,49007,Angers,1.0,1ère circonscription,0119,1181,277,904,10.0,4,890,23.45,76.55,0.85,1.11,0.34,0.44,75.36,98.45,76.5453,23.4547,2022,pres
2022_pres_t1,49007_0122,49,Maine-et-Loire,,,49007,Angers,1.0,1ère circonscription,0122,1239,348,891,12.0,4,875,28.09,71.91,0.97,1.35,0.32,0.45,70.62,98.2,71.9128,28.0872,2022,pres
2022_pres_t1,49007_0123,49,Maine-et-Loire,,,49007,Angers,1.0,1ère circonscription,0123,1102,331,771,19.0,4,748,30.04,69.96,1.72,2.46,0.36,0.52,67.88,97.02,69.9637,30.0363,2022,pres
2022_pres_t1,49007_0214,49,Maine-et-Loire,,,49007,Angers,1.0,1ère circonscription,0214,1109,346,763,13.0,1,749,31.2,68.8,1.17,1.7,0.09,0.13,67.54,98.17,68.8007,31.1993,2022,pres
2022_pres_t1,49007_0501,49,Maine-et-Loire,,,49007,Angers,1.0,1ère circonscription,0501,917,348,569,3.0,5,561,37.95,62.05,0.33,0.53,0.55,0.88,61.18,98.59,62.0502,37.9498,2022,pres
2022_pres_t1,49007_0502,49,Maine-et-Loire,,,49007,Angers,1.0,1ère circonscription,0502,1314,274,1040,12.0,7,1021,20.85,79.15,0.91,1.15,0.53,0.67,77.7,98.17,79.1476,20.8524,2022,pres
2022_pres_t1,49007_0503,49,Maine-et-Loire,,,49007,Angers,1.0,1ère circonscription,0503,1199,291,908,10.0,4,894,24.27,75.73,0.83,1.1,0.33,0.44,74.56,98.46,75.7298,24.2702,2022,pres
2022_pres_t1,49007_0504,49,Maine-et-Loire,,,49007,Angers,1.0,1ère circonscription,0504,1092,278,814,10.0,1,803,25.46,74.54,0.92,1.23,0.09,0.12,73.53,98.65,74.5421,25.4579,2022,pres
2022_pres_t1,49007_0505,49,Maine-et-Loire,,,49007,Angers,1.0,1ère circonscription,0505,1289,341,948,12.0,5,931,26.45,73.55,0.93,1.27,0.39,0.53,72.23,98.21,73.5454,26.4546,2022,pres
2022_pres_t1,49007_0506,49,Maine-et-Loire,,,49007,Angers,1.0,1ère circonscription,0506,1471,321,1150,14.0,6,1130,21.82,78.18,0.95,1.22,0.41,0.52,76.82,98.26,78.1781,21.8219,2022,pres
2022_pres_t1,49007_0507,49,Maine-et-Loire,,,49007,Angers,1.0,1ère circonscription,0507,985,213,772,7.0,6,759,21.62,78.38,0.71,0.91,0.61,0.78,77.06,98.32,78.3756,21.6244,2022,pres
2022_pres_t1,49007_0508,49,Maine-et-Loire,,,49007,Angers,1.0,1ère circonscription,0508,933,330,603,11.0,2,590,35.37,64.63,1.18,1.82,0.21,0.33,63.24,97.84,64.6302,35.3698,2022,pres
2022_pres_t1,49007_0509,49,Maine-et-Loire,,,49007,Angers,1.0,1ère circonscription,0509,955,299,656,8.0,5,643,31.31,68.69,0.84,1.22,0.52,0.76,67.33,98.02,68.6911,31.3089,2022,pres
2022_pres_t1,49007_0510,49,Maine-et-Loire,,,49007,Angers,1.0,1ère circonscription,0510,905,423,482,5.0,3,474,46.74,53.26,0.55,1.04,0.33,0.62,52.38,98.34,53.2597,46.7403,2022,pres
2022_pres_t1,49007_0511,49,Maine-et-Loire,,,49007,Angers,1.0,1ère circonscription,0511,929,336,593,8.0,6,579,36.17,63.83,0.86,1.35,0.65,1.01,62.33,97.64,63.8321,36.1679,2022,pres
2022_pres_t1,49007_0512,49,Maine-et-Loire,,,49007,Angers,1.0,1ère circonscription,0512,1047,473,574,11.0,7,556,45.18,54.82,1.05,1.92,0.67,1.22,53.1,96.86,54.8233,45.1767,2022,pres
2022_pres_t1,49007_0513,49,Maine-et-Loire,,,49007,Angers,1.0,1ère circonscription,0513,915,451,464,7.0,6,451,49.29,50.71,0.77,1.51,0.66,1.29,49.29,97.2,50.7104,49.2896,2022,pres
2022_pres_t1,49007_0514,49,Maine-et-Loire,,,49007,Angers,1.0,1ère circonscription,0514,1102,349,753,8.0,3,742,31.67,68.33,0.73,1.06,0.27,0.4,67.33,98.54,68.3303,31.6697,2022,pres
2022_pres_t1,49007_0601,49,Maine-et-Loire,,,49007,Angers,1.0,1ère circonscription,0601,1262,427,835,24.0,6,805,33.84,66.16,1.9,2.87,0.48,0.72,63.79,96.41,66.1648,33.8352,2022,pres
2022_pres_t1,49007_0602,49,Maine-et-Loire,,,49007,Angers,1.0,1ère circonscription,0602,1078,350,728,8.0,4,716,32.47,67.53,0.74,1.1,0.37,0.55,66.42,98.35,67.5325,32.4675,2022,pres
2022_pres_t1,49007_0603,49,Maine-et-Loire,,,49007,Angers,1.0,1ère circonscription,0603,1045,370,675,9.0,2,664,35.41,64.59,0.86,1.33,0.19,0.3,63.54,98.37,64.5933,35.4067,2022,pres
2022_pres_t1,49007_0604,49,Maine-et-Loire,,,49007,Angers,1.0,1ère circonscription,0604,1302,369,933,19.0,5,909,28.34,71.66,1.46,2.04,0.38,0.54,69.82,97.43,71.659,28.341,2022,pres
2022_pres_t1,49007_0114,49,Maine-et-Loire,,,49007,Angers,2.0,2ème circonscription,0114,507,131,376,5.0,1,370,25.84,74.16,0.99,1.33,0.2,0.27,72.98,98.4,74.1617,25.8383,2022,pres
2022_pres_t1,49007_0120,49,Maine-et-Loire,,,49007,Angers,2.0,2ème circonscription,0120,1175,250,925,16.0,5,904,21.28,78.72,1.36,1.73,0.43,0.54,76.94,97.73,78.7234,21.2766,2022,pres
2022_pres_t1,49007_0121,49,Maine-et-Loire,,,49007,Angers,2.0,2ème circonscription,0121,954,272,682,7.0,3,672,28.51,71.49,0.73,1.03,0.31,0.44,70.44,98.53,71.4885,28.5115,2022,pres
2022_pres_t1,49007_0201,49,Maine-et-Loire,,,49007,Angers,2.0,2ème circonscription,0201,871,176,695,7.0,2,686,20.21,79.79,0.8,1.01,0.23,0.29,78.76,98.71,79.7933,20.2067,2022,pres
2022_pres_t1,49007_0202,49,Maine-et-Loire,,,49007,Angers,2.0,2ème circonscription,0202,1380,312,1068,10.0,2,1056,22.61,77.39,0.72,0.94,0.14,0.19,76.52,98.88,77.3913,22.6087,2022,pres
2022_pres_t1,49007_0203,49,Maine-et-Loire,,,49007,Angers,2.0,2ème circonscription,0203,1007,299,708,9.0,2,697,29.69,70.31,0.89,1.27,0.2,0.28,69.22,98.45,70.3078,29.6922,2022,pres
2022_pres_t1,49007_0204,49,Maine-et-Loire,,,49007,Angers,2.0,2ème circonscription,0204,1011,467,544,5.0,3,536,46.19,53.81,0.49,0.92,0.3,0.55,53.02,98.53,53.8081,46.1919,2022,pres
2022_pres_t1,49007_0205,49,Maine-et-Loire,,,49007,Angers,2.0,2ème circonscription,0205,1147,380,767,9.0,8,750,33.13,66.87,0.78,1.17,0.7,1.04,65.39,97.78,66.8701,33.1299,2022,pres
2022_pres_t1,49007_0206,49,Maine-et-Loire,,,49007,Angers,2.0,2ème circonscription,0206,885,216,669,12.0,4,653,24.41,75.59,1.36,1.79,0.45,0.6,73.79,97.61,75.5932,24.4068,2022,pres
2022_pres_t1,49007_0207,49,Maine-et-Loire,,,49007,Angers,2.0,2ème circonscription,0207,1467,678,789,9.0,7,773,46.22,53.78,0.61,1.14,0.48,0.89,52.69,97.97,53.7832,46.2168,2022,pres
2022_pres_t1,49007_0208,49,Maine-et-Loire,,,49007,Angers,2.0,2ème circonscription,0208,951,222,729,13.0,4,712,23.34,76.66,1.37,1.78,0.42,0.55,74.87,97.67,76.6562,23.3438,2022,pres
2022_pres_t1,49007_0209,49,Maine-et-Loire,,,49007,Angers,2.0,2ème circonscription,0209,1078,333,745,9.0,3,733,30.89,69.11,0.83,1.21,0.28,0.4,68.0,98.39,69.1095,30.8905,2022,pres
2022_pres_t1,49007_0210,49,Maine-et-Loire,,,49007,Angers,2.0,2ème circonscription,0210,1053,345,708,8.0,5,695,32.76,67.24,0.76,1.13,0.47,0.71,66.0,98.16,67.2365,32.7635,2022,pres
2022_pres_t1,49007_0211,49,Maine-et-Loire,,,49007,Angers,2.0,2ème circonscription,0211,1093,310,783,8.0,5,770,28.36,71.64,0.73,1.02,0.46,0.64,70.45,98.34,71.6377,28.3623,2022,pres
2022_pres_t1,49007_0212,49,Maine-et-Loire,,,49007,Angers,2.0,2ème circonscription,0212,961,258,703,8.0,2,693,26.85,73.15,0.83,1.14,0.21,0.28,72.11,98.58,73.153,26.847,2022,pres
2022_pres_t1,49007_0213,49,Maine-et-Loire,,,49007,Angers,2.0,2ème circonscription,0213,665,167,498,5.0,3,490,25.11,74.89,0.75,1.0,0.45,0.6,73.68,98.39,74.8872,25.1128,2022,pres
2022_pres_t1,49007_0701,49,Maine-et-Loire,,,49007,Angers,2.0,2ème circonscription,0701,1168,336,832,16.0,3,813,28.77,71.23,1.37,1.92,0.26,0.36,69.61,97.72,71.2329,28.7671,2022,pres
2022_pres_t1,49007_0702,49,Maine-et-Loire,,,49007,Angers,2.0,2ème circonscription,0702,1015,335,680,8.0,1,671,33.0,67.0,0.79,1.18,0.1,0.15,66.11,98.68,66.9951,33.0049,2022,pres
2022_pres_t1,49007_0703,49,Maine-et-Loire,,,49007,Angers,2.0,2ème circonscription,0703,1189,333,856,11.0,4,841,28.01,71.99,0.93,1.29,0.34,0.47,70.73,98.25,71.9933,28.0067,2022,pres
2022_pres_t1,49007_0704,49,Maine-et-Loire,,,49007,Angers,2.0,2ème circonscription,0704,1194,341,853,8.0,1,844,28.56,71.44,0.67,0.94,0.08,0.12,70.69,98.94,71.4405,28.5595,2022,pres
2022_pres_t1,49007_0705,49,Maine-et-Loire,,,49007,Angers,2.0,2ème circonscription,0705,1374,378,996,20.0,9,967,27.51,72.49,1.46,2.01,0.66,0.9,70.38,97.09,72.4891,27.5109,2022,pres
2022_pres_t1,49007_0215,49,Maine-et-Loire,,,49007,Angers,6.0,6ème circonscription,0215,1024,299,725,15.0,6,704,29.2,70.8,1.46,2.07,0.59,0.83,68.75,97.1,70.8008,29.1992,2022,pres
2022_pres_t1,49007_0216,49,Maine-et-Loire,,,49007,Angers,6.0,6ème circonscription,0216,984,238,746,16.0,2,728,24.19,75.81,1.63,2.14,0.2,0.27,73.98,97.59,75.813,24.187,2022,pres
2022_pres_t1,49007_0217,49,Maine-et-Loire,,,49007,Angers,6.0,6ème circonscription,0217,921,207,714,20.0,3,691,22.48,77.52,2.17,2.8,0.33,0.42,75.03,96.78,77.5244,22.4756,2022,pres
2022_pres_t1,49007_0218,49,Maine-et-Loire,,,49007,Angers,6.0,6ème circonscription,0218,1027,169,858,12.0,0,846,16.46,83.54,1.17,1.4,0.0,0.0,82.38,98.6,83.5443,16.4557,2022,pres
2022_pres_t1,49007_0219,49,Maine-et-Loire,,,49007,Angers,6.0,6ème circonscription,0219,1093,285,808,18.0,2,788,26.08,73.92,1.65,2.23,0.18,0.25,72.1,97.52,73.925,26.075,2022,pres
2022_pres_t1,49007_0302,49,Maine-et-Loire,,,49007,Angers,6.0,6ème circonscription,0302,1052,292,760,11.0,2,747,27.76,72.24,1.05,1.45,0.19,0.26,71.01,98.29,72.2433,27.7567,2022,pres
2022_pres_t1,49007_0303,49,Maine-et-Loire,,,49007,Angers,6.0,6ème circonscription,0303,920,281,639,13.0,3,623,30.54,69.46,1.41,2.03,0.33,0.47,67.72,97.5,69.4565,30.5435,2022,pres
2022_pres_t1,49007_0304,49,Maine-et-Loire,,,49007,Angers,6.0,6ème circonscription,0304,1202,409,793,9.0,3,781,34.03,65.97,0.75,1.13,0.25,0.38,64.98,98.49,65.9734,34.0266,2022,pres
2022_pres_t1,49007_0308,49,Maine-et-Loire,,,49007,Angers,6.0,6ème circonscription,0308,877,296,581,5.0,2,574,33.75,66.25,0.57,0.86,0.23,0.34,65.45,98.8,66.2486,33.7514,2022,pres
2022_pres_t1,49007_0309,49,Maine-et-Loire,,,49007,Angers,6.0,6ème circonscription,0309,877,415,462,11.0,6,445,47.32,52.68,1.25,2.38,0.68,1.3,50.74,96.32,52.6796,47.3204,2022,pres
2022_pres_t1,49007_0310,49,Maine-et-Loire,,,49007,Angers,6.0,6ème circonscription,0310,935,229,706,3.0,0,703,24.49,75.51,0.32,0.42,0.0,0.0,75.19,99.58,75.508,24.492,2022,pres
2022_pres_t1,49007_0311,49,Maine-et-Loire,,,49007,Angers,6.0,6ème circonscription,0311,1334,520,814,12.0,8,794,38.98,61.02,0.9,1.47,0.6,0.98,59.52,97.54,61.0195,38.9805,2022,pres
2022_pres_t1,49007_0312,49,Maine-et-Loire,,,49007,Angers,6.0,6ème circonscription,0312,1383,469,914,11.0,3,900,33.91,66.09,0.8,1.2,0.22,0.33,65.08,98.47,66.0882,33.9118,2022,pres
2022_pres_t1,49007_0313,49,Maine-et-Loire,,,49007,Angers,6.0,6ème circonscription,0313,19,16,3,0.0,0,3,84.21,15.79,0.0,0.0,0.0,0.0,15.79,100.0,15.7895,84.2105,2022,pres
2022_pres_t1,49007_0301,49,Maine-et-Loire,,,49007,Angers,7.0,7ème circonscription,0301,1466,365,1101,15.0,6,1080,24.9,75.1,1.02,1.36,0.41,0.54,73.67,98.09,75.1023,24.8977,2022,pres
2022_pres_t1,49007_0305,49,Maine-et-Loire,,,49007,Angers,7.0,7ème circonscription,0305,974,204,770,15.0,1,754,20.94,79.06,1.54,1.95,0.1,0.13,77.41,97.92,79.0554,20.9446,2022,pres
2022_pres_t1,49007_0306,49,Maine-et-Loire,,,49007,Angers,7.0,7ème circonscription,0306,888,230,658,11.0,5,642,25.9,74.1,1.24,1.67,0.56,0.76,72.3,97.57,74.0991,25.9009,2022,pres
2022_pres_t1,49007_0307,49,Maine-et-Loire,,,49007,Angers,7.0,7ème circonscription,0307,1261,283,978,9.0,6,963,22.44,77.56,0.71,0.92,0.48,0.61,76.37,98.47,77.5575,22.4425,2022,pres
2022_pres_t1,49007_0401,49,Maine-et-Loire,,,49007,Angers,7.0,7ème circonscription,0401,1043,253,790,10.0,3,777,24.26,75.74,0.96,1.27,0.29,0.38,74.5,98.35,75.743,24.257,2022,pres
2022_pres_t1,49007_0402,49,Maine-et-Loire,,,49007,Angers,7.0,7ème circonscription,0402,1135,261,874,11.0,4,859,23.0,77.0,0.97,1.26,0.35,0.46,75.68,98.28,77.0044,22.9956,2022,pres
2022_pres_t1,49007_0403,49,Maine-et-Loire,,,49007,Angers,7.0,7ème circonscription,0403,1073,301,772,12.0,2,758,28.05,71.95,1.12,1.55,0.19,0.26,70.64,98.19,71.9478,28.0522,2022,pres
2022_pres_t1,49007_0404,49,Maine-et-Loire,,,49007,Angers,7.0,7ème circonscription,0404,1223,340,883,15.0,6,862,27.8,72.2,1.23,1.7,0.49,0.68,70.48,97.62,72.1995,27.8005,2022,pres
2022_pres_t1,49007_0405,49,Maine-et-Loire,,,49007,Angers,7.0,7ème circonscription,0405,1482,592,890,10.0,5,875,39.95,60.05,0.67,1.12,0.34,0.56,59.04,98.31,60.054,39.946,2022,pres
2022_pres_t1,49007_0406,49,Maine-et-Loire,,,49007,Angers,7.0,7ème circonscription,0406,1749,431,1318,22.0,6,1290,24.64,75.36,1.26,1.67,0.34,0.46,73.76,97.88,75.3573,24.6427,2022,pres
2022_pres_t1,49015_0004,49,Maine-et-Loire,,,49015,Avrillé,7.0,7ème circonscription,0004,1100,213,887,13.0,10,864,19.36,80.64,1.18,1.47,0.91,1.13,78.55,97.41,80.6364,19.3636,2022,pres
2022_pres_t1,49015_0005,49,Maine-et-Loire,,,49015,Avrillé,7.0,7ème circonscription,0005,881,180,701,3.0,3,695,20.43,79.57,0.34,0.43,0.34,0.43,78.89,99.14,79.5687,20.4313,2022,pres
2022_pres_t1,49015_0006,49,Maine-et-Loire,,,49015,Avrillé,7.0,7ème circonscription,0006,945,190,755,12.0,1,742,20.11,79.89,1.27,1.59,0.11,0.13,78.52,98.28,79.8942,20.1058,2022,pres
2022_pres_t1,49015_0007,49,Maine-et-Loire,,,49015,Avrillé,7.0,7ème circonscription,0007,691,108,583,8.0,3,572,15.63,84.37,1.16,1.37,0.43,0.51,82.78,98.11,84.3705,15.6295,2022,pres
2022_pres_t1,49015_0008,49,Maine-et-Loire,,,49015,Avrillé,7.0,7ème circonscription,0008,840,158,682,8.0,7,667,18.81,81.19,0.95,1.17,0.83,1.03,79.4,97.8,81.1905,18.8095,2022,pres
2022_pres_t1,49015_0009,49,Maine-et-Loire,,,49015,Avrillé,7.0,7ème circonscription,0009,817,180,637,8.0,1,628,22.03,77.97,0.98,1.26,0.12,0.16,76.87,98.59,77.9682,22.0318,2022,pres
2022_pres_t1,49015_0010,49,Maine-et-Loire,,,49015,Avrillé,7.0,7ème circonscription,0010,893,158,735,12.0,8,715,17.69,82.31,1.34,1.63,0.9,1.09,80.07,97.28,82.3068,17.6932,2022,pres
2022_pres_t1,49015_0011,49,Maine-et-Loire,,,49015,Avrillé,7.0,7ème circonscription,0011,991,161,830,16.0,4,810,16.25,83.75,1.61,1.93,0.4,0.48,81.74,97.59,83.7538,16.2462,2022,pres
2022_pres_t1,49015_0012,49,Maine-et-Loire,,,49015,Avrillé,7.0,7ème circonscription,0012,601,125,476,9.0,2,465,20.8,79.2,1.5,1.89,0.33,0.42,77.37,97.69,79.2013,20.7987,2022,pres
2022_pres_t1,49015_0013,49,Maine-et-Loire,,,49015,Avrillé,7.0,7ème circonscription,0013,628,135,493,5.0,4,484,21.5,78.5,0.8,1.01,0.64,0.81,77.07,98.17,78.5032,21.4968,2022,pres
2022_pres_t1,49018_0014,49,Maine-et-Loire,,,49018,Baugé-En-Anjou,3.0,3ème circonscription,0014,205,70,135,2.0,0,133,34.15,65.85,0.98,1.48,0.0,0.0,64.88,98.52,65.8537,34.1463,2022,pres
2022_pres_t1,49018_0015,49,Maine-et-Loire,,,49018,Baugé-En-Anjou,3.0,3ème circonscription,0015,1031,290,741,20.0,5,716,28.13,71.87,1.94,2.7,0.48,0.67,69.45,96.63,71.872,28.128,2022,pres
2022_pres_t1,49018_0016,49,Maine-et-Loire,,,49018,Baugé-En-Anjou,3.0,3ème circonscription,0016,861,232,629,13.0,3,613,26.95,73.05,1.51,2.07,0.35,0.48,71.2,97.46,73.0546,26.9454,2022,pres
2022_pres_t1,49018_0017,49,Maine-et-Loire,,,49018,Baugé-En-Anjou,3.0,3ème circonscription,0017,740,258,482,9.0,3,470,34.86,65.14,1.22,1.87,0.41,0.62,63.51,97.51,65.1351,34.8649,2022,pres
2022_pres_t1,49023_0018,49,Maine-et-Loire,,,49023,Beaupréau-En-Mauges,6.0,6ème circonscription,0018,866,195,671,11.0,4,656,22.52,77.48,1.27,1.64,0.46,0.6,75.75,97.76,77.4827,22.5173,2022,pres
2022_pres_t1,49023_0019,49,Maine-et-Loire,,,49023,Beaupréau-En-Mauges,6.0,6ème circonscription,0019,897,192,705,5.0,6,694,21.4,78.6,0.56,0.71,0.67,0.85,77.37,98.44,78.5953,21.4047,2022,pres
2022_pres_t1,49023_0020,49,Maine-et-Loire,,,49023,Beaupréau-En-Mauges,6.0,6ème circonscription,0020,892,218,674,11.0,8,655,24.44,75.56,1.23,1.63,0.9,1.19,73.43,97.18,75.5605,24.4395,2022,pres
2022_pres_t1,49099_0021,49,Maine-et-Loire,,,49099,Cholet,5.0,5ème circonscription,0021,1000,447,553,12.0,5,536,44.7,55.3,1.2,2.17,0.5,0.9,53.6,96.93,55.3,44.7,2022,pres
2022_pres_t1,49099_0022,49,Maine-et-Loire,,,49099,Cholet,5.0,5ème circonscription,0022,927,282,645,16.0,4,625,30.42,69.58,1.73,2.48,0.43,0.62,67.42,96.9,69.5793,30.4207,2022,pres
2022_pres_t1,49099_0023,49,Maine-et-Loire,,,49099,Cholet,5.0,5ème circonscription,0023,1087,269,818,20.0,8,790,24.75,75.25,1.84,2.44,0.74,0.98,72.68,96.58,75.253,24.747,2022,pres
2022_pres_t1,49099_0024,49,Maine-et-Loire,,,49099,Cholet,5.0,5ème circonscription,0024,1042,275,767,8.0,2,757,26.39,73.61,0.77,1.04,0.19,0.26,72.65,98.7,73.6084,26.3916,2022,pres
2022_pres_t1,49099_0025,49,Maine-et-Loire,,,49099,Cholet,5.0,5ème circonscription,0025,1373,258,1115,12.0,9,1094,18.79,81.21,0.87,1.08,0.66,0.81,79.68,98.12,81.209,18.791,2022,pres
2022_pres_t1,49099_0026,49,Maine-et-Loire,,,49099,Cholet,5.0,5ème circonscription,0026,879,200,679,12.0,3,664,22.75,77.25,1.37,1.77,0.34,0.44,75.54,97.79,77.2469,22.7531,2022,pres
2022_pres_t1,49099_0027,49,Maine-et-Loire,,,49099,Cholet,5.0,5ème circonscription,0027,749,162,587,6.0,6,575,21.63,78.37,0.8,1.02,0.8,1.02,76.77,97.96,78.3712,21.6288,2022,pres
2022_pres_t1,49099_0028,49,Maine-et-Loire,,,49099,Cholet,5.0,5ème circonscription,0028,1321,318,1003,14.0,7,982,24.07,75.93,1.06,1.4,0.53,0.7,74.34,97.91,75.9273,24.0727,2022,pres
2022_pres_t1,49099_0029,49,Maine-et-Loire,,,49099,Cholet,5.0,5ème circonscription,0029,1258,299,959,13.0,5,941,23.77,76.23,1.03,1.36,0.4,0.52,74.8,98.12,76.2321,23.7679,2022,pres
2022_pres_t1,49099_0030,49,Maine-et-Loire,,,49099,Cholet,5.0,5ème circonscription,0030,964,248,716,6.0,5,705,25.73,74.27,0.62,0.84,0.52,0.7,73.13,98.46,74.2739,25.7261,2022,pres
2022_pres_t1,49099_0031,49,Maine-et-Loire,,,49099,Cholet,5.0,5ème circonscription,0031,930,262,668,6.0,5,657,28.17,71.83,0.65,0.9,0.54,0.75,70.65,98.35,71.828,28.172,2022,pres
2022_pres_t1,49099_0032,49,Maine-et-Loire,,,49099,Cholet,5.0,5ème circonscription,0032,1008,259,749,15.0,5,729,25.69,74.31,1.49,2.0,0.5,0.67,72.32,97.33,74.3056,25.6944,2022,pres
2022_pres_t1,49099_0033,49,Maine-et-Loire,,,49099,Cholet,5.0,5ème circonscription,0033,944,215,729,9.0,6,714,22.78,77.22,0.95,1.23,0.64,0.82,75.64,97.94,77.2246,22.7754,2022,pres
2022_pres_t1,49099_0034,49,Maine-et-Loire,,,49099,Cholet,5.0,5ème circonscription,0034,881,252,629,9.0,3,617,28.6,71.4,1.02,1.43,0.34,0.48,70.03,98.09,71.3961,28.6039,2022,pres
2022_pres_t1,49099_0035,49,Maine-et-Loire,,,49099,Cholet,5.0,5ème circonscription,0035,963,239,724,17.0,2,705,24.82,75.18,1.77,2.35,0.21,0.28,73.21,97.38,75.1817,24.8183,2022,pres
2022_pres_t1,53001_0001,53,Mayenne,,,53001,Ahuillé,2.0,2ème circonscription,0001,810,145,665,13.0,7,645,17.9,82.1,1.6,1.95,0.86,1.05,79.63,96.99,82.0988,17.9012,2022,pres
2022_pres_t1,53001_0002,53,Mayenne,,,53001,Ahuillé,2.0,2ème circonscription,0002,699,131,568,22.0,5,541,18.74,81.26,3.15,3.87,0.72,0.88,77.4,95.25,81.2589,18.7411,2022,pres
2022_pres_t1,53005_0003,53,Mayenne,,,53005,Andouillé,3.0,3ème circonscription,0003,616,126,490,3.0,12,475,20.45,79.55,0.49,0.61,1.95,2.45,77.11,96.94,79.5455,20.4545,2022,pres
2022_pres_t1,53029_0004,53,Mayenne,,,53029,Bierné-Les-Villages,2.0,2ème circonscription,0004,138,37,101,0.0,2,99,26.81,73.19,0.0,0.0,1.45,1.98,71.74,98.02,73.1884,26.8116,2022,pres
2022_pres_t1,53034_0005,53,Mayenne,,,53034,Bonchamp-Lès-Laval,1.0,1ère circonscription,0005,1011,162,849,15.0,5,829,16.02,83.98,1.48,1.77,0.49,0.59,82.0,97.64,83.9763,16.0237,2022,pres
2022_pres_t1,53054_0006,53,Mayenne,,,53054,Changé,1.0,1ère circonscription,0006,927,239,688,12.0,5,671,25.78,74.22,1.29,1.74,0.54,0.73,72.38,97.53,74.2179,25.7821,2022,pres
2022_pres_t1,53062_0007,53,Mayenne,,,53062,Château-Gontier-Sur-Mayenne,2.0,2ème circonscription,0007,894,234,660,14.0,4,642,26.17,73.83,1.57,2.12,0.45,0.61,71.81,97.27,73.8255,26.1745,2022,pres
2022_pres_t1,53062_0008,53,Mayenne,,,53062,Château-Gontier-Sur-Mayenne,2.0,2ème circonscription,0008,951,240,711,11.0,4,696,25.24,74.76,1.16,1.55,0.42,0.56,73.19,97.89,74.7634,25.2366,2022,pres
2022_pres_t1,53062_0009,53,Mayenne,,,53062,Château-Gontier-Sur-Mayenne,2.0,2ème circonscription,0009,774,187,587,12.0,2,573,24.16,75.84,1.55,2.04,0.26,0.34,74.03,97.61,75.8398,24.1602,2022,pres
2022_pres_t1,53062_0010,53,Mayenne,,,53062,Château-Gontier-Sur-Mayenne,2.0,2ème circonscription,0010,675,190,485,9.0,3,473,28.15,71.85,1.33,1.86,0.44,0.62,70.07,97.53,71.8519,28.1481,2022,pres
2022_pres_t1,53062_0011,53,Mayenne,,,53062,Château-Gontier-Sur-Mayenne,2.0,2ème circonscription,0011,784,181,603,10.0,11,582,23.09,76.91,1.28,1.66,1.4,1.82,74.23,96.52,76.9133,23.0867,2022,pres
2022_pres_t1,53062_0012,53,Mayenne,,,53062,Château-Gontier-Sur-Mayenne,2.0,2ème circonscription,0012,721,144,577,18.0,6,553,19.97,80.03,2.5,3.12,0.83,1.04,76.7,95.84,80.0277,19.9723,2022,pres
2022_pres_t1,53062_0013,53,Mayenne,,,53062,Château-Gontier-Sur-Mayenne,2.0,2ème circonscription,0013,909,201,708,13.0,5,690,22.11,77.89,1.43,1.84,0.55,0.71,75.91,97.46,77.8878,22.1122,2022,pres
2022_pres_t1,53062_0014,53,Mayenne,,,53062,Château-Gontier-Sur-Mayenne,2.0,2ème circonscription,0014,500,122,378,8.0,6,364,24.4,75.6,1.6,2.12,1.2,1.59,72.8,96.3,75.6,24.4,2022,pres
2022_pres_t1,53130_0015,53,Mayenne,,,53130,Laval,1.0,1ère circonscription,0015,1106,226,880,9.0,7,864,20.43,79.57,0.81,1.02,0.63,0.8,78.12,98.18,79.566,20.434,2022,pres
2022_pres_t1,53130_0016,53,Mayenne,,,53130,Laval,1.0,1ère circonscription,0016,1086,215,871,17.0,6,848,19.8,80.2,1.57,1.95,0.55,0.69,78.08,97.36,80.2026,19.7974,2022,pres
2022_pres_t1,53130_0017,53,Mayenne,,,53130,Laval,1.0,1ère circonscription,0017,947,307,640,5.0,10,625,32.42,67.58,0.53,0.78,1.06,1.56,66.0,97.66,67.5818,32.4182,2022,pres
2022_pres_t1,53130_0018,53,Mayenne,,,53130,Laval,1.0,1ère circonscription,0018,956,212,744,8.0,4,732,22.18,77.82,0.84,1.08,0.42,0.54,76.57,98.39,77.8243,22.1757,2022,pres
2022_pres_t1,53130_0019,53,Mayenne,,,53130,Laval,1.0,1ère circonscription,0019,1122,256,866,14.0,3,849,22.82,77.18,1.25,1.62,0.27,0.35,75.67,98.04,77.1836,22.8164,2022,pres
2022_pres_t1,53130_0020,53,Mayenne,,,53130,Laval,1.0,1ère circonscription,0020,1030,262,768,15.0,3,750,25.44,74.56,1.46,1.95,0.29,0.39,72.82,97.66,74.5631,25.4369,2022,pres
2022_pres_t1,53130_0021,53,Mayenne,,,53130,Laval,1.0,1ère circonscription,0021,1029,271,758,9.0,7,742,26.34,73.66,0.87,1.19,0.68,0.92,72.11,97.89,73.6638,26.3362,2022,pres
2022_pres_t1,53130_0022,53,Mayenne,,,53130,Laval,1.0,1ère circonscription,0022,985,224,761,13.0,4,744,22.74,77.26,1.32,1.71,0.41,0.53,75.53,97.77,77.2589,22.7411,2022,pres
2022_pres_t1,53130_0023,53,Mayenne,,,53130,Laval,1.0,1ère circonscription,0023,899,212,687,5.0,5,677,23.58,76.42,0.56,0.73,0.56,0.73,75.31,98.54,76.4182,23.5818,2022,pres
2022_pres_t1,53130_0024,53,Mayenne,,,53130,Laval,1.0,1ère circonscription,0024,722,287,435,8.0,0,427,39.75,60.25,1.11,1.84,0.0,0.0,59.14,98.16,60.2493,39.7507,2022,pres
2022_pres_t1,53130_0025,53,Mayenne,,,53130,Laval,1.0,1ère circonscription,0025,872,298,574,9.0,7,558,34.17,65.83,1.03,1.57,0.8,1.22,63.99,97.21,65.8257,34.1743,2022,pres
2022_pres_t1,53130_0026,53,Mayenne,,,53130,Laval,1.0,1ère circonscription,0026,808,357,451,5.0,7,439,44.18,55.82,0.62,1.11,0.87,1.55,54.33,97.34,55.8168,44.1832,2022,pres
2022_pres_t1,53130_0027,53,Mayenne,,,53130,Laval,1.0,1ère circonscription,0027,942,228,714,11.0,6,697,24.2,75.8,1.17,1.54,0.64,0.84,73.99,97.62,75.7962,24.2038,2022,pres
2022_pres_t1,53130_0028,53,Mayenne,,,53130,Laval,1.0,1ère circonscription,0028,897,258,639,14.0,5,620,28.76,71.24,1.56,2.19,0.56,0.78,69.12,97.03,71.2375,28.7625,2022,pres
2022_pres_t1,53130_0030,53,Mayenne,,,53130,Laval,1.0,1ère circonscription,0030,830,207,623,10.0,6,607,24.94,75.06,1.2,1.61,0.72,0.96,73.13,97.43,75.0602,24.9398,2022,pres
2022_pres_t1,53130_0032,53,Mayenne,,,53130,Laval,1.0,1ère circonscription,0032,1137,276,861,11.0,9,841,24.27,75.73,0.97,1.28,0.79,1.05,73.97,97.68,75.7256,24.2744,2022,pres
2022_pres_t1,53130_0033,53,Mayenne,,,53130,Laval,1.0,1ère circonscription,0033,1091,233,858,15.0,4,839,21.36,78.64,1.37,1.75,0.37,0.47,76.9,97.79,78.6434,21.3566,2022,pres
2022_pres_t1,53130_0034,53,Mayenne,,,53130,Laval,1.0,1ère circonscription,0034,19,18,1,0.0,0,1,94.74,5.26,0.0,0.0,0.0,0.0,5.26,100.0,5.2632,94.7368,2022,pres
2022_pres_t1,53130_0029,53,Mayenne,,,53130,Laval,2.0,2ème circonscription,0029,1129,216,913,14.0,4,895,19.13,80.87,1.24,1.53,0.35,0.44,79.27,98.03,80.868,19.132,2022,pres
2022_pres_t1,53130_0031,53,Mayenne,,,53130,Laval,2.0,2ème circonscription,0031,1145,322,823,10.0,5,808,28.12,71.88,0.87,1.22,0.44,0.61,70.57,98.18,71.8777,28.1223,2022,pres
2022_pres_t1,72001_0001,72,Sarthe,,,72001,Aigné,1.0,1ère circonscription,0001,1318,263,1055,28.0,8,1019,19.95,80.05,2.12,2.65,0.61,0.76,77.31,96.59,80.0455,19.9545,2022,pres
2022_pres_t1,72003_0002,72,Sarthe,,,72003,Allonnes,4.0,4ème circonscription,0002,565,181,384,5.0,5,374,32.04,67.96,0.88,1.3,0.88,1.3,66.19,97.4,67.9646,32.0354,2022,pres
2022_pres_t1,72003_0003,72,Sarthe,,,72003,Allonnes,4.0,4ème circonscription,0003,709,310,399,2.0,2,395,43.72,56.28,0.28,0.5,0.28,0.5,55.71,99.0,56.2764,43.7236,2022,pres
2022_pres_t1,72003_0004,72,Sarthe,,,72003,Allonnes,4.0,4ème circonscription,0004,1046,276,770,9.0,6,755,26.39,73.61,0.86,1.17,0.57,0.78,72.18,98.05,73.6138,26.3862,2022,pres
2022_pres_t1,72003_0005,72,Sarthe,,,72003,Allonnes,4.0,4ème circonscription,0005,703,271,432,5.0,4,423,38.55,61.45,0.71,1.16,0.57,0.93,60.17,97.92,61.4509,38.5491,2022,pres
2022_pres_t1,72003_0006,72,Sarthe,,,72003,Allonnes,4.0,4ème circonscription,0006,885,226,659,14.0,9,636,25.54,74.46,1.58,2.12,1.02,1.37,71.86,96.51,74.4633,25.5367,2022,pres
2022_pres_t1,72003_0007,72,Sarthe,,,72003,Allonnes,4.0,4ème circonscription,0007,916,233,683,18.0,6,659,25.44,74.56,1.97,2.64,0.66,0.88,71.94,96.49,74.5633,25.4367,2022,pres
2022_pres_t1,72003_0008,72,Sarthe,,,72003,Allonnes,4.0,4ème circonscription,0008,965,234,731,15.0,9,707,24.25,75.75,1.55,2.05,0.93,1.23,73.26,96.72,75.7513,24.2487,2022,pres
2022_pres_t1,72154_0009,72,Sarthe,,,72154,La Flèche,3.0,3ème circonscription,0009,573,181,392,4.0,5,383,31.59,68.41,0.7,1.02,0.87,1.28,66.84,97.7,68.4119,31.5881,2022,pres
2022_pres_t1,72154_0010,72,Sarthe,,,72154,La Flèche,3.0,3ème circonscription,0010,556,141,415,6.0,2,407,25.36,74.64,1.08,1.45,0.36,0.48,73.2,98.07,74.6403,25.3597,2022,pres
2022_pres_t1,72154_0011,72,Sarthe,,,72154,La Flèche,3.0,3ème circonscription,0011,633,191,442,6.0,3,433,30.17,69.83,0.95,1.36,0.47,0.68,68.4,97.96,69.8262,30.1738,2022,pres
2022_pres_t1,72154_0012,72,Sarthe,,,72154,La Flèche,3.0,3ème circonscription,0012,570,164,406,4.0,3,399,28.77,71.23,0.7,0.99,0.53,0.74,70.0,98.28,71.2281,28.7719,2022,pres
2022_pres_t1,72154_0013,72,Sarthe,,,72154,La Flèche,3.0,3ème circonscription,0013,608,239,369,11.0,4,354,39.31,60.69,1.81,2.98,0.66,1.08,58.22,95.93,60.6908,39.3092,2022,pres
2022_pres_t1,72154_0014,72,Sarthe,,,72154,La Flèche,3.0,3ème circonscription,0014,603,155,448,7.0,3,438,25.7,74.3,1.16,1.56,0.5,0.67,72.64,97.77,74.2952,25.7048,2022,pres
2022_pres_t1,72154_0015,72,Sarthe,,,72154,La Flèche,3.0,3ème circonscription,0015,858,201,657,15.0,6,636,23.43,76.57,1.75,2.28,0.7,0.91,74.13,96.8,76.5734,23.4266,2022,pres
2022_pres_t1,72154_0016,72,Sarthe,,,72154,La Flèche,3.0,3ème circonscription,0016,774,163,611,15.0,6,590,21.06,78.94,1.94,2.45,0.78,0.98,76.23,96.56,78.9406,21.0594,2022,pres
2022_pres_t1,72154_0017,72,Sarthe,,,72154,La Flèche,3.0,3ème circonscription,0017,568,101,467,9.0,3,455,17.78,82.22,1.58,1.93,0.53,0.64,80.11,97.43,82.2183,17.7817,2022,pres
2022_pres_t1,72181_0084,72,Sarthe,,,72181,Le Mans,1.0,1ère circonscription,0084,952,233,719,16.0,0,703,24.47,75.53,1.68,2.23,0.0,0.0,73.84,97.77,75.5252,24.4748,2022,pres
2022_pres_t1,72181_0085,72,Sarthe,,,72181,Le Mans,1.0,1ère circonscription,0085,1041,241,800,18.0,0,782,23.15,76.85,1.73,2.25,0.0,0.0,75.12,97.75,76.8492,23.1508,2022,pres
2022_pres_t1,72181_0086,72,Sarthe,,,72181,Le Mans,1.0,1ère circonscription,0086,1081,296,785,22.0,0,763,27.38,72.62,2.04,2.8,0.0,0.0,70.58,97.2,72.6179,27.3821,2022,pres
2022_pres_t1,72181_0087,72,Sarthe,,,72181,Le Mans,1.0,1ère circonscription,0087,896,249,647,19.0,0,628,27.79,72.21,2.12,2.94,0.0,0.0,70.09,97.06,72.2098,27.7902,2022,pres
2022_pres_t1,72181_0088,72,Sarthe,,,72181,Le Mans,1.0,1ère circonscription,0088,973,217,756,26.0,0,730,22.3,77.7,2.67,3.44,0.0,0.0,75.03,96.56,77.6978,22.3022,2022,pres
2022_pres_t1,72181_0089,72,Sarthe,,,72181,Le Mans,1.0,1ère circonscription,0089,809,233,576,10.0,0,566,28.8,71.2,1.24,1.74,0.0,0.0,69.96,98.26,71.199,28.801,2022,pres
2022_pres_t1,72181_0090,72,Sarthe,,,72181,Le Mans,1.0,1ère circonscription,0090,1007,297,710,24.0,0,686,29.49,70.51,2.38,3.38,0.0,0.0,68.12,96.62,70.5065,29.4935,2022,pres
2022_pres_t1,72181_0091,72,Sarthe,,,72181,Le Mans,1.0,1ère circonscription,0091,883,232,651,20.0,0,631,26.27,73.73,2.27,3.07,0.0,0.0,71.46,96.93,73.7259,26.2741,2022,pres
2022_pres_t1,72181_0092,72,Sarthe,,,72181,Le Mans,1.0,1ère circonscription,0092,950,284,666,28.0,0,638,29.89,70.11,2.95,4.2,0.0,0.0,67.16,95.8,70.1053,29.8947,2022,pres
2022_pres_t1,72181_0093,72,Sarthe,,,72181,Le Mans,1.0,1ère circonscription,0093,929,266,663,22.0,0,641,28.63,71.37,2.37,3.32,0.0,0.0,69.0,96.68,71.3671,28.6329,2022,pres
2022_pres_t1,72181_0094,72,Sarthe,,,72181,Le Mans,1.0,1ère circonscription,0094,974,319,655,14.0,0,641,32.75,67.25,1.44,2.14,0.0,0.0,65.81,97.86,67.2485,32.7515,2022,pres
2022_pres_t1,72181_0095,72,Sarthe,,,72181,Le Mans,1.0,1ère circonscription,0095,973,313,660,21.0,0,639,32.17,67.83,2.16,3.18,0.0,0.0,65.67,96.82,67.8314,32.1686,2022,pres
2022_pres_t1,72181_0096,72,Sarthe,,,72181,Le Mans,1.0,1ère circonscription,0096,941,263,678,25.0,0,653,27.95,72.05,2.66,3.69,0.0,0.0,69.39,96.31,72.051,27.949,2022,pres
2022_pres_t1,72181_0097,72,Sarthe,,,72181,Le Mans,1.0,1ère circonscription,0097,1034,254,780,19.0,0,761,24.56,75.44,1.84,2.44,0.0,0.0,73.6,97.56,75.4352,24.5648,2022,pres
2022_pres_t1,72181_0035,72,Sarthe,,,72181,Le Mans,2.0,2ème circonscription,0035,935,305,630,22.0,0,608,32.62,67.38,2.35,3.49,0.0,0.0,65.03,96.51,67.3797,32.6203,2022,pres
2022_pres_t1,72181_0036,72,Sarthe,,,72181,Le Mans,2.0,2ème circonscription,0036,978,270,708,20.0,0,688,27.61,72.39,2.04,2.82,0.0,0.0,70.35,97.18,72.3926,27.6074,2022,pres
2022_pres_t1,72181_0037,72,Sarthe,,,72181,Le Mans,2.0,2ème circonscription,0037,781,237,544,16.0,0,528,30.35,69.65,2.05,2.94,0.0,0.0,67.61,97.06,69.6543,30.3457,2022,pres
2022_pres_t1,72181_0038,72,Sarthe,,,72181,Le Mans,2.0,2ème circonscription,0038,878,382,496,22.0,0,474,43.51,56.49,2.51,4.44,0.0,0.0,53.99,95.56,56.492,43.508,2022,pres
2022_pres_t1,72181_0039,72,Sarthe,,,72181,Le Mans,2.0,2ème circonscription,0039,891,398,493,12.0,0,481,44.67,55.33,1.35,2.43,0.0,0.0,53.98,97.57,55.3311,44.6689,2022,pres
2022_pres_t1,72181_0040,72,Sarthe,,,72181,Le Mans,2.0,2ème circonscription,0040,861,335,526,12.0,0,514,38.91,61.09,1.39,2.28,0.0,0.0,59.7,97.72,61.0918,38.9082,2022,pres
2022_pres_t1,72181_0041,72,Sarthe,,,72181,Le Mans,2.0,2ème circonscription,0041,901,416,485,14.0,0,471,46.17,53.83,1.55,2.89,0.0,0.0,52.28,97.11,53.8291,46.1709,2022,pres
2022_pres_t1,72181_0042,72,Sarthe,,,72181,Le Mans,2.0,2ème circonscription,0042,788,382,406,21.0,0,385,48.48,51.52,2.66,5.17,0.0,0.0,48.86,94.83,51.5228,48.4772,2022,pres
2022_pres_t1,72181_0043,72,Sarthe,,,72181,Le Mans,2.0,2ème circonscription,0043,942,364,578,11.0,0,567,38.64,61.36,1.17,1.9,0.0,0.0,60.19,98.1,61.3588,38.6412,2022,pres
2022_pres_t1,72181_0044,72,Sarthe,,,72181,Le Mans,2.0,2ème circonscription,0044,946,272,674,27.0,0,647,28.75,71.25,2.85,4.01,0.0,0.0,68.39,95.99,71.2474,28.7526,2022,pres
2022_pres_t1,72181_0045,72,Sarthe,,,72181,Le Mans,2.0,2ème circonscription,0045,947,253,694,15.0,0,679,26.72,73.28,1.58,2.16,0.0,0.0,71.7,97.84,73.2841,26.7159,2022,pres
2022_pres_t1,72181_0046,72,Sarthe,,,72181,Le Mans,2.0,2ème circonscription,0046,985,273,712,21.0,0,691,27.72,72.28,2.13,2.95,0.0,0.0,70.15,97.05,72.2843,27.7157,2022,pres
2022_pres_t1,72181_0047,72,Sarthe,,,72181,Le Mans,2.0,2ème circonscription,0047,944,254,690,24.0,0,666,26.91,73.09,2.54,3.48,0.0,0.0,70.55,96.52,73.0932,26.9068,2022,pres
2022_pres_t1,72181_0048,72,Sarthe,,,72181,Le Mans,2.0,2ème circonscription,0048,916,319,597,24.0,0,573,34.83,65.17,2.62,4.02,0.0,0.0,62.55,95.98,65.1747,34.8253,2022,pres
2022_pres_t1,72181_0049,72,Sarthe,,,72181,Le Mans,2.0,2ème circonscription,0049,946,337,609,16.0,0,593,35.62,64.38,1.69,2.63,0.0,0.0,62.68,97.37,64.3763,35.6237,2022,pres
2022_pres_t1,72181_0050,72,Sarthe,,,72181,Le Mans,2.0,2ème circonscription,0050,943,320,623,20.0,0,603,33.93,66.07,2.12,3.21,0.0,0.0,63.94,96.79,66.0657,33.9343,2022,pres
2022_pres_t1,72181_0051,72,Sarthe,,,72181,Le Mans,2.0,2ème circonscription,0051,832,379,453,15.0,0,438,45.55,54.45,1.8,3.31,0.0,0.0,52.64,96.69,54.4471,45.5529,2022,pres
2022_pres_t1,72181_0052,72,Sarthe,,,72181,Le Mans,2.0,2ème circonscription,0052,711,226,485,24.0,0,461,31.79,68.21,3.38,4.95,0.0,0.0,64.84,95.05,68.2138,31.7862,2022,pres
2022_pres_t1,72181_0053,72,Sarthe,,,72181,Le Mans,2.0,2ème circonscription,0053,934,320,614,23.0,0,591,34.26,65.74,2.46,3.75,0.0,0.0,63.28,96.25,65.7388,34.2612,2022,pres
2022_pres_t1,72181_0054,72,Sarthe,,,72181,Le Mans,2.0,2ème circonscription,0054,763,214,549,17.0,0,532,28.05,71.95,2.23,3.1,0.0,0.0,69.72,96.9,71.9528,28.0472,2022,pres
2022_pres_t1,72181_0055,72,Sarthe,,,72181,Le Mans,2.0,2ème circonscription,0055,759,375,384,11.0,0,373,49.41,50.59,1.45,2.86,0.0,0.0,49.14,97.14,50.5929,49.4071,2022,pres
2022_pres_t1,72181_0056,72,Sarthe,,,72181,Le Mans,2.0,2ème circonscription,0056,857,291,566,19.0,0,547,33.96,66.04,2.22,3.36,0.0,0.0,63.83,96.64,66.0443,33.9557,2022,pres
2022_pres_t1,72181_0057,72,Sarthe,,,72181,Le Mans,2.0,2ème circonscription,0057,807,324,483,13.0,0,470,40.15,59.85,1.61,2.69,0.0,0.0,58.24,97.31,59.8513,40.1487,2022,pres
2022_pres_t1,72181_0058,72,Sarthe,,,72181,Le Mans,2.0,2ème circonscription,0058,919,357,562,18.0,0,544,38.85,61.15,1.96,3.2,0.0,0.0,59.19,96.8,61.1534,38.8466,2022,pres
2022_pres_t1,72181_0059,72,Sarthe,,,72181,Le Mans,2.0,2ème circonscription,0059,839,334,505,17.0,0,488,39.81,60.19,2.03,3.37,0.0,0.0,58.16,96.63,60.1907,39.8093,2022,pres
2022_pres_t1,72181_0060,72,Sarthe,,,72181,Le Mans,2.0,2ème circonscription,0060,897,336,561,31.0,0,530,37.46,62.54,3.46,5.53,0.0,0.0,59.09,94.47,62.5418,37.4582,2022,pres
2022_pres_t1,72181_0061,72,Sarthe,,,72181,Le Mans,2.0,2ème circonscription,0061,852,230,622,26.0,0,596,27.0,73.0,3.05,4.18,0.0,0.0,69.95,95.82,73.0047,26.9953,2022,pres
2022_pres_t1,72181_0062,72,Sarthe,,,72181,Le Mans,2.0,2ème circonscription,0062,857,280,577,17.0,0,560,32.67,67.33,1.98,2.95,0.0,0.0,65.34,97.05,67.3279,32.6721,2022,pres
2022_pres_t1,72181_0063,72,Sarthe,,,72181,Le Mans,2.0,2ème circonscription,0063,819,267,552,20.0,0,532,32.6,67.4,2.44,3.62,0.0,0.0,64.96,96.38,67.3993,32.6007,2022,pres
2022_pres_t1,72181_0064,72,Sarthe,,,72181,Le Mans,2.0,2ème circonscription,0064,823,217,606,29.0,0,577,26.37,73.63,3.52,4.79,0.0,0.0,70.11,95.21,73.633,26.367,2022,pres
2022_pres_t1,72181_0065,72,Sarthe,,,72181,Le Mans,2.0,2ème circonscription,0065,780,273,507,14.0,0,493,35.0,65.0,1.79,2.76,0.0,0.0,63.21,97.24,65.0,35.0,2022,pres
2022_pres_t1,72181_0066,72,Sarthe,,,72181,Le Mans,2.0,2ème circonscription,0066,882,250,632,27.0,0,605,28.34,71.66,3.06,4.27,0.0,0.0,68.59,95.73,71.6553,28.3447,2022,pres
2022_pres_t1,72181_0067,72,Sarthe,,,72181,Le Mans,2.0,2ème circonscription,0067,873,311,562,24.0,0,538,35.62,64.38,2.75,4.27,0.0,0.0,61.63,95.73,64.3757,35.6243,2022,pres
2022_pres_t1,72181_0068,72,Sarthe,,,72181,Le Mans,2.0,2ème circonscription,0068,885,336,549,23.0,0,526,37.97,62.03,2.6,4.19,0.0,0.0,59.44,95.81,62.0339,37.9661,2022,pres
2022_pres_t1,72181_0069,72,Sarthe,,,72181,Le Mans,2.0,2ème circonscription,0069,764,181,583,18.0,0,565,23.69,76.31,2.36,3.09,0.0,0.0,73.95,96.91,76.3089,23.6911,2022,pres
2022_pres_t1,72181_0070,72,Sarthe,,,72181,Le Mans,2.0,2ème circonscription,0070,810,242,568,19.0,0,549,29.88,70.12,2.35,3.35,0.0,0.0,67.78,96.65,70.1235,29.8765,2022,pres
2022_pres_t1,72181_0071,72,Sarthe,,,72181,Le Mans,2.0,2ème circonscription,0071,825,214,611,19.0,0,592,25.94,74.06,2.3,3.11,0.0,0.0,71.76,96.89,74.0606,25.9394,2022,pres
2022_pres_t1,72181_0072,72,Sarthe,,,72181,Le Mans,4.0,4ème circonscription,0072,1036,229,807,14.0,0,793,22.1,77.9,1.35,1.73,0.0,0.0,76.54,98.27,77.8958,22.1042,2022,pres
2022_pres_t1,72181_0073,72,Sarthe,,,72181,Le Mans,4.0,4ème circonscription,0073,1105,304,801,22.0,0,779,27.51,72.49,1.99,2.75,0.0,0.0,70.5,97.25,72.4887,27.5113,2022,pres
2022_pres_t1,72181_0074,72,Sarthe,,,72181,Le Mans,4.0,4ème circonscription,0074,1024,251,773,23.0,0,750,24.51,75.49,2.25,2.98,0.0,0.0,73.24,97.02,75.4883,24.5117,2022,pres
2022_pres_t1,72181_0075,72,Sarthe,,,72181,Le Mans,4.0,4ème circonscription,0075,999,234,765,29.0,0,736,23.42,76.58,2.9,3.79,0.0,0.0,73.67,96.21,76.5766,23.4234,2022,pres
2022_pres_t1,72181_0076,72,Sarthe,,,72181,Le Mans,4.0,4ème circonscription,0076,743,230,513,15.0,0,498,30.96,69.04,2.02,2.92,0.0,0.0,67.03,97.08,69.0444,30.9556,2022,pres
2022_pres_t1,72181_0077,72,Sarthe,,,72181,Le Mans,4.0,4ème circonscription,0077,947,234,713,28.0,0,685,24.71,75.29,2.96,3.93,0.0,0.0,72.33,96.07,75.2904,24.7096,2022,pres
2022_pres_t1,72181_0078,72,Sarthe,,,72181,Le Mans,4.0,4ème circonscription,0078,882,261,621,14.0,0,607,29.59,70.41,1.59,2.25,0.0,0.0,68.82,97.75,70.4082,29.5918,2022,pres
2022_pres_t1,72181_0079,72,Sarthe,,,72181,Le Mans,4.0,4ème circonscription,0079,940,276,664,27.0,0,637,29.36,70.64,2.87,4.07,0.0,0.0,67.77,95.93,70.6383,29.3617,2022,pres
2022_pres_t1,72181_0080,72,Sarthe,,,72181,Le Mans,4.0,4ème circonscription,0080,920,251,669,16.0,0,653,27.28,72.72,1.74,2.39,0.0,0.0,70.98,97.61,72.7174,27.2826,2022,pres
2022_pres_t1,72181_0081,72,Sarthe,,,72181,Le Mans,4.0,4ème circonscription,0081,783,207,576,21.0,0,555,26.44,73.56,2.68,3.65,0.0,0.0,70.88,96.35,73.5632,26.4368,2022,pres
2022_pres_t1,72181_0082,72,Sarthe,,,72181,Le Mans,4.0,4ème circonscription,0082,890,226,664,24.0,0,640,25.39,74.61,2.7,3.61,0.0,0.0,71.91,96.39,74.6067,25.3933,2022,pres
2022_pres_t1,72181_0083,72,Sarthe,,,72181,Le Mans,4.0,4ème circonscription,0083,972,274,698,23.0,0,675,28.19,71.81,2.37,3.3,0.0,0.0,69.44,96.7,71.8107,28.1893,2022,pres
2022_pres_t1,72181_0018,72,Sarthe,,,72181,Le Mans,5.0,5ème circonscription,0018,1040,276,764,17.0,0,747,26.54,73.46,1.63,2.23,0.0,0.0,71.83,97.77,73.4615,26.5385,2022,pres
2022_pres_t1,72181_0019,72,Sarthe,,,72181,Le Mans,5.0,5ème circonscription,0019,932,253,679,21.0,0,658,27.15,72.85,2.25,3.09,0.0,0.0,70.6,96.91,72.8541,27.1459,2022,pres
2022_pres_t1,72181_0020,72,Sarthe,,,72181,Le Mans,5.0,5ème circonscription,0020,1068,289,779,21.0,0,758,27.06,72.94,1.97,2.7,0.0,0.0,70.97,97.3,72.9401,27.0599,2022,pres
2022_pres_t1,72181_0021,72,Sarthe,,,72181,Le Mans,5.0,5ème circonscription,0021,982,207,775,18.0,0,757,21.08,78.92,1.83,2.32,0.0,0.0,77.09,97.68,78.9206,21.0794,2022,pres
2022_pres_t1,72181_0022,72,Sarthe,,,72181,Le Mans,5.0,5ème circonscription,0022,1018,267,751,24.0,0,727,26.23,73.77,2.36,3.2,0.0,0.0,71.41,96.8,73.7721,26.2279,2022,pres
2022_pres_t1,72181_0023,72,Sarthe,,,72181,Le Mans,5.0,5ème circonscription,0023,1087,246,841,20.0,0,821,22.63,77.37,1.84,2.38,0.0,0.0,75.53,97.62,77.3689,22.6311,2022,pres
2022_pres_t1,72181_0024,72,Sarthe,,,72181,Le Mans,5.0,5ème circonscription,0024,944,245,699,21.0,0,678,25.95,74.05,2.22,3.0,0.0,0.0,71.82,97.0,74.0466,25.9534,2022,pres
2022_pres_t1,72181_0025,72,Sarthe,,,72181,Le Mans,5.0,5ème circonscription,0025,987,239,748,21.0,0,727,24.21,75.79,2.13,2.81,0.0,0.0,73.66,97.19,75.7852,24.2148,2022,pres
2022_pres_t1,72181_0026,72,Sarthe,,,72181,Le Mans,5.0,5ème circonscription,0026,982,272,710,23.0,0,687,27.7,72.3,2.34,3.24,0.0,0.0,69.96,96.76,72.3014,27.6986,2022,pres
2022_pres_t1,72181_0027,72,Sarthe,,,72181,Le Mans,5.0,5ème circonscription,0027,1070,272,798,22.0,0,776,25.42,74.58,2.06,2.76,0.0,0.0,72.52,97.24,74.5794,25.4206,2022,pres
2022_pres_t1,72181_0028,72,Sarthe,,,72181,Le Mans,5.0,5ème circonscription,0028,1054,310,744,23.0,0,721,29.41,70.59,2.18,3.09,0.0,0.0,68.41,96.91,70.5882,29.4118,2022,pres
2022_pres_t1,72181_0029,72,Sarthe,,,72181,Le Mans,5.0,5ème circonscription,0029,1032,340,692,11.0,0,681,32.95,67.05,1.07,1.59,0.0,0.0,65.99,98.41,67.0543,32.9457,2022,pres
2022_pres_t1,72181_0030,72,Sarthe,,,72181,Le Mans,5.0,5ème circonscription,0030,1031,297,734,21.0,0,713,28.81,71.19,2.04,2.86,0.0,0.0,69.16,97.14,71.193,28.807,2022,pres
2022_pres_t1,72181_0031,72,Sarthe,,,72181,Le Mans,5.0,5ème circonscription,0031,988,320,668,22.0,0,646,32.39,67.61,2.23,3.29,0.0,0.0,65.38,96.71,67.6113,32.3887,2022,pres
2022_pres_t1,72181_0032,72,Sarthe,,,72181,Le Mans,5.0,5ème circonscription,0032,989,284,705,21.0,0,684,28.72,71.28,2.12,2.98,0.0,0.0,69.16,97.02,71.2841,28.7159,2022,pres
2022_pres_t1,72181_0033,72,Sarthe,,,72181,Le Mans,5.0,5ème circonscription,0033,890,296,594,16.0,0,578,33.26,66.74,1.8,2.69,0.0,0.0,64.94,97.31,66.7416,33.2584,2022,pres
2022_pres_t1,72181_0034,72,Sarthe,,,72181,Le Mans,5.0,5ème circonscription,0034,909,347,562,19.0,0,543,38.17,61.83,2.09,3.38,0.0,0.0,59.74,96.62,61.8262,38.1738,2022,pres
2022_pres_t1,72181_0098,72,Sarthe,,,72181,Le Mans,5.0,5ème circonscription,0098,11,11,0,0.0,0,0,100.0,0.0,0.0,,0.0,,0.0,,0.0,100.0,2022,pres
2022_pres_t1,85001_0003,85,Vendée,,,85001,L'Aiguillon-La-Presqu'Île,2.0,2ème circonscription,0003,925,237,688,11.0,4,673,25.62,74.38,1.19,1.6,0.43,0.58,72.76,97.82,74.3784,25.6216,2022,pres
2022_pres_t1,85001_0001,85,Vendée,,,85001,L'Aiguillon-La-Presqu'Île,5.0,5ème circonscription,0001,1013,227,786,11.0,3,772,22.41,77.59,1.09,1.4,0.3,0.38,76.21,98.22,77.5913,22.4087,2022,pres
2022_pres_t1,85001_0002,85,Vendée,,,85001,L'Aiguillon-La-Presqu'Île,5.0,5ème circonscription,0002,946,217,729,9.0,5,715,22.94,77.06,0.95,1.23,0.53,0.69,75.58,98.08,77.0613,22.9387,2022,pres
2022_pres_t1,85003_0004,85,Vendée,,,85003,Aizenay,1.0,1ère circonscription,0004,985,206,779,14.0,4,761,20.91,79.09,1.42,1.8,0.41,0.51,77.26,97.69,79.0863,20.9137,2022,pres
2022_pres_t1,85003_0005,85,Vendée,,,85003,Aizenay,1.0,1ère circonscription,0005,942,174,768,14.0,7,747,18.47,81.53,1.49,1.82,0.74,0.91,79.3,97.27,81.5287,18.4713,2022,pres
2022_pres_t1,85003_0006,85,Vendée,,,85003,Aizenay,1.0,1ère circonscription,0006,900,165,735,21.0,8,706,18.33,81.67,2.33,2.86,0.89,1.09,78.44,96.05,81.6667,18.3333,2022,pres
2022_pres_t1,85003_0007,85,Vendée,,,85003,Aizenay,1.0,1ère circonscription,0007,918,174,744,15.0,3,726,18.95,81.05,1.63,2.02,0.33,0.4,79.08,97.58,81.0458,18.9542,2022,pres
2022_pres_t1,85003_0008,85,Vendée,,,85003,Aizenay,1.0,1ère circonscription,0008,922,212,710,9.0,7,694,22.99,77.01,0.98,1.27,0.76,0.99,75.27,97.75,77.0065,22.9935,2022,pres
2022_pres_t1,85047_0009,85,Vendée,,,85047,Challans,1.0,1ère circonscription,0009,993,169,824,11.0,15,798,17.02,82.98,1.11,1.33,1.51,1.82,80.36,96.84,82.9809,17.0191,2022,pres
2022_pres_t1,85047_0010,85,Vendée,,,85047,Challans,1.0,1ère circonscription,0010,975,225,750,10.0,9,731,23.08,76.92,1.03,1.33,0.92,1.2,74.97,97.47,76.9231,23.0769,2022,pres
2022_pres_t1,85047_0011,85,Vendée,,,85047,Challans,1.0,1ère circonscription,0011,1028,216,812,5.0,10,797,21.01,78.99,0.49,0.62,0.97,1.23,77.53,98.15,78.9883,21.0117,2022,pres
2022_pres_t1,85047_0012,85,Vendée,,,85047,Challans,1.0,1ère circonscription,0012,1108,248,860,15.0,6,839,22.38,77.62,1.35,1.74,0.54,0.7,75.72,97.56,77.6173,22.3827,2022,pres
2022_pres_t1,85047_0013,85,Vendée,,,85047,Challans,1.0,1ère circonscription,0013,1018,180,838,11.0,11,816,17.68,82.32,1.08,1.31,1.08,1.31,80.16,97.37,82.3183,17.6817,2022,pres
2022_pres_t1,85047_0014,85,Vendée,,,85047,Challans,1.0,1ère circonscription,0014,949,220,729,17.0,5,707,23.18,76.82,1.79,2.33,0.53,0.69,74.5,96.98,76.8177,23.1823,2022,pres
2022_pres_t1,85047_0015,85,Vendée,,,85047,Challans,1.0,1ère circonscription,0015,880,219,661,4.0,10,647,24.89,75.11,0.45,0.61,1.14,1.51,73.52,97.88,75.1136,24.8864,2022,pres
2022_pres_t1,85047_0016,85,Vendée,,,85047,Challans,1.0,1ère circonscription,0016,1028,245,783,19.0,4,760,23.83,76.17,1.85,2.43,0.39,0.51,73.93,97.06,76.1673,23.8327,2022,pres
2022_pres_t1,85047_0017,85,Vendée,,,85047,Challans,1.0,1ère circonscription,0017,903,201,702,8.0,8,686,22.26,77.74,0.89,1.14,0.89,1.14,75.97,97.72,77.7409,22.2591,2022,pres
2022_pres_t1,85047_0018,85,Vendée,,,85047,Challans,1.0,1ère circonscription,0018,1097,229,868,12.0,8,848,20.88,79.12,1.09,1.38,0.73,0.92,77.3,97.7,79.1249,20.8751,2022,pres
2022_pres_t1,85191_0019,85,Vendée,,,85191,La Roche-Sur-Yon,1.0,1ère circonscription,0019,1104,293,811,7.0,5,799,26.54,73.46,0.63,0.86,0.45,0.62,72.37,98.52,73.4601,26.5399,2022,pres
2022_pres_t1,85191_0020,85,Vendée,,,85191,La Roche-Sur-Yon,1.0,1ère circonscription,0020,1124,292,832,12.0,6,814,25.98,74.02,1.07,1.44,0.53,0.72,72.42,97.84,74.0214,25.9786,2022,pres
2022_pres_t1,85191_0021,85,Vendée,,,85191,La Roche-Sur-Yon,1.0,1ère circonscription,0021,963,309,654,13.0,4,637,32.09,67.91,1.35,1.99,0.42,0.61,66.15,97.4,67.9128,32.0872,2022,pres
2022_pres_t1,85191_0022,85,Vendée,,,85191,La Roche-Sur-Yon,1.0,1ère circonscription,0022,752,197,555,5.0,5,545,26.2,73.8,0.66,0.9,0.66,0.9,72.47,98.2,73.8032,26.1968,2022,pres
2022_pres_t1,85191_0023,85,Vendée,,,85191,La Roche-Sur-Yon,1.0,1ère circonscription,0023,902,252,650,4.0,9,637,27.94,72.06,0.44,0.62,1.0,1.38,70.62,98.0,72.0621,27.9379,2022,pres
2022_pres_t1,85191_0024,85,Vendée,,,85191,La Roche-Sur-Yon,1.0,1ère circonscription,0024,706,171,535,8.0,5,522,24.22,75.78,1.13,1.5,0.71,0.93,73.94,97.57,75.779,24.221,2022,pres
2022_pres_t1,85191_0025,85,Vendée,,,85191,La Roche-Sur-Yon,1.0,1ère circonscription,0025,954,360,594,7.0,6,581,37.74,62.26,0.73,1.18,0.63,1.01,60.9,97.81,62.2642,37.7358,2022,pres
2022_pres_t1,85191_0026,85,Vendée,,,85191,La Roche-Sur-Yon,1.0,1ère circonscription,0026,958,307,651,4.0,9,638,32.05,67.95,0.42,0.61,0.94,1.38,66.6,98.0,67.9541,32.0459,2022,pres
2022_pres_t1,85191_0027,85,Vendée,,,85191,La Roche-Sur-Yon,1.0,1ère circonscription,0027,914,277,637,10.0,2,625,30.31,69.69,1.09,1.57,0.22,0.31,68.38,98.12,69.6937,30.3063,2022,pres
2022_pres_t1,85191_0028,85,Vendée,,,85191,La Roche-Sur-Yon,1.0,1ère circonscription,0028,1279,336,943,10.0,5,928,26.27,73.73,0.78,1.06,0.39,0.53,72.56,98.41,73.7295,26.2705,2022,pres
2022_pres_t1,85191_0029,85,Vendée,,,85191,La Roche-Sur-Yon,1.0,1ère circonscription,0029,1127,273,854,16.0,7,831,24.22,75.78,1.42,1.87,0.62,0.82,73.74,97.31,75.7764,24.2236,2022,pres
2022_pres_t1,85191_0030,85,Vendée,,,85191,La Roche-Sur-Yon,1.0,1ère circonscription,0030,1295,297,998,13.0,5,980,22.93,77.07,1.0,1.3,0.39,0.5,75.68,98.2,77.0656,22.9344,2022,pres
2022_pres_t1,85191_0031,85,Vendée,,,85191,La Roche-Sur-Yon,1.0,1ère circonscription,0031,1011,255,756,16.0,4,736,25.22,74.78,1.58,2.12,0.4,0.53,72.8,97.35,74.7774,25.2226,2022,pres
2022_pres_t1,85191_0032,85,Vendée,,,85191,La Roche-Sur-Yon,1.0,1ère circonscription,0032,651,242,409,3.0,5,401,37.17,62.83,0.46,0.73,0.77,1.22,61.6,98.04,62.8264,37.1736,2022,pres
2022_pres_t1,85191_0033,85,Vendée,,,85191,La Roche-Sur-Yon,1.0,1ère circonscription,0033,857,363,494,4.0,6,484,42.36,57.64,0.47,0.81,0.7,1.21,56.48,97.98,57.6429,42.3571,2022,pres
2022_pres_t1,85191_0034,85,Vendée,,,85191,La Roche-Sur-Yon,1.0,1ère circonscription,0034,1034,331,703,8.0,7,688,32.01,67.99,0.77,1.14,0.68,1.0,66.54,97.87,67.9884,32.0116,2022,pres
2022_pres_t1,85191_0037,85,Vendée,,,85191,La Roche-Sur-Yon,1.0,1ère circonscription,0037,931,205,726,13.0,5,708,22.02,77.98,1.4,1.79,0.54,0.69,76.05,97.52,77.9807,22.0193,2022,pres
2022_pres_t1,85191_0038,85,Vendée,,,85191,La Roche-Sur-Yon,1.0,1ère circonscription,0038,793,137,656,7.0,4,645,17.28,82.72,0.88,1.07,0.5,0.61,81.34,98.32,82.7238,17.2762,2022,pres
2022_pres_t1,85191_0040,85,Vendée,,,85191,La Roche-Sur-Yon,1.0,1ère circonscription,0040,73,59,14,2.0,0,12,80.82,19.18,2.74,14.29,0.0,0.0,16.44,85.71,19.1781,80.8219,2022,pres
2022_pres_t1,85191_0035,85,Vendée,,,85191,La Roche-Sur-Yon,2.0,2ème circonscription,0035,790,177,613,11.0,1,601,22.41,77.59,1.39,1.79,0.13,0.16,76.08,98.04,77.5949,22.4051,2022,pres
2022_pres_t1,85191_0036,85,Vendée,,,85191,La Roche-Sur-Yon,2.0,2ème circonscription,0036,1028,249,779,12.0,2,765,24.22,75.78,1.17,1.54,0.19,0.26,74.42,98.2,75.7782,24.2218,2022,pres
2022_pres_t1,85191_0039,85,Vendée,,,85191,La Roche-Sur-Yon,2.0,2ème circonscription,0039,1135,342,793,15.0,3,775,30.13,69.87,1.32,1.89,0.26,0.38,68.28,97.73,69.8678,30.1322,2022,pres
2022_legi_t1,44001_0001,44,Loire-Atlantique,,,44001,Abbaretz,6.0,6ème circonscription,0001,1565,887,678,10.0,4,664,56.68,43.32,0.64,1.47,0.26,0.59,42.43,97.94,43.3227,56.6773,2022,legi
2022_legi_t1,44002_0002,44,Loire-Atlantique,,,44002,Aigrefeuille-Sur-Maine,10.0,10ème circonscription,0002,1045,592,453,10.0,6,437,56.65,43.35,0.96,2.21,0.57,1.32,41.82,96.47,43.3493,56.6507,2022,legi
2022_legi_t1,44002_0003,44,Loire-Atlantique,,,44002,Aigrefeuille-Sur-Maine,10.0,10ème circonscription,0003,1019,546,473,16.0,1,456,53.58,46.42,1.57,3.38,0.1,0.21,44.75,96.41,46.4181,53.5819,2022,legi
2022_legi_t1,44003_0004,44,Loire-Atlantique,,,44003,Ancenis-Saint-Géréon,6.0,6ème circonscription,0004,944,476,468,11.0,2,455,50.42,49.58,1.17,2.35,0.21,0.43,48.2,97.22,49.5763,50.4237,2022,legi
2022_legi_t1,44003_0005,44,Loire-Atlantique,,,44003,Ancenis-Saint-Géréon,6.0,6ème circonscription,0005,886,391,495,7.0,5,483,44.13,55.87,0.79,1.41,0.56,1.01,54.51,97.58,55.8691,44.1309,2022,legi
2022_legi_t1,44003_0006,44,Loire-Atlantique,,,44003,Ancenis-Saint-Géréon,6.0,6ème circonscription,0006,1016,482,534,13.0,6,515,47.44,52.56,1.28,2.43,0.59,1.12,50.69,96.44,52.5591,47.4409,2022,legi
2022_legi_t1,44003_0007,44,Loire-Atlantique,,,44003,Ancenis-Saint-Géréon,6.0,6ème circonscription,0007,925,439,486,8.0,4,474,47.46,52.54,0.86,1.65,0.43,0.82,51.24,97.53,52.5405,47.4595,2022,legi
2022_legi_t1,44003_0008,44,Loire-Atlantique,,,44003,Ancenis-Saint-Géréon,6.0,6ème circonscription,0008,921,445,476,10.0,3,463,48.32,51.68,1.09,2.1,0.33,0.63,50.27,97.27,51.683,48.317,2022,legi
2022_legi_t1,44003_0009,44,Loire-Atlantique,,,44003,Ancenis-Saint-Géréon,6.0,6ème circonscription,0009,895,412,483,14.0,3,466,46.03,53.97,1.56,2.9,0.34,0.62,52.07,96.48,53.9665,46.0335,2022,legi
2022_legi_t1,44020_0010,44,Loire-Atlantique,,,44020,Bouguenais,4.0,4ème circonscription,0010,855,493,362,4.0,3,355,57.66,42.34,0.47,1.1,0.35,0.83,41.52,98.07,42.3392,57.6608,2022,legi
2022_legi_t1,44020_0011,44,Loire-Atlantique,,,44020,Bouguenais,4.0,4ème circonscription,0011,846,398,448,6.0,5,437,47.04,52.96,0.71,1.34,0.59,1.12,51.65,97.54,52.9551,47.0449,2022,legi
2022_legi_t1,44020_0012,44,Loire-Atlantique,,,44020,Bouguenais,4.0,4ème circonscription,0012,989,510,479,6.0,1,472,51.57,48.43,0.61,1.25,0.1,0.21,47.72,98.54,48.4328,51.5672,2022,legi
2022_legi_t1,44020_0013,44,Loire-Atlantique,,,44020,Bouguenais,4.0,4ème circonscription,0013,867,448,419,6.0,2,411,51.67,48.33,0.69,1.43,0.23,0.48,47.4,98.09,48.3276,51.6724,2022,legi
2022_legi_t1,44020_0014,44,Loire-Atlantique,,,44020,Bouguenais,4.0,4ème circonscription,0014,952,510,442,7.0,5,430,53.57,46.43,0.74,1.58,0.53,1.13,45.17,97.29,46.4286,53.5714,2022,legi
2022_legi_t1,44020_0015,44,Loire-Atlantique,,,44020,Bouguenais,4.0,4ème circonscription,0015,1129,555,574,12.0,2,560,49.16,50.84,1.06,2.09,0.18,0.35,49.6,97.56,50.8415,49.1585,2022,legi
2022_legi_t1,44026_0016,44,Loire-Atlantique,,,44026,Carquefou,5.0,5ème circonscription,0016,819,399,420,6.0,4,410,48.72,51.28,0.73,1.43,0.49,0.95,50.06,97.62,51.2821,48.7179,2022,legi
2022_legi_t1,44026_0017,44,Loire-Atlantique,,,44026,Carquefou,5.0,5ème circonscription,0017,685,289,396,4.0,2,390,42.19,57.81,0.58,1.01,0.29,0.51,56.93,98.48,57.8102,42.1898,2022,legi
2022_legi_t1,44026_0018,44,Loire-Atlantique,,,44026,Carquefou,5.0,5ème circonscription,0018,641,270,371,10.0,0,361,42.12,57.88,1.56,2.7,0.0,0.0,56.32,97.3,57.8783,42.1217,2022,legi
2022_legi_t1,44026_0019,44,Loire-Atlantique,,,44026,Carquefou,5.0,5ème circonscription,0019,826,400,426,8.0,1,417,48.43,51.57,0.97,1.88,0.12,0.23,50.48,97.89,51.5738,48.4262,2022,legi
2022_legi_t1,44026_0020,44,Loire-Atlantique,,,44026,Carquefou,5.0,5ème circonscription,0020,683,290,393,10.0,2,381,42.46,57.54,1.46,2.54,0.29,0.51,55.78,96.95,57.5403,42.4597,2022,legi
2022_legi_t1,44109_0141,44,Loire-Atlantique,,,44109,Nantes,1.0,1ère circonscription,0141,1036,480,556,5.0,1,550,46.33,53.67,0.48,0.9,0.1,0.18,53.09,98.92,53.668,46.332,2022,legi
2022_legi_t1,44109_0142,44,Loire-Atlantique,,,44109,Nantes,1.0,1ère circonscription,0142,1000,401,599,5.0,3,591,40.1,59.9,0.5,0.83,0.3,0.5,59.1,98.66,59.9,40.1,2022,legi
2022_legi_t1,44109_0143,44,Loire-Atlantique,,,44109,Nantes,1.0,1ère circonscription,0143,1010,385,625,9.0,4,612,38.12,61.88,0.89,1.44,0.4,0.64,60.59,97.92,61.8812,38.1188,2022,legi
2022_legi_t1,44109_0144,44,Loire-Atlantique,,,44109,Nantes,1.0,1ère circonscription,0144,1010,419,591,7.0,0,584,41.49,58.51,0.69,1.18,0.0,0.0,57.82,98.82,58.5149,41.4851,2022,legi
2022_legi_t1,44109_0145,44,Loire-Atlantique,,,44109,Nantes,1.0,1ère circonscription,0145,1055,577,478,8.0,2,468,54.69,45.31,0.76,1.67,0.19,0.42,44.36,97.91,45.3081,54.6919,2022,legi
2022_legi_t1,44109_0151,44,Loire-Atlantique,,,44109,Nantes,1.0,1ère circonscription,0151,973,330,643,1.0,1,641,33.92,66.08,0.1,0.16,0.1,0.16,65.88,99.69,66.0843,33.9157,2022,legi
2022_legi_t1,44109_0152,44,Loire-Atlantique,,,44109,Nantes,1.0,1ère circonscription,0152,1019,376,643,7.0,2,634,36.9,63.1,0.69,1.09,0.2,0.31,62.22,98.6,63.1011,36.8989,2022,legi
2022_legi_t1,44109_0153,44,Loire-Atlantique,,,44109,Nantes,1.0,1ère circonscription,0153,984,410,574,11.0,3,560,41.67,58.33,1.12,1.92,0.3,0.52,56.91,97.56,58.3333,41.6667,2022,legi
2022_legi_t1,44109_0154,44,Loire-Atlantique,,,44109,Nantes,1.0,1ère circonscription,0154,949,325,624,4.0,0,620,34.25,65.75,0.42,0.64,0.0,0.0,65.33,99.36,65.7534,34.2466,2022,legi
2022_legi_t1,44109_0161,44,Loire-Atlantique,,,44109,Nantes,1.0,1ère circonscription,0161,985,379,606,3.0,1,602,38.48,61.52,0.3,0.5,0.1,0.17,61.12,99.34,61.5228,38.4772,2022,legi
2022_legi_t1,44109_0162,44,Loire-Atlantique,,,44109,Nantes,1.0,1ère circonscription,0162,966,379,587,2.0,2,583,39.23,60.77,0.21,0.34,0.21,0.34,60.35,99.32,60.766,39.234,2022,legi
2022_legi_t1,44109_0163,44,Loire-Atlantique,,,44109,Nantes,1.0,1ère circonscription,0163,985,426,559,7.0,2,550,43.25,56.75,0.71,1.25,0.2,0.36,55.84,98.39,56.7513,43.2487,2022,legi
2022_legi_t1,44109_0171,44,Loire-Atlantique,,,44109,Nantes,1.0,1ère circonscription,0171,941,342,599,1.0,0,598,36.34,63.66,0.11,0.17,0.0,0.0,63.55,99.83,63.6557,36.3443,2022,legi
2022_legi_t1,44109_0172,44,Loire-Atlantique,,,44109,Nantes,1.0,1ère circonscription,0172,961,394,567,5.0,0,562,41.0,59.0,0.52,0.88,0.0,0.0,58.48,99.12,59.001,40.999,2022,legi
2022_legi_t1,44109_0173,44,Loire-Atlantique,,,44109,Nantes,1.0,1ère circonscription,0173,965,390,575,6.0,0,569,40.41,59.59,0.62,1.04,0.0,0.0,58.96,98.96,59.5855,40.4145,2022,legi
2022_legi_t1,44109_0174,44,Loire-Atlantique,,,44109,Nantes,1.0,1ère circonscription,0174,1027,340,687,9.0,3,675,33.11,66.89,0.88,1.31,0.29,0.44,65.73,98.25,66.8939,33.1061,2022,legi
2022_legi_t1,44109_0175,44,Loire-Atlantique,,,44109,Nantes,1.0,1ère circonscription,0175,1006,444,562,3.0,3,556,44.14,55.86,0.3,0.53,0.3,0.53,55.27,98.93,55.8648,44.1352,2022,legi
2022_legi_t1,44109_0411,44,Loire-Atlantique,,,44109,Nantes,1.0,1ère circonscription,0411,618,266,352,3.0,0,349,43.04,56.96,0.49,0.85,0.0,0.0,56.47,99.15,56.9579,43.0421,2022,legi
2022_legi_t1,44109_0416,44,Loire-Atlantique,,,44109,Nantes,1.0,1ère circonscription,0416,924,399,525,8.0,3,514,43.18,56.82,0.87,1.52,0.32,0.57,55.63,97.9,56.8182,43.1818,2022,legi
2022_legi_t1,44109_0521,44,Loire-Atlantique,,,44109,Nantes,1.0,1ère circonscription,0521,748,533,215,9.0,1,205,71.26,28.74,1.2,4.19,0.13,0.47,27.41,95.35,28.7433,71.2567,2022,legi
2022_legi_t1,44109_0522,44,Loire-Atlantique,,,44109,Nantes,1.0,1ère circonscription,0522,807,456,351,2.0,3,346,56.51,43.49,0.25,0.57,0.37,0.85,42.87,98.58,43.4944,56.5056,2022,legi
2022_legi_t1,44109_0523,44,Loire-Atlantique,,,44109,Nantes,1.0,1ère circonscription,0523,825,555,270,2.0,0,268,67.27,32.73,0.24,0.74,0.0,0.0,32.48,99.26,32.7273,67.2727,2022,legi
2022_legi_t1,44109_0524,44,Loire-Atlantique,,,44109,Nantes,1.0,1ère circonscription,0524,945,400,545,3.0,2,540,42.33,57.67,0.32,0.55,0.21,0.37,57.14,99.08,57.672,42.328,2022,legi
2022_legi_t1,44109_0525,44,Loire-Atlantique,,,44109,Nantes,1.0,1ère circonscription,0525,943,427,516,2.0,6,508,45.28,54.72,0.21,0.39,0.64,1.16,53.87,98.45,54.719,45.281,2022,legi
2022_legi_t1,44109_0611,44,Loire-Atlantique,,,44109,Nantes,1.0,1ère circonscription,0611,1061,467,594,8.0,1,585,44.02,55.98,0.75,1.35,0.09,0.17,55.14,98.48,55.9849,44.0151,2022,legi
2022_legi_t1,44109_0612,44,Loire-Atlantique,,,44109,Nantes,1.0,1ère circonscription,0612,980,395,585,6.0,1,578,40.31,59.69,0.61,1.03,0.1,0.17,58.98,98.8,59.6939,40.3061,2022,legi
2022_legi_t1,44109_0613,44,Loire-Atlantique,,,44109,Nantes,1.0,1ère circonscription,0613,895,349,546,3.0,1,542,38.99,61.01,0.34,0.55,0.11,0.18,60.56,99.27,61.0056,38.9944,2022,legi
2022_legi_t1,44109_0614,44,Loire-Atlantique,,,44109,Nantes,1.0,1ère circonscription,0614,849,356,493,4.0,3,486,41.93,58.07,0.47,0.81,0.35,0.61,57.24,98.58,58.0683,41.9317,2022,legi
2022_legi_t1,44109_0615,44,Loire-Atlantique,,,44109,Nantes,1.0,1ère circonscription,0615,947,411,536,2.0,0,534,43.4,56.6,0.21,0.37,0.0,0.0,56.39,99.63,56.5998,43.4002,2022,legi
2022_legi_t1,44109_0621,44,Loire-Atlantique,,,44109,Nantes,1.0,1ère circonscription,0621,919,372,547,7.0,2,538,40.48,59.52,0.76,1.28,0.22,0.37,58.54,98.35,59.5212,40.4788,2022,legi
2022_legi_t1,44109_0622,44,Loire-Atlantique,,,44109,Nantes,1.0,1ère circonscription,0622,843,377,466,5.0,0,461,44.72,55.28,0.59,1.07,0.0,0.0,54.69,98.93,55.2788,44.7212,2022,legi
2022_legi_t1,44109_0623,44,Loire-Atlantique,,,44109,Nantes,1.0,1ère circonscription,0623,870,379,491,3.0,5,483,43.56,56.44,0.34,0.61,0.57,1.02,55.52,98.37,56.4368,43.5632,2022,legi
2022_legi_t1,44109_0624,44,Loire-Atlantique,,,44109,Nantes,1.0,1ère circonscription,0624,968,444,524,5.0,0,519,45.87,54.13,0.52,0.95,0.0,0.0,53.62,99.05,54.1322,45.8678,2022,legi
2022_legi_t1,44109_0625,44,Loire-Atlantique,,,44109,Nantes,1.0,1ère circonscription,0625,969,427,542,5.0,2,535,44.07,55.93,0.52,0.92,0.21,0.37,55.21,98.71,55.934,44.066,2022,legi
2022_legi_t1,44109_0631,44,Loire-Atlantique,,,44109,Nantes,1.0,1ère circonscription,0631,999,397,602,2.0,2,598,39.74,60.26,0.2,0.33,0.2,0.33,59.86,99.34,60.2603,39.7397,2022,legi
2022_legi_t1,44109_0632,44,Loire-Atlantique,,,44109,Nantes,1.0,1ère circonscription,0632,912,340,572,6.0,1,565,37.28,62.72,0.66,1.05,0.11,0.17,61.95,98.78,62.7193,37.2807,2022,legi
2022_legi_t1,44109_0633,44,Loire-Atlantique,,,44109,Nantes,1.0,1ère circonscription,0633,1012,452,560,8.0,1,551,44.66,55.34,0.79,1.43,0.1,0.18,54.45,98.39,55.336,44.664,2022,legi
2022_legi_t1,44109_0634,44,Loire-Atlantique,,,44109,Nantes,1.0,1ère circonscription,0634,955,409,546,9.0,0,537,42.83,57.17,0.94,1.65,0.0,0.0,56.23,98.35,57.1728,42.8272,2022,legi
2022_legi_t1,44109_0641,44,Loire-Atlantique,,,44109,Nantes,1.0,1ère circonscription,0641,949,364,585,8.0,0,577,38.36,61.64,0.84,1.37,0.0,0.0,60.8,98.63,61.6438,38.3562,2022,legi
2022_legi_t1,44109_0642,44,Loire-Atlantique,,,44109,Nantes,1.0,1ère circonscription,0642,905,485,420,4.0,1,415,53.59,46.41,0.44,0.95,0.11,0.24,45.86,98.81,46.4088,53.5912,2022,legi
2022_legi_t1,44109_0643,44,Loire-Atlantique,,,44109,Nantes,1.0,1ère circonscription,0643,958,449,509,4.0,3,502,46.87,53.13,0.42,0.79,0.31,0.59,52.4,98.62,53.1315,46.8685,2022,legi
2022_legi_t1,44109_0651,44,Loire-Atlantique,,,44109,Nantes,1.0,1ère circonscription,0651,882,383,499,4.0,2,493,43.42,56.58,0.45,0.8,0.23,0.4,55.9,98.8,56.576,43.424,2022,legi
2022_legi_t1,44109_0652,44,Loire-Atlantique,,,44109,Nantes,1.0,1ère circonscription,0652,885,444,441,6.0,2,433,50.17,49.83,0.68,1.36,0.23,0.45,48.93,98.19,49.8305,50.1695,2022,legi
2022_legi_t1,44109_0653,44,Loire-Atlantique,,,44109,Nantes,1.0,1ère circonscription,0653,1045,493,552,4.0,1,547,47.18,52.82,0.38,0.72,0.1,0.18,52.34,99.09,52.823,47.177,2022,legi
2022_legi_t1,44109_0654,44,Loire-Atlantique,,,44109,Nantes,1.0,1ère circonscription,0654,1031,443,588,5.0,0,583,42.97,57.03,0.48,0.85,0.0,0.0,56.55,99.15,57.032,42.968,2022,legi
2022_legi_t1,44109_0655,44,Loire-Atlantique,,,44109,Nantes,1.0,1ère circonscription,0655,1016,485,531,7.0,2,522,47.74,52.26,0.69,1.32,0.2,0.38,51.38,98.31,52.2638,47.7362,2022,legi
2022_legi_t1,44109_0661,44,Loire-Atlantique,,,44109,Nantes,1.0,1ère circonscription,0661,935,546,389,4.0,0,385,58.4,41.6,0.43,1.03,0.0,0.0,41.18,98.97,41.6043,58.3957,2022,legi
2022_legi_t1,44109_0662,44,Loire-Atlantique,,,44109,Nantes,1.0,1ère circonscription,0662,892,493,399,4.0,1,394,55.27,44.73,0.45,1.0,0.11,0.25,44.17,98.75,44.7309,55.2691,2022,legi
2022_legi_t1,44109_0663,44,Loire-Atlantique,,,44109,Nantes,1.0,1ère circonscription,0663,850,629,221,5.0,0,216,74.0,26.0,0.59,2.26,0.0,0.0,25.41,97.74,26.0,74.0,2022,legi
2022_legi_t1,44109_0664,44,Loire-Atlantique,,,44109,Nantes,1.0,1ère circonscription,0664,863,544,319,5.0,1,313,63.04,36.96,0.58,1.57,0.12,0.31,36.27,98.12,36.9641,63.0359,2022,legi
2022_legi_t1,44109_0671,44,Loire-Atlantique,,,44109,Nantes,1.0,1ère circonscription,0671,998,637,361,7.0,3,351,63.83,36.17,0.7,1.94,0.3,0.83,35.17,97.23,36.1723,63.8277,2022,legi
2022_legi_t1,44109_0672,44,Loire-Atlantique,,,44109,Nantes,1.0,1ère circonscription,0672,934,572,362,4.0,1,357,61.24,38.76,0.43,1.1,0.11,0.28,38.22,98.62,38.758,61.242,2022,legi
2022_legi_t1,44109_0673,44,Loire-Atlantique,,,44109,Nantes,1.0,1ère circonscription,0673,1089,652,437,0.0,4,433,59.87,40.13,0.0,0.0,0.37,0.92,39.76,99.08,40.1286,59.8714,2022,legi
2022_legi_t1,44109_0111,44,Loire-Atlantique,,,44109,Nantes,2.0,2ème circonscription,0111,1086,432,654,7.0,1,646,39.78,60.22,0.64,1.07,0.09,0.15,59.48,98.78,60.221,39.779,2022,legi
2022_legi_t1,44109_0112,44,Loire-Atlantique,,,44109,Nantes,2.0,2ème circonscription,0112,1098,481,617,12.0,1,604,43.81,56.19,1.09,1.94,0.09,0.16,55.01,97.89,56.1931,43.8069,2022,legi
2022_legi_t1,44109_0113,44,Loire-Atlantique,,,44109,Nantes,2.0,2ème circonscription,0113,1114,509,605,5.0,0,600,45.69,54.31,0.45,0.83,0.0,0.0,53.86,99.17,54.3088,45.6912,2022,legi
2022_legi_t1,44109_0114,44,Loire-Atlantique,,,44109,Nantes,2.0,2ème circonscription,0114,1092,424,668,3.0,0,665,38.83,61.17,0.27,0.45,0.0,0.0,60.9,99.55,61.1722,38.8278,2022,legi
2022_legi_t1,44109_0121,44,Loire-Atlantique,,,44109,Nantes,2.0,2ème circonscription,0121,891,373,518,6.0,4,508,41.86,58.14,0.67,1.16,0.45,0.77,57.01,98.07,58.1369,41.8631,2022,legi
2022_legi_t1,44109_0122,44,Loire-Atlantique,,,44109,Nantes,2.0,2ème circonscription,0122,947,351,596,6.0,3,587,37.06,62.94,0.63,1.01,0.32,0.5,61.99,98.49,62.9356,37.0644,2022,legi
2022_legi_t1,44109_0123,44,Loire-Atlantique,,,44109,Nantes,2.0,2ème circonscription,0123,969,416,553,10.0,2,541,42.93,57.07,1.03,1.81,0.21,0.36,55.83,97.83,57.0691,42.9309,2022,legi
2022_legi_t1,44109_0131,44,Loire-Atlantique,,,44109,Nantes,2.0,2ème circonscription,0131,1054,434,620,3.0,1,616,41.18,58.82,0.28,0.48,0.09,0.16,58.44,99.35,58.8235,41.1765,2022,legi
2022_legi_t1,44109_0132,44,Loire-Atlantique,,,44109,Nantes,2.0,2ème circonscription,0132,1080,419,661,4.0,4,653,38.8,61.2,0.37,0.61,0.37,0.61,60.46,98.79,61.2037,38.7963,2022,legi
2022_legi_t1,44109_0133,44,Loire-Atlantique,,,44109,Nantes,2.0,2ème circonscription,0133,1051,430,621,7.0,2,612,40.91,59.09,0.67,1.13,0.19,0.32,58.23,98.55,59.0866,40.9134,2022,legi
2022_legi_t1,44109_0134,44,Loire-Atlantique,,,44109,Nantes,2.0,2ème circonscription,0134,1014,395,619,4.0,3,612,38.95,61.05,0.39,0.65,0.3,0.48,60.36,98.87,61.0454,38.9546,2022,legi
2022_legi_t1,44109_0211,44,Loire-Atlantique,,,44109,Nantes,2.0,2ème circonscription,0211,1163,546,617,3.0,4,610,46.95,53.05,0.26,0.49,0.34,0.65,52.45,98.87,53.0525,46.9475,2022,legi
2022_legi_t1,44109_0212,44,Loire-Atlantique,,,44109,Nantes,2.0,2ème circonscription,0212,794,540,254,3.0,0,251,68.01,31.99,0.38,1.18,0.0,0.0,31.61,98.82,31.9899,68.0101,2022,legi
2022_legi_t1,44109_0213,44,Loire-Atlantique,,,44109,Nantes,2.0,2ème circonscription,0213,848,619,229,7.0,1,221,73.0,27.0,0.83,3.06,0.12,0.44,26.06,96.51,27.0047,72.9953,2022,legi
2022_legi_t1,44109_0214,44,Loire-Atlantique,,,44109,Nantes,2.0,2ème circonscription,0214,917,554,363,4.0,1,358,60.41,39.59,0.44,1.1,0.11,0.28,39.04,98.62,39.5856,60.4144,2022,legi
2022_legi_t1,44109_0221,44,Loire-Atlantique,,,44109,Nantes,2.0,2ème circonscription,0221,1082,488,594,13.0,0,581,45.1,54.9,1.2,2.19,0.0,0.0,53.7,97.81,54.8983,45.1017,2022,legi
2022_legi_t1,44109_0222,44,Loire-Atlantique,,,44109,Nantes,2.0,2ème circonscription,0222,1149,547,602,7.0,2,593,47.61,52.39,0.61,1.16,0.17,0.33,51.61,98.5,52.3934,47.6066,2022,legi
2022_legi_t1,44109_0223,44,Loire-Atlantique,,,44109,Nantes,2.0,2ème circonscription,0223,878,284,594,6.0,1,587,32.35,67.65,0.68,1.01,0.11,0.17,66.86,98.82,67.6538,32.3462,2022,legi
2022_legi_t1,44109_0224,44,Loire-Atlantique,,,44109,Nantes,2.0,2ème circonscription,0224,883,390,493,7.0,3,483,44.17,55.83,0.79,1.42,0.34,0.61,54.7,97.97,55.8324,44.1676,2022,legi
2022_legi_t1,44109_0231,44,Loire-Atlantique,,,44109,Nantes,2.0,2ème circonscription,0231,934,407,527,12.0,2,513,43.58,56.42,1.28,2.28,0.21,0.38,54.93,97.34,56.424,43.576,2022,legi
2022_legi_t1,44109_0232,44,Loire-Atlantique,,,44109,Nantes,2.0,2ème circonscription,0232,836,301,535,11.0,3,521,36.0,64.0,1.32,2.06,0.36,0.56,62.32,97.38,63.9952,36.0048,2022,legi
2022_legi_t1,44109_0233,44,Loire-Atlantique,,,44109,Nantes,2.0,2ème circonscription,0233,897,408,489,9.0,2,478,45.48,54.52,1.0,1.84,0.22,0.41,53.29,97.75,54.5151,45.4849,2022,legi
2022_legi_t1,44109_0234,44,Loire-Atlantique,,,44109,Nantes,2.0,2ème circonscription,0234,900,413,487,10.0,0,477,45.89,54.11,1.11,2.05,0.0,0.0,53.0,97.95,54.1111,45.8889,2022,legi
2022_legi_t1,44109_0241,44,Loire-Atlantique,,,44109,Nantes,2.0,2ème circonscription,0241,870,362,508,3.0,0,505,41.61,58.39,0.34,0.59,0.0,0.0,58.05,99.41,58.3908,41.6092,2022,legi
2022_legi_t1,44109_0242,44,Loire-Atlantique,,,44109,Nantes,2.0,2ème circonscription,0242,959,335,624,8.0,2,614,34.93,65.07,0.83,1.28,0.21,0.32,64.03,98.4,65.0678,34.9322,2022,legi
2022_legi_t1,44109_0243,44,Loire-Atlantique,,,44109,Nantes,2.0,2ème circonscription,0243,837,327,510,9.0,0,501,39.07,60.93,1.08,1.76,0.0,0.0,59.86,98.24,60.9319,39.0681,2022,legi
2022_legi_t1,44109_0244,44,Loire-Atlantique,,,44109,Nantes,2.0,2ème circonscription,0244,886,379,507,10.0,4,493,42.78,57.22,1.13,1.97,0.45,0.79,55.64,97.24,57.2235,42.7765,2022,legi
2022_legi_t1,44109_0251,44,Loire-Atlantique,,,44109,Nantes,2.0,2ème circonscription,0251,1009,483,526,10.0,1,515,47.87,52.13,0.99,1.9,0.1,0.19,51.04,97.91,52.1308,47.8692,2022,legi
2022_legi_t1,44109_0252,44,Loire-Atlantique,,,44109,Nantes,2.0,2ème circonscription,0252,974,376,598,8.0,3,587,38.6,61.4,0.82,1.34,0.31,0.5,60.27,98.16,61.3963,38.6037,2022,legi
2022_legi_t1,44109_0253,44,Loire-Atlantique,,,44109,Nantes,2.0,2ème circonscription,0253,1094,492,602,9.0,5,588,44.97,55.03,0.82,1.5,0.46,0.83,53.75,97.67,55.0274,44.9726,2022,legi
2022_legi_t1,44109_0254,44,Loire-Atlantique,,,44109,Nantes,2.0,2ème circonscription,0254,1073,512,561,12.0,3,546,47.72,52.28,1.12,2.14,0.28,0.53,50.89,97.33,52.2833,47.7167,2022,legi
2022_legi_t1,44109_0261,44,Loire-Atlantique,,,44109,Nantes,2.0,2ème circonscription,0261,843,281,562,4.0,1,557,33.33,66.67,0.47,0.71,0.12,0.18,66.07,99.11,66.6667,33.3333,2022,legi
2022_legi_t1,44109_0262,44,Loire-Atlantique,,,44109,Nantes,2.0,2ème circonscription,0262,973,399,574,4.0,2,568,41.01,58.99,0.41,0.7,0.21,0.35,58.38,98.95,58.9928,41.0072,2022,legi
2022_legi_t1,44109_0263,44,Loire-Atlantique,,,44109,Nantes,2.0,2ème circonscription,0263,876,346,530,7.0,1,522,39.5,60.5,0.8,1.32,0.11,0.19,59.59,98.49,60.5023,39.4977,2022,legi
2022_legi_t1,44109_0264,44,Loire-Atlantique,,,44109,Nantes,2.0,2ème circonscription,0264,926,367,559,4.0,4,551,39.63,60.37,0.43,0.72,0.43,0.72,59.5,98.57,60.3672,39.6328,2022,legi
2022_legi_t1,44109_0311,44,Loire-Atlantique,,,44109,Nantes,2.0,2ème circonscription,0311,944,425,519,4.0,1,514,45.02,54.98,0.42,0.77,0.11,0.19,54.45,99.04,54.9788,45.0212,2022,legi
2022_legi_t1,44109_0312,44,Loire-Atlantique,,,44109,Nantes,2.0,2ème circonscription,0312,1010,410,600,11.0,4,585,40.59,59.41,1.09,1.83,0.4,0.67,57.92,97.5,59.4059,40.5941,2022,legi
2022_legi_t1,44109_0313,44,Loire-Atlantique,,,44109,Nantes,2.0,2ème circonscription,0313,1061,418,643,6.0,3,634,39.4,60.6,0.57,0.93,0.28,0.47,59.75,98.6,60.6032,39.3968,2022,legi
2022_legi_t1,44109_0314,44,Loire-Atlantique,,,44109,Nantes,2.0,2ème circonscription,0314,989,376,613,9.0,1,603,38.02,61.98,0.91,1.47,0.1,0.16,60.97,98.37,61.9818,38.0182,2022,legi
2022_legi_t1,44109_0315,44,Loire-Atlantique,,,44109,Nantes,2.0,2ème circonscription,0315,1024,467,557,6.0,3,548,45.61,54.39,0.59,1.08,0.29,0.54,53.52,98.38,54.3945,45.6055,2022,legi
2022_legi_t1,44109_0321,44,Loire-Atlantique,,,44109,Nantes,2.0,2ème circonscription,0321,946,411,535,8.0,2,525,43.45,56.55,0.85,1.5,0.21,0.37,55.5,98.13,56.5539,43.4461,2022,legi
2022_legi_t1,44109_0322,44,Loire-Atlantique,,,44109,Nantes,2.0,2ème circonscription,0322,1004,437,567,4.0,2,561,43.53,56.47,0.4,0.71,0.2,0.35,55.88,98.94,56.4741,43.5259,2022,legi
2022_legi_t1,44109_0323,44,Loire-Atlantique,,,44109,Nantes,2.0,2ème circonscription,0323,1113,467,646,0.0,1,645,41.96,58.04,0.0,0.0,0.09,0.15,57.95,99.85,58.0413,41.9587,2022,legi
2022_legi_t1,44109_0324,44,Loire-Atlantique,,,44109,Nantes,2.0,2ème circonscription,0324,1052,435,617,4.0,1,612,41.35,58.65,0.38,0.65,0.1,0.16,58.17,99.19,58.6502,41.3498,2022,legi
2022_legi_t1,44109_0331,44,Loire-Atlantique,,,44109,Nantes,2.0,2ème circonscription,0331,1077,452,625,8.0,1,616,41.97,58.03,0.74,1.28,0.09,0.16,57.2,98.56,58.0316,41.9684,2022,legi
2022_legi_t1,44109_0332,44,Loire-Atlantique,,,44109,Nantes,2.0,2ème circonscription,0332,1166,519,647,5.0,4,638,44.51,55.49,0.43,0.77,0.34,0.62,54.72,98.61,55.4889,44.5111,2022,legi
2022_legi_t1,44109_0333,44,Loire-Atlantique,,,44109,Nantes,2.0,2ème circonscription,0333,1079,459,620,4.0,2,614,42.54,57.46,0.37,0.65,0.19,0.32,56.9,99.03,57.4606,42.5394,2022,legi
2022_legi_t1,44109_0341,44,Loire-Atlantique,,,44109,Nantes,2.0,2ème circonscription,0341,1091,501,590,4.0,1,585,45.92,54.08,0.37,0.68,0.09,0.17,53.62,99.15,54.0788,45.9212,2022,legi
2022_legi_t1,44109_0342,44,Loire-Atlantique,,,44109,Nantes,2.0,2ème circonscription,0342,1139,430,709,6.0,1,702,37.75,62.25,0.53,0.85,0.09,0.14,61.63,99.01,62.2476,37.7524,2022,legi
2022_legi_t1,44109_0343,44,Loire-Atlantique,,,44109,Nantes,2.0,2ème circonscription,0343,1388,532,856,6.0,4,846,38.33,61.67,0.43,0.7,0.29,0.47,60.95,98.83,61.6715,38.3285,2022,legi
2022_legi_t1,44109_0351,44,Loire-Atlantique,,,44109,Nantes,2.0,2ème circonscription,0351,1030,420,610,9.0,5,596,40.78,59.22,0.87,1.48,0.49,0.82,57.86,97.7,59.2233,40.7767,2022,legi
2022_legi_t1,44109_0352,44,Loire-Atlantique,,,44109,Nantes,2.0,2ème circonscription,0352,1083,555,528,6.0,1,521,51.25,48.75,0.55,1.14,0.09,0.19,48.11,98.67,48.7535,51.2465,2022,legi
2022_legi_t1,44109_0353,44,Loire-Atlantique,,,44109,Nantes,2.0,2ème circonscription,0353,1222,566,656,9.0,0,647,46.32,53.68,0.74,1.37,0.0,0.0,52.95,98.63,53.6825,46.3175,2022,legi
2022_legi_t1,44109_0354,44,Loire-Atlantique,,,44109,Nantes,2.0,2ème circonscription,0354,1031,449,582,10.0,0,572,43.55,56.45,0.97,1.72,0.0,0.0,55.48,98.28,56.45,43.55,2022,legi
2022_legi_t1,44109_0361,44,Loire-Atlantique,,,44109,Nantes,2.0,2ème circonscription,0361,917,444,473,1.0,1,471,48.42,51.58,0.11,0.21,0.11,0.21,51.36,99.58,51.5812,48.4188,2022,legi
2022_legi_t1,44109_0362,44,Loire-Atlantique,,,44109,Nantes,2.0,2ème circonscription,0362,896,374,522,12.0,3,507,41.74,58.26,1.34,2.3,0.33,0.57,56.58,97.13,58.2589,41.7411,2022,legi
2022_legi_t1,44109_0363,44,Loire-Atlantique,,,44109,Nantes,2.0,2ème circonscription,0363,955,506,449,7.0,1,441,52.98,47.02,0.73,1.56,0.1,0.22,46.18,98.22,47.0157,52.9843,2022,legi
2022_legi_t1,44109_0364,44,Loire-Atlantique,,,44109,Nantes,2.0,2ème circonscription,0364,1005,481,524,6.0,2,516,47.86,52.14,0.6,1.15,0.2,0.38,51.34,98.47,52.1393,47.8607,2022,legi
2022_legi_t1,44109_0412,44,Loire-Atlantique,,,44109,Nantes,2.0,2ème circonscription,0412,729,302,427,7.0,1,419,41.43,58.57,0.96,1.64,0.14,0.23,57.48,98.13,58.5734,41.4266,2022,legi
2022_legi_t1,44109_0413,44,Loire-Atlantique,,,44109,Nantes,2.0,2ème circonscription,0413,986,363,623,4.0,1,618,36.82,63.18,0.41,0.64,0.1,0.16,62.68,99.2,63.1846,36.8154,2022,legi
2022_legi_t1,44109_0414,44,Loire-Atlantique,,,44109,Nantes,2.0,2ème circonscription,0414,780,268,512,1.0,1,510,34.36,65.64,0.13,0.2,0.13,0.2,65.38,99.61,65.641,34.359,2022,legi
2022_legi_t1,44109_0415,44,Loire-Atlantique,,,44109,Nantes,2.0,2ème circonscription,0415,796,316,480,7.0,4,469,39.7,60.3,0.88,1.46,0.5,0.83,58.92,97.71,60.3015,39.6985,2022,legi
2022_legi_t1,44109_0421,44,Loire-Atlantique,,,44109,Nantes,2.0,2ème circonscription,0421,860,353,507,10.0,1,496,41.05,58.95,1.16,1.97,0.12,0.2,57.67,97.83,58.9535,41.0465,2022,legi
2022_legi_t1,44109_0422,44,Loire-Atlantique,,,44109,Nantes,2.0,2ème circonscription,0422,938,364,574,7.0,2,565,38.81,61.19,0.75,1.22,0.21,0.35,60.23,98.43,61.194,38.806,2022,legi
2022_legi_t1,44109_0423,44,Loire-Atlantique,,,44109,Nantes,2.0,2ème circonscription,0423,933,386,547,8.0,1,538,41.37,58.63,0.86,1.46,0.11,0.18,57.66,98.35,58.6281,41.3719,2022,legi
2022_legi_t1,44109_0424,44,Loire-Atlantique,,,44109,Nantes,2.0,2ème circonscription,0424,875,360,515,6.0,1,508,41.14,58.86,0.69,1.17,0.11,0.19,58.06,98.64,58.8571,41.1429,2022,legi
2022_legi_t1,44109_0425,44,Loire-Atlantique,,,44109,Nantes,2.0,2ème circonscription,0425,900,364,536,8.0,3,525,40.44,59.56,0.89,1.49,0.33,0.56,58.33,97.95,59.5556,40.4444,2022,legi
2022_legi_t1,44109_0431,44,Loire-Atlantique,,,44109,Nantes,2.0,2ème circonscription,0431,946,399,547,5.0,3,539,42.18,57.82,0.53,0.91,0.32,0.55,56.98,98.54,57.8224,42.1776,2022,legi
2022_legi_t1,44109_0441,44,Loire-Atlantique,,,44109,Nantes,2.0,2ème circonscription,0441,918,379,539,5.0,1,533,41.29,58.71,0.54,0.93,0.11,0.19,58.06,98.89,58.7146,41.2854,2022,legi
2022_legi_t1,44109_0442,44,Loire-Atlantique,,,44109,Nantes,2.0,2ème circonscription,0442,917,353,564,11.0,1,552,38.5,61.5,1.2,1.95,0.11,0.18,60.2,97.87,61.5049,38.4951,2022,legi
2022_legi_t1,44109_0443,44,Loire-Atlantique,,,44109,Nantes,2.0,2ème circonscription,0443,941,383,558,4.0,1,553,40.7,59.3,0.43,0.72,0.11,0.18,58.77,99.1,59.2986,40.7014,2022,legi
2022_legi_t1,44109_0444,44,Loire-Atlantique,,,44109,Nantes,2.0,2ème circonscription,0444,1007,460,547,12.0,0,535,45.68,54.32,1.19,2.19,0.0,0.0,53.13,97.81,54.3198,45.6802,2022,legi
2022_legi_t1,44109_0541,44,Loire-Atlantique,,,44109,Nantes,2.0,2ème circonscription,0541,908,381,527,4.0,0,523,41.96,58.04,0.44,0.76,0.0,0.0,57.6,99.24,58.0396,41.9604,2022,legi
2022_legi_t1,44109_0542,44,Loire-Atlantique,,,44109,Nantes,2.0,2ème circonscription,0542,857,363,494,7.0,0,487,42.36,57.64,0.82,1.42,0.0,0.0,56.83,98.58,57.6429,42.3571,2022,legi
2022_legi_t1,44109_0543,44,Loire-Atlantique,,,44109,Nantes,2.0,2ème circonscription,0543,862,344,518,8.0,2,508,39.91,60.09,0.93,1.54,0.23,0.39,58.93,98.07,60.0928,39.9072,2022,legi
2022_legi_t1,44109_0544,44,Loire-Atlantique,,,44109,Nantes,2.0,2ème circonscription,0544,903,354,549,9.0,2,538,39.2,60.8,1.0,1.64,0.22,0.36,59.58,98.0,60.7973,39.2027,2022,legi
2022_legi_t1,44109_0545,44,Loire-Atlantique,,,44109,Nantes,2.0,2ème circonscription,0545,955,377,578,9.0,3,566,39.48,60.52,0.94,1.56,0.31,0.52,59.27,97.92,60.5236,39.4764,2022,legi
2022_legi_t1,44109_0546,44,Loire-Atlantique,,,44109,Nantes,2.0,2ème circonscription,0546,898,366,532,5.0,2,525,40.76,59.24,0.56,0.94,0.22,0.38,58.46,98.68,59.2428,40.7572,2022,legi
2022_legi_t1,44109_0721,44,Loire-Atlantique,,,44109,Nantes,2.0,2ème circonscription,0721,1035,555,480,10.0,1,469,53.62,46.38,0.97,2.08,0.1,0.21,45.31,97.71,46.3768,53.6232,2022,legi
2022_legi_t1,44109_0722,44,Loire-Atlantique,,,44109,Nantes,2.0,2ème circonscription,0722,1007,577,430,14.0,2,414,57.3,42.7,1.39,3.26,0.2,0.47,41.11,96.28,42.7011,57.2989,2022,legi
2022_legi_t1,44109_0723,44,Loire-Atlantique,,,44109,Nantes,2.0,2ème circonscription,0723,1014,645,369,6.0,2,361,63.61,36.39,0.59,1.63,0.2,0.54,35.6,97.83,36.3905,63.6095,2022,legi
2022_legi_t1,44109_0724,44,Loire-Atlantique,,,44109,Nantes,2.0,2ème circonscription,0724,998,647,351,1.0,4,346,64.83,35.17,0.1,0.28,0.4,1.14,34.67,98.58,35.1703,64.8297,2022,legi
2022_legi_t1,44109_0725,44,Loire-Atlantique,,,44109,Nantes,2.0,2ème circonscription,0725,1006,404,602,8.0,2,592,40.16,59.84,0.8,1.33,0.2,0.33,58.85,98.34,59.841,40.159,2022,legi
2022_legi_t1,44109_0731,44,Loire-Atlantique,,,44109,Nantes,2.0,2ème circonscription,0731,853,314,539,10.0,0,529,36.81,63.19,1.17,1.86,0.0,0.0,62.02,98.14,63.1887,36.8113,2022,legi
2022_legi_t1,44109_0732,44,Loire-Atlantique,,,44109,Nantes,2.0,2ème circonscription,0732,908,399,509,7.0,3,499,43.94,56.06,0.77,1.38,0.33,0.59,54.96,98.04,56.0573,43.9427,2022,legi
2022_legi_t1,44109_0733,44,Loire-Atlantique,,,44109,Nantes,2.0,2ème circonscription,0733,846,365,481,9.0,1,471,43.14,56.86,1.06,1.87,0.12,0.21,55.67,97.92,56.8558,43.1442,2022,legi
2022_legi_t1,44109_0734,44,Loire-Atlantique,,,44109,Nantes,2.0,2ème circonscription,0734,912,337,575,7.0,7,561,36.95,63.05,0.77,1.22,0.77,1.22,61.51,97.57,63.0482,36.9518,2022,legi
2022_legi_t1,44109_0735,44,Loire-Atlantique,,,44109,Nantes,2.0,2ème circonscription,0735,1032,422,610,12.0,2,596,40.89,59.11,1.16,1.97,0.19,0.33,57.75,97.7,59.1085,40.8915,2022,legi
2022_legi_t1,44109_0736,44,Loire-Atlantique,,,44109,Nantes,2.0,2ème circonscription,0736,844,436,408,8.0,1,399,51.66,48.34,0.95,1.96,0.12,0.25,47.27,97.79,48.3412,51.6588,2022,legi
2022_legi_t1,44109_0741,44,Loire-Atlantique,,,44109,Nantes,2.0,2ème circonscription,0741,954,476,478,9.0,0,469,49.9,50.1,0.94,1.88,0.0,0.0,49.16,98.12,50.1048,49.8952,2022,legi
2022_legi_t1,44109_0742,44,Loire-Atlantique,,,44109,Nantes,2.0,2ème circonscription,0742,852,388,464,9.0,4,451,45.54,54.46,1.06,1.94,0.47,0.86,52.93,97.2,54.4601,45.5399,2022,legi
2022_legi_t1,44109_0743,44,Loire-Atlantique,,,44109,Nantes,2.0,2ème circonscription,0743,910,497,413,0.0,9,404,54.62,45.38,0.0,0.0,0.99,2.18,44.4,97.82,45.3846,54.6154,2022,legi
2022_legi_t1,44109_0744,44,Loire-Atlantique,,,44109,Nantes,2.0,2ème circonscription,0744,961,444,517,10.0,7,500,46.2,53.8,1.04,1.93,0.73,1.35,52.03,96.71,53.7981,46.2019,2022,legi
2022_legi_t1,44109_0745,44,Loire-Atlantique,,,44109,Nantes,2.0,2ème circonscription,0745,972,536,436,7.0,3,426,55.14,44.86,0.72,1.61,0.31,0.69,43.83,97.71,44.856,55.144,2022,legi
2022_legi_t1,44109_0746,44,Loire-Atlantique,,,44109,Nantes,2.0,2ème circonscription,0746,201,95,106,6.0,3,97,47.26,52.74,2.99,5.66,1.49,2.83,48.26,91.51,52.7363,47.2637,2022,legi
2022_legi_t1,44109_0432,44,Loire-Atlantique,,,44109,Nantes,3.0,3ème circonscription,0432,977,439,538,11.0,1,526,44.93,55.07,1.13,2.04,0.1,0.19,53.84,97.77,55.0665,44.9335,2022,legi
2022_legi_t1,44109_0433,44,Loire-Atlantique,,,44109,Nantes,3.0,3ème circonscription,0433,972,357,615,11.0,1,603,36.73,63.27,1.13,1.79,0.1,0.16,62.04,98.05,63.2716,36.7284,2022,legi
2022_legi_t1,44109_0434,44,Loire-Atlantique,,,44109,Nantes,3.0,3ème circonscription,0434,967,464,503,15.0,4,484,47.98,52.02,1.55,2.98,0.41,0.8,50.05,96.22,52.0165,47.9835,2022,legi
2022_legi_t1,44109_0445,44,Loire-Atlantique,,,44109,Nantes,3.0,3ème circonscription,0445,816,335,481,3.0,1,477,41.05,58.95,0.37,0.62,0.12,0.21,58.46,99.17,58.9461,41.0539,2022,legi
2022_legi_t1,44109_0451,44,Loire-Atlantique,,,44109,Nantes,3.0,3ème circonscription,0451,965,430,535,6.0,3,526,44.56,55.44,0.62,1.12,0.31,0.56,54.51,98.32,55.4404,44.5596,2022,legi
2022_legi_t1,44109_0452,44,Loire-Atlantique,,,44109,Nantes,3.0,3ème circonscription,0452,974,353,621,12.0,5,604,36.24,63.76,1.23,1.93,0.51,0.81,62.01,97.26,63.7577,36.2423,2022,legi
2022_legi_t1,44109_0453,44,Loire-Atlantique,,,44109,Nantes,3.0,3ème circonscription,0453,1045,457,588,2.0,4,582,43.73,56.27,0.19,0.34,0.38,0.68,55.69,98.98,56.2679,43.7321,2022,legi
2022_legi_t1,44109_0461,44,Loire-Atlantique,,,44109,Nantes,3.0,3ème circonscription,0461,902,372,530,7.0,1,522,41.24,58.76,0.78,1.32,0.11,0.19,57.87,98.49,58.7583,41.2417,2022,legi
2022_legi_t1,44109_0462,44,Loire-Atlantique,,,44109,Nantes,3.0,3ème circonscription,0462,916,410,506,12.0,5,489,44.76,55.24,1.31,2.37,0.55,0.99,53.38,96.64,55.2402,44.7598,2022,legi
2022_legi_t1,44109_0463,44,Loire-Atlantique,,,44109,Nantes,3.0,3ème circonscription,0463,972,492,480,12.0,2,466,50.62,49.38,1.23,2.5,0.21,0.42,47.94,97.08,49.3827,50.6173,2022,legi
2022_legi_t1,44109_0471,44,Loire-Atlantique,,,44109,Nantes,3.0,3ème circonscription,0471,739,511,228,4.0,4,220,69.15,30.85,0.54,1.75,0.54,1.75,29.77,96.49,30.8525,69.1475,2022,legi
2022_legi_t1,44109_0472,44,Loire-Atlantique,,,44109,Nantes,3.0,3ème circonscription,0472,885,579,306,6.0,0,300,65.42,34.58,0.68,1.96,0.0,0.0,33.9,98.04,34.5763,65.4237,2022,legi
2022_legi_t1,44109_0473,44,Loire-Atlantique,,,44109,Nantes,3.0,3ème circonscription,0473,936,517,419,4.0,2,413,55.24,44.76,0.43,0.95,0.21,0.48,44.12,98.57,44.765,55.235,2022,legi
2022_legi_t1,44109_0511,44,Loire-Atlantique,,,44109,Nantes,3.0,3ème circonscription,0511,978,539,439,7.0,2,430,55.11,44.89,0.72,1.59,0.2,0.46,43.97,97.95,44.8875,55.1125,2022,legi
2022_legi_t1,44109_0512,44,Loire-Atlantique,,,44109,Nantes,3.0,3ème circonscription,0512,885,435,450,4.0,1,445,49.15,50.85,0.45,0.89,0.11,0.22,50.28,98.89,50.8475,49.1525,2022,legi
2022_legi_t1,44109_0513,44,Loire-Atlantique,,,44109,Nantes,3.0,3ème circonscription,0513,932,510,422,4.0,3,415,54.72,45.28,0.43,0.95,0.32,0.71,44.53,98.34,45.279,54.721,2022,legi
2022_legi_t1,44109_0531,44,Loire-Atlantique,,,44109,Nantes,3.0,3ème circonscription,0531,1012,724,288,5.0,2,281,71.54,28.46,0.49,1.74,0.2,0.69,27.77,97.57,28.4585,71.5415,2022,legi
2022_legi_t1,44109_0532,44,Loire-Atlantique,,,44109,Nantes,3.0,3ème circonscription,0532,893,663,230,1.0,3,226,74.24,25.76,0.11,0.43,0.34,1.3,25.31,98.26,25.7559,74.2441,2022,legi
2022_legi_t1,44109_0533,44,Loire-Atlantique,,,44109,Nantes,3.0,3ème circonscription,0533,962,438,524,9.0,3,512,45.53,54.47,0.94,1.72,0.31,0.57,53.22,97.71,54.4699,45.5301,2022,legi
2022_legi_t1,44109_0534,44,Loire-Atlantique,,,44109,Nantes,3.0,3ème circonscription,0534,849,489,360,6.0,1,353,57.6,42.4,0.71,1.67,0.12,0.28,41.58,98.06,42.4028,57.5972,2022,legi
2022_legi_t1,44109_0551,44,Loire-Atlantique,,,44109,Nantes,3.0,3ème circonscription,0551,1017,448,569,12.0,7,550,44.05,55.95,1.18,2.11,0.69,1.23,54.08,96.66,55.9489,44.0511,2022,legi
2022_legi_t1,44109_0552,44,Loire-Atlantique,,,44109,Nantes,3.0,3ème circonscription,0552,1021,407,614,10.0,1,603,39.86,60.14,0.98,1.63,0.1,0.16,59.06,98.21,60.1371,39.8629,2022,legi
2022_legi_t1,44109_0553,44,Loire-Atlantique,,,44109,Nantes,3.0,3ème circonscription,0553,1012,432,580,10.0,3,567,42.69,57.31,0.99,1.72,0.3,0.52,56.03,97.76,57.3123,42.6877,2022,legi
2022_legi_t1,44109_0554,44,Loire-Atlantique,,,44109,Nantes,3.0,3ème circonscription,0554,1111,596,515,3.0,1,511,53.65,46.35,0.27,0.58,0.09,0.19,45.99,99.22,46.3546,53.6454,2022,legi
2022_legi_t1,44109_0555,44,Loire-Atlantique,,,44109,Nantes,3.0,3ème circonscription,0555,973,420,553,6.0,2,545,43.17,56.83,0.62,1.08,0.21,0.36,56.01,98.55,56.8345,43.1655,2022,legi
2022_legi_t1,44109_0561,44,Loire-Atlantique,,,44109,Nantes,3.0,3ème circonscription,0561,976,575,401,4.0,1,396,58.91,41.09,0.41,1.0,0.1,0.25,40.57,98.75,41.0861,58.9139,2022,legi
2022_legi_t1,44109_0562,44,Loire-Atlantique,,,44109,Nantes,3.0,3ème circonscription,0562,970,706,264,4.0,2,258,72.78,27.22,0.41,1.52,0.21,0.76,26.6,97.73,27.2165,72.7835,2022,legi
2022_legi_t1,44109_0563,44,Loire-Atlantique,,,44109,Nantes,3.0,3ème circonscription,0563,945,542,403,5.0,2,396,57.35,42.65,0.53,1.24,0.21,0.5,41.9,98.26,42.6455,57.3545,2022,legi
2022_legi_t1,44109_0564,44,Loire-Atlantique,,,44109,Nantes,3.0,3ème circonscription,0564,980,649,331,6.0,7,318,66.22,33.78,0.61,1.81,0.71,2.11,32.45,96.07,33.7755,66.2245,2022,legi
2022_legi_t1,44109_0565,44,Loire-Atlantique,,,44109,Nantes,3.0,3ème circonscription,0565,991,442,549,7.0,1,541,44.6,55.4,0.71,1.28,0.1,0.18,54.59,98.54,55.3986,44.6014,2022,legi
2022_legi_t1,44109_0371,44,Loire-Atlantique,,,44109,Nantes,4.0,4ème circonscription,0371,1099,578,521,4.0,2,515,52.59,47.41,0.36,0.77,0.18,0.38,46.86,98.85,47.4067,52.5933,2022,legi
2022_legi_t1,44109_0372,44,Loire-Atlantique,,,44109,Nantes,4.0,4ème circonscription,0372,884,534,350,6.0,1,343,60.41,39.59,0.68,1.71,0.11,0.29,38.8,98.0,39.5928,60.4072,2022,legi
2022_legi_t1,44109_0373,44,Loire-Atlantique,,,44109,Nantes,4.0,4ème circonscription,0373,1043,513,530,8.0,2,520,49.19,50.81,0.77,1.51,0.19,0.38,49.86,98.11,50.815,49.185,2022,legi
2022_legi_t1,44109_0381,44,Loire-Atlantique,,,44109,Nantes,4.0,4ème circonscription,0381,940,475,465,3.0,3,459,50.53,49.47,0.32,0.65,0.32,0.65,48.83,98.71,49.4681,50.5319,2022,legi
2022_legi_t1,44109_0382,44,Loire-Atlantique,,,44109,Nantes,4.0,4ème circonscription,0382,1024,433,591,4.0,3,584,42.29,57.71,0.39,0.68,0.29,0.51,57.03,98.82,57.7148,42.2852,2022,legi
2022_legi_t1,44109_0383,44,Loire-Atlantique,,,44109,Nantes,4.0,4ème circonscription,0383,947,419,528,7.0,4,517,44.24,55.76,0.74,1.33,0.42,0.76,54.59,97.92,55.755,44.245,2022,legi
2022_legi_t1,44109_0384,44,Loire-Atlantique,,,44109,Nantes,4.0,4ème circonscription,0384,898,401,497,7.0,2,488,44.65,55.35,0.78,1.41,0.22,0.4,54.34,98.19,55.3452,44.6548,2022,legi
2022_legi_t1,44109_0385,44,Loire-Atlantique,,,44109,Nantes,4.0,4ème circonscription,0385,1031,445,586,6.0,3,577,43.16,56.84,0.58,1.02,0.29,0.51,55.97,98.46,56.838,43.162,2022,legi
2022_legi_t1,44109_0271,44,Loire-Atlantique,,,44109,Nantes,5.0,5ème circonscription,0271,881,466,415,4.0,3,408,52.89,47.11,0.45,0.96,0.34,0.72,46.31,98.31,47.1056,52.8944,2022,legi
2022_legi_t1,44109_0272,44,Loire-Atlantique,,,44109,Nantes,5.0,5ème circonscription,0272,980,468,512,8.0,1,503,47.76,52.24,0.82,1.56,0.1,0.2,51.33,98.24,52.2449,47.7551,2022,legi
2022_legi_t1,44109_0273,44,Loire-Atlantique,,,44109,Nantes,5.0,5ème circonscription,0273,943,410,533,7.0,2,524,43.48,56.52,0.74,1.31,0.21,0.38,55.57,98.31,56.5217,43.4783,2022,legi
2022_legi_t1,44109_0274,44,Loire-Atlantique,,,44109,Nantes,5.0,5ème circonscription,0274,937,367,570,9.0,0,561,39.17,60.83,0.96,1.58,0.0,0.0,59.87,98.42,60.8324,39.1676,2022,legi
2022_legi_t1,44109_0275,44,Loire-Atlantique,,,44109,Nantes,5.0,5ème circonscription,0275,990,473,517,6.0,0,511,47.78,52.22,0.61,1.16,0.0,0.0,51.62,98.84,52.2222,47.7778,2022,legi
2022_legi_t1,44109_0711,44,Loire-Atlantique,,,44109,Nantes,5.0,5ème circonscription,0711,954,341,613,11.0,2,600,35.74,64.26,1.15,1.79,0.21,0.33,62.89,97.88,64.2558,35.7442,2022,legi
2022_legi_t1,44109_0712,44,Loire-Atlantique,,,44109,Nantes,5.0,5ème circonscription,0712,980,408,572,6.0,4,562,41.63,58.37,0.61,1.05,0.41,0.7,57.35,98.25,58.3673,41.6327,2022,legi
2022_legi_t1,44109_0713,44,Loire-Atlantique,,,44109,Nantes,5.0,5ème circonscription,0713,1006,613,393,7.0,4,382,60.93,39.07,0.7,1.78,0.4,1.02,37.97,97.2,39.0656,60.9344,2022,legi
2022_legi_t1,44109_0714,44,Loire-Atlantique,,,44109,Nantes,5.0,5ème circonscription,0714,1085,485,600,12.0,5,583,44.7,55.3,1.11,2.0,0.46,0.83,53.73,97.17,55.2995,44.7005,2022,legi
2022_legi_t1,44109_0715,44,Loire-Atlantique,,,44109,Nantes,5.0,5ème circonscription,0715,969,475,494,2.0,7,485,49.02,50.98,0.21,0.4,0.72,1.42,50.05,98.18,50.9804,49.0196,2022,legi
2022_legi_t1,44109_0751,44,Loire-Atlantique,,,44109,Nantes,5.0,5ème circonscription,0751,967,482,485,7.0,3,475,49.84,50.16,0.72,1.44,0.31,0.62,49.12,97.94,50.1551,49.8449,2022,legi
2022_legi_t1,44109_0752,44,Loire-Atlantique,,,44109,Nantes,5.0,5ème circonscription,0752,1016,542,474,10.0,4,460,53.35,46.65,0.98,2.11,0.39,0.84,45.28,97.05,46.6535,53.3465,2022,legi
2022_legi_t1,44109_0753,44,Loire-Atlantique,,,44109,Nantes,5.0,5ème circonscription,0753,801,380,421,7.0,3,411,47.44,52.56,0.87,1.66,0.37,0.71,51.31,97.62,52.5593,47.4407,2022,legi
2022_legi_t1,44109_0754,44,Loire-Atlantique,,,44109,Nantes,5.0,5ème circonscription,0754,807,498,309,3.0,0,306,61.71,38.29,0.37,0.97,0.0,0.0,37.92,99.03,38.29,61.71,2022,legi
2022_legi_t1,44109_0755,44,Loire-Atlantique,,,44109,Nantes,5.0,5ème circonscription,0755,879,536,343,7.0,2,334,60.98,39.02,0.8,2.04,0.23,0.58,38.0,97.38,39.0216,60.9784,2022,legi
2022_legi_t1,44109_0761,44,Loire-Atlantique,,,44109,Nantes,5.0,5ème circonscription,0761,889,371,518,6.0,5,507,41.73,58.27,0.67,1.16,0.56,0.97,57.03,97.88,58.2677,41.7323,2022,legi
2022_legi_t1,44109_0762,44,Loire-Atlantique,,,44109,Nantes,5.0,5ème circonscription,0762,1111,490,621,5.0,0,616,44.1,55.9,0.45,0.81,0.0,0.0,55.45,99.19,55.8956,44.1044,2022,legi
2022_legi_t1,44109_0763,44,Loire-Atlantique,,,44109,Nantes,5.0,5ème circonscription,0763,1033,514,519,5.0,3,511,49.76,50.24,0.48,0.96,0.29,0.58,49.47,98.46,50.242,49.758,2022,legi
2022_legi_t1,44109_0764,44,Loire-Atlantique,,,44109,Nantes,5.0,5ème circonscription,0764,887,493,394,10.0,4,380,55.58,44.42,1.13,2.54,0.45,1.02,42.84,96.45,44.4194,55.5806,2022,legi
2022_legi_t1,44109_0765,44,Loire-Atlantique,,,44109,Nantes,5.0,5ème circonscription,0765,931,391,540,5.0,4,531,42.0,58.0,0.54,0.93,0.43,0.74,57.04,98.33,58.0021,41.9979,2022,legi
2022_legi_t1,44109_0766,44,Loire-Atlantique,,,44109,Nantes,5.0,5ème circonscription,0766,1078,522,556,11.0,7,538,48.42,51.58,1.02,1.98,0.65,1.26,49.91,96.76,51.577,48.423,2022,legi
2022_legi_t1,44114_0021,44,Loire-Atlantique,,,44114,Orvault,1.0,1ère circonscription,0021,805,272,533,13.0,0,520,33.79,66.21,1.61,2.44,0.0,0.0,64.6,97.56,66.2112,33.7888,2022,legi
2022_legi_t1,44114_0022,44,Loire-Atlantique,,,44114,Orvault,1.0,1ère circonscription,0022,870,409,461,9.0,0,452,47.01,52.99,1.03,1.95,0.0,0.0,51.95,98.05,52.9885,47.0115,2022,legi
2022_legi_t1,44114_0023,44,Loire-Atlantique,,,44114,Orvault,1.0,1ère circonscription,0023,884,396,488,16.0,0,472,44.8,55.2,1.81,3.28,0.0,0.0,53.39,96.72,55.2036,44.7964,2022,legi
2022_legi_t1,44114_0024,44,Loire-Atlantique,,,44114,Orvault,1.0,1ère circonscription,0024,887,428,459,9.0,0,450,48.25,51.75,1.01,1.96,0.0,0.0,50.73,98.04,51.7475,48.2525,2022,legi
2022_legi_t1,44143_0025,44,Loire-Atlantique,,,44143,Rezé,4.0,4ème circonscription,0025,945,452,493,8.0,3,482,47.83,52.17,0.85,1.62,0.32,0.61,51.01,97.77,52.1693,47.8307,2022,legi
2022_legi_t1,44143_0026,44,Loire-Atlantique,,,44143,Rezé,4.0,4ème circonscription,0026,1031,548,483,4.0,2,477,53.15,46.85,0.39,0.83,0.19,0.41,46.27,98.76,46.8477,53.1523,2022,legi
2022_legi_t1,44143_0027,44,Loire-Atlantique,,,44143,Rezé,4.0,4ème circonscription,0027,1150,504,646,6.0,4,636,43.83,56.17,0.52,0.93,0.35,0.62,55.3,98.45,56.1739,43.8261,2022,legi
2022_legi_t1,44143_0028,44,Loire-Atlantique,,,44143,Rezé,4.0,4ème circonscription,0028,821,370,451,4.0,0,447,45.07,54.93,0.49,0.89,0.0,0.0,54.45,99.11,54.933,45.067,2022,legi
2022_legi_t1,44143_0029,44,Loire-Atlantique,,,44143,Rezé,4.0,4ème circonscription,0029,1014,520,494,6.0,4,484,51.28,48.72,0.59,1.21,0.39,0.81,47.73,97.98,48.7179,51.2821,2022,legi
2022_legi_t1,44143_0030,44,Loire-Atlantique,,,44143,Rezé,4.0,4ème circonscription,0030,1073,532,541,6.0,3,532,49.58,50.42,0.56,1.11,0.28,0.55,49.58,98.34,50.4194,49.5806,2022,legi
2022_legi_t1,44143_0031,44,Loire-Atlantique,,,44143,Rezé,4.0,4ème circonscription,0031,906,487,419,3.0,6,410,53.75,46.25,0.33,0.72,0.66,1.43,45.25,97.85,46.2472,53.7528,2022,legi
2022_legi_t1,44143_0032,44,Loire-Atlantique,,,44143,Rezé,4.0,4ème circonscription,0032,784,385,399,3.0,1,395,49.11,50.89,0.38,0.75,0.13,0.25,50.38,99.0,50.8929,49.1071,2022,legi
2022_legi_t1,44143_0033,44,Loire-Atlantique,,,44143,Rezé,4.0,4ème circonscription,0033,509,194,315,4.0,0,311,38.11,61.89,0.79,1.27,0.0,0.0,61.1,98.73,61.8861,38.1139,2022,legi
2022_legi_t1,44162_0034,44,Loire-Atlantique,,,44162,Saint-Herblain,3.0,3ème circonscription,0034,693,274,419,11.0,6,402,39.54,60.46,1.59,2.63,0.87,1.43,58.01,95.94,60.4618,39.5382,2022,legi
2022_legi_t1,44162_0035,44,Loire-Atlantique,,,44162,Saint-Herblain,3.0,3ème circonscription,0035,678,394,284,2.0,2,280,58.11,41.89,0.29,0.7,0.29,0.7,41.3,98.59,41.8879,58.1121,2022,legi
2022_legi_t1,44162_0036,44,Loire-Atlantique,,,44162,Saint-Herblain,3.0,3ème circonscription,0036,827,414,413,6.0,1,406,50.06,49.94,0.73,1.45,0.12,0.24,49.09,98.31,49.9395,50.0605,2022,legi
2022_legi_t1,44162_0037,44,Loire-Atlantique,,,44162,Saint-Herblain,3.0,3ème circonscription,0037,612,248,364,10.0,3,351,40.52,59.48,1.63,2.75,0.49,0.82,57.35,96.43,59.4771,40.5229,2022,legi
2022_legi_t1,44162_0038,44,Loire-Atlantique,,,44162,Saint-Herblain,3.0,3ème circonscription,0038,730,365,365,6.0,3,356,50.0,50.0,0.82,1.64,0.41,0.82,48.77,97.53,50.0,50.0,2022,legi
2022_legi_t1,44162_0039,44,Loire-Atlantique,,,44162,Saint-Herblain,3.0,3ème circonscription,0039,923,476,447,5.0,2,440,51.57,48.43,0.54,1.12,0.22,0.45,47.67,98.43,48.429,51.571,2022,legi
2022_legi_t1,44184_0040,44,Loire-Atlantique,,,44184,Saint-Nazaire,8.0,8ème circonscription,0040,1150,681,469,4.0,2,463,59.22,40.78,0.35,0.85,0.17,0.43,40.26,98.72,40.7826,59.2174,2022,legi
2022_legi_t1,44184_0041,44,Loire-Atlantique,,,44184,Saint-Nazaire,8.0,8ème circonscription,0041,1165,723,442,8.0,6,428,62.06,37.94,0.69,1.81,0.52,1.36,36.74,96.83,37.9399,62.0601,2022,legi
2022_legi_t1,44184_0042,44,Loire-Atlantique,,,44184,Saint-Nazaire,8.0,8ème circonscription,0042,990,579,411,1.0,1,409,58.48,41.52,0.1,0.24,0.1,0.24,41.31,99.51,41.5152,58.4848,2022,legi
2022_legi_t1,44184_0043,44,Loire-Atlantique,,,44184,Saint-Nazaire,8.0,8ème circonscription,0043,980,542,438,6.0,2,430,55.31,44.69,0.61,1.37,0.2,0.46,43.88,98.17,44.6939,55.3061,2022,legi
2022_legi_t1,44184_0044,44,Loire-Atlantique,,,44184,Saint-Nazaire,8.0,8ème circonscription,0044,1096,657,439,9.0,1,429,59.95,40.05,0.82,2.05,0.09,0.23,39.14,97.72,40.0547,59.9453,2022,legi
2022_legi_t1,44184_0045,44,Loire-Atlantique,,,44184,Saint-Nazaire,8.0,8ème circonscription,0045,1014,527,487,4.0,2,481,51.97,48.03,0.39,0.82,0.2,0.41,47.44,98.77,48.0276,51.9724,2022,legi
2022_legi_t1,44184_0046,44,Loire-Atlantique,,,44184,Saint-Nazaire,8.0,8ème circonscription,0046,1077,554,523,5.0,0,518,51.44,48.56,0.46,0.96,0.0,0.0,48.1,99.04,48.5608,51.4392,2022,legi
2022_legi_t1,44184_0047,44,Loire-Atlantique,,,44184,Saint-Nazaire,8.0,8ème circonscription,0047,1302,662,640,7.0,2,631,50.84,49.16,0.54,1.09,0.15,0.31,48.46,98.59,49.1551,50.8449,2022,legi
2022_legi_t1,44184_0048,44,Loire-Atlantique,,,44184,Saint-Nazaire,8.0,8ème circonscription,0048,1118,483,635,5.0,2,628,43.2,56.8,0.45,0.79,0.18,0.31,56.17,98.9,56.7979,43.2021,2022,legi
2022_legi_t1,44184_0049,44,Loire-Atlantique,,,44184,Saint-Nazaire,8.0,8ème circonscription,0049,960,428,532,5.0,1,526,44.58,55.42,0.52,0.94,0.1,0.19,54.79,98.87,55.4167,44.5833,2022,legi
2022_legi_t1,44184_0050,44,Loire-Atlantique,,,44184,Saint-Nazaire,8.0,8ème circonscription,0050,941,514,427,10.0,2,415,54.62,45.38,1.06,2.34,0.21,0.47,44.1,97.19,45.3773,54.6227,2022,legi
2022_legi_t1,49002_0001,49,Maine-et-Loire,,,49002,Allonnes,3.0,3ème circonscription,0001,907,463,444,9.0,3,432,51.05,48.95,0.99,2.03,0.33,0.68,47.63,97.3,48.9526,51.0474,2022,legi
2022_legi_t1,49002_0002,49,Maine-et-Loire,,,49002,Allonnes,3.0,3ème circonscription,0002,1115,629,486,12.0,2,472,56.41,43.59,1.08,2.47,0.18,0.41,42.33,97.12,43.5874,56.4126,2022,legi
2022_legi_t1,49003_0003,49,Maine-et-Loire,,,49003,Tuffalun,4.0,4ème circonscription,0003,250,137,113,0.0,0,113,54.8,45.2,0.0,0.0,0.0,0.0,45.2,100.0,45.2,54.8,2022,legi
2022_legi_t1,49007_0101,49,Maine-et-Loire,,,49007,Angers,1.0,1ère circonscription,0101,1279,687,592,5.0,4,583,53.71,46.29,0.39,0.84,0.31,0.68,45.58,98.48,46.2862,53.7138,2022,legi
2022_legi_t1,49007_0102,49,Maine-et-Loire,,,49007,Angers,1.0,1ère circonscription,0102,1571,772,799,6.0,4,789,49.14,50.86,0.38,0.75,0.25,0.5,50.22,98.75,50.8593,49.1407,2022,legi
2022_legi_t1,49007_0103,49,Maine-et-Loire,,,49007,Angers,1.0,1ère circonscription,0103,1222,654,568,7.0,0,561,53.52,46.48,0.57,1.23,0.0,0.0,45.91,98.77,46.4812,53.5188,2022,legi
2022_legi_t1,49007_0104,49,Maine-et-Loire,,,49007,Angers,1.0,1ère circonscription,0104,1353,582,771,4.0,1,766,43.02,56.98,0.3,0.52,0.07,0.13,56.61,99.35,56.9845,43.0155,2022,legi
2022_legi_t1,49007_0105,49,Maine-et-Loire,,,49007,Angers,1.0,1ère circonscription,0105,1414,605,809,7.0,5,797,42.79,57.21,0.5,0.87,0.35,0.62,56.36,98.52,57.2136,42.7864,2022,legi
2022_legi_t1,49007_0106,49,Maine-et-Loire,,,49007,Angers,1.0,1ère circonscription,0106,1034,454,580,10.0,3,567,43.91,56.09,0.97,1.72,0.29,0.52,54.84,97.76,56.0928,43.9072,2022,legi
2022_legi_t1,49007_0107,49,Maine-et-Loire,,,49007,Angers,1.0,1ère circonscription,0107,1181,513,668,5.0,3,660,43.44,56.56,0.42,0.75,0.25,0.45,55.88,98.8,56.5622,43.4378,2022,legi
2022_legi_t1,49007_0108,49,Maine-et-Loire,,,49007,Angers,1.0,1ère circonscription,0108,900,299,601,6.0,3,592,33.22,66.78,0.67,1.0,0.33,0.5,65.78,98.5,66.7778,33.2222,2022,legi
2022_legi_t1,49007_0109,49,Maine-et-Loire,,,49007,Angers,1.0,1ère circonscription,0109,966,356,610,3.0,1,606,36.85,63.15,0.31,0.49,0.1,0.16,62.73,99.34,63.147,36.853,2022,legi
2022_legi_t1,49007_0110,49,Maine-et-Loire,,,49007,Angers,1.0,1ère circonscription,0110,1302,523,779,8.0,2,769,40.17,59.83,0.61,1.03,0.15,0.26,59.06,98.72,59.831,40.169,2022,legi
2022_legi_t1,49007_0111,49,Maine-et-Loire,,,49007,Angers,1.0,1ère circonscription,0111,1248,503,745,5.0,2,738,40.3,59.7,0.4,0.67,0.16,0.27,59.13,99.06,59.6955,40.3045,2022,legi
2022_legi_t1,49007_0112,49,Maine-et-Loire,,,49007,Angers,1.0,1ère circonscription,0112,1259,543,716,11.0,0,705,43.13,56.87,0.87,1.54,0.0,0.0,56.0,98.46,56.8705,43.1295,2022,legi
2022_legi_t1,49007_0113,49,Maine-et-Loire,,,49007,Angers,1.0,1ère circonscription,0113,1126,381,745,11.0,0,734,33.84,66.16,0.98,1.48,0.0,0.0,65.19,98.52,66.1634,33.8366,2022,legi
2022_legi_t1,49007_0115,49,Maine-et-Loire,,,49007,Angers,1.0,1ère circonscription,0115,988,391,597,7.0,4,586,39.57,60.43,0.71,1.17,0.4,0.67,59.31,98.16,60.4251,39.5749,2022,legi
2022_legi_t1,49007_0116,49,Maine-et-Loire,,,49007,Angers,1.0,1ère circonscription,0116,1126,479,647,5.0,0,642,42.54,57.46,0.44,0.77,0.0,0.0,57.02,99.23,57.46,42.54,2022,legi
2022_legi_t1,49007_0117,49,Maine-et-Loire,,,49007,Angers,1.0,1ère circonscription,0117,1199,468,731,7.0,4,720,39.03,60.97,0.58,0.96,0.33,0.55,60.05,98.5,60.9675,39.0325,2022,legi
2022_legi_t1,49007_0118,49,Maine-et-Loire,,,49007,Angers,1.0,1ère circonscription,0118,975,478,497,8.0,0,489,49.03,50.97,0.82,1.61,0.0,0.0,50.15,98.39,50.9744,49.0256,2022,legi
2022_legi_t1,49007_0119,49,Maine-et-Loire,,,49007,Angers,1.0,1ère circonscription,0119,1186,493,693,6.0,3,684,41.57,58.43,0.51,0.87,0.25,0.43,57.67,98.7,58.4317,41.5683,2022,legi
2022_legi_t1,49007_0122,49,Maine-et-Loire,,,49007,Angers,1.0,1ère circonscription,0122,1232,547,685,4.0,4,677,44.4,55.6,0.32,0.58,0.32,0.58,54.95,98.83,55.6006,44.3994,2022,legi
2022_legi_t1,49007_0123,49,Maine-et-Loire,,,49007,Angers,1.0,1ère circonscription,0123,1110,570,540,11.0,5,524,51.35,48.65,0.99,2.04,0.45,0.93,47.21,97.04,48.6486,51.3514,2022,legi
2022_legi_t1,49007_0214,49,Maine-et-Loire,,,49007,Angers,1.0,1ère circonscription,0214,1102,582,520,6.0,1,513,52.81,47.19,0.54,1.15,0.09,0.19,46.55,98.65,47.1869,52.8131,2022,legi
2022_legi_t1,49007_0501,49,Maine-et-Loire,,,49007,Angers,1.0,1ère circonscription,0501,904,549,355,10.0,0,345,60.73,39.27,1.11,2.82,0.0,0.0,38.16,97.18,39.2699,60.7301,2022,legi
2022_legi_t1,49007_0502,49,Maine-et-Loire,,,49007,Angers,1.0,1ère circonscription,0502,1302,533,769,12.0,3,754,40.94,59.06,0.92,1.56,0.23,0.39,57.91,98.05,59.063,40.937,2022,legi
2022_legi_t1,49007_0503,49,Maine-et-Loire,,,49007,Angers,1.0,1ère circonscription,0503,1206,527,679,6.0,3,670,43.7,56.3,0.5,0.88,0.25,0.44,55.56,98.67,56.3018,43.6982,2022,legi
2022_legi_t1,49007_0504,49,Maine-et-Loire,,,49007,Angers,1.0,1ère circonscription,0504,1111,520,591,6.0,2,583,46.8,53.2,0.54,1.02,0.18,0.34,52.48,98.65,53.1953,46.8047,2022,legi
2022_legi_t1,49007_0505,49,Maine-et-Loire,,,49007,Angers,1.0,1ère circonscription,0505,1308,606,702,13.0,1,688,46.33,53.67,0.99,1.85,0.08,0.14,52.6,98.01,53.6697,46.3303,2022,legi
2022_legi_t1,49007_0506,49,Maine-et-Loire,,,49007,Angers,1.0,1ère circonscription,0506,1474,683,791,11.0,6,774,46.34,53.66,0.75,1.39,0.41,0.76,52.51,97.85,53.6635,46.3365,2022,legi
2022_legi_t1,49007_0507,49,Maine-et-Loire,,,49007,Angers,1.0,1ère circonscription,0507,1005,455,550,6.0,0,544,45.27,54.73,0.6,1.09,0.0,0.0,54.13,98.91,54.7264,45.2736,2022,legi
2022_legi_t1,49007_0508,49,Maine-et-Loire,,,49007,Angers,1.0,1ère circonscription,0508,932,534,398,5.0,3,390,57.3,42.7,0.54,1.26,0.32,0.75,41.85,97.99,42.7039,57.2961,2022,legi
2022_legi_t1,49007_0509,49,Maine-et-Loire,,,49007,Angers,1.0,1ère circonscription,0509,958,536,422,4.0,4,414,55.95,44.05,0.42,0.95,0.42,0.95,43.22,98.1,44.0501,55.9499,2022,legi
2022_legi_t1,49007_0510,49,Maine-et-Loire,,,49007,Angers,1.0,1ère circonscription,0510,901,630,271,2.0,3,266,69.92,30.08,0.22,0.74,0.33,1.11,29.52,98.15,30.0777,69.9223,2022,legi
2022_legi_t1,49007_0511,49,Maine-et-Loire,,,49007,Angers,1.0,1ère circonscription,0511,925,596,329,6.0,2,321,64.43,35.57,0.65,1.82,0.22,0.61,34.7,97.57,35.5676,64.4324,2022,legi
2022_legi_t1,49007_0512,49,Maine-et-Loire,,,49007,Angers,1.0,1ère circonscription,0512,1061,743,318,3.0,1,314,70.03,29.97,0.28,0.94,0.09,0.31,29.59,98.74,29.9717,70.0283,2022,legi
2022_legi_t1,49007_0513,49,Maine-et-Loire,,,49007,Angers,1.0,1ère circonscription,0513,917,665,252,1.0,3,248,72.52,27.48,0.11,0.4,0.33,1.19,27.04,98.41,27.4809,72.5191,2022,legi
2022_legi_t1,49007_0514,49,Maine-et-Loire,,,49007,Angers,1.0,1ère circonscription,0514,1095,656,439,5.0,0,434,59.91,40.09,0.46,1.14,0.0,0.0,39.63,98.86,40.0913,59.9087,2022,legi
2022_legi_t1,49007_0601,49,Maine-et-Loire,,,49007,Angers,1.0,1ère circonscription,0601,1272,755,517,3.0,7,507,59.36,40.64,0.24,0.58,0.55,1.35,39.86,98.07,40.6447,59.3553,2022,legi
2022_legi_t1,49007_0602,49,Maine-et-Loire,,,49007,Angers,1.0,1ère circonscription,0602,1081,662,419,5.0,2,412,61.24,38.76,0.46,1.19,0.19,0.48,38.11,98.33,38.7604,61.2396,2022,legi
2022_legi_t1,49007_0603,49,Maine-et-Loire,,,49007,Angers,1.0,1ère circonscription,0603,1054,623,431,7.0,4,420,59.11,40.89,0.66,1.62,0.38,0.93,39.85,97.45,40.8918,59.1082,2022,legi
2022_legi_t1,49007_0604,49,Maine-et-Loire,,,49007,Angers,1.0,1ère circonscription,0604,1316,722,594,4.0,4,586,54.86,45.14,0.3,0.67,0.3,0.67,44.53,98.65,45.1368,54.8632,2022,legi
2022_legi_t1,49007_0114,49,Maine-et-Loire,,,49007,Angers,2.0,2ème circonscription,0114,518,212,306,2.0,1,303,40.93,59.07,0.39,0.65,0.19,0.33,58.49,99.02,59.0734,40.9266,2022,legi
2022_legi_t1,49007_0120,49,Maine-et-Loire,,,49007,Angers,2.0,2ème circonscription,0120,1182,496,686,9.0,1,676,41.96,58.04,0.76,1.31,0.08,0.15,57.19,98.54,58.0372,41.9628,2022,legi
2022_legi_t1,49007_0121,49,Maine-et-Loire,,,49007,Angers,2.0,2ème circonscription,0121,951,484,467,1.0,4,462,50.89,49.11,0.11,0.21,0.42,0.86,48.58,98.93,49.1062,50.8938,2022,legi
2022_legi_t1,49007_0201,49,Maine-et-Loire,,,49007,Angers,2.0,2ème circonscription,0201,889,361,528,5.0,1,522,40.61,59.39,0.56,0.95,0.11,0.19,58.72,98.86,59.3926,40.6074,2022,legi
2022_legi_t1,49007_0202,49,Maine-et-Loire,,,49007,Angers,2.0,2ème circonscription,0202,1380,568,812,9.0,3,800,41.16,58.84,0.65,1.11,0.22,0.37,57.97,98.52,58.8406,41.1594,2022,legi
2022_legi_t1,49007_0203,49,Maine-et-Loire,,,49007,Angers,2.0,2ème circonscription,0203,1000,492,508,5.0,3,500,49.2,50.8,0.5,0.98,0.3,0.59,50.0,98.43,50.8,49.2,2022,legi
2022_legi_t1,49007_0204,49,Maine-et-Loire,,,49007,Angers,2.0,2ème circonscription,0204,1026,753,273,3.0,5,265,73.39,26.61,0.29,1.1,0.49,1.83,25.83,97.07,26.6082,73.3918,2022,legi
2022_legi_t1,49007_0205,49,Maine-et-Loire,,,49007,Angers,2.0,2ème circonscription,0205,1158,665,493,6.0,4,483,57.43,42.57,0.52,1.22,0.35,0.81,41.71,97.97,42.5734,57.4266,2022,legi
2022_legi_t1,49007_0206,49,Maine-et-Loire,,,49007,Angers,2.0,2ème circonscription,0206,888,399,489,8.0,5,476,44.93,55.07,0.9,1.64,0.56,1.02,53.6,97.34,55.0676,44.9324,2022,legi
2022_legi_t1,49007_0207,49,Maine-et-Loire,,,49007,Angers,2.0,2ème circonscription,0207,1479,1071,408,3.0,1,404,72.41,27.59,0.2,0.74,0.07,0.25,27.32,99.02,27.5862,72.4138,2022,legi
2022_legi_t1,49007_0208,49,Maine-et-Loire,,,49007,Angers,2.0,2ème circonscription,0208,953,399,554,11.0,1,542,41.87,58.13,1.15,1.99,0.1,0.18,56.87,97.83,58.1322,41.8678,2022,legi
2022_legi_t1,49007_0209,49,Maine-et-Loire,,,49007,Angers,2.0,2ème circonscription,0209,1085,612,473,4.0,6,463,56.41,43.59,0.37,0.85,0.55,1.27,42.67,97.89,43.5945,56.4055,2022,legi
2022_legi_t1,49007_0210,49,Maine-et-Loire,,,49007,Angers,2.0,2ème circonscription,0210,1063,605,458,5.0,2,451,56.91,43.09,0.47,1.09,0.19,0.44,42.43,98.47,43.0856,56.9144,2022,legi
2022_legi_t1,49007_0211,49,Maine-et-Loire,,,49007,Angers,2.0,2ème circonscription,0211,1101,584,517,2.0,4,511,53.04,46.96,0.18,0.39,0.36,0.77,46.41,98.84,46.9573,53.0427,2022,legi
2022_legi_t1,49007_0212,49,Maine-et-Loire,,,49007,Angers,2.0,2ème circonscription,0212,965,487,478,9.0,2,467,50.47,49.53,0.93,1.88,0.21,0.42,48.39,97.7,49.5337,50.4663,2022,legi
2022_legi_t1,49007_0213,49,Maine-et-Loire,,,49007,Angers,2.0,2ème circonscription,0213,682,301,381,5.0,3,373,44.13,55.87,0.73,1.31,0.44,0.79,54.69,97.9,55.8651,44.1349,2022,legi
2022_legi_t1,49007_0701,49,Maine-et-Loire,,,49007,Angers,2.0,2ème circonscription,0701,1181,595,586,16.0,2,568,50.38,49.62,1.35,2.73,0.17,0.34,48.09,96.93,49.619,50.381,2022,legi
2022_legi_t1,49007_0702,49,Maine-et-Loire,,,49007,Angers,2.0,2ème circonscription,0702,1015,558,457,3.0,1,453,54.98,45.02,0.3,0.66,0.1,0.22,44.63,99.12,45.0246,54.9754,2022,legi
2022_legi_t1,49007_0703,49,Maine-et-Loire,,,49007,Angers,2.0,2ème circonscription,0703,1197,585,612,9.0,6,597,48.87,51.13,0.75,1.47,0.5,0.98,49.87,97.55,51.1278,48.8722,2022,legi
2022_legi_t1,49007_0704,49,Maine-et-Loire,,,49007,Angers,2.0,2ème circonscription,0704,1192,608,584,9.0,1,574,51.01,48.99,0.76,1.54,0.08,0.17,48.15,98.29,48.9933,51.0067,2022,legi
2022_legi_t1,49007_0705,49,Maine-et-Loire,,,49007,Angers,2.0,2ème circonscription,0705,1392,686,706,14.0,3,689,49.28,50.72,1.01,1.98,0.22,0.42,49.5,97.59,50.7184,49.2816,2022,legi
2022_legi_t1,49007_0215,49,Maine-et-Loire,,,49007,Angers,6.0,6ème circonscription,0215,1029,530,499,6.0,2,491,51.51,48.49,0.58,1.2,0.19,0.4,47.72,98.4,48.4937,51.5063,2022,legi
2022_legi_t1,49007_0216,49,Maine-et-Loire,,,49007,Angers,6.0,6ème circonscription,0216,985,459,526,10.0,1,515,46.6,53.4,1.02,1.9,0.1,0.19,52.28,97.91,53.401,46.599,2022,legi
2022_legi_t1,49007_0217,49,Maine-et-Loire,,,49007,Angers,6.0,6ème circonscription,0217,927,462,465,9.0,3,453,49.84,50.16,0.97,1.94,0.32,0.65,48.87,97.42,50.1618,49.8382,2022,legi
2022_legi_t1,49007_0218,49,Maine-et-Loire,,,49007,Angers,6.0,6ème circonscription,0218,1030,407,623,13.0,2,608,39.51,60.49,1.26,2.09,0.19,0.32,59.03,97.59,60.4854,39.5146,2022,legi
2022_legi_t1,49007_0219,49,Maine-et-Loire,,,49007,Angers,6.0,6ème circonscription,0219,1093,543,550,10.0,2,538,49.68,50.32,0.91,1.82,0.18,0.36,49.22,97.82,50.3202,49.6798,2022,legi
2022_legi_t1,49007_0302,49,Maine-et-Loire,,,49007,Angers,6.0,6ème circonscription,0302,1056,532,524,11.0,3,510,50.38,49.62,1.04,2.1,0.28,0.57,48.3,97.33,49.6212,50.3788,2022,legi
2022_legi_t1,49007_0303,49,Maine-et-Loire,,,49007,Angers,6.0,6ème circonscription,0303,925,465,460,5.0,1,454,50.27,49.73,0.54,1.09,0.11,0.22,49.08,98.7,49.7297,50.2703,2022,legi
2022_legi_t1,49007_0304,49,Maine-et-Loire,,,49007,Angers,6.0,6ème circonscription,0304,1193,647,546,15.0,8,523,54.23,45.77,1.26,2.75,0.67,1.47,43.84,95.79,45.767,54.233,2022,legi
2022_legi_t1,49007_0308,49,Maine-et-Loire,,,49007,Angers,6.0,6ème circonscription,0308,899,516,383,7.0,2,374,57.4,42.6,0.78,1.83,0.22,0.52,41.6,97.65,42.6029,57.3971,2022,legi
2022_legi_t1,49007_0309,49,Maine-et-Loire,,,49007,Angers,6.0,6ème circonscription,0309,876,620,256,8.0,2,246,70.78,29.22,0.91,3.12,0.23,0.78,28.08,96.09,29.2237,70.7763,2022,legi
2022_legi_t1,49007_0310,49,Maine-et-Loire,,,49007,Angers,6.0,6ème circonscription,0310,935,431,504,8.0,1,495,46.1,53.9,0.86,1.59,0.11,0.2,52.94,98.21,53.9037,46.0963,2022,legi
2022_legi_t1,49007_0311,49,Maine-et-Loire,,,49007,Angers,6.0,6ème circonscription,0311,1341,876,465,10.0,6,449,65.32,34.68,0.75,2.15,0.45,1.29,33.48,96.56,34.6756,65.3244,2022,legi
2022_legi_t1,49007_0312,49,Maine-et-Loire,,,49007,Angers,6.0,6ème circonscription,0312,1390,837,553,10.0,2,541,60.22,39.78,0.72,1.81,0.14,0.36,38.92,97.83,39.7842,60.2158,2022,legi
2022_legi_t1,49007_0313,49,Maine-et-Loire,,,49007,Angers,6.0,6ème circonscription,0313,112,68,44,0.0,4,40,60.71,39.29,0.0,0.0,3.57,9.09,35.71,90.91,39.2857,60.7143,2022,legi
2022_legi_t1,49007_0301,49,Maine-et-Loire,,,49007,Angers,7.0,7ème circonscription,0301,1480,627,853,14.0,4,835,42.36,57.64,0.95,1.64,0.27,0.47,56.42,97.89,57.6351,42.3649,2022,legi
2022_legi_t1,49007_0305,49,Maine-et-Loire,,,49007,Angers,7.0,7ème circonscription,0305,978,397,581,11.0,3,567,40.59,59.41,1.12,1.89,0.31,0.52,57.98,97.59,59.407,40.593,2022,legi
2022_legi_t1,49007_0306,49,Maine-et-Loire,,,49007,Angers,7.0,7ème circonscription,0306,898,479,419,9.0,0,410,53.34,46.66,1.0,2.15,0.0,0.0,45.66,97.85,46.6592,53.3408,2022,legi
2022_legi_t1,49007_0307,49,Maine-et-Loire,,,49007,Angers,7.0,7ème circonscription,0307,1271,566,705,11.0,1,693,44.53,55.47,0.87,1.56,0.08,0.14,54.52,98.3,55.4681,44.5319,2022,legi
2022_legi_t1,49007_0401,49,Maine-et-Loire,,,49007,Angers,7.0,7ème circonscription,0401,1055,489,566,7.0,0,559,46.35,53.65,0.66,1.24,0.0,0.0,52.99,98.76,53.6493,46.3507,2022,legi
2022_legi_t1,49007_0402,49,Maine-et-Loire,,,49007,Angers,7.0,7ème circonscription,0402,1157,511,646,11.0,5,630,44.17,55.83,0.95,1.7,0.43,0.77,54.45,97.52,55.8341,44.1659,2022,legi
2022_legi_t1,49007_0403,49,Maine-et-Loire,,,49007,Angers,7.0,7ème circonscription,0403,1072,530,542,9.0,1,532,49.44,50.56,0.84,1.66,0.09,0.18,49.63,98.15,50.5597,49.4403,2022,legi
2022_legi_t1,49007_0404,49,Maine-et-Loire,,,49007,Angers,7.0,7ème circonscription,0404,1226,599,627,7.0,3,617,48.86,51.14,0.57,1.12,0.24,0.48,50.33,98.41,51.1419,48.8581,2022,legi
2022_legi_t1,49007_0405,49,Maine-et-Loire,,,49007,Angers,7.0,7ème circonscription,0405,1511,977,534,5.0,5,524,64.66,35.34,0.33,0.94,0.33,0.94,34.68,98.13,35.3408,64.6592,2022,legi
2022_legi_t1,49007_0406,49,Maine-et-Loire,,,49007,Angers,7.0,7ème circonscription,0406,1793,937,856,11.0,5,840,52.26,47.74,0.61,1.29,0.28,0.58,46.85,98.13,47.7412,52.2588,2022,legi
2022_legi_t1,49015_0004,49,Maine-et-Loire,,,49015,Avrillé,7.0,7ème circonscription,0004,1100,499,601,12.0,2,587,45.36,54.64,1.09,2.0,0.18,0.33,53.36,97.67,54.6364,45.3636,2022,legi
2022_legi_t1,49015_0005,49,Maine-et-Loire,,,49015,Avrillé,7.0,7ème circonscription,0005,884,337,547,4.0,2,541,38.12,61.88,0.45,0.73,0.23,0.37,61.2,98.9,61.8778,38.1222,2022,legi
2022_legi_t1,49015_0006,49,Maine-et-Loire,,,49015,Avrillé,7.0,7ème circonscription,0006,953,340,613,8.0,2,603,35.68,64.32,0.84,1.31,0.21,0.33,63.27,98.37,64.3232,35.6768,2022,legi
2022_legi_t1,49015_0007,49,Maine-et-Loire,,,49015,Avrillé,7.0,7ème circonscription,0007,687,247,440,6.0,3,431,35.95,64.05,0.87,1.36,0.44,0.68,62.74,97.95,64.0466,35.9534,2022,legi
2022_legi_t1,49015_0008,49,Maine-et-Loire,,,49015,Avrillé,7.0,7ème circonscription,0008,847,356,491,2.0,4,485,42.03,57.97,0.24,0.41,0.47,0.81,57.26,98.78,57.9693,42.0307,2022,legi
2022_legi_t1,49015_0009,49,Maine-et-Loire,,,49015,Avrillé,7.0,7ème circonscription,0009,820,342,478,6.0,1,471,41.71,58.29,0.73,1.26,0.12,0.21,57.44,98.54,58.2927,41.7073,2022,legi
2022_legi_t1,49015_0010,49,Maine-et-Loire,,,49015,Avrillé,7.0,7ème circonscription,0010,893,372,521,10.0,4,507,41.66,58.34,1.12,1.92,0.45,0.77,56.77,97.31,58.3427,41.6573,2022,legi
2022_legi_t1,49015_0011,49,Maine-et-Loire,,,49015,Avrillé,7.0,7ème circonscription,0011,982,398,584,10.0,1,573,40.53,59.47,1.02,1.71,0.1,0.17,58.35,98.12,59.4705,40.5295,2022,legi
2022_legi_t1,49015_0012,49,Maine-et-Loire,,,49015,Avrillé,7.0,7ème circonscription,0012,620,291,329,6.0,3,320,46.94,53.06,0.97,1.82,0.48,0.91,51.61,97.26,53.0645,46.9355,2022,legi
2022_legi_t1,49015_0013,49,Maine-et-Loire,,,49015,Avrillé,7.0,7ème circonscription,0013,635,308,327,3.0,2,322,48.5,51.5,0.47,0.92,0.31,0.61,50.71,98.47,51.4961,48.5039,2022,legi
2022_legi_t1,49018_0014,49,Maine-et-Loire,,,49018,Baugé-En-Anjou,3.0,3ème circonscription,0014,204,115,89,0.0,0,89,56.37,43.63,0.0,0.0,0.0,0.0,43.63,100.0,43.6275,56.3725,2022,legi
2022_legi_t1,49018_0015,49,Maine-et-Loire,,,49018,Baugé-En-Anjou,3.0,3ème circonscription,0015,1022,551,471,15.0,3,453,53.91,46.09,1.47,3.18,0.29,0.64,44.32,96.18,46.0861,53.9139,2022,legi
2022_legi_t1,49018_0016,49,Maine-et-Loire,,,49018,Baugé-En-Anjou,3.0,3ème circonscription,0016,873,438,435,8.0,2,425,50.17,49.83,0.92,1.84,0.23,0.46,48.68,97.7,49.8282,50.1718,2022,legi
2022_legi_t1,49018_0017,49,Maine-et-Loire,,,49018,Baugé-En-Anjou,3.0,3ème circonscription,0017,725,368,357,4.0,2,351,50.76,49.24,0.55,1.12,0.28,0.56,48.41,98.32,49.2414,50.7586,2022,legi
2022_legi_t1,49023_0018,49,Maine-et-Loire,,,49023,Beaupréau-En-Mauges,6.0,6ème circonscription,0018,866,461,405,10.0,6,389,53.23,46.77,1.15,2.47,0.69,1.48,44.92,96.05,46.7667,53.2333,2022,legi
2022_legi_t1,49023_0019,49,Maine-et-Loire,,,49023,Beaupréau-En-Mauges,6.0,6ème circonscription,0019,904,467,437,19.0,4,414,51.66,48.34,2.1,4.35,0.44,0.92,45.8,94.74,48.3407,51.6593,2022,legi
2022_legi_t1,49023_0020,49,Maine-et-Loire,,,49023,Beaupréau-En-Mauges,6.0,6ème circonscription,0020,897,520,377,15.0,4,358,57.97,42.03,1.67,3.98,0.45,1.06,39.91,94.96,42.029,57.971,2022,legi
2022_legi_t1,49099_0021,49,Maine-et-Loire,,,49099,Cholet,5.0,5ème circonscription,0021,1011,726,285,4.0,2,279,71.81,28.19,0.4,1.4,0.2,0.7,27.6,97.89,28.1899,71.8101,2022,legi
2022_legi_t1,49099_0022,49,Maine-et-Loire,,,49099,Cholet,5.0,5ème circonscription,0022,933,526,407,5.0,6,396,56.38,43.62,0.54,1.23,0.64,1.47,42.44,97.3,43.6227,56.3773,2022,legi
2022_legi_t1,49099_0023,49,Maine-et-Loire,,,49099,Cholet,5.0,5ème circonscription,0023,1089,584,505,6.0,4,495,53.63,46.37,0.55,1.19,0.37,0.79,45.45,98.02,46.3728,53.6272,2022,legi
2022_legi_t1,49099_0024,49,Maine-et-Loire,,,49099,Cholet,5.0,5ème circonscription,0024,1034,555,479,9.0,4,466,53.68,46.32,0.87,1.88,0.39,0.84,45.07,97.29,46.325,53.675,2022,legi
2022_legi_t1,49099_0025,49,Maine-et-Loire,,,49099,Cholet,5.0,5ème circonscription,0025,1340,697,643,2.0,2,639,52.01,47.99,0.15,0.31,0.15,0.31,47.69,99.38,47.9851,52.0149,2022,legi
2022_legi_t1,49099_0026,49,Maine-et-Loire,,,49099,Cholet,5.0,5ème circonscription,0026,886,450,436,12.0,6,418,50.79,49.21,1.35,2.75,0.68,1.38,47.18,95.87,49.2099,50.7901,2022,legi
2022_legi_t1,49099_0027,49,Maine-et-Loire,,,49099,Cholet,5.0,5ème circonscription,0027,758,405,353,16.0,6,331,53.43,46.57,2.11,4.53,0.79,1.7,43.67,93.77,46.5699,53.4301,2022,legi
2022_legi_t1,49099_0028,49,Maine-et-Loire,,,49099,Cholet,5.0,5ème circonscription,0028,1321,699,622,7.0,3,612,52.91,47.09,0.53,1.13,0.23,0.48,46.33,98.39,47.0855,52.9145,2022,legi
2022_legi_t1,49099_0029,49,Maine-et-Loire,,,49099,Cholet,5.0,5ème circonscription,0029,1285,673,612,4.0,1,607,52.37,47.63,0.31,0.65,0.08,0.16,47.24,99.18,47.6265,52.3735,2022,legi
2022_legi_t1,49099_0030,49,Maine-et-Loire,,,49099,Cholet,5.0,5ème circonscription,0030,950,516,434,10.0,2,422,54.32,45.68,1.05,2.3,0.21,0.46,44.42,97.24,45.6842,54.3158,2022,legi
2022_legi_t1,49099_0031,49,Maine-et-Loire,,,49099,Cholet,5.0,5ème circonscription,0031,932,518,414,8.0,2,404,55.58,44.42,0.86,1.93,0.21,0.48,43.35,97.58,44.4206,55.5794,2022,legi
2022_legi_t1,49099_0032,49,Maine-et-Loire,,,49099,Cholet,5.0,5ème circonscription,0032,1013,545,468,6.0,1,461,53.8,46.2,0.59,1.28,0.1,0.21,45.51,98.5,46.1994,53.8006,2022,legi
2022_legi_t1,49099_0033,49,Maine-et-Loire,,,49099,Cholet,5.0,5ème circonscription,0033,924,483,441,9.0,5,427,52.27,47.73,0.97,2.04,0.54,1.13,46.21,96.83,47.7273,52.2727,2022,legi
2022_legi_t1,49099_0034,49,Maine-et-Loire,,,49099,Cholet,5.0,5ème circonscription,0034,879,492,387,4.0,5,378,55.97,44.03,0.46,1.03,0.57,1.29,43.0,97.67,44.0273,55.9727,2022,legi
2022_legi_t1,49099_0035,49,Maine-et-Loire,,,49099,Cholet,5.0,5ème circonscription,0035,979,580,399,9.0,3,387,59.24,40.76,0.92,2.26,0.31,0.75,39.53,96.99,40.7559,59.2441,2022,legi
2022_legi_t1,53001_0001,53,Mayenne,,,53001,Ahuillé,2.0,2ème circonscription,0001,813,404,409,12.0,5,392,49.69,50.31,1.48,2.93,0.62,1.22,48.22,95.84,50.3075,49.6925,2022,legi
2022_legi_t1,53001_0002,53,Mayenne,,,53001,Ahuillé,2.0,2ème circonscription,0002,699,362,337,13.0,1,323,51.79,48.21,1.86,3.86,0.14,0.3,46.21,95.85,48.2117,51.7883,2022,legi
2022_legi_t1,53005_0003,53,Mayenne,,,53005,Andouillé,3.0,3ème circonscription,0003,615,329,286,2.0,4,280,53.5,46.5,0.33,0.7,0.65,1.4,45.53,97.9,46.5041,53.4959,2022,legi
2022_legi_t1,53029_0004,53,Mayenne,,,53029,Bierné-Les-Villages,2.0,2ème circonscription,0004,141,74,67,1.0,1,65,52.48,47.52,0.71,1.49,0.71,1.49,46.1,97.01,47.5177,52.4823,2022,legi
2022_legi_t1,53034_0005,53,Mayenne,,,53034,Bonchamp-Lès-Laval,1.0,1ère circonscription,0005,1011,460,551,2.0,3,546,45.5,54.5,0.2,0.36,0.3,0.54,54.01,99.09,54.5005,45.4995,2022,legi
2022_legi_t1,53054_0006,53,Mayenne,,,53054,Changé,1.0,1ère circonscription,0006,927,513,414,7.0,3,404,55.34,44.66,0.76,1.69,0.32,0.72,43.58,97.58,44.6602,55.3398,2022,legi
2022_legi_t1,53062_0007,53,Mayenne,,,53062,Château-Gontier-Sur-Mayenne,2.0,2ème circonscription,0007,900,449,451,12.0,6,433,49.89,50.11,1.33,2.66,0.67,1.33,48.11,96.01,50.1111,49.8889,2022,legi
2022_legi_t1,53062_0008,53,Mayenne,,,53062,Château-Gontier-Sur-Mayenne,2.0,2ème circonscription,0008,952,491,461,10.0,6,445,51.58,48.42,1.05,2.17,0.63,1.3,46.74,96.53,48.4244,51.5756,2022,legi
2022_legi_t1,53062_0009,53,Mayenne,,,53062,Château-Gontier-Sur-Mayenne,2.0,2ème circonscription,0009,777,445,332,4.0,1,327,57.27,42.73,0.51,1.2,0.13,0.3,42.08,98.49,42.7284,57.2716,2022,legi
2022_legi_t1,53062_0010,53,Mayenne,,,53062,Château-Gontier-Sur-Mayenne,2.0,2ème circonscription,0010,688,356,332,4.0,1,327,51.74,48.26,0.58,1.2,0.15,0.3,47.53,98.49,48.2558,51.7442,2022,legi
2022_legi_t1,53062_0011,53,Mayenne,,,53062,Château-Gontier-Sur-Mayenne,2.0,2ème circonscription,0011,782,412,370,4.0,5,361,52.69,47.31,0.51,1.08,0.64,1.35,46.16,97.57,47.3146,52.6854,2022,legi
2022_legi_t1,53062_0012,53,Mayenne,,,53062,Château-Gontier-Sur-Mayenne,2.0,2ème circonscription,0012,735,418,317,4.0,0,313,56.87,43.13,0.54,1.26,0.0,0.0,42.59,98.74,43.1293,56.8707,2022,legi
2022_legi_t1,53062_0013,53,Mayenne,,,53062,Château-Gontier-Sur-Mayenne,2.0,2ème circonscription,0013,926,495,431,3.0,3,425,53.46,46.54,0.32,0.7,0.32,0.7,45.9,98.61,46.5443,53.4557,2022,legi
2022_legi_t1,53062_0014,53,Mayenne,,,53062,Château-Gontier-Sur-Mayenne,2.0,2ème circonscription,0014,497,250,247,3.0,5,239,50.3,49.7,0.6,1.21,1.01,2.02,48.09,96.76,49.6982,50.3018,2022,legi
2022_legi_t1,53130_0015,53,Mayenne,,,53130,Laval,1.0,1ère circonscription,0015,1101,490,611,4.0,5,602,44.5,55.5,0.36,0.65,0.45,0.82,54.68,98.53,55.495,44.505,2022,legi
2022_legi_t1,53130_0016,53,Mayenne,,,53130,Laval,1.0,1ère circonscription,0016,1077,418,659,8.0,9,642,38.81,61.19,0.74,1.21,0.84,1.37,59.61,97.42,61.1885,38.8115,2022,legi
2022_legi_t1,53130_0017,53,Mayenne,,,53130,Laval,1.0,1ère circonscription,0017,942,555,387,5.0,3,379,58.92,41.08,0.53,1.29,0.32,0.78,40.23,97.93,41.0828,58.9172,2022,legi
2022_legi_t1,53130_0018,53,Mayenne,,,53130,Laval,1.0,1ère circonscription,0018,969,451,518,7.0,4,507,46.54,53.46,0.72,1.35,0.41,0.77,52.32,97.88,53.4572,46.5428,2022,legi
2022_legi_t1,53130_0019,53,Mayenne,,,53130,Laval,1.0,1ère circonscription,0019,1123,515,608,9.0,4,595,45.86,54.14,0.8,1.48,0.36,0.66,52.98,97.86,54.1407,45.8593,2022,legi
2022_legi_t1,53130_0020,53,Mayenne,,,53130,Laval,1.0,1ère circonscription,0020,1033,465,568,6.0,4,558,45.01,54.99,0.58,1.06,0.39,0.7,54.02,98.24,54.9855,45.0145,2022,legi
2022_legi_t1,53130_0021,53,Mayenne,,,53130,Laval,1.0,1ère circonscription,0021,1029,493,536,6.0,0,530,47.91,52.09,0.58,1.12,0.0,0.0,51.51,98.88,52.0894,47.9106,2022,legi
2022_legi_t1,53130_0022,53,Mayenne,,,53130,Laval,1.0,1ère circonscription,0022,994,440,554,9.0,1,544,44.27,55.73,0.91,1.62,0.1,0.18,54.73,98.19,55.7344,44.2656,2022,legi
2022_legi_t1,53130_0023,53,Mayenne,,,53130,Laval,1.0,1ère circonscription,0023,907,456,451,7.0,3,441,50.28,49.72,0.77,1.55,0.33,0.67,48.62,97.78,49.7244,50.2756,2022,legi
2022_legi_t1,53130_0024,53,Mayenne,,,53130,Laval,1.0,1ère circonscription,0024,722,478,244,1.0,0,243,66.2,33.8,0.14,0.41,0.0,0.0,33.66,99.59,33.795,66.205,2022,legi
2022_legi_t1,53130_0025,53,Mayenne,,,53130,Laval,1.0,1ère circonscription,0025,869,533,336,10.0,4,322,61.33,38.67,1.15,2.98,0.46,1.19,37.05,95.83,38.6651,61.3349,2022,legi
2022_legi_t1,53130_0026,53,Mayenne,,,53130,Laval,1.0,1ère circonscription,0026,814,597,217,7.0,3,207,73.34,26.66,0.86,3.23,0.37,1.38,25.43,95.39,26.6585,73.3415,2022,legi
2022_legi_t1,53130_0027,53,Mayenne,,,53130,Laval,1.0,1ère circonscription,0027,950,471,479,3.0,3,473,49.58,50.42,0.32,0.63,0.32,0.63,49.79,98.75,50.4211,49.5789,2022,legi
2022_legi_t1,53130_0028,53,Mayenne,,,53130,Laval,1.0,1ère circonscription,0028,909,504,405,6.0,5,394,55.45,44.55,0.66,1.48,0.55,1.23,43.34,97.28,44.5545,55.4455,2022,legi
2022_legi_t1,53130_0030,53,Mayenne,,,53130,Laval,1.0,1ère circonscription,0030,835,364,471,8.0,11,452,43.59,56.41,0.96,1.7,1.32,2.34,54.13,95.97,56.4072,43.5928,2022,legi
2022_legi_t1,53130_0032,53,Mayenne,,,53130,Laval,1.0,1ère circonscription,0032,1141,547,594,7.0,2,585,47.94,52.06,0.61,1.18,0.18,0.34,51.27,98.48,52.0596,47.9404,2022,legi
2022_legi_t1,53130_0033,53,Mayenne,,,53130,Laval,1.0,1ère circonscription,0033,1090,496,594,8.0,7,579,45.5,54.5,0.73,1.35,0.64,1.18,53.12,97.47,54.4954,45.5046,2022,legi
2022_legi_t1,53130_0029,53,Mayenne,,,53130,Laval,2.0,2ème circonscription,0029,1134,516,618,19.0,3,596,45.5,54.5,1.68,3.07,0.26,0.49,52.56,96.44,54.4974,45.5026,2022,legi
2022_legi_t1,53130_0031,53,Mayenne,,,53130,Laval,2.0,2ème circonscription,0031,1161,625,536,13.0,4,519,53.83,46.17,1.12,2.43,0.34,0.75,44.7,96.83,46.1671,53.8329,2022,legi
2022_legi_t1,53130_0034,53,Mayenne,,,53130,Laval,2.0,2ème circonscription,0034,32,23,9,0.0,2,7,71.88,28.12,0.0,0.0,6.25,22.22,21.88,77.78,28.125,71.875,2022,legi
2022_legi_t1,72001_0001,72,Sarthe,,,72001,Aigné,1.0,1ère circonscription,0001,1315,676,639,21.0,3,615,51.41,48.59,1.6,3.29,0.23,0.47,46.77,96.24,48.5932,51.4068,2022,legi
2022_legi_t1,72003_0002,72,Sarthe,,,72003,Allonnes,4.0,4ème circonscription,0002,567,339,228,3.0,4,221,59.79,40.21,0.53,1.32,0.71,1.75,38.98,96.93,40.2116,59.7884,2022,legi
2022_legi_t1,72003_0003,72,Sarthe,,,72003,Allonnes,4.0,4ème circonscription,0003,708,521,187,1.0,3,183,73.59,26.41,0.14,0.53,0.42,1.6,25.85,97.86,26.4124,73.5876,2022,legi
2022_legi_t1,72003_0004,72,Sarthe,,,72003,Allonnes,4.0,4ème circonscription,0004,1046,587,459,7.0,4,448,56.12,43.88,0.67,1.53,0.38,0.87,42.83,97.6,43.8815,56.1185,2022,legi
2022_legi_t1,72003_0005,72,Sarthe,,,72003,Allonnes,4.0,4ème circonscription,0005,698,470,228,7.0,2,219,67.34,32.66,1.0,3.07,0.29,0.88,31.38,96.05,32.6648,67.3352,2022,legi
2022_legi_t1,72003_0006,72,Sarthe,,,72003,Allonnes,4.0,4ème circonscription,0006,893,488,405,5.0,1,399,54.65,45.35,0.56,1.23,0.11,0.25,44.68,98.52,45.3527,54.6473,2022,legi
2022_legi_t1,72003_0007,72,Sarthe,,,72003,Allonnes,4.0,4ème circonscription,0007,915,506,409,12.0,4,393,55.3,44.7,1.31,2.93,0.44,0.98,42.95,96.09,44.6995,55.3005,2022,legi
2022_legi_t1,72003_0008,72,Sarthe,,,72003,Allonnes,4.0,4ème circonscription,0008,967,555,412,9.0,2,401,57.39,42.61,0.93,2.18,0.21,0.49,41.47,97.33,42.606,57.394,2022,legi
2022_legi_t1,72154_0009,72,Sarthe,,,72154,La Flèche,3.0,3ème circonscription,0009,575,299,276,2.0,8,266,52.0,48.0,0.35,0.72,1.39,2.9,46.26,96.38,48.0,52.0,2022,legi
2022_legi_t1,72154_0010,72,Sarthe,,,72154,La Flèche,3.0,3ème circonscription,0010,552,256,296,3.0,1,292,46.38,53.62,0.54,1.01,0.18,0.34,52.9,98.65,53.6232,46.3768,2022,legi
2022_legi_t1,72154_0011,72,Sarthe,,,72154,La Flèche,3.0,3ème circonscription,0011,634,338,296,5.0,1,290,53.31,46.69,0.79,1.69,0.16,0.34,45.74,97.97,46.6877,53.3123,2022,legi
2022_legi_t1,72154_0012,72,Sarthe,,,72154,La Flèche,3.0,3ème circonscription,0012,565,305,260,3.0,2,255,53.98,46.02,0.53,1.15,0.35,0.77,45.13,98.08,46.0177,53.9823,2022,legi
2022_legi_t1,72154_0013,72,Sarthe,,,72154,La Flèche,3.0,3ème circonscription,0013,607,388,219,5.0,3,211,63.92,36.08,0.82,2.28,0.49,1.37,34.76,96.35,36.0791,63.9209,2022,legi
2022_legi_t1,72154_0014,72,Sarthe,,,72154,La Flèche,3.0,3ème circonscription,0014,611,312,299,4.0,1,294,51.06,48.94,0.65,1.34,0.16,0.33,48.12,98.33,48.9362,51.0638,2022,legi
2022_legi_t1,72154_0015,72,Sarthe,,,72154,La Flèche,3.0,3ème circonscription,0015,852,459,393,18.0,8,367,53.87,46.13,2.11,4.58,0.94,2.04,43.08,93.38,46.1268,53.8732,2022,legi
2022_legi_t1,72154_0016,72,Sarthe,,,72154,La Flèche,3.0,3ème circonscription,0016,773,359,414,12.0,9,393,46.44,53.56,1.55,2.9,1.16,2.17,50.84,94.93,53.5576,46.4424,2022,legi
2022_legi_t1,72154_0017,72,Sarthe,,,72154,La Flèche,3.0,3ème circonscription,0017,566,258,308,4.0,2,302,45.58,54.42,0.71,1.3,0.35,0.65,53.36,98.05,54.417,45.583,2022,legi
2022_legi_t1,72181_0084,72,Sarthe,,,72181,Le Mans,1.0,1ère circonscription,0084,1042,492,550,14.0,0,536,47.22,52.78,1.34,2.55,0.0,0.0,51.44,97.45,52.7831,47.2169,2022,legi
2022_legi_t1,72181_0085,72,Sarthe,,,72181,Le Mans,1.0,1ère circonscription,0085,1044,502,542,11.0,0,531,48.08,51.92,1.05,2.03,0.0,0.0,50.86,97.97,51.9157,48.0843,2022,legi
2022_legi_t1,72181_0086,72,Sarthe,,,72181,Le Mans,1.0,1ère circonscription,0086,1096,566,530,21.0,0,509,51.64,48.36,1.92,3.96,0.0,0.0,46.44,96.04,48.3577,51.6423,2022,legi
2022_legi_t1,72181_0087,72,Sarthe,,,72181,Le Mans,1.0,1ère circonscription,0087,904,528,376,14.0,0,362,58.41,41.59,1.55,3.72,0.0,0.0,40.04,96.28,41.5929,58.4071,2022,legi
2022_legi_t1,72181_0088,72,Sarthe,,,72181,Le Mans,1.0,1ère circonscription,0088,974,504,470,14.0,0,456,51.75,48.25,1.44,2.98,0.0,0.0,46.82,97.02,48.2546,51.7454,2022,legi
2022_legi_t1,72181_0089,72,Sarthe,,,72181,Le Mans,1.0,1ère circonscription,0089,808,398,410,10.0,0,400,49.26,50.74,1.24,2.44,0.0,0.0,49.5,97.56,50.7426,49.2574,2022,legi
2022_legi_t1,72181_0090,72,Sarthe,,,72181,Le Mans,1.0,1ère circonscription,0090,1013,562,451,30.0,0,421,55.48,44.52,2.96,6.65,0.0,0.0,41.56,93.35,44.5212,55.4788,2022,legi
2022_legi_t1,72181_0091,72,Sarthe,,,72181,Le Mans,1.0,1ère circonscription,0091,876,463,413,15.0,0,398,52.85,47.15,1.71,3.63,0.0,0.0,45.43,96.37,47.1461,52.8539,2022,legi
2022_legi_t1,72181_0092,72,Sarthe,,,72181,Le Mans,1.0,1ère circonscription,0092,955,527,428,34.0,0,394,55.18,44.82,3.56,7.94,0.0,0.0,41.26,92.06,44.8168,55.1832,2022,legi
2022_legi_t1,72181_0093,72,Sarthe,,,72181,Le Mans,1.0,1ère circonscription,0093,925,499,426,26.0,0,400,53.95,46.05,2.81,6.1,0.0,0.0,43.24,93.9,46.0541,53.9459,2022,legi
2022_legi_t1,72181_0094,72,Sarthe,,,72181,Le Mans,1.0,1ère circonscription,0094,979,578,401,14.0,0,387,59.04,40.96,1.43,3.49,0.0,0.0,39.53,96.51,40.9602,59.0398,2022,legi
2022_legi_t1,72181_0095,72,Sarthe,,,72181,Le Mans,1.0,1ère circonscription,0095,973,534,439,14.0,0,425,54.88,45.12,1.44,3.19,0.0,0.0,43.68,96.81,45.1182,54.8818,2022,legi
2022_legi_t1,72181_0096,72,Sarthe,,,72181,Le Mans,1.0,1ère circonscription,0096,955,601,354,15.0,0,339,62.93,37.07,1.57,4.24,0.0,0.0,35.5,95.76,37.0681,62.9319,2022,legi
2022_legi_t1,72181_0097,72,Sarthe,,,72181,Le Mans,1.0,1ère circonscription,0097,1045,544,501,19.0,0,482,52.06,47.94,1.82,3.79,0.0,0.0,46.12,96.21,47.9426,52.0574,2022,legi
2022_legi_t1,72181_0035,72,Sarthe,,,72181,Le Mans,2.0,2ème circonscription,0035,936,543,393,10.0,0,383,58.01,41.99,1.07,2.54,0.0,0.0,40.92,97.46,41.9872,58.0128,2022,legi
2022_legi_t1,72181_0036,72,Sarthe,,,72181,Le Mans,2.0,2ème circonscription,0036,986,540,446,14.0,0,432,54.77,45.23,1.42,3.14,0.0,0.0,43.81,96.86,45.2333,54.7667,2022,legi
2022_legi_t1,72181_0037,72,Sarthe,,,72181,Le Mans,2.0,2ème circonscription,0037,924,521,403,8.0,0,395,56.39,43.61,0.87,1.99,0.0,0.0,42.75,98.01,43.6147,56.3853,2022,legi
2022_legi_t1,72181_0038,72,Sarthe,,,72181,Le Mans,2.0,2ème circonscription,0038,857,624,233,15.0,0,218,72.81,27.19,1.75,6.44,0.0,0.0,25.44,93.56,27.1879,72.8121,2022,legi
2022_legi_t1,72181_0039,72,Sarthe,,,72181,Le Mans,2.0,2ème circonscription,0039,889,675,214,6.0,0,208,75.93,24.07,0.67,2.8,0.0,0.0,23.4,97.2,24.072,75.928,2022,legi
2022_legi_t1,72181_0040,72,Sarthe,,,72181,Le Mans,2.0,2ème circonscription,0040,868,563,305,12.0,0,293,64.86,35.14,1.38,3.93,0.0,0.0,33.76,96.07,35.1382,64.8618,2022,legi
2022_legi_t1,72181_0041,72,Sarthe,,,72181,Le Mans,2.0,2ème circonscription,0041,910,666,244,10.0,0,234,73.19,26.81,1.1,4.1,0.0,0.0,25.71,95.9,26.8132,73.1868,2022,legi
2022_legi_t1,72181_0042,72,Sarthe,,,72181,Le Mans,2.0,2ème circonscription,0042,788,607,181,17.0,0,164,77.03,22.97,2.16,9.39,0.0,0.0,20.81,90.61,22.9695,77.0305,2022,legi
2022_legi_t1,72181_0043,72,Sarthe,,,72181,Le Mans,2.0,2ème circonscription,0043,944,606,338,10.0,0,328,64.19,35.81,1.06,2.96,0.0,0.0,34.75,97.04,35.8051,64.1949,2022,legi
2022_legi_t1,72181_0044,72,Sarthe,,,72181,Le Mans,2.0,2ème circonscription,0044,948,552,396,15.0,0,381,58.23,41.77,1.58,3.79,0.0,0.0,40.19,96.21,41.7722,58.2278,2022,legi
2022_legi_t1,72181_0045,72,Sarthe,,,72181,Le Mans,2.0,2ème circonscription,0045,946,505,441,19.0,0,422,53.38,46.62,2.01,4.31,0.0,0.0,44.61,95.69,46.6173,53.3827,2022,legi
2022_legi_t1,72181_0046,72,Sarthe,,,72181,Le Mans,2.0,2ème circonscription,0046,993,570,423,20.0,0,403,57.4,42.6,2.01,4.73,0.0,0.0,40.58,95.27,42.5982,57.4018,2022,legi
2022_legi_t1,72181_0047,72,Sarthe,,,72181,Le Mans,2.0,2ème circonscription,0047,946,516,430,13.0,0,417,54.55,45.45,1.37,3.02,0.0,0.0,44.08,96.98,45.4545,54.5455,2022,legi
2022_legi_t1,72181_0048,72,Sarthe,,,72181,Le Mans,2.0,2ème circonscription,0048,916,565,351,16.0,0,335,61.68,38.32,1.75,4.56,0.0,0.0,36.57,95.44,38.3188,61.6812,2022,legi
2022_legi_t1,72181_0049,72,Sarthe,,,72181,Le Mans,2.0,2ème circonscription,0049,950,658,292,12.0,0,280,69.26,30.74,1.26,4.11,0.0,0.0,29.47,95.89,30.7368,69.2632,2022,legi
2022_legi_t1,72181_0050,72,Sarthe,,,72181,Le Mans,2.0,2ème circonscription,0050,935,598,337,19.0,0,318,63.96,36.04,2.03,5.64,0.0,0.0,34.01,94.36,36.0428,63.9572,2022,legi
2022_legi_t1,72181_0051,72,Sarthe,,,72181,Le Mans,2.0,2ème circonscription,0051,845,616,229,10.0,0,219,72.9,27.1,1.18,4.37,0.0,0.0,25.92,95.63,27.1006,72.8994,2022,legi
2022_legi_t1,72181_0052,72,Sarthe,,,72181,Le Mans,2.0,2ème circonscription,0052,718,442,276,13.0,0,263,61.56,38.44,1.81,4.71,0.0,0.0,36.63,95.29,38.4401,61.5599,2022,legi
2022_legi_t1,72181_0053,72,Sarthe,,,72181,Le Mans,2.0,2ème circonscription,0053,932,618,314,15.0,0,299,66.31,33.69,1.61,4.78,0.0,0.0,32.08,95.22,33.691,66.309,2022,legi
2022_legi_t1,72181_0054,72,Sarthe,,,72181,Le Mans,2.0,2ème circonscription,0054,758,409,349,12.0,0,337,53.96,46.04,1.58,3.44,0.0,0.0,44.46,96.56,46.0422,53.9578,2022,legi
2022_legi_t1,72181_0055,72,Sarthe,,,72181,Le Mans,2.0,2ème circonscription,0055,761,604,157,5.0,0,152,79.37,20.63,0.66,3.18,0.0,0.0,19.97,96.82,20.6307,79.3693,2022,legi
2022_legi_t1,72181_0056,72,Sarthe,,,72181,Le Mans,2.0,2ème circonscription,0056,865,605,260,17.0,0,243,69.94,30.06,1.97,6.54,0.0,0.0,28.09,93.46,30.0578,69.9422,2022,legi
2022_legi_t1,72181_0057,72,Sarthe,,,72181,Le Mans,2.0,2ème circonscription,0057,816,518,298,13.0,0,285,63.48,36.52,1.59,4.36,0.0,0.0,34.93,95.64,36.5196,63.4804,2022,legi
2022_legi_t1,72181_0058,72,Sarthe,,,72181,Le Mans,2.0,2ème circonscription,0058,908,626,282,10.0,0,272,68.94,31.06,1.1,3.55,0.0,0.0,29.96,96.45,31.0573,68.9427,2022,legi
2022_legi_t1,72181_0059,72,Sarthe,,,72181,Le Mans,2.0,2ème circonscription,0059,835,580,255,14.0,0,241,69.46,30.54,1.68,5.49,0.0,0.0,28.86,94.51,30.5389,69.4611,2022,legi
2022_legi_t1,72181_0060,72,Sarthe,,,72181,Le Mans,2.0,2ème circonscription,0060,891,602,289,16.0,0,273,67.56,32.44,1.8,5.54,0.0,0.0,30.64,94.46,32.4355,67.5645,2022,legi
2022_legi_t1,72181_0061,72,Sarthe,,,72181,Le Mans,2.0,2ème circonscription,0061,851,469,382,15.0,0,367,55.11,44.89,1.76,3.93,0.0,0.0,43.13,96.07,44.8884,55.1116,2022,legi
2022_legi_t1,72181_0062,72,Sarthe,,,72181,Le Mans,2.0,2ème circonscription,0062,868,510,358,18.0,0,340,58.76,41.24,2.07,5.03,0.0,0.0,39.17,94.97,41.2442,58.7558,2022,legi
2022_legi_t1,72181_0063,72,Sarthe,,,72181,Le Mans,2.0,2ème circonscription,0063,804,496,308,12.0,0,296,61.69,38.31,1.49,3.9,0.0,0.0,36.82,96.1,38.3085,61.6915,2022,legi
2022_legi_t1,72181_0064,72,Sarthe,,,72181,Le Mans,2.0,2ème circonscription,0064,819,415,404,17.0,0,387,50.67,49.33,2.08,4.21,0.0,0.0,47.25,95.79,49.3284,50.6716,2022,legi
2022_legi_t1,72181_0065,72,Sarthe,,,72181,Le Mans,2.0,2ème circonscription,0065,773,483,290,12.0,0,278,62.48,37.52,1.55,4.14,0.0,0.0,35.96,95.86,37.5162,62.4838,2022,legi
2022_legi_t1,72181_0066,72,Sarthe,,,72181,Le Mans,2.0,2ème circonscription,0066,890,564,326,20.0,0,306,63.37,36.63,2.25,6.13,0.0,0.0,34.38,93.87,36.6292,63.3708,2022,legi
2022_legi_t1,72181_0067,72,Sarthe,,,72181,Le Mans,2.0,2ème circonscription,0067,874,552,322,19.0,0,303,63.16,36.84,2.17,5.9,0.0,0.0,34.67,94.1,36.8421,63.1579,2022,legi
2022_legi_t1,72181_0068,72,Sarthe,,,72181,Le Mans,2.0,2ème circonscription,0068,882,609,273,16.0,0,257,69.05,30.95,1.81,5.86,0.0,0.0,29.14,94.14,30.9524,69.0476,2022,legi
2022_legi_t1,72181_0069,72,Sarthe,,,72181,Le Mans,2.0,2ème circonscription,0069,768,382,386,14.0,0,372,49.74,50.26,1.82,3.63,0.0,0.0,48.44,96.37,50.2604,49.7396,2022,legi
2022_legi_t1,72181_0070,72,Sarthe,,,72181,Le Mans,2.0,2ème circonscription,0070,799,450,349,10.0,0,339,56.32,43.68,1.25,2.87,0.0,0.0,42.43,97.13,43.6796,56.3204,2022,legi
2022_legi_t1,72181_0071,72,Sarthe,,,72181,Le Mans,2.0,2ème circonscription,0071,841,460,381,11.0,0,370,54.7,45.3,1.31,2.89,0.0,0.0,44.0,97.11,45.3032,54.6968,2022,legi
2022_legi_t1,72181_0072,72,Sarthe,,,72181,Le Mans,4.0,4ème circonscription,0072,1043,493,550,12.0,0,538,47.27,52.73,1.15,2.18,0.0,0.0,51.58,97.82,52.7325,47.2675,2022,legi
2022_legi_t1,72181_0073,72,Sarthe,,,72181,Le Mans,4.0,4ème circonscription,0073,1124,591,533,18.0,0,515,52.58,47.42,1.6,3.38,0.0,0.0,45.82,96.62,47.4199,52.5801,2022,legi
2022_legi_t1,72181_0074,72,Sarthe,,,72181,Le Mans,4.0,4ème circonscription,0074,1026,529,497,11.0,0,486,51.56,48.44,1.07,2.21,0.0,0.0,47.37,97.79,48.4405,51.5595,2022,legi
2022_legi_t1,72181_0075,72,Sarthe,,,72181,Le Mans,4.0,4ème circonscription,0075,914,477,437,18.0,0,419,52.19,47.81,1.97,4.12,0.0,0.0,45.84,95.88,47.8118,52.1882,2022,legi
2022_legi_t1,72181_0076,72,Sarthe,,,72181,Le Mans,4.0,4ème circonscription,0076,745,417,328,9.0,0,319,55.97,44.03,1.21,2.74,0.0,0.0,42.82,97.26,44.0268,55.9732,2022,legi
2022_legi_t1,72181_0077,72,Sarthe,,,72181,Le Mans,4.0,4ème circonscription,0077,950,507,443,16.0,0,427,53.37,46.63,1.68,3.61,0.0,0.0,44.95,96.39,46.6316,53.3684,2022,legi
2022_legi_t1,72181_0078,72,Sarthe,,,72181,Le Mans,4.0,4ème circonscription,0078,879,469,410,19.0,0,391,53.36,46.64,2.16,4.63,0.0,0.0,44.48,95.37,46.6439,53.3561,2022,legi
2022_legi_t1,72181_0079,72,Sarthe,,,72181,Le Mans,4.0,4ème circonscription,0079,937,540,397,20.0,0,377,57.63,42.37,2.13,5.04,0.0,0.0,40.23,94.96,42.3693,57.6307,2022,legi
2022_legi_t1,72181_0080,72,Sarthe,,,72181,Le Mans,4.0,4ème circonscription,0080,920,492,428,16.0,0,412,53.48,46.52,1.74,3.74,0.0,0.0,44.78,96.26,46.5217,53.4783,2022,legi
2022_legi_t1,72181_0081,72,Sarthe,,,72181,Le Mans,4.0,4ème circonscription,0081,777,401,376,13.0,0,363,51.61,48.39,1.67,3.46,0.0,0.0,46.72,96.54,48.3912,51.6088,2022,legi
2022_legi_t1,72181_0082,72,Sarthe,,,72181,Le Mans,4.0,4ème circonscription,0082,888,472,416,12.0,0,404,53.15,46.85,1.35,2.88,0.0,0.0,45.5,97.12,46.8468,53.1532,2022,legi
2022_legi_t1,72181_0083,72,Sarthe,,,72181,Le Mans,4.0,4ème circonscription,0083,981,517,464,20.0,0,444,52.7,47.3,2.04,4.31,0.0,0.0,45.26,95.69,47.2987,52.7013,2022,legi
2022_legi_t1,72181_0018,72,Sarthe,,,72181,Le Mans,5.0,5ème circonscription,0018,819,418,401,10.0,0,391,51.04,48.96,1.22,2.49,0.0,0.0,47.74,97.51,48.9621,51.0379,2022,legi
2022_legi_t1,72181_0019,72,Sarthe,,,72181,Le Mans,5.0,5ème circonscription,0019,929,451,478,23.0,0,455,48.55,51.45,2.48,4.81,0.0,0.0,48.98,95.19,51.4532,48.5468,2022,legi
2022_legi_t1,72181_0020,72,Sarthe,,,72181,Le Mans,5.0,5ème circonscription,0020,1074,564,510,27.0,0,483,52.51,47.49,2.51,5.29,0.0,0.0,44.97,94.71,47.486,52.514,2022,legi
2022_legi_t1,72181_0021,72,Sarthe,,,72181,Le Mans,5.0,5ème circonscription,0021,984,440,544,24.0,0,520,44.72,55.28,2.44,4.41,0.0,0.0,52.85,95.59,55.2846,44.7154,2022,legi
2022_legi_t1,72181_0022,72,Sarthe,,,72181,Le Mans,5.0,5ème circonscription,0022,1027,517,510,30.0,0,480,50.34,49.66,2.92,5.88,0.0,0.0,46.74,94.12,49.6592,50.3408,2022,legi
2022_legi_t1,72181_0023,72,Sarthe,,,72181,Le Mans,5.0,5ème circonscription,0023,1093,490,603,24.0,0,579,44.83,55.17,2.2,3.98,0.0,0.0,52.97,96.02,55.1693,44.8307,2022,legi
2022_legi_t1,72181_0024,72,Sarthe,,,72181,Le Mans,5.0,5ème circonscription,0024,953,480,473,18.0,0,455,50.37,49.63,1.89,3.81,0.0,0.0,47.74,96.19,49.6327,50.3673,2022,legi
2022_legi_t1,72181_0025,72,Sarthe,,,72181,Le Mans,5.0,5ème circonscription,0025,986,486,500,16.0,0,484,49.29,50.71,1.62,3.2,0.0,0.0,49.09,96.8,50.7099,49.2901,2022,legi
2022_legi_t1,72181_0026,72,Sarthe,,,72181,Le Mans,5.0,5ème circonscription,0026,981,460,521,27.0,0,494,46.89,53.11,2.75,5.18,0.0,0.0,50.36,94.82,53.1091,46.8909,2022,legi
2022_legi_t1,72181_0027,72,Sarthe,,,72181,Le Mans,5.0,5ème circonscription,0027,1071,550,521,41.0,0,480,51.35,48.65,3.83,7.87,0.0,0.0,44.82,92.13,48.6461,51.3539,2022,legi
2022_legi_t1,72181_0028,72,Sarthe,,,72181,Le Mans,5.0,5ème circonscription,0028,1070,581,489,16.0,0,473,54.3,45.7,1.5,3.27,0.0,0.0,44.21,96.73,45.7009,54.2991,2022,legi
2022_legi_t1,72181_0029,72,Sarthe,,,72181,Le Mans,5.0,5ème circonscription,0029,1034,630,404,12.0,0,392,60.93,39.07,1.16,2.97,0.0,0.0,37.91,97.03,39.0716,60.9284,2022,legi
2022_legi_t1,72181_0030,72,Sarthe,,,72181,Le Mans,5.0,5ème circonscription,0030,1031,569,462,18.0,0,444,55.19,44.81,1.75,3.9,0.0,0.0,43.06,96.1,44.8109,55.1891,2022,legi
2022_legi_t1,72181_0031,72,Sarthe,,,72181,Le Mans,5.0,5ème circonscription,0031,988,564,424,18.0,0,406,57.09,42.91,1.82,4.25,0.0,0.0,41.09,95.75,42.915,57.085,2022,legi
2022_legi_t1,72181_0032,72,Sarthe,,,72181,Le Mans,5.0,5ème circonscription,0032,993,517,476,23.0,0,453,52.06,47.94,2.32,4.83,0.0,0.0,45.62,95.17,47.9355,52.0645,2022,legi
2022_legi_t1,72181_0033,72,Sarthe,,,72181,Le Mans,5.0,5ème circonscription,0033,892,524,368,20.0,0,348,58.74,41.26,2.24,5.43,0.0,0.0,39.01,94.57,41.2556,58.7444,2022,legi
2022_legi_t1,72181_0034,72,Sarthe,,,72181,Le Mans,5.0,5ème circonscription,0034,906,562,344,20.0,0,324,62.03,37.97,2.21,5.81,0.0,0.0,35.76,94.19,37.9691,62.0309,2022,legi
2022_legi_t1,72181_0098,72,Sarthe,,,72181,Le Mans,5.0,5ème circonscription,0098,97,53,44,4.0,0,40,54.64,45.36,4.12,9.09,0.0,0.0,41.24,90.91,45.3608,54.6392,2022,legi
2022_legi_t1,85001_0003,85,Vendée,,,85001,L'Aiguillon-La-Presqu'Île,2.0,2ème circonscription,0003,930,394,536,11.0,4,521,42.37,57.63,1.18,2.05,0.43,0.75,56.02,97.2,57.6344,42.3656,2022,legi
2022_legi_t1,85001_0001,85,Vendée,,,85001,L'Aiguillon-La-Presqu'Île,5.0,5ème circonscription,0001,1014,437,577,10.0,8,559,43.1,56.9,0.99,1.73,0.79,1.39,55.13,96.88,56.9034,43.0966,2022,legi
2022_legi_t1,85001_0002,85,Vendée,,,85001,L'Aiguillon-La-Presqu'Île,5.0,5ème circonscription,0002,945,424,521,3.0,0,518,44.87,55.13,0.32,0.58,0.0,0.0,54.81,99.42,55.1323,44.8677,2022,legi
2022_legi_t1,85003_0004,85,Vendée,,,85003,Aizenay,1.0,1ère circonscription,0004,985,507,478,11.0,6,461,51.47,48.53,1.12,2.3,0.61,1.26,46.8,96.44,48.5279,51.4721,2022,legi
2022_legi_t1,85003_0005,85,Vendée,,,85003,Aizenay,1.0,1ère circonscription,0005,953,504,449,7.0,5,437,52.89,47.11,0.73,1.56,0.52,1.11,45.86,97.33,47.1144,52.8856,2022,legi
2022_legi_t1,85003_0006,85,Vendée,,,85003,Aizenay,1.0,1ère circonscription,0006,904,490,414,12.0,5,397,54.2,45.8,1.33,2.9,0.55,1.21,43.92,95.89,45.7965,54.2035,2022,legi
2022_legi_t1,85003_0007,85,Vendée,,,85003,Aizenay,1.0,1ère circonscription,0007,923,486,437,14.0,1,422,52.65,47.35,1.52,3.2,0.11,0.23,45.72,96.57,47.3456,52.6544,2022,legi
2022_legi_t1,85003_0008,85,Vendée,,,85003,Aizenay,1.0,1ère circonscription,0008,938,516,422,7.0,7,408,55.01,44.99,0.75,1.66,0.75,1.66,43.5,96.68,44.9893,55.0107,2022,legi
2022_legi_t1,85047_0009,85,Vendée,,,85047,Challans,1.0,1ère circonscription,0009,1000,458,542,9.0,5,528,45.8,54.2,0.9,1.66,0.5,0.92,52.8,97.42,54.2,45.8,2022,legi
2022_legi_t1,85047_0010,85,Vendée,,,85047,Challans,1.0,1ère circonscription,0010,981,486,495,6.0,6,483,49.54,50.46,0.61,1.21,0.61,1.21,49.24,97.58,50.4587,49.5413,2022,legi
2022_legi_t1,85047_0011,85,Vendée,,,85047,Challans,1.0,1ère circonscription,0011,1032,505,527,13.0,2,512,48.93,51.07,1.26,2.47,0.19,0.38,49.61,97.15,51.0659,48.9341,2022,legi
2022_legi_t1,85047_0012,85,Vendée,,,85047,Challans,1.0,1ère circonscription,0012,1125,624,501,9.0,7,485,55.47,44.53,0.8,1.8,0.62,1.4,43.11,96.81,44.5333,55.4667,2022,legi
2022_legi_t1,85047_0013,85,Vendée,,,85047,Challans,1.0,1ère circonscription,0013,1027,506,521,3.0,7,511,49.27,50.73,0.29,0.58,0.68,1.34,49.76,98.08,50.7303,49.2697,2022,legi
2022_legi_t1,85047_0014,85,Vendée,,,85047,Challans,1.0,1ère circonscription,0014,965,520,445,5.0,4,436,53.89,46.11,0.52,1.12,0.41,0.9,45.18,97.98,46.114,53.886,2022,legi
2022_legi_t1,85047_0015,85,Vendée,,,85047,Challans,1.0,1ère circonscription,0015,891,520,371,3.0,4,364,58.36,41.64,0.34,0.81,0.45,1.08,40.85,98.11,41.6386,58.3614,2022,legi
2022_legi_t1,85047_0016,85,Vendée,,,85047,Challans,1.0,1ère circonscription,0016,1032,491,541,6.0,10,525,47.58,52.42,0.58,1.11,0.97,1.85,50.87,97.04,52.4225,47.5775,2022,legi
2022_legi_t1,85047_0017,85,Vendée,,,85047,Challans,1.0,1ère circonscription,0017,906,412,494,8.0,5,481,45.47,54.53,0.88,1.62,0.55,1.01,53.09,97.37,54.5254,45.4746,2022,legi
2022_legi_t1,85047_0018,85,Vendée,,,85047,Challans,1.0,1ère circonscription,0018,1099,570,529,12.0,8,509,51.87,48.13,1.09,2.27,0.73,1.51,46.31,96.22,48.1347,51.8653,2022,legi
2022_legi_t1,85191_0019,85,Vendée,,,85191,La Roche-Sur-Yon,1.0,1ère circonscription,0019,1097,518,579,3.0,5,571,47.22,52.78,0.27,0.52,0.46,0.86,52.05,98.62,52.7803,47.2197,2022,legi
2022_legi_t1,85191_0020,85,Vendée,,,85191,La Roche-Sur-Yon,1.0,1ère circonscription,0020,1122,532,590,6.0,0,584,47.42,52.58,0.53,1.02,0.0,0.0,52.05,98.98,52.5847,47.4153,2022,legi
2022_legi_t1,85191_0021,85,Vendée,,,85191,La Roche-Sur-Yon,1.0,1ère circonscription,0021,966,532,434,3.0,5,426,55.07,44.93,0.31,0.69,0.52,1.15,44.1,98.16,44.9275,55.0725,2022,legi
2022_legi_t1,85191_0022,85,Vendée,,,85191,La Roche-Sur-Yon,1.0,1ère circonscription,0022,747,374,373,2.0,3,368,50.07,49.93,0.27,0.54,0.4,0.8,49.26,98.66,49.9331,50.0669,2022,legi
2022_legi_t1,85191_0023,85,Vendée,,,85191,La Roche-Sur-Yon,1.0,1ère circonscription,0023,910,439,471,6.0,5,460,48.24,51.76,0.66,1.27,0.55,1.06,50.55,97.66,51.7582,48.2418,2022,legi
2022_legi_t1,85191_0024,85,Vendée,,,85191,La Roche-Sur-Yon,1.0,1ère circonscription,0024,705,354,351,8.0,1,342,50.21,49.79,1.13,2.28,0.14,0.28,48.51,97.44,49.7872,50.2128,2022,legi
2022_legi_t1,85191_0025,85,Vendée,,,85191,La Roche-Sur-Yon,1.0,1ère circonscription,0025,948,590,358,7.0,3,348,62.24,37.76,0.74,1.96,0.32,0.84,36.71,97.21,37.7637,62.2363,2022,legi
2022_legi_t1,85191_0026,85,Vendée,,,85191,La Roche-Sur-Yon,1.0,1ère circonscription,0026,968,541,427,6.0,0,421,55.89,44.11,0.62,1.41,0.0,0.0,43.49,98.59,44.1116,55.8884,2022,legi
2022_legi_t1,85191_0027,85,Vendée,,,85191,La Roche-Sur-Yon,1.0,1ère circonscription,0027,903,496,407,8.0,3,396,54.93,45.07,0.89,1.97,0.33,0.74,43.85,97.3,45.072,54.928,2022,legi
2022_legi_t1,85191_0028,85,Vendée,,,85191,La Roche-Sur-Yon,1.0,1ère circonscription,0028,1292,631,661,8.0,8,645,48.84,51.16,0.62,1.21,0.62,1.21,49.92,97.58,51.161,48.839,2022,legi
2022_legi_t1,85191_0029,85,Vendée,,,85191,La Roche-Sur-Yon,1.0,1ère circonscription,0029,1133,496,637,9.0,2,626,43.78,56.22,0.79,1.41,0.18,0.31,55.25,98.27,56.2224,43.7776,2022,legi
2022_legi_t1,85191_0030,85,Vendée,,,85191,La Roche-Sur-Yon,1.0,1ère circonscription,0030,1294,603,691,5.0,12,674,46.6,53.4,0.39,0.72,0.93,1.74,52.09,97.54,53.4003,46.5997,2022,legi
2022_legi_t1,85191_0031,85,Vendée,,,85191,La Roche-Sur-Yon,1.0,1ère circonscription,0031,1002,435,567,11.0,3,553,43.41,56.59,1.1,1.94,0.3,0.53,55.19,97.53,56.5868,43.4132,2022,legi
2022_legi_t1,85191_0032,85,Vendée,,,85191,La Roche-Sur-Yon,1.0,1ère circonscription,0032,657,396,261,0.0,3,258,60.27,39.73,0.0,0.0,0.46,1.15,39.27,98.85,39.726,60.274,2022,legi
2022_legi_t1,85191_0033,85,Vendée,,,85191,La Roche-Sur-Yon,1.0,1ère circonscription,0033,853,586,267,1.0,2,264,68.7,31.3,0.12,0.37,0.23,0.75,30.95,98.88,31.3013,68.6987,2022,legi
2022_legi_t1,85191_0034,85,Vendée,,,85191,La Roche-Sur-Yon,1.0,1ère circonscription,0034,1029,548,481,5.0,4,472,53.26,46.74,0.49,1.04,0.39,0.83,45.87,98.13,46.7444,53.2556,2022,legi
2022_legi_t1,85191_0037,85,Vendée,,,85191,La Roche-Sur-Yon,1.0,1ère circonscription,0037,955,535,420,7.0,4,409,56.02,43.98,0.73,1.67,0.42,0.95,42.83,97.38,43.9791,56.0209,2022,legi
2022_legi_t1,85191_0038,85,Vendée,,,85191,La Roche-Sur-Yon,1.0,1ère circonscription,0038,783,367,416,2.0,5,409,46.87,53.13,0.26,0.48,0.64,1.2,52.23,98.32,53.129,46.871,2022,legi
2022_legi_t1,85191_0040,85,Vendée,,,85191,La Roche-Sur-Yon,1.0,1ère circonscription,0040,136,97,39,1.0,1,37,71.32,28.68,0.74,2.56,0.74,2.56,27.21,94.87,28.6765,71.3235,2022,legi
2022_legi_t1,85191_0035,85,Vendée,,,85191,La Roche-Sur-Yon,2.0,2ème circonscription,0035,779,385,394,8.0,1,385,49.42,50.58,1.03,2.03,0.13,0.25,49.42,97.72,50.5777,49.4223,2022,legi
2022_legi_t1,85191_0036,85,Vendée,,,85191,La Roche-Sur-Yon,2.0,2ème circonscription,0036,1028,482,546,8.0,8,530,46.89,53.11,0.78,1.47,0.78,1.47,51.56,97.07,53.1128,46.8872,2022,legi
2022_legi_t1,85191_0039,85,Vendée,,,85191,La Roche-Sur-Yon,2.0,2ème circonscription,0039,1139,641,498,6.0,1,491,56.28,43.72,0.53,1.2,0.09,0.2,43.11,98.59,43.7226,56.2774,2022,legi
2017_legi_t1,44001_0001,44,Loire-Atlantique,,,44001,Abbaretz,6.0,6ème circonscription,0001,1453,693,760,17.0,7,736,47.69,52.31,1.17,2.24,0.48,0.92,50.65,96.84,52.3056,47.6944,2017,legi
2017_legi_t1,44002_0002,44,Loire-Atlantique,,,44002,Aigrefeuille-Sur-Maine,10.0,10ème circonscription,0002,1350,658,692,9.0,2,681,48.74,51.26,0.67,1.3,0.15,0.29,50.44,98.41,51.2593,48.7407,2017,legi
2017_legi_t1,44003_0003,44,Loire-Atlantique,,,44003,Ancenis,6.0,6ème circonscription,0003,873,420,453,4.0,5,444,48.11,51.89,0.46,0.88,0.57,1.1,50.86,98.01,51.89,48.11,2017,legi
2017_legi_t1,44003_0004,44,Loire-Atlantique,,,44003,Ancenis,6.0,6ème circonscription,0004,927,429,498,15.0,6,477,46.28,53.72,1.62,3.01,0.65,1.2,51.46,95.78,53.7217,46.2783,2017,legi
2017_legi_t1,44003_0005,44,Loire-Atlantique,,,44003,Ancenis,6.0,6ème circonscription,0005,963,430,533,15.0,4,514,44.65,55.35,1.56,2.81,0.42,0.75,53.37,96.44,55.3479,44.6521,2017,legi
2017_legi_t1,44003_0006,44,Loire-Atlantique,,,44003,Ancenis,6.0,6ème circonscription,0006,888,391,497,8.0,4,485,44.03,55.97,0.9,1.61,0.45,0.8,54.62,97.59,55.9685,44.0315,2017,legi
2017_legi_t1,44009_0007,44,Loire-Atlantique,,,44009,Basse-Goulaine,10.0,10ème circonscription,0007,1127,471,656,8.0,0,648,41.79,58.21,0.71,1.22,0.0,0.0,57.5,98.78,58.2076,41.7924,2017,legi
2017_legi_t1,44015_0008,44,Loire-Atlantique,,,44015,Blain,6.0,6ème circonscription,0008,738,311,427,12.0,0,415,42.14,57.86,1.63,2.81,0.0,0.0,56.23,97.19,57.8591,42.1409,2017,legi
2017_legi_t1,44015_0009,44,Loire-Atlantique,,,44015,Blain,6.0,6ème circonscription,0009,949,491,458,16.0,0,442,51.74,48.26,1.69,3.49,0.0,0.0,46.58,96.51,48.2613,51.7387,2017,legi
2017_legi_t1,44020_0010,44,Loire-Atlantique,,,44020,Bouguenais,4.0,4ème circonscription,0010,827,419,408,5.0,2,401,50.67,49.33,0.6,1.23,0.24,0.49,48.49,98.28,49.3349,50.6651,2017,legi
2017_legi_t1,44020_0011,44,Loire-Atlantique,,,44020,Bouguenais,4.0,4ème circonscription,0011,842,378,464,5.0,2,457,44.89,55.11,0.59,1.08,0.24,0.43,54.28,98.49,55.1069,44.8931,2017,legi
2017_legi_t1,44020_0012,44,Loire-Atlantique,,,44020,Bouguenais,4.0,4ème circonscription,0012,914,427,487,3.0,1,483,46.72,53.28,0.33,0.62,0.11,0.21,52.84,99.18,53.2823,46.7177,2017,legi
2017_legi_t1,44020_0013,44,Loire-Atlantique,,,44020,Bouguenais,4.0,4ème circonscription,0013,842,392,450,6.0,2,442,46.56,53.44,0.71,1.33,0.24,0.44,52.49,98.22,53.4442,46.5558,2017,legi
2017_legi_t1,44020_0014,44,Loire-Atlantique,,,44020,Bouguenais,4.0,4ème circonscription,0014,895,444,451,3.0,2,446,49.61,50.39,0.34,0.67,0.22,0.44,49.83,98.89,50.3911,49.6089,2017,legi
2017_legi_t1,44020_0015,44,Loire-Atlantique,,,44020,Bouguenais,4.0,4ème circonscription,0015,1095,520,575,5.0,3,567,47.49,52.51,0.46,0.87,0.27,0.52,51.78,98.61,52.5114,47.4886,2017,legi
2017_legi_t1,44026_0016,44,Loire-Atlantique,,,44026,Carquefou,5.0,5ème circonscription,0016,790,353,437,5.0,3,429,44.68,55.32,0.63,1.14,0.38,0.69,54.3,98.17,55.3165,44.6835,2017,legi
2017_legi_t1,44026_0017,44,Loire-Atlantique,,,44026,Carquefou,5.0,5ème circonscription,0017,706,267,439,5.0,3,431,37.82,62.18,0.71,1.14,0.42,0.68,61.05,98.18,62.1813,37.8187,2017,legi
2017_legi_t1,44026_0018,44,Loire-Atlantique,,,44026,Carquefou,5.0,5ème circonscription,0018,669,272,397,4.0,0,393,40.66,59.34,0.6,1.01,0.0,0.0,58.74,98.99,59.3423,40.6577,2017,legi
2017_legi_t1,44026_0019,44,Loire-Atlantique,,,44026,Carquefou,5.0,5ème circonscription,0019,711,315,396,3.0,4,389,44.3,55.7,0.42,0.76,0.56,1.01,54.71,98.23,55.6962,44.3038,2017,legi
2017_legi_t1,44026_0020,44,Loire-Atlantique,,,44026,Carquefou,5.0,5ème circonscription,0020,714,297,417,4.0,1,412,41.6,58.4,0.56,0.96,0.14,0.24,57.7,98.8,58.4034,41.5966,2017,legi
2017_legi_t1,44109_0141,44,Loire-Atlantique,,,44109,Nantes,1.0,1ère circonscription,0141,980,447,533,4.0,1,528,45.61,54.39,0.41,0.75,0.1,0.19,53.88,99.06,54.3878,45.6122,2017,legi
2017_legi_t1,44109_0142,44,Loire-Atlantique,,,44109,Nantes,1.0,1ère circonscription,0142,952,405,547,8.0,1,538,42.54,57.46,0.84,1.46,0.11,0.18,56.51,98.35,57.458,42.542,2017,legi
2017_legi_t1,44109_0143,44,Loire-Atlantique,,,44109,Nantes,1.0,1ère circonscription,0143,968,345,623,6.0,2,615,35.64,64.36,0.62,0.96,0.21,0.32,63.53,98.72,64.3595,35.6405,2017,legi
2017_legi_t1,44109_0144,44,Loire-Atlantique,,,44109,Nantes,1.0,1ère circonscription,0144,1012,441,571,2.0,2,567,43.58,56.42,0.2,0.35,0.2,0.35,56.03,99.3,56.4229,43.5771,2017,legi
2017_legi_t1,44109_0151,44,Loire-Atlantique,,,44109,Nantes,1.0,1ère circonscription,0151,937,328,609,5.0,3,601,35.01,64.99,0.53,0.82,0.32,0.49,64.14,98.69,64.9947,35.0053,2017,legi
2017_legi_t1,44109_0152,44,Loire-Atlantique,,,44109,Nantes,1.0,1ère circonscription,0152,999,346,653,9.0,3,641,34.63,65.37,0.9,1.38,0.3,0.46,64.16,98.16,65.3654,34.6346,2017,legi
2017_legi_t1,44109_0153,44,Loire-Atlantique,,,44109,Nantes,1.0,1ère circonscription,0153,998,381,617,7.0,0,610,38.18,61.82,0.7,1.13,0.0,0.0,61.12,98.87,61.8236,38.1764,2017,legi
2017_legi_t1,44109_0154,44,Loire-Atlantique,,,44109,Nantes,1.0,1ère circonscription,0154,873,362,511,6.0,0,505,41.47,58.53,0.69,1.17,0.0,0.0,57.85,98.83,58.5338,41.4662,2017,legi
2017_legi_t1,44109_0161,44,Loire-Atlantique,,,44109,Nantes,1.0,1ère circonscription,0161,931,359,572,4.0,3,565,38.56,61.44,0.43,0.7,0.32,0.52,60.69,98.78,61.4393,38.5607,2017,legi
2017_legi_t1,44109_0162,44,Loire-Atlantique,,,44109,Nantes,1.0,1ère circonscription,0162,930,356,574,10.0,1,563,38.28,61.72,1.08,1.74,0.11,0.17,60.54,98.08,61.7204,38.2796,2017,legi
2017_legi_t1,44109_0163,44,Loire-Atlantique,,,44109,Nantes,1.0,1ère circonscription,0163,880,386,494,5.0,3,486,43.86,56.14,0.57,1.01,0.34,0.61,55.23,98.38,56.1364,43.8636,2017,legi
2017_legi_t1,44109_0171,44,Loire-Atlantique,,,44109,Nantes,1.0,1ère circonscription,0171,929,355,574,4.0,1,569,38.21,61.79,0.43,0.7,0.11,0.17,61.25,99.13,61.7869,38.2131,2017,legi
2017_legi_t1,44109_0172,44,Loire-Atlantique,,,44109,Nantes,1.0,1ère circonscription,0172,943,406,537,2.0,6,529,43.05,56.95,0.21,0.37,0.64,1.12,56.1,98.51,56.9459,43.0541,2017,legi
2017_legi_t1,44109_0173,44,Loire-Atlantique,,,44109,Nantes,1.0,1ère circonscription,0173,991,361,630,10.0,1,619,36.43,63.57,1.01,1.59,0.1,0.16,62.46,98.25,63.5721,36.4279,2017,legi
2017_legi_t1,44109_0174,44,Loire-Atlantique,,,44109,Nantes,1.0,1ère circonscription,0174,963,342,621,9.0,1,611,35.51,64.49,0.93,1.45,0.1,0.16,63.45,98.39,64.486,35.514,2017,legi
2017_legi_t1,44109_0175,44,Loire-Atlantique,,,44109,Nantes,1.0,1ère circonscription,0175,945,440,505,2.0,0,503,46.56,53.44,0.21,0.4,0.0,0.0,53.23,99.6,53.4392,46.5608,2017,legi
2017_legi_t1,44109_0181,44,Loire-Atlantique,,,44109,Nantes,1.0,1ère circonscription,0181,921,510,411,2.0,2,407,55.37,44.63,0.22,0.49,0.22,0.49,44.19,99.03,44.6254,55.3746,2017,legi
2017_legi_t1,44109_0411,44,Loire-Atlantique,,,44109,Nantes,1.0,1ère circonscription,0411,575,247,328,0.0,1,327,42.96,57.04,0.0,0.0,0.17,0.3,56.87,99.7,57.0435,42.9565,2017,legi
2017_legi_t1,44109_0416,44,Loire-Atlantique,,,44109,Nantes,1.0,1ère circonscription,0416,872,382,490,8.0,2,480,43.81,56.19,0.92,1.63,0.23,0.41,55.05,97.96,56.1927,43.8073,2017,legi
2017_legi_t1,44109_0521,44,Loire-Atlantique,,,44109,Nantes,1.0,1ère circonscription,0521,792,534,258,2.0,3,253,67.42,32.58,0.25,0.78,0.38,1.16,31.94,98.06,32.5758,67.4242,2017,legi
2017_legi_t1,44109_0522,44,Loire-Atlantique,,,44109,Nantes,1.0,1ère circonscription,0522,816,456,360,6.0,1,353,55.88,44.12,0.74,1.67,0.12,0.28,43.26,98.06,44.1176,55.8824,2017,legi
2017_legi_t1,44109_0523,44,Loire-Atlantique,,,44109,Nantes,1.0,1ère circonscription,0523,820,494,326,9.0,1,316,60.24,39.76,1.1,2.76,0.12,0.31,38.54,96.93,39.7561,60.2439,2017,legi
2017_legi_t1,44109_0524,44,Loire-Atlantique,,,44109,Nantes,1.0,1ère circonscription,0524,905,403,502,6.0,0,496,44.53,55.47,0.66,1.2,0.0,0.0,54.81,98.8,55.4696,44.5304,2017,legi
2017_legi_t1,44109_0525,44,Loire-Atlantique,,,44109,Nantes,1.0,1ère circonscription,0525,988,422,566,6.0,2,558,42.71,57.29,0.61,1.06,0.2,0.35,56.48,98.59,57.2874,42.7126,2017,legi
2017_legi_t1,44109_0611,44,Loire-Atlantique,,,44109,Nantes,1.0,1ère circonscription,0611,931,395,536,13.0,6,517,42.43,57.57,1.4,2.43,0.64,1.12,55.53,96.46,57.5725,42.4275,2017,legi
2017_legi_t1,44109_0612,44,Loire-Atlantique,,,44109,Nantes,1.0,1ère circonscription,0612,928,402,526,4.0,3,519,43.32,56.68,0.43,0.76,0.32,0.57,55.93,98.67,56.681,43.319,2017,legi
2017_legi_t1,44109_0613,44,Loire-Atlantique,,,44109,Nantes,1.0,1ère circonscription,0613,877,339,538,8.0,2,528,38.65,61.35,0.91,1.49,0.23,0.37,60.21,98.14,61.3455,38.6545,2017,legi
2017_legi_t1,44109_0614,44,Loire-Atlantique,,,44109,Nantes,1.0,1ère circonscription,0614,884,357,527,6.0,1,520,40.38,59.62,0.68,1.14,0.11,0.19,58.82,98.67,59.6154,40.3846,2017,legi
2017_legi_t1,44109_0615,44,Loire-Atlantique,,,44109,Nantes,1.0,1ère circonscription,0615,890,355,535,6.0,1,528,39.89,60.11,0.67,1.12,0.11,0.19,59.33,98.69,60.1124,39.8876,2017,legi
2017_legi_t1,44109_0621,44,Loire-Atlantique,,,44109,Nantes,1.0,1ère circonscription,0621,894,349,545,5.0,0,540,39.04,60.96,0.56,0.92,0.0,0.0,60.4,99.08,60.962,39.038,2017,legi
2017_legi_t1,44109_0622,44,Loire-Atlantique,,,44109,Nantes,1.0,1ère circonscription,0622,894,387,507,2.0,1,504,43.29,56.71,0.22,0.39,0.11,0.2,56.38,99.41,56.7114,43.2886,2017,legi
2017_legi_t1,44109_0623,44,Loire-Atlantique,,,44109,Nantes,1.0,1ère circonscription,0623,880,355,525,10.0,3,512,40.34,59.66,1.14,1.9,0.34,0.57,58.18,97.52,59.6591,40.3409,2017,legi
2017_legi_t1,44109_0624,44,Loire-Atlantique,,,44109,Nantes,1.0,1ère circonscription,0624,936,424,512,10.0,0,502,45.3,54.7,1.07,1.95,0.0,0.0,53.63,98.05,54.7009,45.2991,2017,legi
2017_legi_t1,44109_0625,44,Loire-Atlantique,,,44109,Nantes,1.0,1ère circonscription,0625,999,451,548,6.0,2,540,45.15,54.85,0.6,1.09,0.2,0.36,54.05,98.54,54.8549,45.1451,2017,legi
2017_legi_t1,44109_0631,44,Loire-Atlantique,,,44109,Nantes,1.0,1ère circonscription,0631,973,379,594,5.0,0,589,38.95,61.05,0.51,0.84,0.0,0.0,60.53,99.16,61.0483,38.9517,2017,legi
2017_legi_t1,44109_0632,44,Loire-Atlantique,,,44109,Nantes,1.0,1ère circonscription,0632,928,353,575,6.0,1,568,38.04,61.96,0.65,1.04,0.11,0.17,61.21,98.78,61.9612,38.0388,2017,legi
2017_legi_t1,44109_0633,44,Loire-Atlantique,,,44109,Nantes,1.0,1ère circonscription,0633,896,385,511,4.0,0,507,42.97,57.03,0.45,0.78,0.0,0.0,56.58,99.22,57.0312,42.9688,2017,legi
2017_legi_t1,44109_0634,44,Loire-Atlantique,,,44109,Nantes,1.0,1ère circonscription,0634,893,368,525,3.0,3,519,41.21,58.79,0.34,0.57,0.34,0.57,58.12,98.86,58.7906,41.2094,2017,legi
2017_legi_t1,44109_0641,44,Loire-Atlantique,,,44109,Nantes,1.0,1ère circonscription,0641,954,389,565,3.0,1,561,40.78,59.22,0.31,0.53,0.1,0.18,58.81,99.29,59.2243,40.7757,2017,legi
2017_legi_t1,44109_0642,44,Loire-Atlantique,,,44109,Nantes,1.0,1ère circonscription,0642,883,426,457,4.0,6,447,48.24,51.76,0.45,0.88,0.68,1.31,50.62,97.81,51.7554,48.2446,2017,legi
2017_legi_t1,44109_0643,44,Loire-Atlantique,,,44109,Nantes,1.0,1ère circonscription,0643,894,403,491,6.0,2,483,45.08,54.92,0.67,1.22,0.22,0.41,54.03,98.37,54.9217,45.0783,2017,legi
2017_legi_t1,44109_0651,44,Loire-Atlantique,,,44109,Nantes,1.0,1ère circonscription,0651,871,359,512,10.0,2,500,41.22,58.78,1.15,1.95,0.23,0.39,57.41,97.66,58.783,41.217,2017,legi
2017_legi_t1,44109_0652,44,Loire-Atlantique,,,44109,Nantes,1.0,1ère circonscription,0652,888,395,493,5.0,0,488,44.48,55.52,0.56,1.01,0.0,0.0,54.95,98.99,55.518,44.482,2017,legi
2017_legi_t1,44109_0653,44,Loire-Atlantique,,,44109,Nantes,1.0,1ère circonscription,0653,973,412,561,7.0,1,553,42.34,57.66,0.72,1.25,0.1,0.18,56.83,98.57,57.6567,42.3433,2017,legi
2017_legi_t1,44109_0654,44,Loire-Atlantique,,,44109,Nantes,1.0,1ère circonscription,0654,965,442,523,4.0,6,513,45.8,54.2,0.41,0.76,0.62,1.15,53.16,98.09,54.1969,45.8031,2017,legi
2017_legi_t1,44109_0655,44,Loire-Atlantique,,,44109,Nantes,1.0,1ère circonscription,0655,960,434,526,8.0,0,518,45.21,54.79,0.83,1.52,0.0,0.0,53.96,98.48,54.7917,45.2083,2017,legi
2017_legi_t1,44109_0661,44,Loire-Atlantique,,,44109,Nantes,1.0,1ère circonscription,0661,907,501,406,2.0,4,400,55.24,44.76,0.22,0.49,0.44,0.99,44.1,98.52,44.763,55.237,2017,legi
2017_legi_t1,44109_0662,44,Loire-Atlantique,,,44109,Nantes,1.0,1ère circonscription,0662,925,479,446,10.0,4,432,51.78,48.22,1.08,2.24,0.43,0.9,46.7,96.86,48.2162,51.7838,2017,legi
2017_legi_t1,44109_0663,44,Loire-Atlantique,,,44109,Nantes,1.0,1ère circonscription,0663,850,592,258,7.0,1,250,69.65,30.35,0.82,2.71,0.12,0.39,29.41,96.9,30.3529,69.6471,2017,legi
2017_legi_t1,44109_0664,44,Loire-Atlantique,,,44109,Nantes,1.0,1ère circonscription,0664,870,520,350,1.0,2,347,59.77,40.23,0.11,0.29,0.23,0.57,39.89,99.14,40.2299,59.7701,2017,legi
2017_legi_t1,44109_0671,44,Loire-Atlantique,,,44109,Nantes,1.0,1ère circonscription,0671,855,569,286,8.0,0,278,66.55,33.45,0.94,2.8,0.0,0.0,32.51,97.2,33.4503,66.5497,2017,legi
2017_legi_t1,44109_0672,44,Loire-Atlantique,,,44109,Nantes,1.0,1ère circonscription,0672,968,525,443,1.0,3,439,54.24,45.76,0.1,0.23,0.31,0.68,45.35,99.1,45.7645,54.2355,2017,legi
2017_legi_t1,44109_0673,44,Loire-Atlantique,,,44109,Nantes,1.0,1ère circonscription,0673,1045,581,464,14.0,2,448,55.6,44.4,1.34,3.02,0.19,0.43,42.87,96.55,44.4019,55.5981,2017,legi
2017_legi_t1,44109_0111,44,Loire-Atlantique,,,44109,Nantes,2.0,2ème circonscription,0111,863,332,531,2.0,1,528,38.47,61.53,0.23,0.38,0.12,0.19,61.18,99.44,61.5295,38.4705,2017,legi
2017_legi_t1,44109_0112,44,Loire-Atlantique,,,44109,Nantes,2.0,2ème circonscription,0112,1026,456,570,5.0,1,564,44.44,55.56,0.49,0.88,0.1,0.18,54.97,98.95,55.5556,44.4444,2017,legi
2017_legi_t1,44109_0113,44,Loire-Atlantique,,,44109,Nantes,2.0,2ème circonscription,0113,870,435,435,6.0,3,426,50.0,50.0,0.69,1.38,0.34,0.69,48.97,97.93,50.0,50.0,2017,legi
2017_legi_t1,44109_0114,44,Loire-Atlantique,,,44109,Nantes,2.0,2ème circonscription,0114,921,368,553,7.0,2,544,39.96,60.04,0.76,1.27,0.22,0.36,59.07,98.37,60.0434,39.9566,2017,legi
2017_legi_t1,44109_0121,44,Loire-Atlantique,,,44109,Nantes,2.0,2ème circonscription,0121,963,437,526,5.0,1,520,45.38,54.62,0.52,0.95,0.1,0.19,54.0,98.86,54.621,45.379,2017,legi
2017_legi_t1,44109_0122,44,Loire-Atlantique,,,44109,Nantes,2.0,2ème circonscription,0122,924,380,544,5.0,5,534,41.13,58.87,0.54,0.92,0.54,0.92,57.79,98.16,58.8745,41.1255,2017,legi
2017_legi_t1,44109_0123,44,Loire-Atlantique,,,44109,Nantes,2.0,2ème circonscription,0123,959,416,543,5.0,2,536,43.38,56.62,0.52,0.92,0.21,0.37,55.89,98.71,56.6215,43.3785,2017,legi
2017_legi_t1,44109_0131,44,Loire-Atlantique,,,44109,Nantes,2.0,2ème circonscription,0131,1094,440,654,6.0,4,644,40.22,59.78,0.55,0.92,0.37,0.61,58.87,98.47,59.7806,40.2194,2017,legi
2017_legi_t1,44109_0132,44,Loire-Atlantique,,,44109,Nantes,2.0,2ème circonscription,0132,962,374,588,2.0,1,585,38.88,61.12,0.21,0.34,0.1,0.17,60.81,99.49,61.1227,38.8773,2017,legi
2017_legi_t1,44109_0133,44,Loire-Atlantique,,,44109,Nantes,2.0,2ème circonscription,0133,952,366,586,4.0,1,581,38.45,61.55,0.42,0.68,0.11,0.17,61.03,99.15,61.5546,38.4454,2017,legi
2017_legi_t1,44109_0134,44,Loire-Atlantique,,,44109,Nantes,2.0,2ème circonscription,0134,1001,395,606,3.0,1,602,39.46,60.54,0.3,0.5,0.1,0.17,60.14,99.34,60.5395,39.4605,2017,legi
2017_legi_t1,44109_0182,44,Loire-Atlantique,,,44109,Nantes,2.0,2ème circonscription,0182,558,238,320,3.0,2,315,42.65,57.35,0.54,0.94,0.36,0.62,56.45,98.44,57.3477,42.6523,2017,legi
2017_legi_t1,44109_0211,44,Loire-Atlantique,,,44109,Nantes,2.0,2ème circonscription,0211,1199,595,604,2.0,2,600,49.62,50.38,0.17,0.33,0.17,0.33,50.04,99.34,50.3753,49.6247,2017,legi
2017_legi_t1,44109_0212,44,Loire-Atlantique,,,44109,Nantes,2.0,2ème circonscription,0212,984,643,341,5.0,2,334,65.35,34.65,0.51,1.47,0.2,0.59,33.94,97.95,34.6545,65.3455,2017,legi
2017_legi_t1,44109_0213,44,Loire-Atlantique,,,44109,Nantes,2.0,2ème circonscription,0213,873,596,277,6.0,1,270,68.27,31.73,0.69,2.17,0.11,0.36,30.93,97.47,31.7297,68.2703,2017,legi
2017_legi_t1,44109_0221,44,Loire-Atlantique,,,44109,Nantes,2.0,2ème circonscription,0221,932,412,520,12.0,2,506,44.21,55.79,1.29,2.31,0.21,0.38,54.29,97.31,55.794,44.206,2017,legi
2017_legi_t1,44109_0222,44,Loire-Atlantique,,,44109,Nantes,2.0,2ème circonscription,0222,1056,517,539,3.0,1,535,48.96,51.04,0.28,0.56,0.09,0.19,50.66,99.26,51.0417,48.9583,2017,legi
2017_legi_t1,44109_0223,44,Loire-Atlantique,,,44109,Nantes,2.0,2ème circonscription,0223,852,290,562,5.0,0,557,34.04,65.96,0.59,0.89,0.0,0.0,65.38,99.11,65.9624,34.0376,2017,legi
2017_legi_t1,44109_0224,44,Loire-Atlantique,,,44109,Nantes,2.0,2ème circonscription,0224,900,410,490,4.0,1,485,45.56,54.44,0.44,0.82,0.11,0.2,53.89,98.98,54.4444,45.5556,2017,legi
2017_legi_t1,44109_0231,44,Loire-Atlantique,,,44109,Nantes,2.0,2ème circonscription,0231,907,393,514,5.0,1,508,43.33,56.67,0.55,0.97,0.11,0.19,56.01,98.83,56.6703,43.3297,2017,legi
2017_legi_t1,44109_0232,44,Loire-Atlantique,,,44109,Nantes,2.0,2ème circonscription,0232,892,324,568,3.0,3,562,36.32,63.68,0.34,0.53,0.34,0.53,63.0,98.94,63.6771,36.3229,2017,legi
2017_legi_t1,44109_0233,44,Loire-Atlantique,,,44109,Nantes,2.0,2ème circonscription,0233,873,384,489,4.0,1,484,43.99,56.01,0.46,0.82,0.11,0.2,55.44,98.98,56.0137,43.9863,2017,legi
2017_legi_t1,44109_0234,44,Loire-Atlantique,,,44109,Nantes,2.0,2ème circonscription,0234,870,387,483,6.0,1,476,44.48,55.52,0.69,1.24,0.11,0.21,54.71,98.55,55.5172,44.4828,2017,legi
2017_legi_t1,44109_0241,44,Loire-Atlantique,,,44109,Nantes,2.0,2ème circonscription,0241,896,390,506,4.0,1,501,43.53,56.47,0.45,0.79,0.11,0.2,55.92,99.01,56.4732,43.5268,2017,legi
2017_legi_t1,44109_0242,44,Loire-Atlantique,,,44109,Nantes,2.0,2ème circonscription,0242,865,302,563,3.0,0,560,34.91,65.09,0.35,0.53,0.0,0.0,64.74,99.47,65.0867,34.9133,2017,legi
2017_legi_t1,44109_0243,44,Loire-Atlantique,,,44109,Nantes,2.0,2ème circonscription,0243,828,308,520,2.0,1,517,37.2,62.8,0.24,0.38,0.12,0.19,62.44,99.42,62.8019,37.1981,2017,legi
2017_legi_t1,44109_0244,44,Loire-Atlantique,,,44109,Nantes,2.0,2ème circonscription,0244,798,323,475,5.0,0,470,40.48,59.52,0.63,1.05,0.0,0.0,58.9,98.95,59.5238,40.4762,2017,legi
2017_legi_t1,44109_0251,44,Loire-Atlantique,,,44109,Nantes,2.0,2ème circonscription,0251,1030,464,566,5.0,2,559,45.05,54.95,0.49,0.88,0.19,0.35,54.27,98.76,54.9515,45.0485,2017,legi
2017_legi_t1,44109_0252,44,Loire-Atlantique,,,44109,Nantes,2.0,2ème circonscription,0252,987,390,597,9.0,3,585,39.51,60.49,0.91,1.51,0.3,0.5,59.27,97.99,60.4863,39.5137,2017,legi
2017_legi_t1,44109_0253,44,Loire-Atlantique,,,44109,Nantes,2.0,2ème circonscription,0253,1037,448,589,4.0,11,574,43.2,56.8,0.39,0.68,1.06,1.87,55.35,97.45,56.7985,43.2015,2017,legi
2017_legi_t1,44109_0254,44,Loire-Atlantique,,,44109,Nantes,2.0,2ème circonscription,0254,1062,453,609,7.0,2,600,42.66,57.34,0.66,1.15,0.19,0.33,56.5,98.52,57.3446,42.6554,2017,legi
2017_legi_t1,44109_0261,44,Loire-Atlantique,,,44109,Nantes,2.0,2ème circonscription,0261,844,297,547,5.0,0,542,35.19,64.81,0.59,0.91,0.0,0.0,64.22,99.09,64.8104,35.1896,2017,legi
2017_legi_t1,44109_0262,44,Loire-Atlantique,,,44109,Nantes,2.0,2ème circonscription,0262,934,340,594,3.0,0,591,36.4,63.6,0.32,0.51,0.0,0.0,63.28,99.49,63.5974,36.4026,2017,legi
2017_legi_t1,44109_0263,44,Loire-Atlantique,,,44109,Nantes,2.0,2ème circonscription,0263,848,313,535,2.0,1,532,36.91,63.09,0.24,0.37,0.12,0.19,62.74,99.44,63.0896,36.9104,2017,legi
2017_legi_t1,44109_0264,44,Loire-Atlantique,,,44109,Nantes,2.0,2ème circonscription,0264,904,362,542,5.0,3,534,40.04,59.96,0.55,0.92,0.33,0.55,59.07,98.52,59.9558,40.0442,2017,legi
2017_legi_t1,44109_0311,44,Loire-Atlantique,,,44109,Nantes,2.0,2ème circonscription,0311,1175,524,651,4.0,1,646,44.6,55.4,0.34,0.61,0.09,0.15,54.98,99.23,55.4043,44.5957,2017,legi
2017_legi_t1,44109_0312,44,Loire-Atlantique,,,44109,Nantes,2.0,2ème circonscription,0312,981,423,558,0.0,2,556,43.12,56.88,0.0,0.0,0.2,0.36,56.68,99.64,56.8807,43.1193,2017,legi
2017_legi_t1,44109_0313,44,Loire-Atlantique,,,44109,Nantes,2.0,2ème circonscription,0313,1020,400,620,6.0,1,613,39.22,60.78,0.59,0.97,0.1,0.16,60.1,98.87,60.7843,39.2157,2017,legi
2017_legi_t1,44109_0314,44,Loire-Atlantique,,,44109,Nantes,2.0,2ème circonscription,0314,1030,392,638,3.0,0,635,38.06,61.94,0.29,0.47,0.0,0.0,61.65,99.53,61.9417,38.0583,2017,legi
2017_legi_t1,44109_0331,44,Loire-Atlantique,,,44109,Nantes,2.0,2ème circonscription,0331,1016,426,590,3.0,1,586,41.93,58.07,0.3,0.51,0.1,0.17,57.68,99.32,58.0709,41.9291,2017,legi
2017_legi_t1,44109_0332,44,Loire-Atlantique,,,44109,Nantes,2.0,2ème circonscription,0332,958,373,585,2.0,1,582,38.94,61.06,0.21,0.34,0.1,0.17,60.75,99.49,61.0647,38.9353,2017,legi
2017_legi_t1,44109_0333,44,Loire-Atlantique,,,44109,Nantes,2.0,2ème circonscription,0333,938,391,547,2.0,3,542,41.68,58.32,0.21,0.37,0.32,0.55,57.78,99.09,58.3156,41.6844,2017,legi
2017_legi_t1,44109_0334,44,Loire-Atlantique,,,44109,Nantes,2.0,2ème circonscription,0334,926,367,559,4.0,1,554,39.63,60.37,0.43,0.72,0.11,0.18,59.83,99.11,60.3672,39.6328,2017,legi
2017_legi_t1,44109_0335,44,Loire-Atlantique,,,44109,Nantes,2.0,2ème circonscription,0335,828,346,482,2.0,1,479,41.79,58.21,0.24,0.41,0.12,0.21,57.85,99.38,58.2126,41.7874,2017,legi
2017_legi_t1,44109_0341,44,Loire-Atlantique,,,44109,Nantes,2.0,2ème circonscription,0341,956,403,553,4.0,1,548,42.15,57.85,0.42,0.72,0.1,0.18,57.32,99.1,57.8452,42.1548,2017,legi
2017_legi_t1,44109_0342,44,Loire-Atlantique,,,44109,Nantes,2.0,2ème circonscription,0342,894,405,489,4.0,1,484,45.3,54.7,0.45,0.82,0.11,0.2,54.14,98.98,54.698,45.302,2017,legi
2017_legi_t1,44109_0343,44,Loire-Atlantique,,,44109,Nantes,2.0,2ème circonscription,0343,953,434,519,4.0,1,514,45.54,54.46,0.42,0.77,0.1,0.19,53.93,99.04,54.4596,45.5404,2017,legi
2017_legi_t1,44109_0351,44,Loire-Atlantique,,,44109,Nantes,2.0,2ème circonscription,0351,951,467,484,3.0,0,481,49.11,50.89,0.32,0.62,0.0,0.0,50.58,99.38,50.8938,49.1062,2017,legi
2017_legi_t1,44109_0352,44,Loire-Atlantique,,,44109,Nantes,2.0,2ème circonscription,0352,930,401,529,4.0,2,523,43.12,56.88,0.43,0.76,0.22,0.38,56.24,98.87,56.8817,43.1183,2017,legi
2017_legi_t1,44109_0353,44,Loire-Atlantique,,,44109,Nantes,2.0,2ème circonscription,0353,924,483,441,2.0,0,439,52.27,47.73,0.22,0.45,0.0,0.0,47.51,99.55,47.7273,52.2727,2017,legi
2017_legi_t1,44109_0354,44,Loire-Atlantique,,,44109,Nantes,2.0,2ème circonscription,0354,1056,466,590,5.0,3,582,44.13,55.87,0.47,0.85,0.28,0.51,55.11,98.64,55.8712,44.1288,2017,legi
2017_legi_t1,44109_0355,44,Loire-Atlantique,,,44109,Nantes,2.0,2ème circonscription,0355,1121,464,657,2.0,1,654,41.39,58.61,0.18,0.3,0.09,0.15,58.34,99.54,58.6084,41.3916,2017,legi
2017_legi_t1,44109_0361,44,Loire-Atlantique,,,44109,Nantes,2.0,2ème circonscription,0361,1071,489,582,7.0,2,573,45.66,54.34,0.65,1.2,0.19,0.34,53.5,98.45,54.3417,45.6583,2017,legi
2017_legi_t1,44109_0362,44,Loire-Atlantique,,,44109,Nantes,2.0,2ème circonscription,0362,829,346,483,5.0,1,477,41.74,58.26,0.6,1.04,0.12,0.21,57.54,98.76,58.263,41.737,2017,legi
2017_legi_t1,44109_0363,44,Loire-Atlantique,,,44109,Nantes,2.0,2ème circonscription,0363,915,454,461,7.0,1,453,49.62,50.38,0.77,1.52,0.11,0.22,49.51,98.26,50.3825,49.6175,2017,legi
2017_legi_t1,44109_0364,44,Loire-Atlantique,,,44109,Nantes,2.0,2ème circonscription,0364,1143,533,610,8.0,0,602,46.63,53.37,0.7,1.31,0.0,0.0,52.67,98.69,53.3683,46.6317,2017,legi
2017_legi_t1,44109_0365,44,Loire-Atlantique,,,44109,Nantes,2.0,2ème circonscription,0365,763,439,324,2.0,1,321,57.54,42.46,0.26,0.62,0.13,0.31,42.07,99.07,42.464,57.536,2017,legi
2017_legi_t1,44109_0412,44,Loire-Atlantique,,,44109,Nantes,2.0,2ème circonscription,0412,716,298,418,6.0,1,411,41.62,58.38,0.84,1.44,0.14,0.24,57.4,98.33,58.3799,41.6201,2017,legi
2017_legi_t1,44109_0413,44,Loire-Atlantique,,,44109,Nantes,2.0,2ème circonscription,0413,898,327,571,3.0,0,568,36.41,63.59,0.33,0.53,0.0,0.0,63.25,99.47,63.5857,36.4143,2017,legi
2017_legi_t1,44109_0414,44,Loire-Atlantique,,,44109,Nantes,2.0,2ème circonscription,0414,736,284,452,3.0,0,449,38.59,61.41,0.41,0.66,0.0,0.0,61.01,99.34,61.413,38.587,2017,legi
2017_legi_t1,44109_0415,44,Loire-Atlantique,,,44109,Nantes,2.0,2ème circonscription,0415,799,324,475,2.0,1,472,40.55,59.45,0.25,0.42,0.13,0.21,59.07,99.37,59.4493,40.5507,2017,legi
2017_legi_t1,44109_0421,44,Loire-Atlantique,,,44109,Nantes,2.0,2ème circonscription,0421,866,308,558,2.0,1,555,35.57,64.43,0.23,0.36,0.12,0.18,64.09,99.46,64.4342,35.5658,2017,legi
2017_legi_t1,44109_0422,44,Loire-Atlantique,,,44109,Nantes,2.0,2ème circonscription,0422,899,342,557,6.0,0,551,38.04,61.96,0.67,1.08,0.0,0.0,61.29,98.92,61.9577,38.0423,2017,legi
2017_legi_t1,44109_0423,44,Loire-Atlantique,,,44109,Nantes,2.0,2ème circonscription,0423,926,355,571,4.0,1,566,38.34,61.66,0.43,0.7,0.11,0.18,61.12,99.12,61.6631,38.3369,2017,legi
2017_legi_t1,44109_0424,44,Loire-Atlantique,,,44109,Nantes,2.0,2ème circonscription,0424,909,359,550,3.0,2,545,39.49,60.51,0.33,0.55,0.22,0.36,59.96,99.09,60.5061,39.4939,2017,legi
2017_legi_t1,44109_0425,44,Loire-Atlantique,,,44109,Nantes,2.0,2ème circonscription,0425,892,365,527,4.0,2,521,40.92,59.08,0.45,0.76,0.22,0.38,58.41,98.86,59.0807,40.9193,2017,legi
2017_legi_t1,44109_0431,44,Loire-Atlantique,,,44109,Nantes,2.0,2ème circonscription,0431,932,383,549,5.0,1,543,41.09,58.91,0.54,0.91,0.11,0.18,58.26,98.91,58.9056,41.0944,2017,legi
2017_legi_t1,44109_0441,44,Loire-Atlantique,,,44109,Nantes,2.0,2ème circonscription,0441,946,388,558,4.0,1,553,41.01,58.99,0.42,0.72,0.11,0.18,58.46,99.1,58.9852,41.0148,2017,legi
2017_legi_t1,44109_0442,44,Loire-Atlantique,,,44109,Nantes,2.0,2ème circonscription,0442,926,371,555,6.0,0,549,40.06,59.94,0.65,1.08,0.0,0.0,59.29,98.92,59.9352,40.0648,2017,legi
2017_legi_t1,44109_0443,44,Loire-Atlantique,,,44109,Nantes,2.0,2ème circonscription,0443,920,392,528,4.0,2,522,42.61,57.39,0.43,0.76,0.22,0.38,56.74,98.86,57.3913,42.6087,2017,legi
2017_legi_t1,44109_0444,44,Loire-Atlantique,,,44109,Nantes,2.0,2ème circonscription,0444,939,478,461,5.0,1,455,50.91,49.09,0.53,1.08,0.11,0.22,48.46,98.7,49.0948,50.9052,2017,legi
2017_legi_t1,44109_0541,44,Loire-Atlantique,,,44109,Nantes,2.0,2ème circonscription,0541,1047,451,596,3.0,0,593,43.08,56.92,0.29,0.5,0.0,0.0,56.64,99.5,56.9245,43.0755,2017,legi
2017_legi_t1,44109_0542,44,Loire-Atlantique,,,44109,Nantes,2.0,2ème circonscription,0542,1076,433,643,5.0,1,637,40.24,59.76,0.46,0.78,0.09,0.16,59.2,99.07,59.7584,40.2416,2017,legi
2017_legi_t1,44109_0543,44,Loire-Atlantique,,,44109,Nantes,2.0,2ème circonscription,0543,1089,434,655,4.0,2,649,39.85,60.15,0.37,0.61,0.18,0.31,59.6,99.08,60.1469,39.8531,2017,legi
2017_legi_t1,44109_0544,44,Loire-Atlantique,,,44109,Nantes,2.0,2ème circonscription,0544,951,343,608,4.0,1,603,36.07,63.93,0.42,0.66,0.11,0.16,63.41,99.18,63.9327,36.0673,2017,legi
2017_legi_t1,44109_0545,44,Loire-Atlantique,,,44109,Nantes,2.0,2ème circonscription,0545,1000,350,650,4.0,3,643,35.0,65.0,0.4,0.62,0.3,0.46,64.3,98.92,65.0,35.0,2017,legi
2017_legi_t1,44109_0721,44,Loire-Atlantique,,,44109,Nantes,2.0,2ème circonscription,0721,1063,566,497,9.0,2,486,53.25,46.75,0.85,1.81,0.19,0.4,45.72,97.79,46.7545,53.2455,2017,legi
2017_legi_t1,44109_0722,44,Loire-Atlantique,,,44109,Nantes,2.0,2ème circonscription,0722,1019,556,463,4.0,1,458,54.56,45.44,0.39,0.86,0.1,0.22,44.95,98.92,45.4367,54.5633,2017,legi
2017_legi_t1,44109_0723,44,Loire-Atlantique,,,44109,Nantes,2.0,2ème circonscription,0723,968,622,346,3.0,4,339,64.26,35.74,0.31,0.87,0.41,1.16,35.02,97.98,35.7438,64.2562,2017,legi
2017_legi_t1,44109_0724,44,Loire-Atlantique,,,44109,Nantes,2.0,2ème circonscription,0724,946,578,368,1.0,2,365,61.1,38.9,0.11,0.27,0.21,0.54,38.58,99.18,38.9006,61.0994,2017,legi
2017_legi_t1,44109_0725,44,Loire-Atlantique,,,44109,Nantes,2.0,2ème circonscription,0725,983,363,620,8.0,1,611,36.93,63.07,0.81,1.29,0.1,0.16,62.16,98.55,63.0722,36.9278,2017,legi
2017_legi_t1,44109_0731,44,Loire-Atlantique,,,44109,Nantes,2.0,2ème circonscription,0731,965,343,622,6.0,1,615,35.54,64.46,0.62,0.96,0.1,0.16,63.73,98.87,64.456,35.544,2017,legi
2017_legi_t1,44109_0732,44,Loire-Atlantique,,,44109,Nantes,2.0,2ème circonscription,0732,958,381,577,4.0,1,572,39.77,60.23,0.42,0.69,0.1,0.17,59.71,99.13,60.2296,39.7704,2017,legi
2017_legi_t1,44109_0733,44,Loire-Atlantique,,,44109,Nantes,2.0,2ème circonscription,0733,902,415,487,8.0,2,477,46.01,53.99,0.89,1.64,0.22,0.41,52.88,97.95,53.9911,46.0089,2017,legi
2017_legi_t1,44109_0734,44,Loire-Atlantique,,,44109,Nantes,2.0,2ème circonscription,0734,992,369,623,3.0,5,615,37.2,62.8,0.3,0.48,0.5,0.8,62.0,98.72,62.8024,37.1976,2017,legi
2017_legi_t1,44109_0735,44,Loire-Atlantique,,,44109,Nantes,2.0,2ème circonscription,0735,1192,457,735,11.0,3,721,38.34,61.66,0.92,1.5,0.25,0.41,60.49,98.1,61.6611,38.3389,2017,legi
2017_legi_t1,44109_0741,44,Loire-Atlantique,,,44109,Nantes,2.0,2ème circonscription,0741,1006,469,537,13.0,1,523,46.62,53.38,1.29,2.42,0.1,0.19,51.99,97.39,53.3797,46.6203,2017,legi
2017_legi_t1,44109_0742,44,Loire-Atlantique,,,44109,Nantes,2.0,2ème circonscription,0742,994,479,515,6.0,5,504,48.19,51.81,0.6,1.17,0.5,0.97,50.7,97.86,51.8109,48.1891,2017,legi
2017_legi_t1,44109_0743,44,Loire-Atlantique,,,44109,Nantes,2.0,2ème circonscription,0743,1055,475,580,6.0,2,572,45.02,54.98,0.57,1.03,0.19,0.34,54.22,98.62,54.9763,45.0237,2017,legi
2017_legi_t1,44109_0744,44,Loire-Atlantique,,,44109,Nantes,2.0,2ème circonscription,0744,1482,645,837,15.0,4,818,43.52,56.48,1.01,1.79,0.27,0.48,55.2,97.73,56.4777,43.5223,2017,legi
2017_legi_t1,44109_0432,44,Loire-Atlantique,,,44109,Nantes,3.0,3ème circonscription,0432,933,397,536,5.0,0,531,42.55,57.45,0.54,0.93,0.0,0.0,56.91,99.07,57.4491,42.5509,2017,legi
2017_legi_t1,44109_0433,44,Loire-Atlantique,,,44109,Nantes,3.0,3ème circonscription,0433,930,323,607,6.0,1,600,34.73,65.27,0.65,0.99,0.11,0.16,64.52,98.85,65.2688,34.7312,2017,legi
2017_legi_t1,44109_0434,44,Loire-Atlantique,,,44109,Nantes,3.0,3ème circonscription,0434,992,463,529,3.0,1,525,46.67,53.33,0.3,0.57,0.1,0.19,52.92,99.24,53.3266,46.6734,2017,legi
2017_legi_t1,44109_0445,44,Loire-Atlantique,,,44109,Nantes,3.0,3ème circonscription,0445,815,344,471,4.0,1,466,42.21,57.79,0.49,0.85,0.12,0.21,57.18,98.94,57.7914,42.2086,2017,legi
2017_legi_t1,44109_0451,44,Loire-Atlantique,,,44109,Nantes,3.0,3ème circonscription,0451,897,375,522,5.0,1,516,41.81,58.19,0.56,0.96,0.11,0.19,57.53,98.85,58.194,41.806,2017,legi
2017_legi_t1,44109_0452,44,Loire-Atlantique,,,44109,Nantes,3.0,3ème circonscription,0452,920,326,594,4.0,0,590,35.43,64.57,0.43,0.67,0.0,0.0,64.13,99.33,64.5652,35.4348,2017,legi
2017_legi_t1,44109_0453,44,Loire-Atlantique,,,44109,Nantes,3.0,3ème circonscription,0453,1083,481,602,1.0,2,599,44.41,55.59,0.09,0.17,0.18,0.33,55.31,99.5,55.5863,44.4137,2017,legi
2017_legi_t1,44109_0461,44,Loire-Atlantique,,,44109,Nantes,3.0,3ème circonscription,0461,870,370,500,1.0,0,499,42.53,57.47,0.11,0.2,0.0,0.0,57.36,99.8,57.4713,42.5287,2017,legi
2017_legi_t1,44109_0462,44,Loire-Atlantique,,,44109,Nantes,3.0,3ème circonscription,0462,885,392,493,2.0,1,490,44.29,55.71,0.23,0.41,0.11,0.2,55.37,99.39,55.7062,44.2938,2017,legi
2017_legi_t1,44109_0463,44,Loire-Atlantique,,,44109,Nantes,3.0,3ème circonscription,0463,909,451,458,2.0,0,456,49.61,50.39,0.22,0.44,0.0,0.0,50.17,99.56,50.385,49.615,2017,legi
2017_legi_t1,44109_0471,44,Loire-Atlantique,,,44109,Nantes,3.0,3ème circonscription,0471,821,519,302,9.0,1,292,63.22,36.78,1.1,2.98,0.12,0.33,35.57,96.69,36.7844,63.2156,2017,legi
2017_legi_t1,44109_0472,44,Loire-Atlantique,,,44109,Nantes,3.0,3ème circonscription,0472,906,569,337,11.0,2,324,62.8,37.2,1.21,3.26,0.22,0.59,35.76,96.14,37.1965,62.8035,2017,legi
2017_legi_t1,44109_0473,44,Loire-Atlantique,,,44109,Nantes,3.0,3ème circonscription,0473,931,510,421,1.0,1,419,54.78,45.22,0.11,0.24,0.11,0.24,45.01,99.52,45.2202,54.7798,2017,legi
2017_legi_t1,44109_0511,44,Loire-Atlantique,,,44109,Nantes,3.0,3ème circonscription,0511,901,473,428,4.0,1,423,52.5,47.5,0.44,0.93,0.11,0.23,46.95,98.83,47.5028,52.4972,2017,legi
2017_legi_t1,44109_0512,44,Loire-Atlantique,,,44109,Nantes,3.0,3ème circonscription,0512,815,401,414,2.0,0,412,49.2,50.8,0.25,0.48,0.0,0.0,50.55,99.52,50.7975,49.2025,2017,legi
2017_legi_t1,44109_0513,44,Loire-Atlantique,,,44109,Nantes,3.0,3ème circonscription,0513,881,455,426,2.0,1,423,51.65,48.35,0.23,0.47,0.11,0.23,48.01,99.3,48.3541,51.6459,2017,legi
2017_legi_t1,44109_0531,44,Loire-Atlantique,,,44109,Nantes,3.0,3ème circonscription,0531,1048,741,307,6.0,2,299,70.71,29.29,0.57,1.95,0.19,0.65,28.53,97.39,29.2939,70.7061,2017,legi
2017_legi_t1,44109_0532,44,Loire-Atlantique,,,44109,Nantes,3.0,3ème circonscription,0532,820,558,262,3.0,1,258,68.05,31.95,0.37,1.15,0.12,0.38,31.46,98.47,31.9512,68.0488,2017,legi
2017_legi_t1,44109_0533,44,Loire-Atlantique,,,44109,Nantes,3.0,3ème circonscription,0533,951,455,496,1.0,2,493,47.84,52.16,0.11,0.2,0.21,0.4,51.84,99.4,52.1556,47.8444,2017,legi
2017_legi_t1,44109_0534,44,Loire-Atlantique,,,44109,Nantes,3.0,3ème circonscription,0534,981,518,463,7.0,0,456,52.8,47.2,0.71,1.51,0.0,0.0,46.48,98.49,47.1967,52.8033,2017,legi
2017_legi_t1,44109_0551,44,Loire-Atlantique,,,44109,Nantes,3.0,3ème circonscription,0551,809,387,422,6.0,2,414,47.84,52.16,0.74,1.42,0.25,0.47,51.17,98.1,52.1632,47.8368,2017,legi
2017_legi_t1,44109_0552,44,Loire-Atlantique,,,44109,Nantes,3.0,3ème circonscription,0552,1017,437,580,5.0,0,575,42.97,57.03,0.49,0.86,0.0,0.0,56.54,99.14,57.0305,42.9695,2017,legi
2017_legi_t1,44109_0553,44,Loire-Atlantique,,,44109,Nantes,3.0,3ème circonscription,0553,983,397,586,2.0,1,583,40.39,59.61,0.2,0.34,0.1,0.17,59.31,99.49,59.6134,40.3866,2017,legi
2017_legi_t1,44109_0554,44,Loire-Atlantique,,,44109,Nantes,3.0,3ème circonscription,0554,1012,510,502,5.0,2,495,50.4,49.6,0.49,1.0,0.2,0.4,48.91,98.61,49.6047,50.3953,2017,legi
2017_legi_t1,44109_0555,44,Loire-Atlantique,,,44109,Nantes,3.0,3ème circonscription,0555,929,375,554,2.0,2,550,40.37,59.63,0.22,0.36,0.22,0.36,59.2,99.28,59.634,40.366,2017,legi
2017_legi_t1,44109_0561,44,Loire-Atlantique,,,44109,Nantes,3.0,3ème circonscription,0561,905,547,358,1.0,0,357,60.44,39.56,0.11,0.28,0.0,0.0,39.45,99.72,39.558,60.442,2017,legi
2017_legi_t1,44109_0562,44,Loire-Atlantique,,,44109,Nantes,3.0,3ème circonscription,0562,896,648,248,3.0,1,244,72.32,27.68,0.33,1.21,0.11,0.4,27.23,98.39,27.6786,72.3214,2017,legi
2017_legi_t1,44109_0563,44,Loire-Atlantique,,,44109,Nantes,3.0,3ème circonscription,0563,918,549,369,3.0,2,364,59.8,40.2,0.33,0.81,0.22,0.54,39.65,98.64,40.1961,59.8039,2017,legi
2017_legi_t1,44109_0564,44,Loire-Atlantique,,,44109,Nantes,3.0,3ème circonscription,0564,1031,653,378,4.0,5,369,63.34,36.66,0.39,1.06,0.48,1.32,35.79,97.62,36.6634,63.3366,2017,legi
2017_legi_t1,44109_0565,44,Loire-Atlantique,,,44109,Nantes,3.0,3ème circonscription,0565,1018,482,536,3.0,1,532,47.35,52.65,0.29,0.56,0.1,0.19,52.26,99.25,52.6523,47.3477,2017,legi
2017_legi_t1,44109_0371,44,Loire-Atlantique,,,44109,Nantes,4.0,4ème circonscription,0371,949,490,459,4.0,2,453,51.63,48.37,0.42,0.87,0.21,0.44,47.73,98.69,48.3667,51.6333,2017,legi
2017_legi_t1,44109_0372,44,Loire-Atlantique,,,44109,Nantes,4.0,4ème circonscription,0372,837,481,356,2.0,1,353,57.47,42.53,0.24,0.56,0.12,0.28,42.17,99.16,42.5329,57.4671,2017,legi
2017_legi_t1,44109_0373,44,Loire-Atlantique,,,44109,Nantes,4.0,4ème circonscription,0373,857,407,450,9.0,3,438,47.49,52.51,1.05,2.0,0.35,0.67,51.11,97.33,52.5088,47.4912,2017,legi
2017_legi_t1,44109_0381,44,Loire-Atlantique,,,44109,Nantes,4.0,4ème circonscription,0381,845,417,428,4.0,1,423,49.35,50.65,0.47,0.93,0.12,0.23,50.06,98.83,50.6509,49.3491,2017,legi
2017_legi_t1,44109_0382,44,Loire-Atlantique,,,44109,Nantes,4.0,4ème circonscription,0382,874,354,520,5.0,1,514,40.5,59.5,0.57,0.96,0.11,0.19,58.81,98.85,59.4966,40.5034,2017,legi
2017_legi_t1,44109_0383,44,Loire-Atlantique,,,44109,Nantes,4.0,4ème circonscription,0383,944,387,557,3.0,0,554,41.0,59.0,0.32,0.54,0.0,0.0,58.69,99.46,59.0042,40.9958,2017,legi
2017_legi_t1,44109_0384,44,Loire-Atlantique,,,44109,Nantes,4.0,4ème circonscription,0384,914,400,514,2.0,2,510,43.76,56.24,0.22,0.39,0.22,0.39,55.8,99.22,56.2363,43.7637,2017,legi
2017_legi_t1,44109_0385,44,Loire-Atlantique,,,44109,Nantes,4.0,4ème circonscription,0385,982,400,582,3.0,2,577,40.73,59.27,0.31,0.52,0.2,0.34,58.76,99.14,59.2668,40.7332,2017,legi
2017_legi_t1,44109_0271,44,Loire-Atlantique,,,44109,Nantes,5.0,5ème circonscription,0271,898,481,417,2.0,3,412,53.56,46.44,0.22,0.48,0.33,0.72,45.88,98.8,46.4365,53.5635,2017,legi
2017_legi_t1,44109_0272,44,Loire-Atlantique,,,44109,Nantes,5.0,5ème circonscription,0272,926,415,511,7.0,0,504,44.82,55.18,0.76,1.37,0.0,0.0,54.43,98.63,55.1836,44.8164,2017,legi
2017_legi_t1,44109_0273,44,Loire-Atlantique,,,44109,Nantes,5.0,5ème circonscription,0273,856,354,502,3.0,3,496,41.36,58.64,0.35,0.6,0.35,0.6,57.94,98.8,58.6449,41.3551,2017,legi
2017_legi_t1,44109_0274,44,Loire-Atlantique,,,44109,Nantes,5.0,5ème circonscription,0274,896,313,583,6.0,2,575,34.93,65.07,0.67,1.03,0.22,0.34,64.17,98.63,65.067,34.933,2017,legi
2017_legi_t1,44109_0275,44,Loire-Atlantique,,,44109,Nantes,5.0,5ème circonscription,0275,831,386,445,6.0,1,438,46.45,53.55,0.72,1.35,0.12,0.22,52.71,98.43,53.5499,46.4501,2017,legi
2017_legi_t1,44109_0711,44,Loire-Atlantique,,,44109,Nantes,5.0,5ème circonscription,0711,933,332,601,3.0,2,596,35.58,64.42,0.32,0.5,0.21,0.33,63.88,99.17,64.4159,35.5841,2017,legi
2017_legi_t1,44109_0712,44,Loire-Atlantique,,,44109,Nantes,5.0,5ème circonscription,0712,907,381,526,0.0,0,526,42.01,57.99,0.0,0.0,0.0,0.0,57.99,100.0,57.9934,42.0066,2017,legi
2017_legi_t1,44109_0713,44,Loire-Atlantique,,,44109,Nantes,5.0,5ème circonscription,0713,990,533,457,5.0,5,447,53.84,46.16,0.51,1.09,0.51,1.09,45.15,97.81,46.1616,53.8384,2017,legi
2017_legi_t1,44109_0714,44,Loire-Atlantique,,,44109,Nantes,5.0,5ème circonscription,0714,971,429,542,4.0,1,537,44.18,55.82,0.41,0.74,0.1,0.18,55.3,99.08,55.8187,44.1813,2017,legi
2017_legi_t1,44109_0715,44,Loire-Atlantique,,,44109,Nantes,5.0,5ème circonscription,0715,1036,518,518,7.0,1,510,50.0,50.0,0.68,1.35,0.1,0.19,49.23,98.46,50.0,50.0,2017,legi
2017_legi_t1,44109_0751,44,Loire-Atlantique,,,44109,Nantes,5.0,5ème circonscription,0751,1037,460,577,8.0,0,569,44.36,55.64,0.77,1.39,0.0,0.0,54.87,98.61,55.6413,44.3587,2017,legi
2017_legi_t1,44109_0752,44,Loire-Atlantique,,,44109,Nantes,5.0,5ème circonscription,0752,1138,566,572,9.0,1,562,49.74,50.26,0.79,1.57,0.09,0.17,49.38,98.25,50.2636,49.7364,2017,legi
2017_legi_t1,44109_0753,44,Loire-Atlantique,,,44109,Nantes,5.0,5ème circonscription,0753,993,456,537,7.0,3,527,45.92,54.08,0.7,1.3,0.3,0.56,53.07,98.14,54.0785,45.9215,2017,legi
2017_legi_t1,44109_0754,44,Loire-Atlantique,,,44109,Nantes,5.0,5ème circonscription,0754,884,572,312,8.0,5,299,64.71,35.29,0.9,2.56,0.57,1.6,33.82,95.83,35.2941,64.7059,2017,legi
2017_legi_t1,44109_0761,44,Loire-Atlantique,,,44109,Nantes,5.0,5ème circonscription,0761,992,361,631,11.0,1,619,36.39,63.61,1.11,1.74,0.1,0.16,62.4,98.1,63.6089,36.3911,2017,legi
2017_legi_t1,44109_0762,44,Loire-Atlantique,,,44109,Nantes,5.0,5ème circonscription,0762,985,454,531,6.0,0,525,46.09,53.91,0.61,1.13,0.0,0.0,53.3,98.87,53.9086,46.0914,2017,legi
2017_legi_t1,44109_0763,44,Loire-Atlantique,,,44109,Nantes,5.0,5ème circonscription,0763,1027,411,616,10.0,1,605,40.02,59.98,0.97,1.62,0.1,0.16,58.91,98.21,59.9805,40.0195,2017,legi
2017_legi_t1,44109_0764,44,Loire-Atlantique,,,44109,Nantes,5.0,5ème circonscription,0764,920,443,477,4.0,3,470,48.15,51.85,0.43,0.84,0.33,0.63,51.09,98.53,51.8478,48.1522,2017,legi
2017_legi_t1,44109_0765,44,Loire-Atlantique,,,44109,Nantes,5.0,5ème circonscription,0765,1348,544,804,8.0,3,793,40.36,59.64,0.59,1.0,0.22,0.37,58.83,98.63,59.6439,40.3561,2017,legi
2017_legi_t1,44114_0021,44,Loire-Atlantique,,,44114,Orvault,1.0,1ère circonscription,0021,858,299,559,17.0,0,542,34.85,65.15,1.98,3.04,0.0,0.0,63.17,96.96,65.1515,34.8485,2017,legi
2017_legi_t1,44114_0022,44,Loire-Atlantique,,,44114,Orvault,1.0,1ère circonscription,0022,1035,484,551,9.0,0,542,46.76,53.24,0.87,1.63,0.0,0.0,52.37,98.37,53.2367,46.7633,2017,legi
2017_legi_t1,44114_0023,44,Loire-Atlantique,,,44114,Orvault,1.0,1ère circonscription,0023,1046,444,602,11.0,0,591,42.45,57.55,1.05,1.83,0.0,0.0,56.5,98.17,57.5526,42.4474,2017,legi
2017_legi_t1,44143_0024,44,Loire-Atlantique,,,44143,Rezé,4.0,4ème circonscription,0024,887,348,539,5.0,3,531,39.23,60.77,0.56,0.93,0.34,0.56,59.86,98.52,60.7666,39.2334,2017,legi
2017_legi_t1,44143_0025,44,Loire-Atlantique,,,44143,Rezé,4.0,4ème circonscription,0025,949,461,488,3.0,3,482,48.58,51.42,0.32,0.61,0.32,0.61,50.79,98.77,51.4226,48.5774,2017,legi
2017_legi_t1,44143_0026,44,Loire-Atlantique,,,44143,Rezé,4.0,4ème circonscription,0026,1043,566,477,3.0,1,473,54.27,45.73,0.29,0.63,0.1,0.21,45.35,99.16,45.7335,54.2665,2017,legi
2017_legi_t1,44143_0027,44,Loire-Atlantique,,,44143,Rezé,4.0,4ème circonscription,0027,1119,474,645,4.0,4,637,42.36,57.64,0.36,0.62,0.36,0.62,56.93,98.76,57.6408,42.3592,2017,legi
2017_legi_t1,44143_0028,44,Loire-Atlantique,,,44143,Rezé,4.0,4ème circonscription,0028,759,301,458,8.0,0,450,39.66,60.34,1.05,1.75,0.0,0.0,59.29,98.25,60.3426,39.6574,2017,legi
2017_legi_t1,44143_0029,44,Loire-Atlantique,,,44143,Rezé,4.0,4ème circonscription,0029,936,456,480,9.0,6,465,48.72,51.28,0.96,1.88,0.64,1.25,49.68,96.88,51.2821,48.7179,2017,legi
2017_legi_t1,44143_0030,44,Loire-Atlantique,,,44143,Rezé,4.0,4ème circonscription,0030,1062,540,522,4.0,6,512,50.85,49.15,0.38,0.77,0.56,1.15,48.21,98.08,49.1525,50.8475,2017,legi
2017_legi_t1,44143_0031,44,Loire-Atlantique,,,44143,Rezé,4.0,4ème circonscription,0031,770,393,377,4.0,0,373,51.04,48.96,0.52,1.06,0.0,0.0,48.44,98.94,48.961,51.039,2017,legi
2017_legi_t1,44143_0032,44,Loire-Atlantique,,,44143,Rezé,4.0,4ème circonscription,0032,586,290,296,1.0,0,295,49.49,50.51,0.17,0.34,0.0,0.0,50.34,99.66,50.5119,49.4881,2017,legi
2017_legi_t1,44162_0033,44,Loire-Atlantique,,,44162,Saint-Herblain,3.0,3ème circonscription,0033,787,276,511,5.0,0,506,35.07,64.93,0.64,0.98,0.0,0.0,64.29,99.02,64.9301,35.0699,2017,legi
2017_legi_t1,44162_0034,44,Loire-Atlantique,,,44162,Saint-Herblain,3.0,3ème circonscription,0034,739,267,472,7.0,2,463,36.13,63.87,0.95,1.48,0.27,0.42,62.65,98.09,63.8701,36.1299,2017,legi
2017_legi_t1,44162_0035,44,Loire-Atlantique,,,44162,Saint-Herblain,3.0,3ème circonscription,0035,671,339,332,5.0,0,327,50.52,49.48,0.75,1.51,0.0,0.0,48.73,98.49,49.4784,50.5216,2017,legi
2017_legi_t1,44162_0036,44,Loire-Atlantique,,,44162,Saint-Herblain,3.0,3ème circonscription,0036,729,342,387,5.0,0,382,46.91,53.09,0.69,1.29,0.0,0.0,52.4,98.71,53.0864,46.9136,2017,legi
2017_legi_t1,44162_0037,44,Loire-Atlantique,,,44162,Saint-Herblain,3.0,3ème circonscription,0037,628,265,363,4.0,0,359,42.2,57.8,0.64,1.1,0.0,0.0,57.17,98.9,57.8025,42.1975,2017,legi
2017_legi_t1,44162_0038,44,Loire-Atlantique,,,44162,Saint-Herblain,3.0,3ème circonscription,0038,655,287,368,7.0,1,360,43.82,56.18,1.07,1.9,0.15,0.27,54.96,97.83,56.1832,43.8168,2017,legi
2017_legi_t1,44162_0039,44,Loire-Atlantique,,,44162,Saint-Herblain,3.0,3ème circonscription,0039,735,334,401,7.0,1,393,45.44,54.56,0.95,1.75,0.14,0.25,53.47,98.0,54.5578,45.4422,2017,legi
2017_legi_t1,44184_0040,44,Loire-Atlantique,,,44184,Saint-Nazaire,8.0,8ème circonscription,0040,1101,590,511,5.0,1,505,53.59,46.41,0.45,0.98,0.09,0.2,45.87,98.83,46.4124,53.5876,2017,legi
2017_legi_t1,44184_0041,44,Loire-Atlantique,,,44184,Saint-Nazaire,8.0,8ème circonscription,0041,1120,657,463,3.0,3,457,58.66,41.34,0.27,0.65,0.27,0.65,40.8,98.7,41.3393,58.6607,2017,legi
2017_legi_t1,44184_0042,44,Loire-Atlantique,,,44184,Saint-Nazaire,8.0,8ème circonscription,0042,996,567,429,4.0,1,424,56.93,43.07,0.4,0.93,0.1,0.23,42.57,98.83,43.0723,56.9277,2017,legi
2017_legi_t1,44184_0043,44,Loire-Atlantique,,,44184,Saint-Nazaire,8.0,8ème circonscription,0043,957,535,422,7.0,2,413,55.9,44.1,0.73,1.66,0.21,0.47,43.16,97.87,44.0961,55.9039,2017,legi
2017_legi_t1,44184_0044,44,Loire-Atlantique,,,44184,Saint-Nazaire,8.0,8ème circonscription,0044,1080,620,460,2.0,1,457,57.41,42.59,0.19,0.43,0.09,0.22,42.31,99.35,42.5926,57.4074,2017,legi
2017_legi_t1,44184_0045,44,Loire-Atlantique,,,44184,Saint-Nazaire,8.0,8ème circonscription,0045,991,499,492,7.0,5,480,50.35,49.65,0.71,1.42,0.5,1.02,48.44,97.56,49.6468,50.3532,2017,legi
2017_legi_t1,44184_0046,44,Loire-Atlantique,,,44184,Saint-Nazaire,8.0,8ème circonscription,0046,941,449,492,5.0,6,481,47.72,52.28,0.53,1.02,0.64,1.22,51.12,97.76,52.2848,47.7152,2017,legi
2017_legi_t1,44184_0047,44,Loire-Atlantique,,,44184,Saint-Nazaire,8.0,8ème circonscription,0047,1324,572,752,8.0,1,743,43.2,56.8,0.6,1.06,0.08,0.13,56.12,98.8,56.7976,43.2024,2017,legi
2017_legi_t1,49002_0001,49,Maine-et-Loire,,,49002,Allonnes,3.0,3ème circonscription,0001,979,465,514,13.0,4,497,47.5,52.5,1.33,2.53,0.41,0.78,50.77,96.69,52.5026,47.4974,2017,legi
2017_legi_t1,49002_0002,49,Maine-et-Loire,,,49002,Allonnes,3.0,3ème circonscription,0002,1048,596,452,7.0,4,441,56.87,43.13,0.67,1.55,0.38,0.88,42.08,97.57,43.1298,56.8702,2017,legi
2017_legi_t1,49003_0003,49,Maine-et-Loire,,,49003,Tuffalun,4.0,4ème circonscription,0003,226,100,126,4.0,0,122,44.25,55.75,1.77,3.17,0.0,0.0,53.98,96.83,55.7522,44.2478,2017,legi
2017_legi_t1,49007_0101,49,Maine-et-Loire,,,49007,Angers,1.0,1ère circonscription,0101,1113,574,539,5.0,3,531,51.57,48.43,0.45,0.93,0.27,0.56,47.71,98.52,48.4277,51.5723,2017,legi
2017_legi_t1,49007_0102,49,Maine-et-Loire,,,49007,Angers,1.0,1ère circonscription,0102,1352,631,721,11.0,3,707,46.67,53.33,0.81,1.53,0.22,0.42,52.29,98.06,53.3284,46.6716,2017,legi
2017_legi_t1,49007_0103,49,Maine-et-Loire,,,49007,Angers,1.0,1ère circonscription,0103,1184,621,563,8.0,2,553,52.45,47.55,0.68,1.42,0.17,0.36,46.71,98.22,47.5507,52.4493,2017,legi
2017_legi_t1,49007_0104,49,Maine-et-Loire,,,49007,Angers,1.0,1ère circonscription,0104,1195,530,665,5.0,1,659,44.35,55.65,0.42,0.75,0.08,0.15,55.15,99.1,55.6485,44.3515,2017,legi
2017_legi_t1,49007_0105,49,Maine-et-Loire,,,49007,Angers,1.0,1ère circonscription,0105,1342,550,792,9.0,4,779,40.98,59.02,0.67,1.14,0.3,0.51,58.05,98.36,59.0164,40.9836,2017,legi
2017_legi_t1,49007_0106,49,Maine-et-Loire,,,49007,Angers,1.0,1ère circonscription,0106,1014,424,590,5.0,1,584,41.81,58.19,0.49,0.85,0.1,0.17,57.59,98.98,58.1854,41.8146,2017,legi
2017_legi_t1,49007_0107,49,Maine-et-Loire,,,49007,Angers,1.0,1ère circonscription,0107,1038,431,607,4.0,4,599,41.52,58.48,0.39,0.66,0.39,0.66,57.71,98.68,58.4778,41.5222,2017,legi
2017_legi_t1,49007_0108,49,Maine-et-Loire,,,49007,Angers,1.0,1ère circonscription,0108,931,299,632,7.0,1,624,32.12,67.88,0.75,1.11,0.11,0.16,67.02,98.73,67.884,32.116,2017,legi
2017_legi_t1,49007_0109,49,Maine-et-Loire,,,49007,Angers,1.0,1ère circonscription,0109,968,348,620,6.0,1,613,35.95,64.05,0.62,0.97,0.1,0.16,63.33,98.87,64.0496,35.9504,2017,legi
2017_legi_t1,49007_0110,49,Maine-et-Loire,,,49007,Angers,1.0,1ère circonscription,0110,1198,471,727,5.0,2,720,39.32,60.68,0.42,0.69,0.17,0.28,60.1,99.04,60.6845,39.3155,2017,legi
2017_legi_t1,49007_0111,49,Maine-et-Loire,,,49007,Angers,1.0,1ère circonscription,0111,1186,461,725,2.0,7,716,38.87,61.13,0.17,0.28,0.59,0.97,60.37,98.76,61.1298,38.8702,2017,legi
2017_legi_t1,49007_0112,49,Maine-et-Loire,,,49007,Angers,1.0,1ère circonscription,0112,1170,473,697,8.0,5,684,40.43,59.57,0.68,1.15,0.43,0.72,58.46,98.13,59.5726,40.4274,2017,legi
2017_legi_t1,49007_0113,49,Maine-et-Loire,,,49007,Angers,1.0,1ère circonscription,0113,1084,366,718,6.0,1,711,33.76,66.24,0.55,0.84,0.09,0.14,65.59,99.03,66.2362,33.7638,2017,legi
2017_legi_t1,49007_0115,49,Maine-et-Loire,,,49007,Angers,1.0,1ère circonscription,0115,961,382,579,3.0,1,575,39.75,60.25,0.31,0.52,0.1,0.17,59.83,99.31,60.2497,39.7503,2017,legi
2017_legi_t1,49007_0116,49,Maine-et-Loire,,,49007,Angers,1.0,1ère circonscription,0116,1054,410,644,7.0,1,636,38.9,61.1,0.66,1.09,0.09,0.16,60.34,98.76,61.1006,38.8994,2017,legi
2017_legi_t1,49007_0117,49,Maine-et-Loire,,,49007,Angers,1.0,1ère circonscription,0117,1180,442,738,4.0,1,733,37.46,62.54,0.34,0.54,0.08,0.14,62.12,99.32,62.5424,37.4576,2017,legi
2017_legi_t1,49007_0118,49,Maine-et-Loire,,,49007,Angers,1.0,1ère circonscription,0118,945,488,457,3.0,2,452,51.64,48.36,0.32,0.66,0.21,0.44,47.83,98.91,48.3598,51.6402,2017,legi
2017_legi_t1,49007_0119,49,Maine-et-Loire,,,49007,Angers,1.0,1ère circonscription,0119,1177,534,643,8.0,2,633,45.37,54.63,0.68,1.24,0.17,0.31,53.78,98.44,54.6304,45.3696,2017,legi
2017_legi_t1,49007_0122,49,Maine-et-Loire,,,49007,Angers,1.0,1ère circonscription,0122,1266,560,706,6.0,4,696,44.23,55.77,0.47,0.85,0.32,0.57,54.98,98.58,55.7662,44.2338,2017,legi
2017_legi_t1,49007_0123,49,Maine-et-Loire,,,49007,Angers,1.0,1ère circonscription,0123,1132,574,558,5.0,6,547,50.71,49.29,0.44,0.9,0.53,1.08,48.32,98.03,49.2933,50.7067,2017,legi
2017_legi_t1,49007_0214,49,Maine-et-Loire,,,49007,Angers,1.0,1ère circonscription,0214,1147,562,585,7.0,5,573,49.0,51.0,0.61,1.2,0.44,0.85,49.96,97.95,51.0026,48.9974,2017,legi
2017_legi_t1,49007_0501,49,Maine-et-Loire,,,49007,Angers,1.0,1ère circonscription,0501,936,539,397,5.0,1,391,57.59,42.41,0.53,1.26,0.11,0.25,41.77,98.49,42.4145,57.5855,2017,legi
2017_legi_t1,49007_0502,49,Maine-et-Loire,,,49007,Angers,1.0,1ère circonscription,0502,1285,555,730,5.0,1,724,43.19,56.81,0.39,0.68,0.08,0.14,56.34,99.18,56.8093,43.1907,2017,legi
2017_legi_t1,49007_0503,49,Maine-et-Loire,,,49007,Angers,1.0,1ère circonscription,0503,1216,614,602,7.0,3,592,50.49,49.51,0.58,1.16,0.25,0.5,48.68,98.34,49.5066,50.4934,2017,legi
2017_legi_t1,49007_0504,49,Maine-et-Loire,,,49007,Angers,1.0,1ère circonscription,0504,1061,517,544,4.0,3,537,48.73,51.27,0.38,0.74,0.28,0.55,50.61,98.71,51.2724,48.7276,2017,legi
2017_legi_t1,49007_0505,49,Maine-et-Loire,,,49007,Angers,1.0,1ère circonscription,0505,1249,556,693,10.0,10,673,44.52,55.48,0.8,1.44,0.8,1.44,53.88,97.11,55.4844,44.5156,2017,legi
2017_legi_t1,49007_0506,49,Maine-et-Loire,,,49007,Angers,1.0,1ère circonscription,0506,1386,590,796,10.0,3,783,42.57,57.43,0.72,1.26,0.22,0.38,56.49,98.37,57.4315,42.5685,2017,legi
2017_legi_t1,49007_0507,49,Maine-et-Loire,,,49007,Angers,1.0,1ère circonscription,0507,925,408,517,4.0,2,511,44.11,55.89,0.43,0.77,0.22,0.39,55.24,98.84,55.8919,44.1081,2017,legi
2017_legi_t1,49007_0508,49,Maine-et-Loire,,,49007,Angers,1.0,1ère circonscription,0508,914,490,424,15.0,4,405,53.61,46.39,1.64,3.54,0.44,0.94,44.31,95.52,46.3895,53.6105,2017,legi
2017_legi_t1,49007_0509,49,Maine-et-Loire,,,49007,Angers,1.0,1ère circonscription,0509,959,537,422,5.0,0,417,56.0,44.0,0.52,1.18,0.0,0.0,43.48,98.82,44.0042,55.9958,2017,legi
2017_legi_t1,49007_0510,49,Maine-et-Loire,,,49007,Angers,1.0,1ère circonscription,0510,914,600,314,5.0,6,303,65.65,34.35,0.55,1.59,0.66,1.91,33.15,96.5,34.3545,65.6455,2017,legi
2017_legi_t1,49007_0511,49,Maine-et-Loire,,,49007,Angers,1.0,1ère circonscription,0511,898,569,329,4.0,0,325,63.36,36.64,0.45,1.22,0.0,0.0,36.19,98.78,36.637,63.363,2017,legi
2017_legi_t1,49007_0512,49,Maine-et-Loire,,,49007,Angers,1.0,1ère circonscription,0512,1063,693,370,4.0,1,365,65.19,34.81,0.38,1.08,0.09,0.27,34.34,98.65,34.8071,65.1929,2017,legi
2017_legi_t1,49007_0513,49,Maine-et-Loire,,,49007,Angers,1.0,1ère circonscription,0513,964,678,286,5.0,3,278,70.33,29.67,0.52,1.75,0.31,1.05,28.84,97.2,29.668,70.332,2017,legi
2017_legi_t1,49007_0514,49,Maine-et-Loire,,,49007,Angers,1.0,1ère circonscription,0514,1052,577,475,7.0,0,468,54.85,45.15,0.67,1.47,0.0,0.0,44.49,98.53,45.1521,54.8479,2017,legi
2017_legi_t1,49007_0601,49,Maine-et-Loire,,,49007,Angers,1.0,1ère circonscription,0601,1283,702,581,6.0,5,570,54.72,45.28,0.47,1.03,0.39,0.86,44.43,98.11,45.2845,54.7155,2017,legi
2017_legi_t1,49007_0602,49,Maine-et-Loire,,,49007,Angers,1.0,1ère circonscription,0602,1091,609,482,6.0,4,472,55.82,44.18,0.55,1.24,0.37,0.83,43.26,97.93,44.1797,55.8203,2017,legi
2017_legi_t1,49007_0603,49,Maine-et-Loire,,,49007,Angers,1.0,1ère circonscription,0603,1018,577,441,5.0,2,434,56.68,43.32,0.49,1.13,0.2,0.45,42.63,98.41,43.3202,56.6798,2017,legi
2017_legi_t1,49007_0604,49,Maine-et-Loire,,,49007,Angers,1.0,1ère circonscription,0604,1296,674,622,14.0,4,604,52.01,47.99,1.08,2.25,0.31,0.64,46.6,97.11,47.9938,52.0062,2017,legi
2017_legi_t1,49007_0114,49,Maine-et-Loire,,,49007,Angers,2.0,2ème circonscription,0114,477,183,294,3.0,2,289,38.36,61.64,0.63,1.02,0.42,0.68,60.59,98.3,61.6352,38.3648,2017,legi
2017_legi_t1,49007_0120,49,Maine-et-Loire,,,49007,Angers,2.0,2ème circonscription,0120,1127,451,676,9.0,3,664,40.02,59.98,0.8,1.33,0.27,0.44,58.92,98.22,59.9823,40.0177,2017,legi
2017_legi_t1,49007_0121,49,Maine-et-Loire,,,49007,Angers,2.0,2ème circonscription,0121,941,446,495,4.0,2,489,47.4,52.6,0.43,0.81,0.21,0.4,51.97,98.79,52.6036,47.3964,2017,legi
2017_legi_t1,49007_0201,49,Maine-et-Loire,,,49007,Angers,2.0,2ème circonscription,0201,870,343,527,3.0,1,523,39.43,60.57,0.34,0.57,0.11,0.19,60.11,99.24,60.5747,39.4253,2017,legi
2017_legi_t1,49007_0202,49,Maine-et-Loire,,,49007,Angers,2.0,2ème circonscription,0202,1374,564,810,8.0,2,800,41.05,58.95,0.58,0.99,0.15,0.25,58.22,98.77,58.952,41.048,2017,legi
2017_legi_t1,49007_0203,49,Maine-et-Loire,,,49007,Angers,2.0,2ème circonscription,0203,1051,495,556,6.0,2,548,47.1,52.9,0.57,1.08,0.19,0.36,52.14,98.56,52.902,47.098,2017,legi
2017_legi_t1,49007_0204,49,Maine-et-Loire,,,49007,Angers,2.0,2ème circonscription,0204,980,714,266,4.0,3,259,72.86,27.14,0.41,1.5,0.31,1.13,26.43,97.37,27.1429,72.8571,2017,legi
2017_legi_t1,49007_0205,49,Maine-et-Loire,,,49007,Angers,2.0,2ème circonscription,0205,1209,704,505,12.0,2,491,58.23,41.77,0.99,2.38,0.17,0.4,40.61,97.23,41.7701,58.2299,2017,legi
2017_legi_t1,49007_0206,49,Maine-et-Loire,,,49007,Angers,2.0,2ème circonscription,0206,930,373,557,8.0,2,547,40.11,59.89,0.86,1.44,0.22,0.36,58.82,98.2,59.8925,40.1075,2017,legi
2017_legi_t1,49007_0207,49,Maine-et-Loire,,,49007,Angers,2.0,2ème circonscription,0207,1451,993,458,7.0,5,446,68.44,31.56,0.48,1.53,0.34,1.09,30.74,97.38,31.5644,68.4356,2017,legi
2017_legi_t1,49007_0208,49,Maine-et-Loire,,,49007,Angers,2.0,2ème circonscription,0208,948,390,558,8.0,6,544,41.14,58.86,0.84,1.43,0.63,1.08,57.38,97.49,58.8608,41.1392,2017,legi
2017_legi_t1,49007_0209,49,Maine-et-Loire,,,49007,Angers,2.0,2ème circonscription,0209,1093,593,500,8.0,2,490,54.25,45.75,0.73,1.6,0.18,0.4,44.83,98.0,45.7457,54.2543,2017,legi
2017_legi_t1,49007_0210,49,Maine-et-Loire,,,49007,Angers,2.0,2ème circonscription,0210,1066,603,463,5.0,3,455,56.57,43.43,0.47,1.08,0.28,0.65,42.68,98.27,43.4334,56.5666,2017,legi
2017_legi_t1,49007_0211,49,Maine-et-Loire,,,49007,Angers,2.0,2ème circonscription,0211,1060,536,524,8.0,4,512,50.57,49.43,0.75,1.53,0.38,0.76,48.3,97.71,49.434,50.566,2017,legi
2017_legi_t1,49007_0212,49,Maine-et-Loire,,,49007,Angers,2.0,2ème circonscription,0212,1007,457,550,14.0,1,535,45.38,54.62,1.39,2.55,0.1,0.18,53.13,97.27,54.6177,45.3823,2017,legi
2017_legi_t1,49007_0213,49,Maine-et-Loire,,,49007,Angers,2.0,2ème circonscription,0213,656,277,379,10.0,5,364,42.23,57.77,1.52,2.64,0.76,1.32,55.49,96.04,57.7744,42.2256,2017,legi
2017_legi_t1,49007_0701,49,Maine-et-Loire,,,49007,Angers,2.0,2ème circonscription,0701,1169,580,589,8.0,2,579,49.62,50.38,0.68,1.36,0.17,0.34,49.53,98.3,50.3849,49.6151,2017,legi
2017_legi_t1,49007_0702,49,Maine-et-Loire,,,49007,Angers,2.0,2ème circonscription,0702,996,538,458,5.0,1,452,54.02,45.98,0.5,1.09,0.1,0.22,45.38,98.69,45.9839,54.0161,2017,legi
2017_legi_t1,49007_0703,49,Maine-et-Loire,,,49007,Angers,2.0,2ème circonscription,0703,1213,603,610,12.0,2,596,49.71,50.29,0.99,1.97,0.16,0.33,49.13,97.7,50.2885,49.7115,2017,legi
2017_legi_t1,49007_0704,49,Maine-et-Loire,,,49007,Angers,2.0,2ème circonscription,0704,1240,606,634,9.0,2,623,48.87,51.13,0.73,1.42,0.16,0.32,50.24,98.26,51.129,48.871,2017,legi
2017_legi_t1,49007_0705,49,Maine-et-Loire,,,49007,Angers,2.0,2ème circonscription,0705,1264,639,625,1.0,6,618,50.55,49.45,0.08,0.16,0.47,0.96,48.89,98.88,49.4462,50.5538,2017,legi
2017_legi_t1,49007_0215,49,Maine-et-Loire,,,49007,Angers,6.0,6ème circonscription,0215,1082,552,530,8.0,2,520,51.02,48.98,0.74,1.51,0.18,0.38,48.06,98.11,48.9834,51.0166,2017,legi
2017_legi_t1,49007_0216,49,Maine-et-Loire,,,49007,Angers,6.0,6ème circonscription,0216,1004,457,547,6.0,2,539,45.52,54.48,0.6,1.1,0.2,0.37,53.69,98.54,54.4821,45.5179,2017,legi
2017_legi_t1,49007_0217,49,Maine-et-Loire,,,49007,Angers,6.0,6ème circonscription,0217,878,409,469,8.0,1,460,46.58,53.42,0.91,1.71,0.11,0.21,52.39,98.08,53.4169,46.5831,2017,legi
2017_legi_t1,49007_0218,49,Maine-et-Loire,,,49007,Angers,6.0,6ème circonscription,0218,1028,386,642,19.0,6,617,37.55,62.45,1.85,2.96,0.58,0.93,60.02,96.11,62.4514,37.5486,2017,legi
2017_legi_t1,49007_0219,49,Maine-et-Loire,,,49007,Angers,6.0,6ème circonscription,0219,995,470,525,17.0,3,505,47.24,52.76,1.71,3.24,0.3,0.57,50.75,96.19,52.7638,47.2362,2017,legi
2017_legi_t1,49007_0302,49,Maine-et-Loire,,,49007,Angers,6.0,6ème circonscription,0302,1028,481,547,5.0,4,538,46.79,53.21,0.49,0.91,0.39,0.73,52.33,98.35,53.2101,46.7899,2017,legi
2017_legi_t1,49007_0303,49,Maine-et-Loire,,,49007,Angers,6.0,6ème circonscription,0303,878,473,405,7.0,0,398,53.87,46.13,0.8,1.73,0.0,0.0,45.33,98.27,46.1276,53.8724,2017,legi
2017_legi_t1,49007_0304,49,Maine-et-Loire,,,49007,Angers,6.0,6ème circonscription,0304,1133,618,515,7.0,4,504,54.55,45.45,0.62,1.36,0.35,0.78,44.48,97.86,45.4545,54.5455,2017,legi
2017_legi_t1,49007_0308,49,Maine-et-Loire,,,49007,Angers,6.0,6ème circonscription,0308,894,488,406,6.0,4,396,54.59,45.41,0.67,1.48,0.45,0.99,44.3,97.54,45.4139,54.5861,2017,legi
2017_legi_t1,49007_0309,49,Maine-et-Loire,,,49007,Angers,6.0,6ème circonscription,0309,910,633,277,7.0,1,269,69.56,30.44,0.77,2.53,0.11,0.36,29.56,97.11,30.4396,69.5604,2017,legi
2017_legi_t1,49007_0310,49,Maine-et-Loire,,,49007,Angers,6.0,6ème circonscription,0310,999,465,534,8.0,2,524,46.55,53.45,0.8,1.5,0.2,0.37,52.45,98.13,53.4535,46.5465,2017,legi
2017_legi_t1,49007_0311,49,Maine-et-Loire,,,49007,Angers,6.0,6ème circonscription,0311,1276,800,476,10.0,2,464,62.7,37.3,0.78,2.1,0.16,0.42,36.36,97.48,37.3041,62.6959,2017,legi
2017_legi_t1,49007_0312,49,Maine-et-Loire,,,49007,Angers,6.0,6ème circonscription,0312,1361,848,513,4.0,3,506,62.31,37.69,0.29,0.78,0.22,0.58,37.18,98.64,37.6929,62.3071,2017,legi
2017_legi_t1,49007_0301,49,Maine-et-Loire,,,49007,Angers,7.0,7ème circonscription,0301,1411,615,796,8.0,2,786,43.59,56.41,0.57,1.01,0.14,0.25,55.71,98.74,56.4139,43.5861,2017,legi
2017_legi_t1,49007_0305,49,Maine-et-Loire,,,49007,Angers,7.0,7ème circonscription,0305,952,396,556,8.0,1,547,41.6,58.4,0.84,1.44,0.11,0.18,57.46,98.38,58.4034,41.5966,2017,legi
2017_legi_t1,49007_0306,49,Maine-et-Loire,,,49007,Angers,7.0,7ème circonscription,0306,866,412,454,7.0,1,446,47.58,52.42,0.81,1.54,0.12,0.22,51.5,98.24,52.4249,47.5751,2017,legi
2017_legi_t1,49007_0307,49,Maine-et-Loire,,,49007,Angers,7.0,7ème circonscription,0307,1095,486,609,7.0,3,599,44.38,55.62,0.64,1.15,0.27,0.49,54.7,98.36,55.6164,44.3836,2017,legi
2017_legi_t1,49007_0401,49,Maine-et-Loire,,,49007,Angers,7.0,7ème circonscription,0401,975,471,504,6.0,3,495,48.31,51.69,0.62,1.19,0.31,0.6,50.77,98.21,51.6923,48.3077,2017,legi
2017_legi_t1,49007_0402,49,Maine-et-Loire,,,49007,Angers,7.0,7ème circonscription,0402,1062,471,591,6.0,7,578,44.35,55.65,0.56,1.02,0.66,1.18,54.43,97.8,55.6497,44.3503,2017,legi
2017_legi_t1,49007_0403,49,Maine-et-Loire,,,49007,Angers,7.0,7ème circonscription,0403,990,462,528,6.0,0,522,46.67,53.33,0.61,1.14,0.0,0.0,52.73,98.86,53.3333,46.6667,2017,legi
2017_legi_t1,49007_0404,49,Maine-et-Loire,,,49007,Angers,7.0,7ème circonscription,0404,1247,607,640,11.0,4,625,48.68,51.32,0.88,1.72,0.32,0.62,50.12,97.66,51.3232,48.6768,2017,legi
2017_legi_t1,49007_0405,49,Maine-et-Loire,,,49007,Angers,7.0,7ème circonscription,0405,990,663,327,10.0,1,316,66.97,33.03,1.01,3.06,0.1,0.31,31.92,96.64,33.0303,66.9697,2017,legi
2017_legi_t1,49007_0406,49,Maine-et-Loire,,,49007,Angers,7.0,7ème circonscription,0406,1216,578,638,8.0,1,629,47.53,52.47,0.66,1.25,0.08,0.16,51.73,98.59,52.4671,47.5329,2017,legi
2017_legi_t1,49015_0004,49,Maine-et-Loire,,,49015,Avrillé,7.0,7ème circonscription,0004,749,267,482,7.0,5,470,35.65,64.35,0.93,1.45,0.67,1.04,62.75,97.51,64.3525,35.6475,2017,legi
2017_legi_t1,49015_0005,49,Maine-et-Loire,,,49015,Avrillé,7.0,7ème circonscription,0005,867,299,568,6.0,3,559,34.49,65.51,0.69,1.06,0.35,0.53,64.48,98.42,65.5133,34.4867,2017,legi
2017_legi_t1,49015_0006,49,Maine-et-Loire,,,49015,Avrillé,7.0,7ème circonscription,0006,930,305,625,4.0,0,621,32.8,67.2,0.43,0.64,0.0,0.0,66.77,99.36,67.2043,32.7957,2017,legi
2017_legi_t1,49015_0007,49,Maine-et-Loire,,,49015,Avrillé,7.0,7ème circonscription,0007,699,226,473,3.0,1,469,32.33,67.67,0.43,0.63,0.14,0.21,67.1,99.15,67.6681,32.3319,2017,legi
2017_legi_t1,49015_0008,49,Maine-et-Loire,,,49015,Avrillé,7.0,7ème circonscription,0008,869,317,552,6.0,0,546,36.48,63.52,0.69,1.09,0.0,0.0,62.83,98.91,63.5213,36.4787,2017,legi
2017_legi_t1,49015_0009,49,Maine-et-Loire,,,49015,Avrillé,7.0,7ème circonscription,0009,809,314,495,2.0,1,492,38.81,61.19,0.25,0.4,0.12,0.2,60.82,99.39,61.1867,38.8133,2017,legi
2017_legi_t1,49015_0010,49,Maine-et-Loire,,,49015,Avrillé,7.0,7ème circonscription,0010,1252,522,730,12.0,2,716,41.69,58.31,0.96,1.64,0.16,0.27,57.19,98.08,58.3067,41.6933,2017,legi
2017_legi_t1,49015_0011,49,Maine-et-Loire,,,49015,Avrillé,7.0,7ème circonscription,0011,968,350,618,5.0,3,610,36.16,63.84,0.52,0.81,0.31,0.49,63.02,98.71,63.843,36.157,2017,legi
2017_legi_t1,49015_0012,49,Maine-et-Loire,,,49015,Avrillé,7.0,7ème circonscription,0012,483,214,269,2.0,3,264,44.31,55.69,0.41,0.74,0.62,1.12,54.66,98.14,55.6936,44.3064,2017,legi
2017_legi_t1,49018_0013,49,Maine-et-Loire,,,49018,Baugé-En-Anjou,3.0,3ème circonscription,0013,206,92,114,2.0,5,107,44.66,55.34,0.97,1.75,2.43,4.39,51.94,93.86,55.3398,44.6602,2017,legi
2017_legi_t1,49018_0014,49,Maine-et-Loire,,,49018,Baugé-En-Anjou,3.0,3ème circonscription,0014,210,110,100,0.0,0,100,52.38,47.62,0.0,0.0,0.0,0.0,47.62,100.0,47.619,52.381,2017,legi
2017_legi_t1,49018_0015,49,Maine-et-Loire,,,49018,Baugé-En-Anjou,3.0,3ème circonscription,0015,1005,500,505,6.0,5,494,49.75,50.25,0.6,1.19,0.5,0.99,49.15,97.82,50.2488,49.7512,2017,legi
2017_legi_t1,49018_0016,49,Maine-et-Loire,,,49018,Baugé-En-Anjou,3.0,3ème circonscription,0016,868,425,443,4.0,1,438,48.96,51.04,0.46,0.9,0.12,0.23,50.46,98.87,51.0369,48.9631,2017,legi
2017_legi_t1,49018_0017,49,Maine-et-Loire,,,49018,Baugé-En-Anjou,3.0,3ème circonscription,0017,737,356,381,6.0,2,373,48.3,51.7,0.81,1.57,0.27,0.52,50.61,97.9,51.6961,48.3039,2017,legi
2017_legi_t1,49092_0018,49,Maine-et-Loire,,,49092,Chemillé-En-Anjou,4.0,4ème circonscription,0018,667,335,332,8.0,6,318,50.22,49.78,1.2,2.41,0.9,1.81,47.68,95.78,49.7751,50.2249,2017,legi
2017_legi_t1,49099_0019,49,Maine-et-Loire,,,49099,Cholet,5.0,5ème circonscription,0019,1191,609,582,7.0,2,573,51.13,48.87,0.59,1.2,0.17,0.34,48.11,98.45,48.8665,51.1335,2017,legi
2017_legi_t1,49099_0020,49,Maine-et-Loire,,,49099,Cholet,5.0,5ème circonscription,0020,1052,554,498,1.0,2,495,52.66,47.34,0.1,0.2,0.19,0.4,47.05,99.4,47.3384,52.6616,2017,legi
2017_legi_t1,49099_0021,49,Maine-et-Loire,,,49099,Cholet,5.0,5ème circonscription,0021,990,645,345,2.0,2,341,65.15,34.85,0.2,0.58,0.2,0.58,34.44,98.84,34.8485,65.1515,2017,legi
2017_legi_t1,49099_0022,49,Maine-et-Loire,,,49099,Cholet,5.0,5ème circonscription,0022,961,522,439,9.0,1,429,54.32,45.68,0.94,2.05,0.1,0.23,44.64,97.72,45.6816,54.3184,2017,legi
2017_legi_t1,49099_0023,49,Maine-et-Loire,,,49099,Cholet,5.0,5ème circonscription,0023,1126,562,564,6.0,3,555,49.91,50.09,0.53,1.06,0.27,0.53,49.29,98.4,50.0888,49.9112,2017,legi
2017_legi_t1,49099_0024,49,Maine-et-Loire,,,49099,Cholet,5.0,5ème circonscription,0024,1022,519,503,5.0,2,496,50.78,49.22,0.49,0.99,0.2,0.4,48.53,98.61,49.2172,50.7828,2017,legi
2017_legi_t1,49099_0025,49,Maine-et-Loire,,,49099,Cholet,5.0,5ème circonscription,0025,1349,623,726,8.0,4,714,46.18,53.82,0.59,1.1,0.3,0.55,52.93,98.35,53.8176,46.1824,2017,legi
2017_legi_t1,49099_0026,49,Maine-et-Loire,,,49099,Cholet,5.0,5ème circonscription,0026,875,395,480,9.0,5,466,45.14,54.86,1.03,1.88,0.57,1.04,53.26,97.08,54.8571,45.1429,2017,legi
2017_legi_t1,49099_0027,49,Maine-et-Loire,,,49099,Cholet,5.0,5ème circonscription,0027,760,345,415,4.0,1,410,45.39,54.61,0.53,0.96,0.13,0.24,53.95,98.8,54.6053,45.3947,2017,legi
2017_legi_t1,49099_0028,49,Maine-et-Loire,,,49099,Cholet,5.0,5ème circonscription,0028,1270,631,639,3.0,6,630,49.69,50.31,0.24,0.47,0.47,0.94,49.61,98.59,50.315,49.685,2017,legi
2017_legi_t1,49099_0029,49,Maine-et-Loire,,,49099,Cholet,5.0,5ème circonscription,0029,1221,589,632,4.0,1,627,48.24,51.76,0.33,0.63,0.08,0.16,51.35,99.21,51.7609,48.2391,2017,legi
2017_legi_t1,49099_0030,49,Maine-et-Loire,,,49099,Cholet,5.0,5ème circonscription,0030,971,498,473,5.0,1,467,51.29,48.71,0.51,1.06,0.1,0.21,48.09,98.73,48.7127,51.2873,2017,legi
2017_legi_t1,49099_0031,49,Maine-et-Loire,,,49099,Cholet,5.0,5ème circonscription,0031,996,463,533,7.0,2,524,46.49,53.51,0.7,1.31,0.2,0.38,52.61,98.31,53.5141,46.4859,2017,legi
2017_legi_t1,49099_0032,49,Maine-et-Loire,,,49099,Cholet,5.0,5ème circonscription,0032,1009,501,508,3.0,5,500,49.65,50.35,0.3,0.59,0.5,0.98,49.55,98.43,50.3469,49.6531,2017,legi
2017_legi_t1,49099_0033,49,Maine-et-Loire,,,49099,Cholet,5.0,5ème circonscription,0033,916,432,484,7.0,2,475,47.16,52.84,0.76,1.45,0.22,0.41,51.86,98.14,52.8384,47.1616,2017,legi
2017_legi_t1,49099_0034,49,Maine-et-Loire,,,49099,Cholet,5.0,5ème circonscription,0034,881,445,436,5.0,4,427,50.51,49.49,0.57,1.15,0.45,0.92,48.47,97.94,49.4892,50.5108,2017,legi
2017_legi_t1,49099_0035,49,Maine-et-Loire,,,49099,Cholet,5.0,5ème circonscription,0035,975,537,438,4.0,3,431,55.08,44.92,0.41,0.91,0.31,0.68,44.21,98.4,44.9231,55.0769,2017,legi
2017_legi_t1,53001_0001,53,Mayenne,,,53001,Ahuillé,2.0,2ème circonscription,0001,748,329,419,8.0,2,409,43.98,56.02,1.07,1.91,0.27,0.48,54.68,97.61,56.016,43.984,2017,legi
2017_legi_t1,53001_0002,53,Mayenne,,,53001,Ahuillé,2.0,2ème circonscription,0002,633,291,342,6.0,6,330,45.97,54.03,0.95,1.75,0.95,1.75,52.13,96.49,54.0284,45.9716,2017,legi
2017_legi_t1,53005_0003,53,Mayenne,,,53005,Andouillé,3.0,3ème circonscription,0003,577,262,315,4.0,0,311,45.41,54.59,0.69,1.27,0.0,0.0,53.9,98.73,54.5927,45.4073,2017,legi
2017_legi_t1,53014_0004,53,Mayenne,,,53014,Azé,2.0,2ème circonscription,0004,670,324,346,7.0,3,336,48.36,51.64,1.04,2.02,0.45,0.87,50.15,97.11,51.6418,48.3582,2017,legi
2017_legi_t1,53034_0005,53,Mayenne,,,53034,Bonchamp-Lès-Laval,1.0,1ère circonscription,0005,1053,473,580,8.0,4,568,44.92,55.08,0.76,1.38,0.38,0.69,53.94,97.93,55.0807,44.9193,2017,legi
2017_legi_t1,53062_0006,53,Mayenne,,,53062,Château-Gontier,2.0,2ème circonscription,0006,963,442,521,7.0,1,513,45.9,54.1,0.73,1.34,0.1,0.19,53.27,98.46,54.1018,45.8982,2017,legi
2017_legi_t1,53062_0007,53,Mayenne,,,53062,Château-Gontier,2.0,2ème circonscription,0007,854,402,452,5.0,2,445,47.07,52.93,0.59,1.11,0.23,0.44,52.11,98.45,52.9274,47.0726,2017,legi
2017_legi_t1,53062_0008,53,Mayenne,,,53062,Château-Gontier,2.0,2ème circonscription,0008,976,469,507,10.0,3,494,48.05,51.95,1.02,1.97,0.31,0.59,50.61,97.44,51.9467,48.0533,2017,legi
2017_legi_t1,53130_0014,53,Mayenne,,,53130,Laval,1.0,1ère circonscription,0014,877,330,547,6.0,1,540,37.63,62.37,0.68,1.1,0.11,0.18,61.57,98.72,62.3717,37.6283,2017,legi
2017_legi_t1,53130_0015,53,Mayenne,,,53130,Laval,1.0,1ère circonscription,0015,1052,389,663,11.0,7,645,36.98,63.02,1.05,1.66,0.67,1.06,61.31,97.29,63.0228,36.9772,2017,legi
2017_legi_t1,53130_0016,53,Mayenne,,,53130,Laval,1.0,1ère circonscription,0016,1061,366,695,3.0,2,690,34.5,65.5,0.28,0.43,0.19,0.29,65.03,99.28,65.5042,34.4958,2017,legi
2017_legi_t1,53130_0017,53,Mayenne,,,53130,Laval,1.0,1ère circonscription,0017,916,496,420,4.0,2,414,54.15,45.85,0.44,0.95,0.22,0.48,45.2,98.57,45.8515,54.1485,2017,legi
2017_legi_t1,53130_0018,53,Mayenne,,,53130,Laval,1.0,1ère circonscription,0018,936,413,523,7.0,2,514,44.12,55.88,0.75,1.34,0.21,0.38,54.91,98.28,55.8761,44.1239,2017,legi
2017_legi_t1,53130_0019,53,Mayenne,,,53130,Laval,1.0,1ère circonscription,0019,1053,428,625,3.0,2,620,40.65,59.35,0.28,0.48,0.19,0.32,58.88,99.2,59.3542,40.6458,2017,legi
2017_legi_t1,53130_0020,53,Mayenne,,,53130,Laval,1.0,1ère circonscription,0020,1042,452,590,1.0,4,585,43.38,56.62,0.1,0.17,0.38,0.68,56.14,99.15,56.6219,43.3781,2017,legi
2017_legi_t1,53130_0021,53,Mayenne,,,53130,Laval,1.0,1ère circonscription,0021,1027,415,612,7.0,1,604,40.41,59.59,0.68,1.14,0.1,0.16,58.81,98.69,59.591,40.409,2017,legi
2017_legi_t1,53130_0022,53,Mayenne,,,53130,Laval,1.0,1ère circonscription,0022,960,407,553,6.0,1,546,42.4,57.6,0.62,1.08,0.1,0.18,56.88,98.73,57.6042,42.3958,2017,legi
2017_legi_t1,53130_0023,53,Mayenne,,,53130,Laval,1.0,1ère circonscription,0023,918,438,480,1.0,0,479,47.71,52.29,0.11,0.21,0.0,0.0,52.18,99.79,52.2876,47.7124,2017,legi
2017_legi_t1,53130_0024,53,Mayenne,,,53130,Laval,1.0,1ère circonscription,0024,841,527,314,4.0,4,306,62.66,37.34,0.48,1.27,0.48,1.27,36.39,97.45,37.3365,62.6635,2017,legi
2017_legi_t1,53130_0025,53,Mayenne,,,53130,Laval,1.0,1ère circonscription,0025,902,489,413,6.0,2,405,54.21,45.79,0.67,1.45,0.22,0.48,44.9,98.06,45.7871,54.2129,2017,legi
2017_legi_t1,53130_0026,53,Mayenne,,,53130,Laval,1.0,1ère circonscription,0026,815,552,263,9.0,3,251,67.73,32.27,1.1,3.42,0.37,1.14,30.8,95.44,32.2699,67.7301,2017,legi
2017_legi_t1,53130_0027,53,Mayenne,,,53130,Laval,1.0,1ère circonscription,0027,899,403,496,5.0,3,488,44.83,55.17,0.56,1.01,0.33,0.6,54.28,98.39,55.1724,44.8276,2017,legi
2017_legi_t1,53130_0028,53,Mayenne,,,53130,Laval,1.0,1ère circonscription,0028,867,389,478,1.0,3,474,44.87,55.13,0.12,0.21,0.35,0.63,54.67,99.16,55.1326,44.8674,2017,legi
2017_legi_t1,53130_0030,53,Mayenne,,,53130,Laval,1.0,1ère circonscription,0030,885,408,477,6.0,3,468,46.1,53.9,0.68,1.26,0.34,0.63,52.88,98.11,53.8983,46.1017,2017,legi
2017_legi_t1,53130_0032,53,Mayenne,,,53130,Laval,1.0,1ère circonscription,0032,1115,481,634,9.0,5,620,43.14,56.86,0.81,1.42,0.45,0.79,55.61,97.79,56.861,43.139,2017,legi
2017_legi_t1,53130_0033,53,Mayenne,,,53130,Laval,1.0,1ère circonscription,0033,941,372,569,3.0,2,564,39.53,60.47,0.32,0.53,0.21,0.35,59.94,99.12,60.4676,39.5324,2017,legi
2017_legi_t1,53130_0009,53,Mayenne,,,53130,Laval,2.0,2ème circonscription,0009,646,286,360,5.0,1,354,44.27,55.73,0.77,1.39,0.15,0.28,54.8,98.33,55.7276,44.2724,2017,legi
2017_legi_t1,53130_0010,53,Mayenne,,,53130,Laval,2.0,2ème circonscription,0010,1005,419,586,5.0,2,579,41.69,58.31,0.5,0.85,0.2,0.34,57.61,98.81,58.3085,41.6915,2017,legi
2017_legi_t1,53130_0011,53,Mayenne,,,53130,Laval,2.0,2ème circonscription,0011,966,416,550,5.0,5,540,43.06,56.94,0.52,0.91,0.52,0.91,55.9,98.18,56.9358,43.0642,2017,legi
2017_legi_t1,53130_0012,53,Mayenne,,,53130,Laval,2.0,2ème circonscription,0012,1073,522,551,3.0,5,543,48.65,51.35,0.28,0.54,0.47,0.91,50.61,98.55,51.3514,48.6486,2017,legi
2017_legi_t1,53130_0013,53,Mayenne,,,53130,Laval,2.0,2ème circonscription,0013,1075,515,560,6.0,4,550,47.91,52.09,0.56,1.07,0.37,0.71,51.16,98.21,52.093,47.907,2017,legi
2017_legi_t1,53130_0029,53,Mayenne,,,53130,Laval,2.0,2ème circonscription,0029,1127,533,594,9.0,3,582,47.29,52.71,0.8,1.52,0.27,0.51,51.64,97.98,52.7063,47.2937,2017,legi
2017_legi_t1,53130_0031,53,Mayenne,,,53130,Laval,2.0,2ème circonscription,0031,1061,548,513,12.0,5,496,51.65,48.35,1.13,2.34,0.47,0.97,46.75,96.69,48.3506,51.6494,2017,legi
2017_legi_t1,72001_0001,72,Sarthe,,,72001,Aigné,1.0,1ère circonscription,0001,1274,594,680,14.0,3,663,46.62,53.38,1.1,2.06,0.24,0.44,52.04,97.5,53.3752,46.6248,2017,legi
2017_legi_t1,72003_0002,72,Sarthe,,,72003,Allonnes,4.0,4ème circonscription,0002,437,315,122,0.0,2,120,72.08,27.92,0.0,0.0,0.46,1.64,27.46,98.36,27.9176,72.0824,2017,legi
2017_legi_t1,72003_0003,72,Sarthe,,,72003,Allonnes,4.0,4ème circonscription,0003,592,310,282,7.0,5,270,52.36,47.64,1.18,2.48,0.84,1.77,45.61,95.74,47.6351,52.3649,2017,legi
2017_legi_t1,72003_0004,72,Sarthe,,,72003,Allonnes,4.0,4ème circonscription,0004,681,467,214,3.0,3,208,68.58,31.42,0.44,1.4,0.44,1.4,30.54,97.2,31.4244,68.5756,2017,legi
2017_legi_t1,72003_0005,72,Sarthe,,,72003,Allonnes,4.0,4ème circonscription,0005,1047,574,473,4.0,3,466,54.82,45.18,0.38,0.85,0.29,0.63,44.51,98.52,45.1767,54.8233,2017,legi
2017_legi_t1,72003_0006,72,Sarthe,,,72003,Allonnes,4.0,4ème circonscription,0006,722,431,291,14.0,1,276,59.7,40.3,1.94,4.81,0.14,0.34,38.23,94.85,40.3047,59.6953,2017,legi
2017_legi_t1,72003_0007,72,Sarthe,,,72003,Allonnes,4.0,4ème circonscription,0007,911,467,444,11.0,2,431,51.26,48.74,1.21,2.48,0.22,0.45,47.31,97.07,48.7377,51.2623,2017,legi
2017_legi_t1,72003_0008,72,Sarthe,,,72003,Allonnes,4.0,4ème circonscription,0008,921,480,441,12.0,4,425,52.12,47.88,1.3,2.72,0.43,0.91,46.15,96.37,47.8827,52.1173,2017,legi
2017_legi_t1,72003_0009,72,Sarthe,,,72003,Allonnes,4.0,4ème circonscription,0009,917,497,420,8.0,6,406,54.2,45.8,0.87,1.9,0.65,1.43,44.27,96.67,45.8015,54.1985,2017,legi
2017_legi_t1,72154_0010,72,Sarthe,,,72154,La Flèche,3.0,3ème circonscription,0010,588,256,332,7.0,2,323,43.54,56.46,1.19,2.11,0.34,0.6,54.93,97.29,56.4626,43.5374,2017,legi
2017_legi_t1,72154_0011,72,Sarthe,,,72154,La Flèche,3.0,3ème circonscription,0011,629,305,324,2.0,2,320,48.49,51.51,0.32,0.62,0.32,0.62,50.87,98.77,51.5103,48.4897,2017,legi
2017_legi_t1,72154_0012,72,Sarthe,,,72154,La Flèche,3.0,3ème circonscription,0012,580,277,303,4.0,1,298,47.76,52.24,0.69,1.32,0.17,0.33,51.38,98.35,52.2414,47.7586,2017,legi
2017_legi_t1,72154_0013,72,Sarthe,,,72154,La Flèche,3.0,3ème circonscription,0013,615,337,278,4.0,5,269,54.8,45.2,0.65,1.44,0.81,1.8,43.74,96.76,45.2033,54.7967,2017,legi
2017_legi_t1,72154_0014,72,Sarthe,,,72154,La Flèche,3.0,3ème circonscription,0014,572,280,292,5.0,7,280,48.95,51.05,0.87,1.71,1.22,2.4,48.95,95.89,51.049,48.951,2017,legi
2017_legi_t1,72154_0015,72,Sarthe,,,72154,La Flèche,3.0,3ème circonscription,0015,792,387,405,12.0,4,389,48.86,51.14,1.52,2.96,0.51,0.99,49.12,96.05,51.1364,48.8636,2017,legi
2017_legi_t1,72154_0016,72,Sarthe,,,72154,La Flèche,3.0,3ème circonscription,0016,722,325,397,4.0,3,390,45.01,54.99,0.55,1.01,0.42,0.76,54.02,98.24,54.9861,45.0139,2017,legi
2017_legi_t1,72154_0017,72,Sarthe,,,72154,La Flèche,3.0,3ème circonscription,0017,573,210,363,4.0,1,358,36.65,63.35,0.7,1.1,0.17,0.28,62.48,98.62,63.3508,36.6492,2017,legi
2017_legi_t1,72181_0084,72,Sarthe,,,72181,Le Mans,1.0,1ère circonscription,0084,1023,434,589,14.0,0,575,42.42,57.58,1.37,2.38,0.0,0.0,56.21,97.62,57.5758,42.4242,2017,legi
2017_legi_t1,72181_0085,72,Sarthe,,,72181,Le Mans,1.0,1ère circonscription,0085,1033,493,540,11.0,0,529,47.73,52.27,1.06,2.04,0.0,0.0,51.21,97.96,52.2749,47.7251,2017,legi
2017_legi_t1,72181_0086,72,Sarthe,,,72181,Le Mans,1.0,1ère circonscription,0086,1085,503,582,21.0,0,561,46.36,53.64,1.94,3.61,0.0,0.0,51.71,96.39,53.6406,46.3594,2017,legi
2017_legi_t1,72181_0087,72,Sarthe,,,72181,Le Mans,1.0,1ère circonscription,0087,889,483,406,12.0,0,394,54.33,45.67,1.35,2.96,0.0,0.0,44.32,97.04,45.6693,54.3307,2017,legi
2017_legi_t1,72181_0088,72,Sarthe,,,72181,Le Mans,1.0,1ère circonscription,0088,919,441,478,9.0,0,469,47.99,52.01,0.98,1.88,0.0,0.0,51.03,98.12,52.0131,47.9869,2017,legi
2017_legi_t1,72181_0089,72,Sarthe,,,72181,Le Mans,1.0,1ère circonscription,0089,887,438,449,6.0,0,443,49.38,50.62,0.68,1.34,0.0,0.0,49.94,98.66,50.6201,49.3799,2017,legi
2017_legi_t1,72181_0090,72,Sarthe,,,72181,Le Mans,1.0,1ère circonscription,0090,1101,610,491,14.0,0,477,55.4,44.6,1.27,2.85,0.0,0.0,43.32,97.15,44.5958,55.4042,2017,legi
2017_legi_t1,72181_0091,72,Sarthe,,,72181,Le Mans,1.0,1ère circonscription,0091,906,422,484,9.0,0,475,46.58,53.42,0.99,1.86,0.0,0.0,52.43,98.14,53.4216,46.5784,2017,legi
2017_legi_t1,72181_0092,72,Sarthe,,,72181,Le Mans,1.0,1ère circonscription,0092,976,484,492,27.0,0,465,49.59,50.41,2.77,5.49,0.0,0.0,47.64,94.51,50.4098,49.5902,2017,legi
2017_legi_t1,72181_0093,72,Sarthe,,,72181,Le Mans,1.0,1ère circonscription,0093,911,425,486,23.0,0,463,46.65,53.35,2.52,4.73,0.0,0.0,50.82,95.27,53.348,46.652,2017,legi
2017_legi_t1,72181_0094,72,Sarthe,,,72181,Le Mans,1.0,1ère circonscription,0094,895,427,468,11.0,0,457,47.71,52.29,1.23,2.35,0.0,0.0,51.06,97.65,52.2905,47.7095,2017,legi
2017_legi_t1,72181_0095,72,Sarthe,,,72181,Le Mans,1.0,1ère circonscription,0095,879,449,430,10.0,0,420,51.08,48.92,1.14,2.33,0.0,0.0,47.78,97.67,48.9192,51.0808,2017,legi
2017_legi_t1,72181_0096,72,Sarthe,,,72181,Le Mans,1.0,1ère circonscription,0096,869,479,390,14.0,0,376,55.12,44.88,1.61,3.59,0.0,0.0,43.27,96.41,44.8792,55.1208,2017,legi
2017_legi_t1,72181_0097,72,Sarthe,,,72181,Le Mans,1.0,1ère circonscription,0097,943,493,450,13.0,0,437,52.28,47.72,1.38,2.89,0.0,0.0,46.34,97.11,47.72,52.28,2017,legi
2017_legi_t1,72181_0035,72,Sarthe,,,72181,Le Mans,2.0,2ème circonscription,0035,937,496,441,10.0,0,431,52.93,47.07,1.07,2.27,0.0,0.0,46.0,97.73,47.0651,52.9349,2017,legi
2017_legi_t1,72181_0036,72,Sarthe,,,72181,Le Mans,2.0,2ème circonscription,0036,906,456,450,11.0,0,439,50.33,49.67,1.21,2.44,0.0,0.0,48.45,97.56,49.6689,50.3311,2017,legi
2017_legi_t1,72181_0037,72,Sarthe,,,72181,Le Mans,2.0,2ème circonscription,0037,927,465,462,16.0,0,446,50.16,49.84,1.73,3.46,0.0,0.0,48.11,96.54,49.8382,50.1618,2017,legi
2017_legi_t1,72181_0038,72,Sarthe,,,72181,Le Mans,2.0,2ème circonscription,0038,836,529,307,19.0,0,288,63.28,36.72,2.27,6.19,0.0,0.0,34.45,93.81,36.7225,63.2775,2017,legi
2017_legi_t1,72181_0039,72,Sarthe,,,72181,Le Mans,2.0,2ème circonscription,0039,871,589,282,13.0,0,269,67.62,32.38,1.49,4.61,0.0,0.0,30.88,95.39,32.3766,67.6234,2017,legi
2017_legi_t1,72181_0040,72,Sarthe,,,72181,Le Mans,2.0,2ème circonscription,0040,862,483,379,11.0,0,368,56.03,43.97,1.28,2.9,0.0,0.0,42.69,97.1,43.9675,56.0325,2017,legi
2017_legi_t1,72181_0041,72,Sarthe,,,72181,Le Mans,2.0,2ème circonscription,0041,889,593,296,12.0,0,284,66.7,33.3,1.35,4.05,0.0,0.0,31.95,95.95,33.2958,66.7042,2017,legi
2017_legi_t1,72181_0042,72,Sarthe,,,72181,Le Mans,2.0,2ème circonscription,0042,755,492,263,13.0,0,250,65.17,34.83,1.72,4.94,0.0,0.0,33.11,95.06,34.8344,65.1656,2017,legi
2017_legi_t1,72181_0043,72,Sarthe,,,72181,Le Mans,2.0,2ème circonscription,0043,887,493,394,15.0,0,379,55.58,44.42,1.69,3.81,0.0,0.0,42.73,96.19,44.4194,55.5806,2017,legi
2017_legi_t1,72181_0044,72,Sarthe,,,72181,Le Mans,2.0,2ème circonscription,0044,943,483,460,10.0,0,450,51.22,48.78,1.06,2.17,0.0,0.0,47.72,97.83,48.7805,51.2195,2017,legi
2017_legi_t1,72181_0045,72,Sarthe,,,72181,Le Mans,2.0,2ème circonscription,0045,908,432,476,17.0,0,459,47.58,52.42,1.87,3.57,0.0,0.0,50.55,96.43,52.4229,47.5771,2017,legi
2017_legi_t1,72181_0046,72,Sarthe,,,72181,Le Mans,2.0,2ème circonscription,0046,980,477,503,18.0,0,485,48.67,51.33,1.84,3.58,0.0,0.0,49.49,96.42,51.3265,48.6735,2017,legi
2017_legi_t1,72181_0047,72,Sarthe,,,72181,Le Mans,2.0,2ème circonscription,0047,974,514,460,19.0,0,441,52.77,47.23,1.95,4.13,0.0,0.0,45.28,95.87,47.2279,52.7721,2017,legi
2017_legi_t1,72181_0048,72,Sarthe,,,72181,Le Mans,2.0,2ème circonscription,0048,963,513,450,18.0,0,432,53.27,46.73,1.87,4.0,0.0,0.0,44.86,96.0,46.729,53.271,2017,legi
2017_legi_t1,72181_0049,72,Sarthe,,,72181,Le Mans,2.0,2ème circonscription,0049,974,570,404,21.0,0,383,58.52,41.48,2.16,5.2,0.0,0.0,39.32,94.8,41.4784,58.5216,2017,legi
2017_legi_t1,72181_0050,72,Sarthe,,,72181,Le Mans,2.0,2ème circonscription,0050,969,548,421,15.0,0,406,56.55,43.45,1.55,3.56,0.0,0.0,41.9,96.44,43.4469,56.5531,2017,legi
2017_legi_t1,72181_0051,72,Sarthe,,,72181,Le Mans,2.0,2ème circonscription,0051,841,533,308,13.0,0,295,63.38,36.62,1.55,4.22,0.0,0.0,35.08,95.78,36.6231,63.3769,2017,legi
2017_legi_t1,72181_0052,72,Sarthe,,,72181,Le Mans,2.0,2ème circonscription,0052,721,404,317,14.0,0,303,56.03,43.97,1.94,4.42,0.0,0.0,42.02,95.58,43.9667,56.0333,2017,legi
2017_legi_t1,72181_0053,72,Sarthe,,,72181,Le Mans,2.0,2ème circonscription,0053,909,557,352,12.0,0,340,61.28,38.72,1.32,3.41,0.0,0.0,37.4,96.59,38.7239,61.2761,2017,legi
2017_legi_t1,72181_0054,72,Sarthe,,,72181,Le Mans,2.0,2ème circonscription,0054,802,368,434,17.0,0,417,45.89,54.11,2.12,3.92,0.0,0.0,52.0,96.08,54.1147,45.8853,2017,legi
2017_legi_t1,72181_0055,72,Sarthe,,,72181,Le Mans,2.0,2ème circonscription,0055,751,574,177,8.0,0,169,76.43,23.57,1.07,4.52,0.0,0.0,22.5,95.48,23.5686,76.4314,2017,legi
2017_legi_t1,72181_0056,72,Sarthe,,,72181,Le Mans,2.0,2ème circonscription,0056,846,524,322,17.0,0,305,61.94,38.06,2.01,5.28,0.0,0.0,36.05,94.72,38.0615,61.9385,2017,legi
2017_legi_t1,72181_0057,72,Sarthe,,,72181,Le Mans,2.0,2ème circonscription,0057,834,491,343,15.0,0,328,58.87,41.13,1.8,4.37,0.0,0.0,39.33,95.63,41.1271,58.8729,2017,legi
2017_legi_t1,72181_0058,72,Sarthe,,,72181,Le Mans,2.0,2ème circonscription,0058,917,536,381,19.0,0,362,58.45,41.55,2.07,4.99,0.0,0.0,39.48,95.01,41.5485,58.4515,2017,legi
2017_legi_t1,72181_0059,72,Sarthe,,,72181,Le Mans,2.0,2ème circonscription,0059,857,513,344,15.0,0,329,59.86,40.14,1.75,4.36,0.0,0.0,38.39,95.64,40.14,59.86,2017,legi
2017_legi_t1,72181_0060,72,Sarthe,,,72181,Le Mans,2.0,2ème circonscription,0060,922,554,368,13.0,0,355,60.09,39.91,1.41,3.53,0.0,0.0,38.5,96.47,39.9132,60.0868,2017,legi
2017_legi_t1,72181_0061,72,Sarthe,,,72181,Le Mans,2.0,2ème circonscription,0061,906,431,475,22.0,0,453,47.57,52.43,2.43,4.63,0.0,0.0,50.0,95.37,52.4283,47.5717,2017,legi
2017_legi_t1,72181_0062,72,Sarthe,,,72181,Le Mans,2.0,2ème circonscription,0062,868,436,432,18.0,0,414,50.23,49.77,2.07,4.17,0.0,0.0,47.7,95.83,49.7696,50.2304,2017,legi
2017_legi_t1,72181_0063,72,Sarthe,,,72181,Le Mans,2.0,2ème circonscription,0063,813,441,372,17.0,0,355,54.24,45.76,2.09,4.57,0.0,0.0,43.67,95.43,45.7565,54.2435,2017,legi
2017_legi_t1,72181_0064,72,Sarthe,,,72181,Le Mans,2.0,2ème circonscription,0064,875,428,447,22.0,0,425,48.91,51.09,2.51,4.92,0.0,0.0,48.57,95.08,51.0857,48.9143,2017,legi
2017_legi_t1,72181_0065,72,Sarthe,,,72181,Le Mans,2.0,2ème circonscription,0065,820,463,357,7.0,0,350,56.46,43.54,0.85,1.96,0.0,0.0,42.68,98.04,43.5366,56.4634,2017,legi
2017_legi_t1,72181_0066,72,Sarthe,,,72181,Le Mans,2.0,2ème circonscription,0066,893,440,453,16.0,0,437,49.27,50.73,1.79,3.53,0.0,0.0,48.94,96.47,50.7279,49.2721,2017,legi
2017_legi_t1,72181_0067,72,Sarthe,,,72181,Le Mans,2.0,2ème circonscription,0067,853,490,363,7.0,0,356,57.44,42.56,0.82,1.93,0.0,0.0,41.74,98.07,42.5557,57.4443,2017,legi
2017_legi_t1,72181_0068,72,Sarthe,,,72181,Le Mans,2.0,2ème circonscription,0068,863,518,345,25.0,0,320,60.02,39.98,2.9,7.25,0.0,0.0,37.08,92.75,39.9768,60.0232,2017,legi
2017_legi_t1,72181_0069,72,Sarthe,,,72181,Le Mans,2.0,2ème circonscription,0069,777,336,441,8.0,0,433,43.24,56.76,1.03,1.81,0.0,0.0,55.73,98.19,56.7568,43.2432,2017,legi
2017_legi_t1,72181_0070,72,Sarthe,,,72181,Le Mans,2.0,2ème circonscription,0070,856,456,400,12.0,0,388,53.27,46.73,1.4,3.0,0.0,0.0,45.33,97.0,46.729,53.271,2017,legi
2017_legi_t1,72181_0071,72,Sarthe,,,72181,Le Mans,2.0,2ème circonscription,0071,795,376,419,18.0,0,401,47.3,52.7,2.26,4.3,0.0,0.0,50.44,95.7,52.7044,47.2956,2017,legi
2017_legi_t1,72181_0072,72,Sarthe,,,72181,Le Mans,4.0,4ème circonscription,0072,1010,423,587,20.0,0,567,41.88,58.12,1.98,3.41,0.0,0.0,56.14,96.59,58.1188,41.8812,2017,legi
2017_legi_t1,72181_0073,72,Sarthe,,,72181,Le Mans,4.0,4ème circonscription,0073,1030,531,499,25.0,0,474,51.55,48.45,2.43,5.01,0.0,0.0,46.02,94.99,48.4466,51.5534,2017,legi
2017_legi_t1,72181_0074,72,Sarthe,,,72181,Le Mans,4.0,4ème circonscription,0074,1014,491,523,19.0,0,504,48.42,51.58,1.87,3.63,0.0,0.0,49.7,96.37,51.5779,48.4221,2017,legi
2017_legi_t1,72181_0075,72,Sarthe,,,72181,Le Mans,4.0,4ème circonscription,0075,920,428,492,25.0,0,467,46.52,53.48,2.72,5.08,0.0,0.0,50.76,94.92,53.4783,46.5217,2017,legi
2017_legi_t1,72181_0076,72,Sarthe,,,72181,Le Mans,4.0,4ème circonscription,0076,723,407,316,21.0,0,295,56.29,43.71,2.9,6.65,0.0,0.0,40.8,93.35,43.7068,56.2932,2017,legi
2017_legi_t1,72181_0077,72,Sarthe,,,72181,Le Mans,4.0,4ème circonscription,0077,915,505,410,19.0,0,391,55.19,44.81,2.08,4.63,0.0,0.0,42.73,95.37,44.8087,55.1913,2017,legi
2017_legi_t1,72181_0078,72,Sarthe,,,72181,Le Mans,4.0,4ème circonscription,0078,933,447,486,28.0,0,458,47.91,52.09,3.0,5.76,0.0,0.0,49.09,94.24,52.09,47.91,2017,legi
2017_legi_t1,72181_0079,72,Sarthe,,,72181,Le Mans,4.0,4ème circonscription,0079,989,544,445,14.0,0,431,55.01,44.99,1.42,3.15,0.0,0.0,43.58,96.85,44.9949,55.0051,2017,legi
2017_legi_t1,72181_0080,72,Sarthe,,,72181,Le Mans,4.0,4ème circonscription,0080,893,497,396,22.0,0,374,55.66,44.34,2.46,5.56,0.0,0.0,41.88,94.44,44.3449,55.6551,2017,legi
2017_legi_t1,72181_0081,72,Sarthe,,,72181,Le Mans,4.0,4ème circonscription,0081,793,397,396,20.0,0,376,50.06,49.94,2.52,5.05,0.0,0.0,47.41,94.95,49.9369,50.0631,2017,legi
2017_legi_t1,72181_0082,72,Sarthe,,,72181,Le Mans,4.0,4ème circonscription,0082,957,470,487,32.0,0,455,49.11,50.89,3.34,6.57,0.0,0.0,47.54,93.43,50.8882,49.1118,2017,legi
2017_legi_t1,72181_0083,72,Sarthe,,,72181,Le Mans,4.0,4ème circonscription,0083,944,433,511,42.0,0,469,45.87,54.13,4.45,8.22,0.0,0.0,49.68,91.78,54.1314,45.8686,2017,legi
2017_legi_t1,72181_0018,72,Sarthe,,,72181,Le Mans,5.0,5ème circonscription,0018,845,390,455,15.0,0,440,46.15,53.85,1.78,3.3,0.0,0.0,52.07,96.7,53.8462,46.1538,2017,legi
2017_legi_t1,72181_0019,72,Sarthe,,,72181,Le Mans,5.0,5ème circonscription,0019,948,407,541,16.0,0,525,42.93,57.07,1.69,2.96,0.0,0.0,55.38,97.04,57.0675,42.9325,2017,legi
2017_legi_t1,72181_0020,72,Sarthe,,,72181,Le Mans,5.0,5ème circonscription,0020,1006,507,499,18.0,0,481,50.4,49.6,1.79,3.61,0.0,0.0,47.81,96.39,49.6024,50.3976,2017,legi
2017_legi_t1,72181_0021,72,Sarthe,,,72181,Le Mans,5.0,5ème circonscription,0021,979,394,585,16.0,0,569,40.25,59.75,1.63,2.74,0.0,0.0,58.12,97.26,59.7549,40.2451,2017,legi
2017_legi_t1,72181_0022,72,Sarthe,,,72181,Le Mans,5.0,5ème circonscription,0022,995,463,532,17.0,0,515,46.53,53.47,1.71,3.2,0.0,0.0,51.76,96.8,53.4673,46.5327,2017,legi
2017_legi_t1,72181_0023,72,Sarthe,,,72181,Le Mans,5.0,5ème circonscription,0023,1084,440,644,5.0,0,639,40.59,59.41,0.46,0.78,0.0,0.0,58.95,99.22,59.4096,40.5904,2017,legi
2017_legi_t1,72181_0024,72,Sarthe,,,72181,Le Mans,5.0,5ème circonscription,0024,935,415,520,11.0,0,509,44.39,55.61,1.18,2.12,0.0,0.0,54.44,97.88,55.615,44.385,2017,legi
2017_legi_t1,72181_0025,72,Sarthe,,,72181,Le Mans,5.0,5ème circonscription,0025,1020,450,570,18.0,0,552,44.12,55.88,1.76,3.16,0.0,0.0,54.12,96.84,55.8824,44.1176,2017,legi
2017_legi_t1,72181_0026,72,Sarthe,,,72181,Le Mans,5.0,5ème circonscription,0026,992,458,534,15.0,0,519,46.17,53.83,1.51,2.81,0.0,0.0,52.32,97.19,53.8306,46.1694,2017,legi
2017_legi_t1,72181_0027,72,Sarthe,,,72181,Le Mans,5.0,5ème circonscription,0027,979,471,508,22.0,0,486,48.11,51.89,2.25,4.33,0.0,0.0,49.64,95.67,51.8897,48.1103,2017,legi
2017_legi_t1,72181_0028,72,Sarthe,,,72181,Le Mans,5.0,5ème circonscription,0028,1060,535,525,16.0,0,509,50.47,49.53,1.51,3.05,0.0,0.0,48.02,96.95,49.5283,50.4717,2017,legi
2017_legi_t1,72181_0029,72,Sarthe,,,72181,Le Mans,5.0,5ème circonscription,0029,1034,550,484,13.0,0,471,53.19,46.81,1.26,2.69,0.0,0.0,45.55,97.31,46.8085,53.1915,2017,legi
2017_legi_t1,72181_0030,72,Sarthe,,,72181,Le Mans,5.0,5ème circonscription,0030,1061,514,547,19.0,0,528,48.44,51.56,1.79,3.47,0.0,0.0,49.76,96.53,51.5551,48.4449,2017,legi
2017_legi_t1,72181_0031,72,Sarthe,,,72181,Le Mans,5.0,5ème circonscription,0031,873,446,427,13.0,0,414,51.09,48.91,1.49,3.04,0.0,0.0,47.42,96.96,48.9118,51.0882,2017,legi
2017_legi_t1,72181_0032,72,Sarthe,,,72181,Le Mans,5.0,5ème circonscription,0032,994,466,528,13.0,0,515,46.88,53.12,1.31,2.46,0.0,0.0,51.81,97.54,53.1187,46.8813,2017,legi
2017_legi_t1,72181_0033,72,Sarthe,,,72181,Le Mans,5.0,5ème circonscription,0033,893,462,431,6.0,0,425,51.74,48.26,0.67,1.39,0.0,0.0,47.59,98.61,48.2643,51.7357,2017,legi
2017_legi_t1,72181_0034,72,Sarthe,,,72181,Le Mans,5.0,5ème circonscription,0034,897,480,417,14.0,0,403,53.51,46.49,1.56,3.36,0.0,0.0,44.93,96.64,46.4883,53.5117,2017,legi
2017_legi_t1,85001_0001,85,Vendée,,,85001,L'Aiguillon-Sur-Mer,5.0,5ème circonscription,0001,986,424,562,7.0,1,554,43.0,57.0,0.71,1.25,0.1,0.18,56.19,98.58,56.998,43.002,2017,legi
2017_legi_t1,85001_0002,85,Vendée,,,85001,L'Aiguillon-Sur-Mer,5.0,5ème circonscription,0002,886,429,457,9.0,2,446,48.42,51.58,1.02,1.97,0.23,0.44,50.34,97.59,51.5801,48.4199,2017,legi
2017_legi_t1,85003_0003,85,Vendée,,,85003,Aizenay,1.0,1ère circonscription,0003,1114,517,597,8.0,7,582,46.41,53.59,0.72,1.34,0.63,1.17,52.24,97.49,53.5907,46.4093,2017,legi
2017_legi_t1,85003_0004,85,Vendée,,,85003,Aizenay,1.0,1ère circonscription,0004,1206,540,666,5.0,13,648,44.78,55.22,0.41,0.75,1.08,1.95,53.73,97.3,55.2239,44.7761,2017,legi
2017_legi_t1,85003_0005,85,Vendée,,,85003,Aizenay,1.0,1ère circonscription,0005,1159,565,594,8.0,5,581,48.75,51.25,0.69,1.35,0.43,0.84,50.13,97.81,51.2511,48.7489,2017,legi
2017_legi_t1,85003_0006,85,Vendée,,,85003,Aizenay,1.0,1ère circonscription,0006,1137,524,613,10.0,6,597,46.09,53.91,0.88,1.63,0.53,0.98,52.51,97.39,53.9138,46.0862,2017,legi
2017_legi_t1,85047_0007,85,Vendée,,,85047,Challans,1.0,1ère circonscription,0007,1017,540,477,4.0,3,470,53.1,46.9,0.39,0.84,0.29,0.63,46.21,98.53,46.9027,53.0973,2017,legi
2017_legi_t1,85047_0008,85,Vendée,,,85047,Challans,1.0,1ère circonscription,0008,885,445,440,2.0,9,429,50.28,49.72,0.23,0.45,1.02,2.05,48.47,97.5,49.7175,50.2825,2017,legi
2017_legi_t1,85047_0009,85,Vendée,,,85047,Challans,1.0,1ère circonscription,0009,936,409,527,6.0,4,517,43.7,56.3,0.64,1.14,0.43,0.76,55.24,98.1,56.3034,43.6966,2017,legi
2017_legi_t1,85047_0010,85,Vendée,,,85047,Challans,1.0,1ère circonscription,0010,890,429,461,5.0,4,452,48.2,51.8,0.56,1.08,0.45,0.87,50.79,98.05,51.7978,48.2022,2017,legi
2017_legi_t1,85047_0011,85,Vendée,,,85047,Challans,1.0,1ère circonscription,0011,939,439,500,4.0,4,492,46.75,53.25,0.43,0.8,0.43,0.8,52.4,98.4,53.2481,46.7519,2017,legi
2017_legi_t1,85047_0012,85,Vendée,,,85047,Challans,1.0,1ère circonscription,0012,920,458,462,5.0,4,453,49.78,50.22,0.54,1.08,0.43,0.87,49.24,98.05,50.2174,49.7826,2017,legi
2017_legi_t1,85047_0013,85,Vendée,,,85047,Challans,1.0,1ère circonscription,0013,838,379,459,1.0,3,455,45.23,54.77,0.12,0.22,0.36,0.65,54.3,99.13,54.7733,45.2267,2017,legi
2017_legi_t1,85047_0014,85,Vendée,,,85047,Challans,1.0,1ère circonscription,0014,834,394,440,7.0,4,429,47.24,52.76,0.84,1.59,0.48,0.91,51.44,97.5,52.7578,47.2422,2017,legi
2017_legi_t1,85047_0015,85,Vendée,,,85047,Challans,1.0,1ère circonscription,0015,835,428,407,6.0,3,398,51.26,48.74,0.72,1.47,0.36,0.74,47.66,97.79,48.7425,51.2575,2017,legi
2017_legi_t1,85047_0016,85,Vendée,,,85047,Challans,1.0,1ère circonscription,0016,943,460,483,5.0,2,476,48.78,51.22,0.53,1.04,0.21,0.41,50.48,98.55,51.2195,48.7805,2017,legi
2017_legi_t1,85047_0017,85,Vendée,,,85047,Challans,1.0,1ère circonscription,0017,884,419,465,1.0,3,461,47.4,52.6,0.11,0.22,0.34,0.65,52.15,99.14,52.6018,47.3982,2017,legi
2017_legi_t1,85047_0018,85,Vendée,,,85047,Challans,1.0,1ère circonscription,0018,1002,473,529,7.0,7,515,47.21,52.79,0.7,1.32,0.7,1.32,51.4,97.35,52.7944,47.2056,2017,legi
2017_legi_t1,85191_0019,85,Vendée,,,85191,La Roche-Sur-Yon,1.0,1ère circonscription,0019,1043,450,593,3.0,4,586,43.14,56.86,0.29,0.51,0.38,0.67,56.18,98.82,56.8552,43.1448,2017,legi
2017_legi_t1,85191_0020,85,Vendée,,,85191,La Roche-Sur-Yon,1.0,1ère circonscription,0020,1039,439,600,4.0,8,588,42.25,57.75,0.38,0.67,0.77,1.33,56.59,98.0,57.7478,42.2522,2017,legi
2017_legi_t1,85191_0021,85,Vendée,,,85191,La Roche-Sur-Yon,1.0,1ère circonscription,0021,934,466,468,7.0,0,461,49.89,50.11,0.75,1.5,0.0,0.0,49.36,98.5,50.1071,49.8929,2017,legi
2017_legi_t1,85191_0022,85,Vendée,,,85191,La Roche-Sur-Yon,1.0,1ère circonscription,0022,771,361,410,4.0,4,402,46.82,53.18,0.52,0.98,0.52,0.98,52.14,98.05,53.1777,46.8223,2017,legi
2017_legi_t1,85191_0023,85,Vendée,,,85191,La Roche-Sur-Yon,1.0,1ère circonscription,0023,905,413,492,5.0,3,484,45.64,54.36,0.55,1.02,0.33,0.61,53.48,98.37,54.3646,45.6354,2017,legi
2017_legi_t1,85191_0024,85,Vendée,,,85191,La Roche-Sur-Yon,1.0,1ère circonscription,0024,748,319,429,2.0,8,419,42.65,57.35,0.27,0.47,1.07,1.86,56.02,97.67,57.3529,42.6471,2017,legi
2017_legi_t1,85191_0025,85,Vendée,,,85191,La Roche-Sur-Yon,1.0,1ère circonscription,0025,967,561,406,10.0,3,393,58.01,41.99,1.03,2.46,0.31,0.74,40.64,96.8,41.9855,58.0145,2017,legi
2017_legi_t1,85191_0026,85,Vendée,,,85191,La Roche-Sur-Yon,1.0,1ère circonscription,0026,962,468,494,9.0,4,481,48.65,51.35,0.94,1.82,0.42,0.81,50.0,97.37,51.3514,48.6486,2017,legi
2017_legi_t1,85191_0027,85,Vendée,,,85191,La Roche-Sur-Yon,1.0,1ère circonscription,0027,908,501,407,5.0,3,399,55.18,44.82,0.55,1.23,0.33,0.74,43.94,98.03,44.8238,55.1762,2017,legi
2017_legi_t1,85191_0028,85,Vendée,,,85191,La Roche-Sur-Yon,1.0,1ère circonscription,0028,1122,551,571,6.0,4,561,49.11,50.89,0.53,1.05,0.36,0.7,50.0,98.25,50.8913,49.1087,2017,legi
2017_legi_t1,85191_0029,85,Vendée,,,85191,La Roche-Sur-Yon,1.0,1ère circonscription,0029,1097,464,633,5.0,7,621,42.3,57.7,0.46,0.79,0.64,1.11,56.61,98.1,57.7028,42.2972,2017,legi
2017_legi_t1,85191_0030,85,Vendée,,,85191,La Roche-Sur-Yon,1.0,1ère circonscription,0030,1247,554,693,4.0,6,683,44.43,55.57,0.32,0.58,0.48,0.87,54.77,98.56,55.5734,44.4266,2017,legi
2017_legi_t1,85191_0031,85,Vendée,,,85191,La Roche-Sur-Yon,1.0,1ère circonscription,0031,966,435,531,6.0,2,523,45.03,54.97,0.62,1.13,0.21,0.38,54.14,98.49,54.9689,45.0311,2017,legi
2017_legi_t1,85191_0032,85,Vendée,,,85191,La Roche-Sur-Yon,1.0,1ère circonscription,0032,643,369,274,6.0,1,267,57.39,42.61,0.93,2.19,0.16,0.36,41.52,97.45,42.6128,57.3872,2017,legi
2017_legi_t1,85191_0033,85,Vendée,,,85191,La Roche-Sur-Yon,1.0,1ère circonscription,0033,867,526,341,1.0,6,334,60.67,39.33,0.12,0.29,0.69,1.76,38.52,97.95,39.331,60.669,2017,legi
2017_legi_t1,85191_0034,85,Vendée,,,85191,La Roche-Sur-Yon,1.0,1ère circonscription,0034,1054,507,547,11.0,5,531,48.1,51.9,1.04,2.01,0.47,0.91,50.38,97.07,51.8975,48.1025,2017,legi
2017_legi_t1,85191_0037,85,Vendée,,,85191,La Roche-Sur-Yon,1.0,1ère circonscription,0037,723,383,340,3.0,3,334,52.97,47.03,0.41,0.88,0.41,0.88,46.2,98.24,47.0263,52.9737,2017,legi
2017_legi_t1,85191_0038,85,Vendée,,,85191,La Roche-Sur-Yon,1.0,1ère circonscription,0038,811,322,489,7.0,2,480,39.7,60.3,0.86,1.43,0.25,0.41,59.19,98.16,60.2959,39.7041,2017,legi
2017_legi_t1,85191_0035,85,Vendée,,,85191,La Roche-Sur-Yon,2.0,2ème circonscription,0035,816,383,433,1.0,1,431,46.94,53.06,0.12,0.23,0.12,0.23,52.82,99.54,53.0637,46.9363,2017,legi
2017_legi_t1,85191_0036,85,Vendée,,,85191,La Roche-Sur-Yon,2.0,2ème circonscription,0036,626,281,345,1.0,0,344,44.89,55.11,0.16,0.29,0.0,0.0,54.95,99.71,55.1118,44.8882,2017,legi
2017_pres_t1,44001_0001,44,Loire-Atlantique,,,44001,Abbaretz,6.0,6ème circonscription,0001,1456,237,1219,20.0,8,1191,16.28,83.72,1.37,1.64,0.55,0.66,81.8,97.7,83.7225,16.2775,2017,pres
2017_pres_t1,44002_0002,44,Loire-Atlantique,,,44002,Aigrefeuille-Sur-Maine,10.0,10ème circonscription,0002,1347,161,1186,16.0,7,1163,11.95,88.05,1.19,1.35,0.52,0.59,86.34,98.06,88.0475,11.9525,2017,pres
2017_pres_t1,44003_0003,44,Loire-Atlantique,,,44003,Ancenis,6.0,6ème circonscription,0003,875,191,684,9.0,2,673,21.83,78.17,1.03,1.32,0.23,0.29,76.91,98.39,78.1714,21.8286,2017,pres
2017_pres_t1,44003_0004,44,Loire-Atlantique,,,44003,Ancenis,6.0,6ème circonscription,0004,930,139,791,23.0,7,761,14.95,85.05,2.47,2.91,0.75,0.88,81.83,96.21,85.0538,14.9462,2017,pres
2017_pres_t1,44003_0005,44,Loire-Atlantique,,,44003,Ancenis,6.0,6ème circonscription,0005,964,153,811,19.0,10,782,15.87,84.13,1.97,2.34,1.04,1.23,81.12,96.42,84.1286,15.8714,2017,pres
2017_pres_t1,44003_0006,44,Loire-Atlantique,,,44003,Ancenis,6.0,6ème circonscription,0006,886,99,787,14.0,4,769,11.17,88.83,1.58,1.78,0.45,0.51,86.79,97.71,88.8262,11.1738,2017,pres
2017_pres_t1,44009_0007,44,Loire-Atlantique,,,44009,Basse-Goulaine,10.0,10ème circonscription,0007,1114,139,975,16.0,2,957,12.48,87.52,1.44,1.64,0.18,0.21,85.91,98.15,87.5224,12.4776,2017,pres
2017_pres_t1,44015_0008,44,Loire-Atlantique,,,44015,Blain,6.0,6ème circonscription,0008,737,96,641,33.0,0,608,13.03,86.97,4.48,5.15,0.0,0.0,82.5,94.85,86.9742,13.0258,2017,pres
2017_pres_t1,44015_0009,44,Loire-Atlantique,,,44015,Blain,6.0,6ème circonscription,0009,947,170,777,35.0,0,742,17.95,82.05,3.7,4.5,0.0,0.0,78.35,95.5,82.0486,17.9514,2017,pres
2017_pres_t1,44020_0010,44,Loire-Atlantique,,,44020,Bouguenais,4.0,4ème circonscription,0010,826,161,665,18.0,6,641,19.49,80.51,2.18,2.71,0.73,0.9,77.6,96.39,80.5085,19.4915,2017,pres
2017_pres_t1,44020_0011,44,Loire-Atlantique,,,44020,Bouguenais,4.0,4ème circonscription,0011,844,130,714,9.0,3,702,15.4,84.6,1.07,1.26,0.36,0.42,83.18,98.32,84.5972,15.4028,2017,pres
2017_pres_t1,44020_0012,44,Loire-Atlantique,,,44020,Bouguenais,4.0,4ème circonscription,0012,911,158,753,14.0,4,735,17.34,82.66,1.54,1.86,0.44,0.53,80.68,97.61,82.6564,17.3436,2017,pres
2017_pres_t1,44020_0013,44,Loire-Atlantique,,,44020,Bouguenais,4.0,4ème circonscription,0013,842,131,711,13.0,2,696,15.56,84.44,1.54,1.83,0.24,0.28,82.66,97.89,84.4418,15.5582,2017,pres
2017_pres_t1,44020_0014,44,Loire-Atlantique,,,44020,Bouguenais,4.0,4ème circonscription,0014,895,149,746,16.0,5,725,16.65,83.35,1.79,2.14,0.56,0.67,81.01,97.18,83.352,16.648,2017,pres
2017_pres_t1,44020_0015,44,Loire-Atlantique,,,44020,Bouguenais,4.0,4ème circonscription,0015,1090,161,929,18.0,5,906,14.77,85.23,1.65,1.94,0.46,0.54,83.12,97.52,85.2294,14.7706,2017,pres
2017_pres_t1,44026_0016,44,Loire-Atlantique,,,44026,Carquefou,5.0,5ème circonscription,0016,785,138,647,16.0,4,627,17.58,82.42,2.04,2.47,0.51,0.62,79.87,96.91,82.4204,17.5796,2017,pres
2017_pres_t1,44026_0017,44,Loire-Atlantique,,,44026,Carquefou,5.0,5ème circonscription,0017,706,92,614,3.0,4,607,13.03,86.97,0.42,0.49,0.57,0.65,85.98,98.86,86.9688,13.0312,2017,pres
2017_pres_t1,44026_0018,44,Loire-Atlantique,,,44026,Carquefou,5.0,5ème circonscription,0018,668,86,582,7.0,3,572,12.87,87.13,1.05,1.2,0.45,0.52,85.63,98.28,87.1257,12.8743,2017,pres
2017_pres_t1,44026_0019,44,Loire-Atlantique,,,44026,Carquefou,5.0,5ème circonscription,0019,711,105,606,13.0,5,588,14.77,85.23,1.83,2.15,0.7,0.83,82.7,97.03,85.2321,14.7679,2017,pres
2017_pres_t1,44026_0020,44,Loire-Atlantique,,,44026,Carquefou,5.0,5ème circonscription,0020,711,115,596,10.0,1,585,16.17,83.83,1.41,1.68,0.14,0.17,82.28,98.15,83.8256,16.1744,2017,pres
2017_pres_t1,44109_0141,44,Loire-Atlantique,,,44109,Nantes,1.0,1ère circonscription,0141,979,158,821,9.0,1,811,16.14,83.86,0.92,1.1,0.1,0.12,82.84,98.78,83.8611,16.1389,2017,pres
2017_pres_t1,44109_0142,44,Loire-Atlantique,,,44109,Nantes,1.0,1ère circonscription,0142,954,151,803,11.0,1,791,15.83,84.17,1.15,1.37,0.1,0.12,82.91,98.51,84.1719,15.8281,2017,pres
2017_pres_t1,44109_0143,44,Loire-Atlantique,,,44109,Nantes,1.0,1ère circonscription,0143,966,146,820,4.0,5,811,15.11,84.89,0.41,0.49,0.52,0.61,83.95,98.9,84.8861,15.1139,2017,pres
2017_pres_t1,44109_0144,44,Loire-Atlantique,,,44109,Nantes,1.0,1ère circonscription,0144,1008,159,849,6.0,4,839,15.77,84.23,0.6,0.71,0.4,0.47,83.23,98.82,84.2262,15.7738,2017,pres
2017_pres_t1,44109_0151,44,Loire-Atlantique,,,44109,Nantes,1.0,1ère circonscription,0151,938,142,796,5.0,2,789,15.14,84.86,0.53,0.63,0.21,0.25,84.12,99.12,84.8614,15.1386,2017,pres
2017_pres_t1,44109_0152,44,Loire-Atlantique,,,44109,Nantes,1.0,1ère circonscription,0152,998,148,850,5.0,2,843,14.83,85.17,0.5,0.59,0.2,0.24,84.47,99.18,85.1703,14.8297,2017,pres
2017_pres_t1,44109_0153,44,Loire-Atlantique,,,44109,Nantes,1.0,1ère circonscription,0153,999,145,854,6.0,3,845,14.51,85.49,0.6,0.7,0.3,0.35,84.58,98.95,85.4855,14.5145,2017,pres
2017_pres_t1,44109_0154,44,Loire-Atlantique,,,44109,Nantes,1.0,1ère circonscription,0154,875,129,746,5.0,2,739,14.74,85.26,0.57,0.67,0.23,0.27,84.46,99.06,85.2571,14.7429,2017,pres
2017_pres_t1,44109_0161,44,Loire-Atlantique,,,44109,Nantes,1.0,1ère circonscription,0161,928,156,772,5.0,1,766,16.81,83.19,0.54,0.65,0.11,0.13,82.54,99.22,83.1897,16.8103,2017,pres
2017_pres_t1,44109_0162,44,Loire-Atlantique,,,44109,Nantes,1.0,1ère circonscription,0162,928,145,783,10.0,1,772,15.62,84.38,1.08,1.28,0.11,0.13,83.19,98.6,84.375,15.625,2017,pres
2017_pres_t1,44109_0163,44,Loire-Atlantique,,,44109,Nantes,1.0,1ère circonscription,0163,884,171,713,12.0,4,697,19.34,80.66,1.36,1.68,0.45,0.56,78.85,97.76,80.6561,19.3439,2017,pres
2017_pres_t1,44109_0171,44,Loire-Atlantique,,,44109,Nantes,1.0,1ère circonscription,0171,932,128,804,12.0,4,788,13.73,86.27,1.29,1.49,0.43,0.5,84.55,98.01,86.2661,13.7339,2017,pres
2017_pres_t1,44109_0172,44,Loire-Atlantique,,,44109,Nantes,1.0,1ère circonscription,0172,943,150,793,11.0,0,782,15.91,84.09,1.17,1.39,0.0,0.0,82.93,98.61,84.0933,15.9067,2017,pres
2017_pres_t1,44109_0173,44,Loire-Atlantique,,,44109,Nantes,1.0,1ère circonscription,0173,991,140,851,5.0,1,845,14.13,85.87,0.5,0.59,0.1,0.12,85.27,99.29,85.8729,14.1271,2017,pres
2017_pres_t1,44109_0174,44,Loire-Atlantique,,,44109,Nantes,1.0,1ère circonscription,0174,963,130,833,8.0,2,823,13.5,86.5,0.83,0.96,0.21,0.24,85.46,98.8,86.5005,13.4995,2017,pres
2017_pres_t1,44109_0175,44,Loire-Atlantique,,,44109,Nantes,1.0,1ère circonscription,0175,943,168,775,7.0,0,768,17.82,82.18,0.74,0.9,0.0,0.0,81.44,99.1,82.1845,17.8155,2017,pres
2017_pres_t1,44109_0181,44,Loire-Atlantique,,,44109,Nantes,1.0,1ère circonscription,0181,921,282,639,9.0,1,629,30.62,69.38,0.98,1.41,0.11,0.16,68.3,98.44,69.3811,30.6189,2017,pres
2017_pres_t1,44109_0411,44,Loire-Atlantique,,,44109,Nantes,1.0,1ère circonscription,0411,572,83,489,1.0,0,488,14.51,85.49,0.17,0.2,0.0,0.0,85.31,99.8,85.4895,14.5105,2017,pres
2017_pres_t1,44109_0416,44,Loire-Atlantique,,,44109,Nantes,1.0,1ère circonscription,0416,869,165,704,3.0,1,700,18.99,81.01,0.35,0.43,0.12,0.14,80.55,99.43,81.0127,18.9873,2017,pres
2017_pres_t1,44109_0521,44,Loire-Atlantique,,,44109,Nantes,1.0,1ère circonscription,0521,789,271,518,11.0,1,506,34.35,65.65,1.39,2.12,0.13,0.19,64.13,97.68,65.6527,34.3473,2017,pres
2017_pres_t1,44109_0522,44,Loire-Atlantique,,,44109,Nantes,1.0,1ère circonscription,0522,817,218,599,10.0,4,585,26.68,73.32,1.22,1.67,0.49,0.67,71.6,97.66,73.317,26.683,2017,pres
2017_pres_t1,44109_0523,44,Loire-Atlantique,,,44109,Nantes,1.0,1ère circonscription,0523,819,267,552,18.0,3,531,32.6,67.4,2.2,3.26,0.37,0.54,64.84,96.2,67.3993,32.6007,2017,pres
2017_pres_t1,44109_0524,44,Loire-Atlantique,,,44109,Nantes,1.0,1ère circonscription,0524,906,155,751,9.0,4,738,17.11,82.89,0.99,1.2,0.44,0.53,81.46,98.27,82.8918,17.1082,2017,pres
2017_pres_t1,44109_0525,44,Loire-Atlantique,,,44109,Nantes,1.0,1ère circonscription,0525,991,207,784,10.0,3,771,20.89,79.11,1.01,1.28,0.3,0.38,77.8,98.34,79.112,20.888,2017,pres
2017_pres_t1,44109_0611,44,Loire-Atlantique,,,44109,Nantes,1.0,1ère circonscription,0611,932,163,769,15.0,3,751,17.49,82.51,1.61,1.95,0.32,0.39,80.58,97.66,82.5107,17.4893,2017,pres
2017_pres_t1,44109_0612,44,Loire-Atlantique,,,44109,Nantes,1.0,1ère circonscription,0612,926,163,763,10.0,0,753,17.6,82.4,1.08,1.31,0.0,0.0,81.32,98.69,82.3974,17.6026,2017,pres
2017_pres_t1,44109_0613,44,Loire-Atlantique,,,44109,Nantes,1.0,1ère circonscription,0613,876,111,765,12.0,0,753,12.67,87.33,1.37,1.57,0.0,0.0,85.96,98.43,87.3288,12.6712,2017,pres
2017_pres_t1,44109_0614,44,Loire-Atlantique,,,44109,Nantes,1.0,1ère circonscription,0614,881,148,733,7.0,0,726,16.8,83.2,0.79,0.95,0.0,0.0,82.41,99.05,83.2009,16.7991,2017,pres
2017_pres_t1,44109_0615,44,Loire-Atlantique,,,44109,Nantes,1.0,1ère circonscription,0615,889,144,745,3.0,1,741,16.2,83.8,0.34,0.4,0.11,0.13,83.35,99.46,83.802,16.198,2017,pres
2017_pres_t1,44109_0621,44,Loire-Atlantique,,,44109,Nantes,1.0,1ère circonscription,0621,894,145,749,11.0,9,729,16.22,83.78,1.23,1.47,1.01,1.2,81.54,97.33,83.7808,16.2192,2017,pres
2017_pres_t1,44109_0622,44,Loire-Atlantique,,,44109,Nantes,1.0,1ère circonscription,0622,891,164,727,13.0,1,713,18.41,81.59,1.46,1.79,0.11,0.14,80.02,98.07,81.5937,18.4063,2017,pres
2017_pres_t1,44109_0623,44,Loire-Atlantique,,,44109,Nantes,1.0,1ère circonscription,0623,877,143,734,9.0,2,723,16.31,83.69,1.03,1.23,0.23,0.27,82.44,98.5,83.6944,16.3056,2017,pres
2017_pres_t1,44109_0624,44,Loire-Atlantique,,,44109,Nantes,1.0,1ère circonscription,0624,935,142,793,15.0,1,777,15.19,84.81,1.6,1.89,0.11,0.13,83.1,97.98,84.8128,15.1872,2017,pres
2017_pres_t1,44109_0625,44,Loire-Atlantique,,,44109,Nantes,1.0,1ère circonscription,0625,998,170,828,16.0,1,811,17.03,82.97,1.6,1.93,0.1,0.12,81.26,97.95,82.9659,17.0341,2017,pres
2017_pres_t1,44109_0631,44,Loire-Atlantique,,,44109,Nantes,1.0,1ère circonscription,0631,972,114,858,7.0,4,847,11.73,88.27,0.72,0.82,0.41,0.47,87.14,98.72,88.2716,11.7284,2017,pres
2017_pres_t1,44109_0632,44,Loire-Atlantique,,,44109,Nantes,1.0,1ère circonscription,0632,929,134,795,8.0,3,784,14.42,85.58,0.86,1.01,0.32,0.38,84.39,98.62,85.5759,14.4241,2017,pres
2017_pres_t1,44109_0633,44,Loire-Atlantique,,,44109,Nantes,1.0,1ère circonscription,0633,896,164,732,5.0,1,726,18.3,81.7,0.56,0.68,0.11,0.14,81.03,99.18,81.6964,18.3036,2017,pres
2017_pres_t1,44109_0634,44,Loire-Atlantique,,,44109,Nantes,1.0,1ère circonscription,0634,892,137,755,10.0,3,742,15.36,84.64,1.12,1.32,0.34,0.4,83.18,98.28,84.6413,15.3587,2017,pres
2017_pres_t1,44109_0641,44,Loire-Atlantique,,,44109,Nantes,1.0,1ère circonscription,0641,952,153,799,11.0,4,784,16.07,83.93,1.16,1.38,0.42,0.5,82.35,98.12,83.9286,16.0714,2017,pres
2017_pres_t1,44109_0642,44,Loire-Atlantique,,,44109,Nantes,1.0,1ère circonscription,0642,882,189,693,6.0,2,685,21.43,78.57,0.68,0.87,0.23,0.29,77.66,98.85,78.5714,21.4286,2017,pres
2017_pres_t1,44109_0643,44,Loire-Atlantique,,,44109,Nantes,1.0,1ère circonscription,0643,892,154,738,12.0,0,726,17.26,82.74,1.35,1.63,0.0,0.0,81.39,98.37,82.7354,17.2646,2017,pres
2017_pres_t1,44109_0651,44,Loire-Atlantique,,,44109,Nantes,1.0,1ère circonscription,0651,869,168,701,8.0,3,690,19.33,80.67,0.92,1.14,0.35,0.43,79.4,98.43,80.6674,19.3326,2017,pres
2017_pres_t1,44109_0652,44,Loire-Atlantique,,,44109,Nantes,1.0,1ère circonscription,0652,887,184,703,8.0,2,693,20.74,79.26,0.9,1.14,0.23,0.28,78.13,98.58,79.2559,20.7441,2017,pres
2017_pres_t1,44109_0653,44,Loire-Atlantique,,,44109,Nantes,1.0,1ère circonscription,0653,978,176,802,8.0,3,791,18.0,82.0,0.82,1.0,0.31,0.37,80.88,98.63,82.0041,17.9959,2017,pres
2017_pres_t1,44109_0654,44,Loire-Atlantique,,,44109,Nantes,1.0,1ère circonscription,0654,961,171,790,5.0,2,783,17.79,82.21,0.52,0.63,0.21,0.25,81.48,99.11,82.206,17.794,2017,pres
2017_pres_t1,44109_0655,44,Loire-Atlantique,,,44109,Nantes,1.0,1ère circonscription,0655,959,177,782,10.0,0,772,18.46,81.54,1.04,1.28,0.0,0.0,80.5,98.72,81.5433,18.4567,2017,pres
2017_pres_t1,44109_0661,44,Loire-Atlantique,,,44109,Nantes,1.0,1ère circonscription,0661,907,246,661,12.0,3,646,27.12,72.88,1.32,1.82,0.33,0.45,71.22,97.73,72.8776,27.1224,2017,pres
2017_pres_t1,44109_0662,44,Loire-Atlantique,,,44109,Nantes,1.0,1ère circonscription,0662,923,212,711,19.0,6,686,22.97,77.03,2.06,2.67,0.65,0.84,74.32,96.48,77.0314,22.9686,2017,pres
2017_pres_t1,44109_0663,44,Loire-Atlantique,,,44109,Nantes,1.0,1ère circonscription,0663,847,337,510,7.0,5,498,39.79,60.21,0.83,1.37,0.59,0.98,58.8,97.65,60.2125,39.7875,2017,pres
2017_pres_t1,44109_0664,44,Loire-Atlantique,,,44109,Nantes,1.0,1ère circonscription,0664,867,280,587,6.0,1,580,32.3,67.7,0.69,1.02,0.12,0.17,66.9,98.81,67.7047,32.2953,2017,pres
2017_pres_t1,44109_0671,44,Loire-Atlantique,,,44109,Nantes,1.0,1ère circonscription,0671,852,293,559,9.0,1,549,34.39,65.61,1.06,1.61,0.12,0.18,64.44,98.21,65.6103,34.3897,2017,pres
2017_pres_t1,44109_0672,44,Loire-Atlantique,,,44109,Nantes,1.0,1ère circonscription,0672,967,219,748,13.0,8,727,22.65,77.35,1.34,1.74,0.83,1.07,75.18,97.19,77.3526,22.6474,2017,pres
2017_pres_t1,44109_0673,44,Loire-Atlantique,,,44109,Nantes,1.0,1ère circonscription,0673,1040,279,761,14.0,4,743,26.83,73.17,1.35,1.84,0.38,0.53,71.44,97.63,73.1731,26.8269,2017,pres
2017_pres_t1,44109_0111,44,Loire-Atlantique,,,44109,Nantes,2.0,2ème circonscription,0111,863,121,742,10.0,2,730,14.02,85.98,1.16,1.35,0.23,0.27,84.59,98.38,85.9791,14.0209,2017,pres
2017_pres_t1,44109_0112,44,Loire-Atlantique,,,44109,Nantes,2.0,2ème circonscription,0112,1025,182,843,10.0,5,828,17.76,82.24,0.98,1.19,0.49,0.59,80.78,98.22,82.2439,17.7561,2017,pres
2017_pres_t1,44109_0113,44,Loire-Atlantique,,,44109,Nantes,2.0,2ème circonscription,0113,870,162,708,7.0,2,699,18.62,81.38,0.8,0.99,0.23,0.28,80.34,98.73,81.3793,18.6207,2017,pres
2017_pres_t1,44109_0114,44,Loire-Atlantique,,,44109,Nantes,2.0,2ème circonscription,0114,919,137,782,9.0,1,772,14.91,85.09,0.98,1.15,0.11,0.13,84.0,98.72,85.0925,14.9075,2017,pres
2017_pres_t1,44109_0121,44,Loire-Atlantique,,,44109,Nantes,2.0,2ème circonscription,0121,967,204,763,10.0,2,751,21.1,78.9,1.03,1.31,0.21,0.26,77.66,98.43,78.9038,21.0962,2017,pres
2017_pres_t1,44109_0122,44,Loire-Atlantique,,,44109,Nantes,2.0,2ème circonscription,0122,925,169,756,3.0,8,745,18.27,81.73,0.32,0.4,0.86,1.06,80.54,98.54,81.7297,18.2703,2017,pres
2017_pres_t1,44109_0123,44,Loire-Atlantique,,,44109,Nantes,2.0,2ème circonscription,0123,959,179,780,10.0,5,765,18.67,81.33,1.04,1.28,0.52,0.64,79.77,98.08,81.3347,18.6653,2017,pres
2017_pres_t1,44109_0131,44,Loire-Atlantique,,,44109,Nantes,2.0,2ème circonscription,0131,1092,190,902,5.0,1,896,17.4,82.6,0.46,0.55,0.09,0.11,82.05,99.33,82.6007,17.3993,2017,pres
2017_pres_t1,44109_0132,44,Loire-Atlantique,,,44109,Nantes,2.0,2ème circonscription,0132,963,154,809,11.0,1,797,15.99,84.01,1.14,1.36,0.1,0.12,82.76,98.52,84.0083,15.9917,2017,pres
2017_pres_t1,44109_0133,44,Loire-Atlantique,,,44109,Nantes,2.0,2ème circonscription,0133,949,144,805,11.0,4,790,15.17,84.83,1.16,1.37,0.42,0.5,83.25,98.14,84.8261,15.1739,2017,pres
2017_pres_t1,44109_0134,44,Loire-Atlantique,,,44109,Nantes,2.0,2ème circonscription,0134,1002,164,838,10.0,1,827,16.37,83.63,1.0,1.19,0.1,0.12,82.53,98.69,83.6327,16.3673,2017,pres
2017_pres_t1,44109_0182,44,Loire-Atlantique,,,44109,Nantes,2.0,2ème circonscription,0182,559,90,469,6.0,0,463,16.1,83.9,1.07,1.28,0.0,0.0,82.83,98.72,83.8998,16.1002,2017,pres
2017_pres_t1,44109_0211,44,Loire-Atlantique,,,44109,Nantes,2.0,2ème circonscription,0211,1197,238,959,12.0,6,941,19.88,80.12,1.0,1.25,0.5,0.63,78.61,98.12,80.117,19.883,2017,pres
2017_pres_t1,44109_0212,44,Loire-Atlantique,,,44109,Nantes,2.0,2ème circonscription,0212,981,305,676,13.0,2,661,31.09,68.91,1.33,1.92,0.2,0.3,67.38,97.78,68.9093,31.0907,2017,pres
2017_pres_t1,44109_0213,44,Loire-Atlantique,,,44109,Nantes,2.0,2ème circonscription,0213,873,334,539,12.0,4,523,38.26,61.74,1.37,2.23,0.46,0.74,59.91,97.03,61.7411,38.2589,2017,pres
2017_pres_t1,44109_0221,44,Loire-Atlantique,,,44109,Nantes,2.0,2ème circonscription,0221,931,158,773,8.0,2,763,16.97,83.03,0.86,1.03,0.21,0.26,81.95,98.71,83.029,16.971,2017,pres
2017_pres_t1,44109_0222,44,Loire-Atlantique,,,44109,Nantes,2.0,2ème circonscription,0222,1056,239,817,13.0,4,800,22.63,77.37,1.23,1.59,0.38,0.49,75.76,97.92,77.3674,22.6326,2017,pres
2017_pres_t1,44109_0223,44,Loire-Atlantique,,,44109,Nantes,2.0,2ème circonscription,0223,854,98,756,9.0,1,746,11.48,88.52,1.05,1.19,0.12,0.13,87.35,98.68,88.5246,11.4754,2017,pres
2017_pres_t1,44109_0224,44,Loire-Atlantique,,,44109,Nantes,2.0,2ème circonscription,0224,899,185,714,9.0,7,698,20.58,79.42,1.0,1.26,0.78,0.98,77.64,97.76,79.4216,20.5784,2017,pres
2017_pres_t1,44109_0231,44,Loire-Atlantique,,,44109,Nantes,2.0,2ème circonscription,0231,905,169,736,12.0,5,719,18.67,81.33,1.33,1.63,0.55,0.68,79.45,97.69,81.326,18.674,2017,pres
2017_pres_t1,44109_0232,44,Loire-Atlantique,,,44109,Nantes,2.0,2ème circonscription,0232,889,104,785,2.0,14,769,11.7,88.3,0.22,0.25,1.57,1.78,86.5,97.96,88.3015,11.6985,2017,pres
2017_pres_t1,44109_0233,44,Loire-Atlantique,,,44109,Nantes,2.0,2ème circonscription,0233,874,181,693,9.0,3,681,20.71,79.29,1.03,1.3,0.34,0.43,77.92,98.27,79.2906,20.7094,2017,pres
2017_pres_t1,44109_0234,44,Loire-Atlantique,,,44109,Nantes,2.0,2ème circonscription,0234,870,166,704,8.0,1,695,19.08,80.92,0.92,1.14,0.11,0.14,79.89,98.72,80.9195,19.0805,2017,pres
2017_pres_t1,44109_0241,44,Loire-Atlantique,,,44109,Nantes,2.0,2ème circonscription,0241,896,166,730,8.0,2,720,18.53,81.47,0.89,1.1,0.22,0.27,80.36,98.63,81.4732,18.5268,2017,pres
2017_pres_t1,44109_0242,44,Loire-Atlantique,,,44109,Nantes,2.0,2ème circonscription,0242,863,119,744,5.0,2,737,13.79,86.21,0.58,0.67,0.23,0.27,85.4,99.06,86.2109,13.7891,2017,pres
2017_pres_t1,44109_0243,44,Loire-Atlantique,,,44109,Nantes,2.0,2ème circonscription,0243,825,134,691,9.0,2,680,16.24,83.76,1.09,1.3,0.24,0.29,82.42,98.41,83.7576,16.2424,2017,pres
2017_pres_t1,44109_0244,44,Loire-Atlantique,,,44109,Nantes,2.0,2ème circonscription,0244,801,140,661,11.0,2,648,17.48,82.52,1.37,1.66,0.25,0.3,80.9,98.03,82.5218,17.4782,2017,pres
2017_pres_t1,44109_0251,44,Loire-Atlantique,,,44109,Nantes,2.0,2ème circonscription,0251,1028,214,814,14.0,4,796,20.82,79.18,1.36,1.72,0.39,0.49,77.43,97.79,79.1829,20.8171,2017,pres
2017_pres_t1,44109_0252,44,Loire-Atlantique,,,44109,Nantes,2.0,2ème circonscription,0252,987,165,822,11.0,4,807,16.72,83.28,1.11,1.34,0.41,0.49,81.76,98.18,83.2827,16.7173,2017,pres
2017_pres_t1,44109_0253,44,Loire-Atlantique,,,44109,Nantes,2.0,2ème circonscription,0253,1033,194,839,16.0,4,819,18.78,81.22,1.55,1.91,0.39,0.48,79.28,97.62,81.2197,18.7803,2017,pres
2017_pres_t1,44109_0254,44,Loire-Atlantique,,,44109,Nantes,2.0,2ème circonscription,0254,1061,190,871,12.0,7,852,17.91,82.09,1.13,1.38,0.66,0.8,80.3,97.82,82.0924,17.9076,2017,pres
2017_pres_t1,44109_0261,44,Loire-Atlantique,,,44109,Nantes,2.0,2ème circonscription,0261,846,104,742,5.0,6,731,12.29,87.71,0.59,0.67,0.71,0.81,86.41,98.52,87.7069,12.2931,2017,pres
2017_pres_t1,44109_0262,44,Loire-Atlantique,,,44109,Nantes,2.0,2ème circonscription,0262,933,169,764,10.0,6,748,18.11,81.89,1.07,1.31,0.64,0.79,80.17,97.91,81.8864,18.1136,2017,pres
2017_pres_t1,44109_0263,44,Loire-Atlantique,,,44109,Nantes,2.0,2ème circonscription,0263,845,127,718,11.0,2,705,15.03,84.97,1.3,1.53,0.24,0.28,83.43,98.19,84.9704,15.0296,2017,pres
2017_pres_t1,44109_0264,44,Loire-Atlantique,,,44109,Nantes,2.0,2ème circonscription,0264,905,145,760,4.0,7,749,16.02,83.98,0.44,0.53,0.77,0.92,82.76,98.55,83.9779,16.0221,2017,pres
2017_pres_t1,44109_0311,44,Loire-Atlantique,,,44109,Nantes,2.0,2ème circonscription,0311,1176,215,961,13.0,2,946,18.28,81.72,1.11,1.35,0.17,0.21,80.44,98.44,81.7177,18.2823,2017,pres
2017_pres_t1,44109_0312,44,Loire-Atlantique,,,44109,Nantes,2.0,2ème circonscription,0312,980,167,813,7.0,2,804,17.04,82.96,0.71,0.86,0.2,0.25,82.04,98.89,82.9592,17.0408,2017,pres
2017_pres_t1,44109_0313,44,Loire-Atlantique,,,44109,Nantes,2.0,2ème circonscription,0313,1022,178,844,10.0,1,833,17.42,82.58,0.98,1.18,0.1,0.12,81.51,98.7,82.5832,17.4168,2017,pres
2017_pres_t1,44109_0314,44,Loire-Atlantique,,,44109,Nantes,2.0,2ème circonscription,0314,1027,150,877,11.0,0,866,14.61,85.39,1.07,1.25,0.0,0.0,84.32,98.75,85.3944,14.6056,2017,pres
2017_pres_t1,44109_0331,44,Loire-Atlantique,,,44109,Nantes,2.0,2ème circonscription,0331,1013,148,865,8.0,0,857,14.61,85.39,0.79,0.92,0.0,0.0,84.6,99.08,85.3899,14.6101,2017,pres
2017_pres_t1,44109_0332,44,Loire-Atlantique,,,44109,Nantes,2.0,2ème circonscription,0332,961,128,833,5.0,7,821,13.32,86.68,0.52,0.6,0.73,0.84,85.43,98.56,86.6805,13.3195,2017,pres
2017_pres_t1,44109_0333,44,Loire-Atlantique,,,44109,Nantes,2.0,2ème circonscription,0333,940,159,781,9.0,0,772,16.91,83.09,0.96,1.15,0.0,0.0,82.13,98.85,83.0851,16.9149,2017,pres
2017_pres_t1,44109_0334,44,Loire-Atlantique,,,44109,Nantes,2.0,2ème circonscription,0334,929,145,784,8.0,4,772,15.61,84.39,0.86,1.02,0.43,0.51,83.1,98.47,84.3918,15.6082,2017,pres
2017_pres_t1,44109_0335,44,Loire-Atlantique,,,44109,Nantes,2.0,2ème circonscription,0335,829,125,704,3.0,1,700,15.08,84.92,0.36,0.43,0.12,0.14,84.44,99.43,84.9216,15.0784,2017,pres
2017_pres_t1,44109_0341,44,Loire-Atlantique,,,44109,Nantes,2.0,2ème circonscription,0341,954,145,809,7.0,3,799,15.2,84.8,0.73,0.87,0.31,0.37,83.75,98.76,84.8008,15.1992,2017,pres
2017_pres_t1,44109_0342,44,Loire-Atlantique,,,44109,Nantes,2.0,2ème circonscription,0342,896,186,710,13.0,2,695,20.76,79.24,1.45,1.83,0.22,0.28,77.57,97.89,79.2411,20.7589,2017,pres
2017_pres_t1,44109_0343,44,Loire-Atlantique,,,44109,Nantes,2.0,2ème circonscription,0343,955,186,769,7.0,4,758,19.48,80.52,0.73,0.91,0.42,0.52,79.37,98.57,80.5236,19.4764,2017,pres
2017_pres_t1,44109_0351,44,Loire-Atlantique,,,44109,Nantes,2.0,2ème circonscription,0351,950,203,747,9.0,5,733,21.37,78.63,0.95,1.2,0.53,0.67,77.16,98.13,78.6316,21.3684,2017,pres
2017_pres_t1,44109_0352,44,Loire-Atlantique,,,44109,Nantes,2.0,2ème circonscription,0352,931,216,715,7.0,3,705,23.2,76.8,0.75,0.98,0.32,0.42,75.73,98.6,76.7991,23.2009,2017,pres
2017_pres_t1,44109_0353,44,Loire-Atlantique,,,44109,Nantes,2.0,2ème circonscription,0353,925,204,721,3.0,4,714,22.05,77.95,0.32,0.42,0.43,0.55,77.19,99.03,77.9459,22.0541,2017,pres
2017_pres_t1,44109_0354,44,Loire-Atlantique,,,44109,Nantes,2.0,2ème circonscription,0354,1055,166,889,11.0,4,874,15.73,84.27,1.04,1.24,0.38,0.45,82.84,98.31,84.2654,15.7346,2017,pres
2017_pres_t1,44109_0355,44,Loire-Atlantique,,,44109,Nantes,2.0,2ème circonscription,0355,1119,153,966,13.0,4,949,13.67,86.33,1.16,1.35,0.36,0.41,84.81,98.24,86.3271,13.6729,2017,pres
2017_pres_t1,44109_0361,44,Loire-Atlantique,,,44109,Nantes,2.0,2ème circonscription,0361,1068,168,900,10.0,2,888,15.73,84.27,0.94,1.11,0.19,0.22,83.15,98.67,84.2697,15.7303,2017,pres
2017_pres_t1,44109_0362,44,Loire-Atlantique,,,44109,Nantes,2.0,2ème circonscription,0362,830,148,682,9.0,2,671,17.83,82.17,1.08,1.32,0.24,0.29,80.84,98.39,82.1687,17.8313,2017,pres
2017_pres_t1,44109_0363,44,Loire-Atlantique,,,44109,Nantes,2.0,2ème circonscription,0363,914,198,716,8.0,3,705,21.66,78.34,0.88,1.12,0.33,0.42,77.13,98.46,78.337,21.663,2017,pres
2017_pres_t1,44109_0364,44,Loire-Atlantique,,,44109,Nantes,2.0,2ème circonscription,0364,1144,199,945,16.0,3,926,17.4,82.6,1.4,1.69,0.26,0.32,80.94,97.99,82.6049,17.3951,2017,pres
2017_pres_t1,44109_0365,44,Loire-Atlantique,,,44109,Nantes,2.0,2ème circonscription,0365,765,217,548,6.0,2,540,28.37,71.63,0.78,1.09,0.26,0.36,70.59,98.54,71.634,28.366,2017,pres
2017_pres_t1,44109_0412,44,Loire-Atlantique,,,44109,Nantes,2.0,2ème circonscription,0412,717,119,598,6.0,2,590,16.6,83.4,0.84,1.0,0.28,0.33,82.29,98.66,83.4031,16.5969,2017,pres
2017_pres_t1,44109_0413,44,Loire-Atlantique,,,44109,Nantes,2.0,2ème circonscription,0413,897,110,787,9.0,0,778,12.26,87.74,1.0,1.14,0.0,0.0,86.73,98.86,87.7369,12.2631,2017,pres
2017_pres_t1,44109_0414,44,Loire-Atlantique,,,44109,Nantes,2.0,2ème circonscription,0414,740,88,652,10.0,2,640,11.89,88.11,1.35,1.53,0.27,0.31,86.49,98.16,88.1081,11.8919,2017,pres
2017_pres_t1,44109_0415,44,Loire-Atlantique,,,44109,Nantes,2.0,2ème circonscription,0415,796,98,698,5.0,2,691,12.31,87.69,0.63,0.72,0.25,0.29,86.81,99.0,87.6884,12.3116,2017,pres
2017_pres_t1,44109_0421,44,Loire-Atlantique,,,44109,Nantes,2.0,2ème circonscription,0421,866,99,767,7.0,0,760,11.43,88.57,0.81,0.91,0.0,0.0,87.76,99.09,88.5681,11.4319,2017,pres
2017_pres_t1,44109_0422,44,Loire-Atlantique,,,44109,Nantes,2.0,2ème circonscription,0422,902,132,770,4.0,1,765,14.63,85.37,0.44,0.52,0.11,0.13,84.81,99.35,85.3659,14.6341,2017,pres
2017_pres_t1,44109_0423,44,Loire-Atlantique,,,44109,Nantes,2.0,2ème circonscription,0423,925,130,795,4.0,4,787,14.05,85.95,0.43,0.5,0.43,0.5,85.08,98.99,85.9459,14.0541,2017,pres
2017_pres_t1,44109_0424,44,Loire-Atlantique,,,44109,Nantes,2.0,2ème circonscription,0424,909,163,746,4.0,3,739,17.93,82.07,0.44,0.54,0.33,0.4,81.3,99.06,82.0682,17.9318,2017,pres
2017_pres_t1,44109_0425,44,Loire-Atlantique,,,44109,Nantes,2.0,2ème circonscription,0425,892,150,742,5.0,0,737,16.82,83.18,0.56,0.67,0.0,0.0,82.62,99.33,83.1839,16.8161,2017,pres
2017_pres_t1,44109_0431,44,Loire-Atlantique,,,44109,Nantes,2.0,2ème circonscription,0431,929,143,786,9.0,2,775,15.39,84.61,0.97,1.15,0.22,0.25,83.42,98.6,84.6071,15.3929,2017,pres
2017_pres_t1,44109_0441,44,Loire-Atlantique,,,44109,Nantes,2.0,2ème circonscription,0441,948,131,817,8.0,0,809,13.82,86.18,0.84,0.98,0.0,0.0,85.34,99.02,86.1814,13.8186,2017,pres
2017_pres_t1,44109_0442,44,Loire-Atlantique,,,44109,Nantes,2.0,2ème circonscription,0442,924,161,763,10.0,2,751,17.42,82.58,1.08,1.31,0.22,0.26,81.28,98.43,82.5758,17.4242,2017,pres
2017_pres_t1,44109_0443,44,Loire-Atlantique,,,44109,Nantes,2.0,2ème circonscription,0443,918,140,778,13.0,1,764,15.25,84.75,1.42,1.67,0.11,0.13,83.22,98.2,84.7495,15.2505,2017,pres
2017_pres_t1,44109_0444,44,Loire-Atlantique,,,44109,Nantes,2.0,2ème circonscription,0444,940,192,748,10.0,4,734,20.43,79.57,1.06,1.34,0.43,0.53,78.09,98.13,79.5745,20.4255,2017,pres
2017_pres_t1,44109_0541,44,Loire-Atlantique,,,44109,Nantes,2.0,2ème circonscription,0541,1049,186,863,7.0,3,853,17.73,82.27,0.67,0.81,0.29,0.35,81.32,98.84,82.2688,17.7312,2017,pres
2017_pres_t1,44109_0542,44,Loire-Atlantique,,,44109,Nantes,2.0,2ème circonscription,0542,1075,173,902,7.0,3,892,16.09,83.91,0.65,0.78,0.28,0.33,82.98,98.89,83.907,16.093,2017,pres
2017_pres_t1,44109_0543,44,Loire-Atlantique,,,44109,Nantes,2.0,2ème circonscription,0543,1090,140,950,7.0,3,940,12.84,87.16,0.64,0.74,0.28,0.32,86.24,98.95,87.156,12.844,2017,pres
2017_pres_t1,44109_0544,44,Loire-Atlantique,,,44109,Nantes,2.0,2ème circonscription,0544,951,166,785,6.0,3,776,17.46,82.54,0.63,0.76,0.32,0.38,81.6,98.85,82.5447,17.4553,2017,pres
2017_pres_t1,44109_0545,44,Loire-Atlantique,,,44109,Nantes,2.0,2ème circonscription,0545,1002,160,842,9.0,1,832,15.97,84.03,0.9,1.07,0.1,0.12,83.03,98.81,84.0319,15.9681,2017,pres
2017_pres_t1,44109_0721,44,Loire-Atlantique,,,44109,Nantes,2.0,2ème circonscription,0721,1059,261,798,19.0,7,772,24.65,75.35,1.79,2.38,0.66,0.88,72.9,96.74,75.3541,24.6459,2017,pres
2017_pres_t1,44109_0722,44,Loire-Atlantique,,,44109,Nantes,2.0,2ème circonscription,0722,1017,264,753,10.0,5,738,25.96,74.04,0.98,1.33,0.49,0.66,72.57,98.01,74.0413,25.9587,2017,pres
2017_pres_t1,44109_0723,44,Loire-Atlantique,,,44109,Nantes,2.0,2ème circonscription,0723,964,333,631,14.0,5,612,34.54,65.46,1.45,2.22,0.52,0.79,63.49,96.99,65.4564,34.5436,2017,pres
2017_pres_t1,44109_0724,44,Loire-Atlantique,,,44109,Nantes,2.0,2ème circonscription,0724,946,282,664,6.0,6,652,29.81,70.19,0.63,0.9,0.63,0.9,68.92,98.19,70.1903,29.8097,2017,pres
2017_pres_t1,44109_0725,44,Loire-Atlantique,,,44109,Nantes,2.0,2ème circonscription,0725,983,129,854,14.0,3,837,13.12,86.88,1.42,1.64,0.31,0.35,85.15,98.01,86.8769,13.1231,2017,pres
2017_pres_t1,44109_0731,44,Loire-Atlantique,,,44109,Nantes,2.0,2ème circonscription,0731,966,138,828,10.0,2,816,14.29,85.71,1.04,1.21,0.21,0.24,84.47,98.55,85.7143,14.2857,2017,pres
2017_pres_t1,44109_0732,44,Loire-Atlantique,,,44109,Nantes,2.0,2ème circonscription,0732,955,158,797,11.0,2,784,16.54,83.46,1.15,1.38,0.21,0.25,82.09,98.37,83.4555,16.5445,2017,pres
2017_pres_t1,44109_0733,44,Loire-Atlantique,,,44109,Nantes,2.0,2ème circonscription,0733,897,165,732,13.0,8,711,18.39,81.61,1.45,1.78,0.89,1.09,79.26,97.13,81.6054,18.3946,2017,pres
2017_pres_t1,44109_0734,44,Loire-Atlantique,,,44109,Nantes,2.0,2ème circonscription,0734,990,142,848,7.0,6,835,14.34,85.66,0.71,0.83,0.61,0.71,84.34,98.47,85.6566,14.3434,2017,pres
2017_pres_t1,44109_0735,44,Loire-Atlantique,,,44109,Nantes,2.0,2ème circonscription,0735,1192,151,1041,23.0,6,1012,12.67,87.33,1.93,2.21,0.5,0.58,84.9,97.21,87.3322,12.6678,2017,pres
2017_pres_t1,44109_0741,44,Loire-Atlantique,,,44109,Nantes,2.0,2ème circonscription,0741,1004,188,816,21.0,7,788,18.73,81.27,2.09,2.57,0.7,0.86,78.49,96.57,81.2749,18.7251,2017,pres
2017_pres_t1,44109_0742,44,Loire-Atlantique,,,44109,Nantes,2.0,2ème circonscription,0742,994,196,798,20.0,5,773,19.72,80.28,2.01,2.51,0.5,0.63,77.77,96.87,80.2817,19.7183,2017,pres
2017_pres_t1,44109_0743,44,Loire-Atlantique,,,44109,Nantes,2.0,2ème circonscription,0743,1054,161,893,14.0,2,877,15.28,84.72,1.33,1.57,0.19,0.22,83.21,98.21,84.7249,15.2751,2017,pres
2017_pres_t1,44109_0744,44,Loire-Atlantique,,,44109,Nantes,2.0,2ème circonscription,0744,1481,233,1248,18.0,5,1225,15.73,84.27,1.22,1.44,0.34,0.4,82.71,98.16,84.2674,15.7326,2017,pres
2017_pres_t1,44109_0432,44,Loire-Atlantique,,,44109,Nantes,3.0,3ème circonscription,0432,934,155,779,9.0,4,766,16.6,83.4,0.96,1.16,0.43,0.51,82.01,98.33,83.4047,16.5953,2017,pres
2017_pres_t1,44109_0433,44,Loire-Atlantique,,,44109,Nantes,3.0,3ème circonscription,0433,929,117,812,6.0,3,803,12.59,87.41,0.65,0.74,0.32,0.37,86.44,98.89,87.4058,12.5942,2017,pres
2017_pres_t1,44109_0434,44,Loire-Atlantique,,,44109,Nantes,3.0,3ème circonscription,0434,991,187,804,6.0,6,792,18.87,81.13,0.61,0.75,0.61,0.75,79.92,98.51,81.1302,18.8698,2017,pres
2017_pres_t1,44109_0445,44,Loire-Atlantique,,,44109,Nantes,3.0,3ème circonscription,0445,818,139,679,9.0,1,669,16.99,83.01,1.1,1.33,0.12,0.15,81.78,98.53,83.0073,16.9927,2017,pres
2017_pres_t1,44109_0451,44,Loire-Atlantique,,,44109,Nantes,3.0,3ème circonscription,0451,896,147,749,6.0,0,743,16.41,83.59,0.67,0.8,0.0,0.0,82.92,99.2,83.5938,16.4062,2017,pres
2017_pres_t1,44109_0452,44,Loire-Atlantique,,,44109,Nantes,3.0,3ème circonscription,0452,920,131,789,7.0,5,777,14.24,85.76,0.76,0.89,0.54,0.63,84.46,98.48,85.7609,14.2391,2017,pres
2017_pres_t1,44109_0453,44,Loire-Atlantique,,,44109,Nantes,3.0,3ème circonscription,0453,1082,202,880,16.0,1,863,18.67,81.33,1.48,1.82,0.09,0.11,79.76,98.07,81.3309,18.6691,2017,pres
2017_pres_t1,44109_0461,44,Loire-Atlantique,,,44109,Nantes,3.0,3ème circonscription,0461,869,178,691,8.0,5,678,20.48,79.52,0.92,1.16,0.58,0.72,78.02,98.12,79.5167,20.4833,2017,pres
2017_pres_t1,44109_0462,44,Loire-Atlantique,,,44109,Nantes,3.0,3ème circonscription,0462,886,164,722,5.0,1,716,18.51,81.49,0.56,0.69,0.11,0.14,80.81,99.17,81.4898,18.5102,2017,pres
2017_pres_t1,44109_0463,44,Loire-Atlantique,,,44109,Nantes,3.0,3ème circonscription,0463,910,218,692,11.0,6,675,23.96,76.04,1.21,1.59,0.66,0.87,74.18,97.54,76.044,23.956,2017,pres
2017_pres_t1,44109_0471,44,Loire-Atlantique,,,44109,Nantes,3.0,3ème circonscription,0471,819,275,544,9.0,3,532,33.58,66.42,1.1,1.65,0.37,0.55,64.96,97.79,66.4225,33.5775,2017,pres
2017_pres_t1,44109_0472,44,Loire-Atlantique,,,44109,Nantes,3.0,3ème circonscription,0472,904,275,629,7.0,1,621,30.42,69.58,0.77,1.11,0.11,0.16,68.69,98.73,69.5796,30.4204,2017,pres
2017_pres_t1,44109_0473,44,Loire-Atlantique,,,44109,Nantes,3.0,3ème circonscription,0473,931,220,711,5.0,5,701,23.63,76.37,0.54,0.7,0.54,0.7,75.3,98.59,76.3695,23.6305,2017,pres
2017_pres_t1,44109_0511,44,Loire-Atlantique,,,44109,Nantes,3.0,3ème circonscription,0511,901,220,681,10.0,5,666,24.42,75.58,1.11,1.47,0.55,0.73,73.92,97.8,75.5827,24.4173,2017,pres
2017_pres_t1,44109_0512,44,Loire-Atlantique,,,44109,Nantes,3.0,3ème circonscription,0512,815,168,647,6.0,0,641,20.61,79.39,0.74,0.93,0.0,0.0,78.65,99.07,79.3865,20.6135,2017,pres
2017_pres_t1,44109_0513,44,Loire-Atlantique,,,44109,Nantes,3.0,3ème circonscription,0513,883,220,663,8.0,5,650,24.92,75.08,0.91,1.21,0.57,0.75,73.61,98.04,75.0849,24.9151,2017,pres
2017_pres_t1,44109_0531,44,Loire-Atlantique,,,44109,Nantes,3.0,3ème circonscription,0531,1043,399,644,13.0,6,625,38.26,61.74,1.25,2.02,0.58,0.93,59.92,97.05,61.745,38.255,2017,pres
2017_pres_t1,44109_0532,44,Loire-Atlantique,,,44109,Nantes,3.0,3ème circonscription,0532,819,313,506,3.0,3,500,38.22,61.78,0.37,0.59,0.37,0.59,61.05,98.81,61.7827,38.2173,2017,pres
2017_pres_t1,44109_0533,44,Loire-Atlantique,,,44109,Nantes,3.0,3ème circonscription,0533,952,184,768,9.0,2,757,19.33,80.67,0.95,1.17,0.21,0.26,79.52,98.57,80.6723,19.3277,2017,pres
2017_pres_t1,44109_0534,44,Loire-Atlantique,,,44109,Nantes,3.0,3ème circonscription,0534,980,236,744,12.0,6,726,24.08,75.92,1.22,1.61,0.61,0.81,74.08,97.58,75.9184,24.0816,2017,pres
2017_pres_t1,44109_0551,44,Loire-Atlantique,,,44109,Nantes,3.0,3ème circonscription,0551,808,161,647,7.0,0,640,19.93,80.07,0.87,1.08,0.0,0.0,79.21,98.92,80.0743,19.9257,2017,pres
2017_pres_t1,44109_0552,44,Loire-Atlantique,,,44109,Nantes,3.0,3ème circonscription,0552,1016,174,842,14.0,2,826,17.13,82.87,1.38,1.66,0.2,0.24,81.3,98.1,82.874,17.126,2017,pres
2017_pres_t1,44109_0553,44,Loire-Atlantique,,,44109,Nantes,3.0,3ème circonscription,0553,978,145,833,10.0,2,821,14.83,85.17,1.02,1.2,0.2,0.24,83.95,98.56,85.1738,14.8262,2017,pres
2017_pres_t1,44109_0554,44,Loire-Atlantique,,,44109,Nantes,3.0,3ème circonscription,0554,1013,221,792,10.0,1,781,21.82,78.18,0.99,1.26,0.1,0.13,77.1,98.61,78.1836,21.8164,2017,pres
2017_pres_t1,44109_0555,44,Loire-Atlantique,,,44109,Nantes,3.0,3ème circonscription,0555,928,144,784,11.0,2,771,15.52,84.48,1.19,1.4,0.22,0.26,83.08,98.34,84.4828,15.5172,2017,pres
2017_pres_t1,44109_0561,44,Loire-Atlantique,,,44109,Nantes,3.0,3ème circonscription,0561,905,260,645,8.0,2,635,28.73,71.27,0.88,1.24,0.22,0.31,70.17,98.45,71.2707,28.7293,2017,pres
2017_pres_t1,44109_0562,44,Loire-Atlantique,,,44109,Nantes,3.0,3ème circonscription,0562,892,368,524,7.0,4,513,41.26,58.74,0.78,1.34,0.45,0.76,57.51,97.9,58.7444,41.2556,2017,pres
2017_pres_t1,44109_0563,44,Loire-Atlantique,,,44109,Nantes,3.0,3ème circonscription,0563,918,294,624,13.0,2,609,32.03,67.97,1.42,2.08,0.22,0.32,66.34,97.6,67.9739,32.0261,2017,pres
2017_pres_t1,44109_0564,44,Loire-Atlantique,,,44109,Nantes,3.0,3ème circonscription,0564,1029,368,661,16.0,7,638,35.76,64.24,1.55,2.42,0.68,1.06,62.0,96.52,64.2371,35.7629,2017,pres
2017_pres_t1,44109_0565,44,Loire-Atlantique,,,44109,Nantes,3.0,3ème circonscription,0565,1015,201,814,6.0,1,807,19.8,80.2,0.59,0.74,0.1,0.12,79.51,99.14,80.197,19.803,2017,pres
2017_pres_t1,44109_0371,44,Loire-Atlantique,,,44109,Nantes,4.0,4ème circonscription,0371,950,194,756,8.0,2,746,20.42,79.58,0.84,1.06,0.21,0.26,78.53,98.68,79.5789,20.4211,2017,pres
2017_pres_t1,44109_0372,44,Loire-Atlantique,,,44109,Nantes,4.0,4ème circonscription,0372,835,195,640,11.0,1,628,23.35,76.65,1.32,1.72,0.12,0.16,75.21,98.12,76.6467,23.3533,2017,pres
2017_pres_t1,44109_0373,44,Loire-Atlantique,,,44109,Nantes,4.0,4ème circonscription,0373,860,160,700,17.0,4,679,18.6,81.4,1.98,2.43,0.47,0.57,78.95,97.0,81.3953,18.6047,2017,pres
2017_pres_t1,44109_0381,44,Loire-Atlantique,,,44109,Nantes,4.0,4ème circonscription,0381,845,213,632,3.0,2,627,25.21,74.79,0.36,0.47,0.24,0.32,74.2,99.21,74.7929,25.2071,2017,pres
2017_pres_t1,44109_0382,44,Loire-Atlantique,,,44109,Nantes,4.0,4ème circonscription,0382,871,148,723,9.0,4,710,16.99,83.01,1.03,1.24,0.46,0.55,81.52,98.2,83.008,16.992,2017,pres
2017_pres_t1,44109_0383,44,Loire-Atlantique,,,44109,Nantes,4.0,4ème circonscription,0383,945,146,799,13.0,2,784,15.45,84.55,1.38,1.63,0.21,0.25,82.96,98.12,84.5503,15.4497,2017,pres
2017_pres_t1,44109_0384,44,Loire-Atlantique,,,44109,Nantes,4.0,4ème circonscription,0384,913,174,739,10.0,2,727,19.06,80.94,1.1,1.35,0.22,0.27,79.63,98.38,80.9419,19.0581,2017,pres
2017_pres_t1,44109_0385,44,Loire-Atlantique,,,44109,Nantes,4.0,4ème circonscription,0385,980,169,811,16.0,4,791,17.24,82.76,1.63,1.97,0.41,0.49,80.71,97.53,82.7551,17.2449,2017,pres
2017_pres_t1,44109_0271,44,Loire-Atlantique,,,44109,Nantes,5.0,5ème circonscription,0271,899,221,678,12.0,3,663,24.58,75.42,1.33,1.77,0.33,0.44,73.75,97.79,75.4171,24.5829,2017,pres
2017_pres_t1,44109_0272,44,Loire-Atlantique,,,44109,Nantes,5.0,5ème circonscription,0272,923,179,744,15.0,4,725,19.39,80.61,1.63,2.02,0.43,0.54,78.55,97.45,80.6067,19.3933,2017,pres
2017_pres_t1,44109_0273,44,Loire-Atlantique,,,44109,Nantes,5.0,5ème circonscription,0273,857,147,710,8.0,2,700,17.15,82.85,0.93,1.13,0.23,0.28,81.68,98.59,82.8471,17.1529,2017,pres
2017_pres_t1,44109_0274,44,Loire-Atlantique,,,44109,Nantes,5.0,5ème circonscription,0274,897,116,781,6.0,3,772,12.93,87.07,0.67,0.77,0.33,0.38,86.06,98.85,87.068,12.932,2017,pres
2017_pres_t1,44109_0275,44,Loire-Atlantique,,,44109,Nantes,5.0,5ème circonscription,0275,831,191,640,8.0,4,628,22.98,77.02,0.96,1.25,0.48,0.62,75.57,98.12,77.0156,22.9844,2017,pres
2017_pres_t1,44109_0711,44,Loire-Atlantique,,,44109,Nantes,5.0,5ème circonscription,0711,935,106,829,17.0,2,810,11.34,88.66,1.82,2.05,0.21,0.24,86.63,97.71,88.6631,11.3369,2017,pres
2017_pres_t1,44109_0712,44,Loire-Atlantique,,,44109,Nantes,5.0,5ème circonscription,0712,906,121,785,9.0,1,775,13.36,86.64,0.99,1.15,0.11,0.13,85.54,98.73,86.6446,13.3554,2017,pres
2017_pres_t1,44109_0713,44,Loire-Atlantique,,,44109,Nantes,5.0,5ème circonscription,0713,988,245,743,14.0,7,722,24.8,75.2,1.42,1.88,0.71,0.94,73.08,97.17,75.2024,24.7976,2017,pres
2017_pres_t1,44109_0714,44,Loire-Atlantique,,,44109,Nantes,5.0,5ème circonscription,0714,973,196,777,4.0,6,767,20.14,79.86,0.41,0.51,0.62,0.77,78.83,98.71,79.8561,20.1439,2017,pres
2017_pres_t1,44109_0715,44,Loire-Atlantique,,,44109,Nantes,5.0,5ème circonscription,0715,1034,201,833,17.0,4,812,19.44,80.56,1.64,2.04,0.39,0.48,78.53,97.48,80.5609,19.4391,2017,pres
2017_pres_t1,44109_0751,44,Loire-Atlantique,,,44109,Nantes,5.0,5ème circonscription,0751,1036,202,834,15.0,1,818,19.5,80.5,1.45,1.8,0.1,0.12,78.96,98.08,80.5019,19.4981,2017,pres
2017_pres_t1,44109_0752,44,Loire-Atlantique,,,44109,Nantes,5.0,5ème circonscription,0752,1138,218,920,7.0,12,901,19.16,80.84,0.62,0.76,1.05,1.3,79.17,97.93,80.8436,19.1564,2017,pres
2017_pres_t1,44109_0753,44,Loire-Atlantique,,,44109,Nantes,5.0,5ème circonscription,0753,994,184,810,9.0,5,796,18.51,81.49,0.91,1.11,0.5,0.62,80.08,98.27,81.4889,18.5111,2017,pres
2017_pres_t1,44109_0754,44,Loire-Atlantique,,,44109,Nantes,5.0,5ème circonscription,0754,882,298,584,14.0,7,563,33.79,66.21,1.59,2.4,0.79,1.2,63.83,96.4,66.2132,33.7868,2017,pres
2017_pres_t1,44109_0761,44,Loire-Atlantique,,,44109,Nantes,5.0,5ème circonscription,0761,994,131,863,27.0,5,831,13.18,86.82,2.72,3.13,0.5,0.58,83.6,96.29,86.8209,13.1791,2017,pres
2017_pres_t1,44109_0762,44,Loire-Atlantique,,,44109,Nantes,5.0,5ème circonscription,0762,982,167,815,15.0,4,796,17.01,82.99,1.53,1.84,0.41,0.49,81.06,97.67,82.9939,17.0061,2017,pres
2017_pres_t1,44109_0763,44,Loire-Atlantique,,,44109,Nantes,5.0,5ème circonscription,0763,1021,142,879,15.0,4,860,13.91,86.09,1.47,1.71,0.39,0.46,84.23,97.84,86.0921,13.9079,2017,pres
2017_pres_t1,44109_0764,44,Loire-Atlantique,,,44109,Nantes,5.0,5ème circonscription,0764,919,202,717,20.0,3,694,21.98,78.02,2.18,2.79,0.33,0.42,75.52,96.79,78.0196,21.9804,2017,pres
2017_pres_t1,44109_0765,44,Loire-Atlantique,,,44109,Nantes,5.0,5ème circonscription,0765,1344,140,1204,17.0,2,1185,10.42,89.58,1.26,1.41,0.15,0.17,88.17,98.42,89.5833,10.4167,2017,pres
2017_pres_t1,44114_0021,44,Loire-Atlantique,,,44114,Orvault,1.0,1ère circonscription,0021,857,96,761,18.0,0,743,11.2,88.8,2.1,2.37,0.0,0.0,86.7,97.63,88.7981,11.2019,2017,pres
2017_pres_t1,44114_0022,44,Loire-Atlantique,,,44114,Orvault,1.0,1ère circonscription,0022,1032,166,866,17.0,0,849,16.09,83.91,1.65,1.96,0.0,0.0,82.27,98.04,83.9147,16.0853,2017,pres
2017_pres_t1,44114_0023,44,Loire-Atlantique,,,44114,Orvault,1.0,1ère circonscription,0023,1044,108,936,22.0,0,914,10.34,89.66,2.11,2.35,0.0,0.0,87.55,97.65,89.6552,10.3448,2017,pres
2017_pres_t1,44143_0024,44,Loire-Atlantique,,,44143,Rezé,4.0,4ème circonscription,0024,888,139,749,10.0,1,738,15.65,84.35,1.13,1.34,0.11,0.13,83.11,98.53,84.3468,15.6532,2017,pres
2017_pres_t1,44143_0025,44,Loire-Atlantique,,,44143,Rezé,4.0,4ème circonscription,0025,948,215,733,5.0,7,721,22.68,77.32,0.53,0.68,0.74,0.95,76.05,98.36,77.3207,22.6793,2017,pres
2017_pres_t1,44143_0026,44,Loire-Atlantique,,,44143,Rezé,4.0,4ème circonscription,0026,1043,250,793,16.0,3,774,23.97,76.03,1.53,2.02,0.29,0.38,74.21,97.6,76.0307,23.9693,2017,pres
2017_pres_t1,44143_0027,44,Loire-Atlantique,,,44143,Rezé,4.0,4ème circonscription,0027,1117,177,940,17.0,2,921,15.85,84.15,1.52,1.81,0.18,0.21,82.45,97.98,84.154,15.846,2017,pres
2017_pres_t1,44143_0028,44,Loire-Atlantique,,,44143,Rezé,4.0,4ème circonscription,0028,757,136,621,5.0,6,610,17.97,82.03,0.66,0.81,0.79,0.97,80.58,98.23,82.0343,17.9657,2017,pres
2017_pres_t1,44143_0029,44,Loire-Atlantique,,,44143,Rezé,4.0,4ème circonscription,0029,932,188,744,13.0,6,725,20.17,79.83,1.39,1.75,0.64,0.81,77.79,97.45,79.8283,20.1717,2017,pres
2017_pres_t1,44143_0030,44,Loire-Atlantique,,,44143,Rezé,4.0,4ème circonscription,0030,1061,205,856,14.0,2,840,19.32,80.68,1.32,1.64,0.19,0.23,79.17,98.13,80.6786,19.3214,2017,pres
2017_pres_t1,44143_0031,44,Loire-Atlantique,,,44143,Rezé,4.0,4ème circonscription,0031,766,133,633,20.0,3,610,17.36,82.64,2.61,3.16,0.39,0.47,79.63,96.37,82.6371,17.3629,2017,pres
2017_pres_t1,44143_0032,44,Loire-Atlantique,,,44143,Rezé,4.0,4ème circonscription,0032,585,112,473,5.0,1,467,19.15,80.85,0.85,1.06,0.17,0.21,79.83,98.73,80.8547,19.1453,2017,pres
2017_pres_t1,44162_0033,44,Loire-Atlantique,,,44162,Saint-Herblain,3.0,3ème circonscription,0033,786,113,673,9.0,1,663,14.38,85.62,1.15,1.34,0.13,0.15,84.35,98.51,85.6234,14.3766,2017,pres
2017_pres_t1,44162_0034,44,Loire-Atlantique,,,44162,Saint-Herblain,3.0,3ème circonscription,0034,738,111,627,9.0,5,613,15.04,84.96,1.22,1.44,0.68,0.8,83.06,97.77,84.9593,15.0407,2017,pres
2017_pres_t1,44162_0035,44,Loire-Atlantique,,,44162,Saint-Herblain,3.0,3ème circonscription,0035,670,123,547,11.0,1,535,18.36,81.64,1.64,2.01,0.15,0.18,79.85,97.81,81.6418,18.3582,2017,pres
2017_pres_t1,44162_0036,44,Loire-Atlantique,,,44162,Saint-Herblain,3.0,3ème circonscription,0036,729,135,594,9.0,1,584,18.52,81.48,1.23,1.52,0.14,0.17,80.11,98.32,81.4815,18.5185,2017,pres
2017_pres_t1,44162_0037,44,Loire-Atlantique,,,44162,Saint-Herblain,3.0,3ème circonscription,0037,628,85,543,12.0,6,525,13.54,86.46,1.91,2.21,0.96,1.1,83.6,96.69,86.465,13.535,2017,pres
2017_pres_t1,44162_0038,44,Loire-Atlantique,,,44162,Saint-Herblain,3.0,3ème circonscription,0038,652,94,558,14.0,6,538,14.42,85.58,2.15,2.51,0.92,1.08,82.52,96.42,85.5828,14.4172,2017,pres
2017_pres_t1,44162_0039,44,Loire-Atlantique,,,44162,Saint-Herblain,3.0,3ème circonscription,0039,734,88,646,10.0,4,632,11.99,88.01,1.36,1.55,0.54,0.62,86.1,97.83,88.0109,11.9891,2017,pres
2017_pres_t1,44184_0040,44,Loire-Atlantique,,,44184,Saint-Nazaire,8.0,8ème circonscription,0040,1099,251,848,9.0,9,830,22.84,77.16,0.82,1.06,0.82,1.06,75.52,97.88,77.1611,22.8389,2017,pres
2017_pres_t1,44184_0041,44,Loire-Atlantique,,,44184,Saint-Nazaire,8.0,8ème circonscription,0041,1116,339,777,12.0,5,760,30.38,69.62,1.08,1.54,0.45,0.64,68.1,97.81,69.6237,30.3763,2017,pres
2017_pres_t1,44184_0042,44,Loire-Atlantique,,,44184,Saint-Nazaire,8.0,8ème circonscription,0042,992,290,702,9.0,2,691,29.23,70.77,0.91,1.28,0.2,0.28,69.66,98.43,70.7661,29.2339,2017,pres
2017_pres_t1,44184_0043,44,Loire-Atlantique,,,44184,Saint-Nazaire,8.0,8ème circonscription,0043,958,231,727,15.0,7,705,24.11,75.89,1.57,2.06,0.73,0.96,73.59,96.97,75.8873,24.1127,2017,pres
2017_pres_t1,44184_0044,44,Loire-Atlantique,,,44184,Saint-Nazaire,8.0,8ème circonscription,0044,1078,300,778,17.0,5,756,27.83,72.17,1.58,2.19,0.46,0.64,70.13,97.17,72.1707,27.8293,2017,pres
2017_pres_t1,44184_0045,44,Loire-Atlantique,,,44184,Saint-Nazaire,8.0,8ème circonscription,0045,988,219,769,9.0,7,753,22.17,77.83,0.91,1.17,0.71,0.91,76.21,97.92,77.834,22.166,2017,pres
2017_pres_t1,44184_0046,44,Loire-Atlantique,,,44184,Saint-Nazaire,8.0,8ème circonscription,0046,944,208,736,13.0,5,718,22.03,77.97,1.38,1.77,0.53,0.68,76.06,97.55,77.9661,22.0339,2017,pres
2017_pres_t1,44184_0047,44,Loire-Atlantique,,,44184,Saint-Nazaire,8.0,8ème circonscription,0047,1321,149,1172,17.0,6,1149,11.28,88.72,1.29,1.45,0.45,0.51,86.98,98.04,88.7207,11.2793,2017,pres
2017_pres_t1,49002_0001,49,Maine-et-Loire,,,49002,Allonnes,3.0,3ème circonscription,0001,979,160,819,20.0,6,793,16.34,83.66,2.04,2.44,0.61,0.73,81.0,96.83,83.6568,16.3432,2017,pres
2017_pres_t1,49002_0002,49,Maine-et-Loire,,,49002,Allonnes,3.0,3ème circonscription,0002,1046,179,867,21.0,11,835,17.11,82.89,2.01,2.42,1.05,1.27,79.83,96.31,82.8872,17.1128,2017,pres
2017_pres_t1,49003_0003,49,Maine-et-Loire,,,49003,Tuffalun,4.0,4ème circonscription,0003,223,19,204,6.0,1,197,8.52,91.48,2.69,2.94,0.45,0.49,88.34,96.57,91.4798,8.5202,2017,pres
2017_pres_t1,49007_0101,49,Maine-et-Loire,,,49007,Angers,1.0,1ère circonscription,0101,1113,232,881,11.0,7,863,20.84,79.16,0.99,1.25,0.63,0.79,77.54,97.96,79.1554,20.8446,2017,pres
2017_pres_t1,49007_0102,49,Maine-et-Loire,,,49007,Angers,1.0,1ère circonscription,0102,1354,295,1059,15.0,3,1041,21.79,78.21,1.11,1.42,0.22,0.28,76.88,98.3,78.2127,21.7873,2017,pres
2017_pres_t1,49007_0103,49,Maine-et-Loire,,,49007,Angers,1.0,1ère circonscription,0103,1183,295,888,6.0,5,877,24.94,75.06,0.51,0.68,0.42,0.56,74.13,98.76,75.0634,24.9366,2017,pres
2017_pres_t1,49007_0104,49,Maine-et-Loire,,,49007,Angers,1.0,1ère circonscription,0104,1193,218,975,11.0,6,958,18.27,81.73,0.92,1.13,0.5,0.62,80.3,98.26,81.7267,18.2733,2017,pres
2017_pres_t1,49007_0105,49,Maine-et-Loire,,,49007,Angers,1.0,1ère circonscription,0105,1343,230,1113,7.0,8,1098,17.13,82.87,0.52,0.63,0.6,0.72,81.76,98.65,82.8742,17.1258,2017,pres
2017_pres_t1,49007_0106,49,Maine-et-Loire,,,49007,Angers,1.0,1ère circonscription,0106,1013,178,835,7.0,4,824,17.57,82.43,0.69,0.84,0.39,0.48,81.34,98.68,82.4284,17.5716,2017,pres
2017_pres_t1,49007_0107,49,Maine-et-Loire,,,49007,Angers,1.0,1ère circonscription,0107,1041,195,846,7.0,1,838,18.73,81.27,0.67,0.83,0.1,0.12,80.5,99.05,81.268,18.732,2017,pres
2017_pres_t1,49007_0108,49,Maine-et-Loire,,,49007,Angers,1.0,1ère circonscription,0108,930,111,819,12.0,0,807,11.94,88.06,1.29,1.47,0.0,0.0,86.77,98.53,88.0645,11.9355,2017,pres
2017_pres_t1,49007_0109,49,Maine-et-Loire,,,49007,Angers,1.0,1ère circonscription,0109,971,139,832,9.0,3,820,14.32,85.68,0.93,1.08,0.31,0.36,84.45,98.56,85.6849,14.3151,2017,pres
2017_pres_t1,49007_0110,49,Maine-et-Loire,,,49007,Angers,1.0,1ère circonscription,0110,1202,214,988,12.0,2,974,17.8,82.2,1.0,1.21,0.17,0.2,81.03,98.58,82.1963,17.8037,2017,pres
2017_pres_t1,49007_0111,49,Maine-et-Loire,,,49007,Angers,1.0,1ère circonscription,0111,1185,215,970,12.0,2,956,18.14,81.86,1.01,1.24,0.17,0.21,80.68,98.56,81.8565,18.1435,2017,pres
2017_pres_t1,49007_0112,49,Maine-et-Loire,,,49007,Angers,1.0,1ère circonscription,0112,1168,220,948,11.0,5,932,18.84,81.16,0.94,1.16,0.43,0.53,79.79,98.31,81.1644,18.8356,2017,pres
2017_pres_t1,49007_0113,49,Maine-et-Loire,,,49007,Angers,1.0,1ère circonscription,0113,1087,134,953,10.0,2,941,12.33,87.67,0.92,1.05,0.18,0.21,86.57,98.74,87.6725,12.3275,2017,pres
2017_pres_t1,49007_0115,49,Maine-et-Loire,,,49007,Angers,1.0,1ère circonscription,0115,959,180,779,18.0,3,758,18.77,81.23,1.88,2.31,0.31,0.39,79.04,97.3,81.2304,18.7696,2017,pres
2017_pres_t1,49007_0116,49,Maine-et-Loire,,,49007,Angers,1.0,1ère circonscription,0116,1055,171,884,16.0,3,865,16.21,83.79,1.52,1.81,0.28,0.34,81.99,97.85,83.7915,16.2085,2017,pres
2017_pres_t1,49007_0117,49,Maine-et-Loire,,,49007,Angers,1.0,1ère circonscription,0117,1179,184,995,10.0,2,983,15.61,84.39,0.85,1.01,0.17,0.2,83.38,98.79,84.3936,15.6064,2017,pres
2017_pres_t1,49007_0118,49,Maine-et-Loire,,,49007,Angers,1.0,1ère circonscription,0118,941,219,722,15.0,0,707,23.27,76.73,1.59,2.08,0.0,0.0,75.13,97.92,76.7269,23.2731,2017,pres
2017_pres_t1,49007_0119,49,Maine-et-Loire,,,49007,Angers,1.0,1ère circonscription,0119,1180,225,955,14.0,4,937,19.07,80.93,1.19,1.47,0.34,0.42,79.41,98.12,80.9322,19.0678,2017,pres
2017_pres_t1,49007_0122,49,Maine-et-Loire,,,49007,Angers,1.0,1ère circonscription,0122,1273,294,979,14.0,5,960,23.1,76.9,1.1,1.43,0.39,0.51,75.41,98.06,76.9049,23.0951,2017,pres
2017_pres_t1,49007_0123,49,Maine-et-Loire,,,49007,Angers,1.0,1ère circonscription,0123,1131,256,875,14.0,7,854,22.63,77.37,1.24,1.6,0.62,0.8,75.51,97.6,77.3652,22.6348,2017,pres
2017_pres_t1,49007_0214,49,Maine-et-Loire,,,49007,Angers,1.0,1ère circonscription,0214,1148,294,854,14.0,4,836,25.61,74.39,1.22,1.64,0.35,0.47,72.82,97.89,74.3902,25.6098,2017,pres
2017_pres_t1,49007_0501,49,Maine-et-Loire,,,49007,Angers,1.0,1ère circonscription,0501,936,281,655,12.0,2,641,30.02,69.98,1.28,1.83,0.21,0.31,68.48,97.86,69.9786,30.0214,2017,pres
2017_pres_t1,49007_0502,49,Maine-et-Loire,,,49007,Angers,1.0,1ère circonscription,0502,1285,234,1051,14.0,7,1030,18.21,81.79,1.09,1.33,0.54,0.67,80.16,98.0,81.7899,18.2101,2017,pres
2017_pres_t1,49007_0503,49,Maine-et-Loire,,,49007,Angers,1.0,1ère circonscription,0503,1217,277,940,13.0,7,920,22.76,77.24,1.07,1.38,0.58,0.74,75.6,97.87,77.2391,22.7609,2017,pres
2017_pres_t1,49007_0504,49,Maine-et-Loire,,,49007,Angers,1.0,1ère circonscription,0504,1059,219,840,13.0,2,825,20.68,79.32,1.23,1.55,0.19,0.24,77.9,98.21,79.3201,20.6799,2017,pres
2017_pres_t1,49007_0505,49,Maine-et-Loire,,,49007,Angers,1.0,1ère circonscription,0505,1249,276,973,10.0,5,958,22.1,77.9,0.8,1.03,0.4,0.51,76.7,98.46,77.9023,22.0977,2017,pres
2017_pres_t1,49007_0506,49,Maine-et-Loire,,,49007,Angers,1.0,1ère circonscription,0506,1383,222,1161,21.0,5,1135,16.05,83.95,1.52,1.81,0.36,0.43,82.07,97.76,83.9479,16.0521,2017,pres
2017_pres_t1,49007_0507,49,Maine-et-Loire,,,49007,Angers,1.0,1ère circonscription,0507,927,177,750,9.0,8,733,19.09,80.91,0.97,1.2,0.86,1.07,79.07,97.73,80.9061,19.0939,2017,pres
2017_pres_t1,49007_0508,49,Maine-et-Loire,,,49007,Angers,1.0,1ère circonscription,0508,918,254,664,17.0,2,645,27.67,72.33,1.85,2.56,0.22,0.3,70.26,97.14,72.3312,27.6688,2017,pres
2017_pres_t1,49007_0509,49,Maine-et-Loire,,,49007,Angers,1.0,1ère circonscription,0509,958,243,715,10.0,5,700,25.37,74.63,1.04,1.4,0.52,0.7,73.07,97.9,74.6347,25.3653,2017,pres
2017_pres_t1,49007_0510,49,Maine-et-Loire,,,49007,Angers,1.0,1ère circonscription,0510,911,334,577,9.0,5,563,36.66,63.34,0.99,1.56,0.55,0.87,61.8,97.57,63.337,36.663,2017,pres
2017_pres_t1,49007_0511,49,Maine-et-Loire,,,49007,Angers,1.0,1ère circonscription,0511,894,261,633,13.0,2,618,29.19,70.81,1.45,2.05,0.22,0.32,69.13,97.63,70.8054,29.1946,2017,pres
2017_pres_t1,49007_0512,49,Maine-et-Loire,,,49007,Angers,1.0,1ère circonscription,0512,1060,387,673,5.0,11,657,36.51,63.49,0.47,0.74,1.04,1.63,61.98,97.62,63.4906,36.5094,2017,pres
2017_pres_t1,49007_0513,49,Maine-et-Loire,,,49007,Angers,1.0,1ère circonscription,0513,965,396,569,14.0,3,552,41.04,58.96,1.45,2.46,0.31,0.53,57.2,97.01,58.9637,41.0363,2017,pres
2017_pres_t1,49007_0514,49,Maine-et-Loire,,,49007,Angers,1.0,1ère circonscription,0514,1052,257,795,16.0,7,772,24.43,75.57,1.52,2.01,0.67,0.88,73.38,97.11,75.5703,24.4297,2017,pres
2017_pres_t1,49007_0601,49,Maine-et-Loire,,,49007,Angers,1.0,1ère circonscription,0601,1285,312,973,16.0,11,946,24.28,75.72,1.25,1.64,0.86,1.13,73.62,97.23,75.7198,24.2802,2017,pres
2017_pres_t1,49007_0602,49,Maine-et-Loire,,,49007,Angers,1.0,1ère circonscription,0602,1094,289,805,17.0,5,783,26.42,73.58,1.55,2.11,0.46,0.62,71.57,97.27,73.5832,26.4168,2017,pres
2017_pres_t1,49007_0603,49,Maine-et-Loire,,,49007,Angers,1.0,1ère circonscription,0603,1019,260,759,17.0,5,737,25.52,74.48,1.67,2.24,0.49,0.66,72.33,97.1,74.4848,25.5152,2017,pres
2017_pres_t1,49007_0604,49,Maine-et-Loire,,,49007,Angers,1.0,1ère circonscription,0604,1293,283,1010,22.0,6,982,21.89,78.11,1.7,2.18,0.46,0.59,75.95,97.23,78.1129,21.8871,2017,pres
2017_pres_t1,49007_0114,49,Maine-et-Loire,,,49007,Angers,2.0,2ème circonscription,0114,473,84,389,4.0,3,382,17.76,82.24,0.85,1.03,0.63,0.77,80.76,98.2,82.241,17.759,2017,pres
2017_pres_t1,49007_0120,49,Maine-et-Loire,,,49007,Angers,2.0,2ème circonscription,0120,1122,185,937,19.0,2,916,16.49,83.51,1.69,2.03,0.18,0.21,81.64,97.76,83.5116,16.4884,2017,pres
2017_pres_t1,49007_0121,49,Maine-et-Loire,,,49007,Angers,2.0,2ème circonscription,0121,940,211,729,14.0,4,711,22.45,77.55,1.49,1.92,0.43,0.55,75.64,97.53,77.5532,22.4468,2017,pres
2017_pres_t1,49007_0201,49,Maine-et-Loire,,,49007,Angers,2.0,2ème circonscription,0201,868,153,715,8.0,2,705,17.63,82.37,0.92,1.12,0.23,0.28,81.22,98.6,82.3733,17.6267,2017,pres
2017_pres_t1,49007_0202,49,Maine-et-Loire,,,49007,Angers,2.0,2ème circonscription,0202,1373,247,1126,14.0,3,1109,17.99,82.01,1.02,1.24,0.22,0.27,80.77,98.49,82.0102,17.9898,2017,pres
2017_pres_t1,49007_0203,49,Maine-et-Loire,,,49007,Angers,2.0,2ème circonscription,0203,1053,230,823,12.0,9,802,21.84,78.16,1.14,1.46,0.85,1.09,76.16,97.45,78.1576,21.8424,2017,pres
2017_pres_t1,49007_0204,49,Maine-et-Loire,,,49007,Angers,2.0,2ème circonscription,0204,979,382,597,11.0,8,578,39.02,60.98,1.12,1.84,0.82,1.34,59.04,96.82,60.9806,39.0194,2017,pres
2017_pres_t1,49007_0205,49,Maine-et-Loire,,,49007,Angers,2.0,2ème circonscription,0205,1205,317,888,9.0,5,874,26.31,73.69,0.75,1.01,0.41,0.56,72.53,98.42,73.6929,26.3071,2017,pres
2017_pres_t1,49007_0206,49,Maine-et-Loire,,,49007,Angers,2.0,2ème circonscription,0206,928,176,752,8.0,4,740,18.97,81.03,0.86,1.06,0.43,0.53,79.74,98.4,81.0345,18.9655,2017,pres
2017_pres_t1,49007_0207,49,Maine-et-Loire,,,49007,Angers,2.0,2ème circonscription,0207,1451,565,886,23.0,8,855,38.94,61.06,1.59,2.6,0.55,0.9,58.92,96.5,61.0613,38.9387,2017,pres
2017_pres_t1,49007_0208,49,Maine-et-Loire,,,49007,Angers,2.0,2ème circonscription,0208,949,157,792,13.0,6,773,16.54,83.46,1.37,1.64,0.63,0.76,81.45,97.6,83.4563,16.5437,2017,pres
2017_pres_t1,49007_0209,49,Maine-et-Loire,,,49007,Angers,2.0,2ème circonscription,0209,1095,283,812,18.0,4,790,25.84,74.16,1.64,2.22,0.37,0.49,72.15,97.29,74.1553,25.8447,2017,pres
2017_pres_t1,49007_0210,49,Maine-et-Loire,,,49007,Angers,2.0,2ème circonscription,0210,1067,315,752,13.0,4,735,29.52,70.48,1.22,1.73,0.37,0.53,68.88,97.74,70.478,29.522,2017,pres
2017_pres_t1,49007_0211,49,Maine-et-Loire,,,49007,Angers,2.0,2ème circonscription,0211,1060,247,813,13.0,6,794,23.3,76.7,1.23,1.6,0.57,0.74,74.91,97.66,76.6981,23.3019,2017,pres
2017_pres_t1,49007_0212,49,Maine-et-Loire,,,49007,Angers,2.0,2ème circonscription,0212,1006,220,786,5.0,6,775,21.87,78.13,0.5,0.64,0.6,0.76,77.04,98.6,78.1312,21.8688,2017,pres
2017_pres_t1,49007_0213,49,Maine-et-Loire,,,49007,Angers,2.0,2ème circonscription,0213,655,126,529,8.0,3,518,19.24,80.76,1.22,1.51,0.46,0.57,79.08,97.92,80.7634,19.2366,2017,pres
2017_pres_t1,49007_0701,49,Maine-et-Loire,,,49007,Angers,2.0,2ème circonscription,0701,1172,280,892,28.0,3,861,23.89,76.11,2.39,3.14,0.26,0.34,73.46,96.52,76.1092,23.8908,2017,pres
2017_pres_t1,49007_0702,49,Maine-et-Loire,,,49007,Angers,2.0,2ème circonscription,0702,1000,264,736,19.0,6,711,26.4,73.6,1.9,2.58,0.6,0.82,71.1,96.6,73.6,26.4,2017,pres
2017_pres_t1,49007_0703,49,Maine-et-Loire,,,49007,Angers,2.0,2ème circonscription,0703,1214,280,934,23.0,6,905,23.06,76.94,1.89,2.46,0.49,0.64,74.55,96.9,76.9357,23.0643,2017,pres
2017_pres_t1,49007_0704,49,Maine-et-Loire,,,49007,Angers,2.0,2ème circonscription,0704,1240,281,959,10.0,1,948,22.66,77.34,0.81,1.04,0.08,0.1,76.45,98.85,77.3387,22.6613,2017,pres
2017_pres_t1,49007_0705,49,Maine-et-Loire,,,49007,Angers,2.0,2ème circonscription,0705,1264,323,941,16.0,6,919,25.55,74.45,1.27,1.7,0.47,0.64,72.71,97.66,74.4462,25.5538,2017,pres
2017_pres_t1,49007_0215,49,Maine-et-Loire,,,49007,Angers,6.0,6ème circonscription,0215,1081,225,856,18.0,3,835,20.81,79.19,1.67,2.1,0.28,0.35,77.24,97.55,79.1859,20.8141,2017,pres
2017_pres_t1,49007_0216,49,Maine-et-Loire,,,49007,Angers,6.0,6ème circonscription,0216,1004,180,824,15.0,2,807,17.93,82.07,1.49,1.82,0.2,0.24,80.38,97.94,82.0717,17.9283,2017,pres
2017_pres_t1,49007_0217,49,Maine-et-Loire,,,49007,Angers,6.0,6ème circonscription,0217,874,160,714,17.0,1,696,18.31,81.69,1.95,2.38,0.11,0.14,79.63,97.48,81.6934,18.3066,2017,pres
2017_pres_t1,49007_0218,49,Maine-et-Loire,,,49007,Angers,6.0,6ème circonscription,0218,1026,133,893,11.0,1,881,12.96,87.04,1.07,1.23,0.1,0.11,85.87,98.66,87.037,12.963,2017,pres
2017_pres_t1,49007_0219,49,Maine-et-Loire,,,49007,Angers,6.0,6ème circonscription,0219,995,174,821,21.0,12,788,17.49,82.51,2.11,2.56,1.21,1.46,79.2,95.98,82.5126,17.4874,2017,pres
2017_pres_t1,49007_0302,49,Maine-et-Loire,,,49007,Angers,6.0,6ème circonscription,0302,1028,199,829,12.0,3,814,19.36,80.64,1.17,1.45,0.29,0.36,79.18,98.19,80.642,19.358,2017,pres
2017_pres_t1,49007_0303,49,Maine-et-Loire,,,49007,Angers,6.0,6ème circonscription,0303,880,226,654,6.0,3,645,25.68,74.32,0.68,0.92,0.34,0.46,73.3,98.62,74.3182,25.6818,2017,pres
2017_pres_t1,49007_0304,49,Maine-et-Loire,,,49007,Angers,6.0,6ème circonscription,0304,1135,325,810,13.0,4,793,28.63,71.37,1.15,1.6,0.35,0.49,69.87,97.9,71.3656,28.6344,2017,pres
2017_pres_t1,49007_0308,49,Maine-et-Loire,,,49007,Angers,6.0,6ème circonscription,0308,894,230,664,11.0,1,652,25.73,74.27,1.23,1.66,0.11,0.15,72.93,98.19,74.2729,25.7271,2017,pres
2017_pres_t1,49007_0309,49,Maine-et-Loire,,,49007,Angers,6.0,6ème circonscription,0309,910,387,523,6.0,8,509,42.53,57.47,0.66,1.15,0.88,1.53,55.93,97.32,57.4725,42.5275,2017,pres
2017_pres_t1,49007_0310,49,Maine-et-Loire,,,49007,Angers,6.0,6ème circonscription,0310,1003,225,778,15.0,3,760,22.43,77.57,1.5,1.93,0.3,0.39,75.77,97.69,77.5673,22.4327,2017,pres
2017_pres_t1,49007_0311,49,Maine-et-Loire,,,49007,Angers,6.0,6ème circonscription,0311,1275,419,856,26.0,5,825,32.86,67.14,2.04,3.04,0.39,0.58,64.71,96.38,67.1373,32.8627,2017,pres
2017_pres_t1,49007_0312,49,Maine-et-Loire,,,49007,Angers,6.0,6ème circonscription,0312,1359,381,978,9.0,6,963,28.04,71.96,0.66,0.92,0.44,0.61,70.86,98.47,71.9647,28.0353,2017,pres
2017_pres_t1,49007_0301,49,Maine-et-Loire,,,49007,Angers,7.0,7ème circonscription,0301,1410,277,1133,17.0,9,1107,19.65,80.35,1.21,1.5,0.64,0.79,78.51,97.71,80.3546,19.6454,2017,pres
2017_pres_t1,49007_0305,49,Maine-et-Loire,,,49007,Angers,7.0,7ème circonscription,0305,950,167,783,20.0,3,760,17.58,82.42,2.11,2.55,0.32,0.38,80.0,97.06,82.4211,17.5789,2017,pres
2017_pres_t1,49007_0306,49,Maine-et-Loire,,,49007,Angers,7.0,7ème circonscription,0306,865,202,663,10.0,7,646,23.35,76.65,1.16,1.51,0.81,1.06,74.68,97.44,76.6474,23.3526,2017,pres
2017_pres_t1,49007_0307,49,Maine-et-Loire,,,49007,Angers,7.0,7ème circonscription,0307,1092,191,901,13.0,7,881,17.49,82.51,1.19,1.44,0.64,0.78,80.68,97.78,82.5092,17.4908,2017,pres
2017_pres_t1,49007_0401,49,Maine-et-Loire,,,49007,Angers,7.0,7ème circonscription,0401,977,208,769,7.0,4,758,21.29,78.71,0.72,0.91,0.41,0.52,77.58,98.57,78.7103,21.2897,2017,pres
2017_pres_t1,49007_0402,49,Maine-et-Loire,,,49007,Angers,7.0,7ème circonscription,0402,1061,206,855,15.0,3,837,19.42,80.58,1.41,1.75,0.28,0.35,78.89,97.89,80.5844,19.4156,2017,pres
2017_pres_t1,49007_0403,49,Maine-et-Loire,,,49007,Angers,7.0,7ème circonscription,0403,990,213,777,17.0,4,756,21.52,78.48,1.72,2.19,0.4,0.51,76.36,97.3,78.4848,21.5152,2017,pres
2017_pres_t1,49007_0404,49,Maine-et-Loire,,,49007,Angers,7.0,7ème circonscription,0404,1245,271,974,21.0,3,950,21.77,78.23,1.69,2.16,0.24,0.31,76.31,97.54,78.2329,21.7671,2017,pres
2017_pres_t1,49007_0405,49,Maine-et-Loire,,,49007,Angers,7.0,7ème circonscription,0405,990,412,578,9.0,5,564,41.62,58.38,0.91,1.56,0.51,0.87,56.97,97.58,58.3838,41.6162,2017,pres
2017_pres_t1,49007_0406,49,Maine-et-Loire,,,49007,Angers,7.0,7ème circonscription,0406,1218,231,987,14.0,2,971,18.97,81.03,1.15,1.42,0.16,0.2,79.72,98.38,81.0345,18.9655,2017,pres
2017_pres_t1,49015_0004,49,Maine-et-Loire,,,49015,Avrillé,7.0,7ème circonscription,0004,746,116,630,7.0,5,618,15.55,84.45,0.94,1.11,0.67,0.79,82.84,98.1,84.4504,15.5496,2017,pres
2017_pres_t1,49015_0005,49,Maine-et-Loire,,,49015,Avrillé,7.0,7ème circonscription,0005,870,125,745,10.0,3,732,14.37,85.63,1.15,1.34,0.34,0.4,84.14,98.26,85.6322,14.3678,2017,pres
2017_pres_t1,49015_0006,49,Maine-et-Loire,,,49015,Avrillé,7.0,7ème circonscription,0006,932,143,789,7.0,2,780,15.34,84.66,0.75,0.89,0.21,0.25,83.69,98.86,84.6567,15.3433,2017,pres
2017_pres_t1,49015_0007,49,Maine-et-Loire,,,49015,Avrillé,7.0,7ème circonscription,0007,701,89,612,7.0,0,605,12.7,87.3,1.0,1.14,0.0,0.0,86.31,98.86,87.3039,12.6961,2017,pres
2017_pres_t1,49015_0008,49,Maine-et-Loire,,,49015,Avrillé,7.0,7ème circonscription,0008,867,90,777,16.0,6,755,10.38,89.62,1.85,2.06,0.69,0.77,87.08,97.17,89.6194,10.3806,2017,pres
2017_pres_t1,49015_0009,49,Maine-et-Loire,,,49015,Avrillé,7.0,7ème circonscription,0009,809,125,684,11.0,3,670,15.45,84.55,1.36,1.61,0.37,0.44,82.82,97.95,84.5488,15.4512,2017,pres
2017_pres_t1,49015_0010,49,Maine-et-Loire,,,49015,Avrillé,7.0,7ème circonscription,0010,1249,165,1084,13.0,1,1070,13.21,86.79,1.04,1.2,0.08,0.09,85.67,98.71,86.7894,13.2106,2017,pres
2017_pres_t1,49015_0011,49,Maine-et-Loire,,,49015,Avrillé,7.0,7ème circonscription,0011,964,117,847,11.0,4,832,12.14,87.86,1.14,1.3,0.41,0.47,86.31,98.23,87.8631,12.1369,2017,pres
2017_pres_t1,49015_0012,49,Maine-et-Loire,,,49015,Avrillé,7.0,7ème circonscription,0012,482,65,417,2.0,2,413,13.49,86.51,0.41,0.48,0.41,0.48,85.68,99.04,86.5145,13.4855,2017,pres
2017_pres_t1,49018_0013,49,Maine-et-Loire,,,49018,Baugé-En-Anjou,3.0,3ème circonscription,0013,207,30,177,4.0,1,172,14.49,85.51,1.93,2.26,0.48,0.56,83.09,97.18,85.5072,14.4928,2017,pres
2017_pres_t1,49018_0014,49,Maine-et-Loire,,,49018,Baugé-En-Anjou,3.0,3ème circonscription,0014,210,53,157,6.0,1,150,25.24,74.76,2.86,3.82,0.48,0.64,71.43,95.54,74.7619,25.2381,2017,pres
2017_pres_t1,49018_0015,49,Maine-et-Loire,,,49018,Baugé-En-Anjou,3.0,3ème circonscription,0015,1009,206,803,23.0,16,764,20.42,79.58,2.28,2.86,1.59,1.99,75.72,95.14,79.5837,20.4163,2017,pres
2017_pres_t1,49018_0016,49,Maine-et-Loire,,,49018,Baugé-En-Anjou,3.0,3ème circonscription,0016,873,189,684,18.0,6,660,21.65,78.35,2.06,2.63,0.69,0.88,75.6,96.49,78.3505,21.6495,2017,pres
2017_pres_t1,49018_0017,49,Maine-et-Loire,,,49018,Baugé-En-Anjou,3.0,3ème circonscription,0017,741,195,546,12.0,8,526,26.32,73.68,1.62,2.2,1.08,1.47,70.99,96.34,73.6842,26.3158,2017,pres
2017_pres_t1,49092_0018,49,Maine-et-Loire,,,49092,Chemillé-En-Anjou,4.0,4ème circonscription,0018,667,77,590,15.0,9,566,11.54,88.46,2.25,2.54,1.35,1.53,84.86,95.93,88.4558,11.5442,2017,pres
2017_pres_t1,49099_0019,49,Maine-et-Loire,,,49099,Cholet,5.0,5ème circonscription,0019,1191,234,957,18.0,4,935,19.65,80.35,1.51,1.88,0.34,0.42,78.51,97.7,80.3526,19.6474,2017,pres
2017_pres_t1,49099_0020,49,Maine-et-Loire,,,49099,Cholet,5.0,5ème circonscription,0020,1053,233,820,8.0,5,807,22.13,77.87,0.76,0.98,0.47,0.61,76.64,98.41,77.8727,22.1273,2017,pres
2017_pres_t1,49099_0021,49,Maine-et-Loire,,,49099,Cholet,5.0,5ème circonscription,0021,990,370,620,11.0,4,605,37.37,62.63,1.11,1.77,0.4,0.65,61.11,97.58,62.6263,37.3737,2017,pres
2017_pres_t1,49099_0022,49,Maine-et-Loire,,,49099,Cholet,5.0,5ème circonscription,0022,963,222,741,12.0,3,726,23.05,76.95,1.25,1.62,0.31,0.4,75.39,97.98,76.947,23.053,2017,pres
2017_pres_t1,49099_0023,49,Maine-et-Loire,,,49099,Cholet,5.0,5ème circonscription,0023,1124,216,908,15.0,3,890,19.22,80.78,1.33,1.65,0.27,0.33,79.18,98.02,80.7829,19.2171,2017,pres
2017_pres_t1,49099_0024,49,Maine-et-Loire,,,49099,Cholet,5.0,5ème circonscription,0024,1017,203,814,18.0,2,794,19.96,80.04,1.77,2.21,0.2,0.25,78.07,97.54,80.0393,19.9607,2017,pres
2017_pres_t1,49099_0025,49,Maine-et-Loire,,,49099,Cholet,5.0,5ème circonscription,0025,1347,211,1136,14.0,6,1116,15.66,84.34,1.04,1.23,0.45,0.53,82.85,98.24,84.3356,15.6644,2017,pres
2017_pres_t1,49099_0026,49,Maine-et-Loire,,,49099,Cholet,5.0,5ème circonscription,0026,880,144,736,7.0,8,721,16.36,83.64,0.8,0.95,0.91,1.09,81.93,97.96,83.6364,16.3636,2017,pres
2017_pres_t1,49099_0027,49,Maine-et-Loire,,,49099,Cholet,5.0,5ème circonscription,0027,760,121,639,13.0,2,624,15.92,84.08,1.71,2.03,0.26,0.31,82.11,97.65,84.0789,15.9211,2017,pres
2017_pres_t1,49099_0028,49,Maine-et-Loire,,,49099,Cholet,5.0,5ème circonscription,0028,1270,248,1022,23.0,10,989,19.53,80.47,1.81,2.25,0.79,0.98,77.87,96.77,80.4724,19.5276,2017,pres
2017_pres_t1,49099_0029,49,Maine-et-Loire,,,49099,Cholet,5.0,5ème circonscription,0029,1214,206,1008,7.0,5,996,16.97,83.03,0.58,0.69,0.41,0.5,82.04,98.81,83.0313,16.9687,2017,pres
2017_pres_t1,49099_0030,49,Maine-et-Loire,,,49099,Cholet,5.0,5ème circonscription,0030,971,202,769,14.0,6,749,20.8,79.2,1.44,1.82,0.62,0.78,77.14,97.4,79.1967,20.8033,2017,pres
2017_pres_t1,49099_0031,49,Maine-et-Loire,,,49099,Cholet,5.0,5ème circonscription,0031,992,172,820,18.0,4,798,17.34,82.66,1.81,2.2,0.4,0.49,80.44,97.32,82.6613,17.3387,2017,pres
2017_pres_t1,49099_0032,49,Maine-et-Loire,,,49099,Cholet,5.0,5ème circonscription,0032,1008,172,836,8.0,7,821,17.06,82.94,0.79,0.96,0.69,0.84,81.45,98.21,82.9365,17.0635,2017,pres
2017_pres_t1,49099_0033,49,Maine-et-Loire,,,49099,Cholet,5.0,5ème circonscription,0033,915,160,755,10.0,9,736,17.49,82.51,1.09,1.32,0.98,1.19,80.44,97.48,82.5137,17.4863,2017,pres
2017_pres_t1,49099_0034,49,Maine-et-Loire,,,49099,Cholet,5.0,5ème circonscription,0034,876,185,691,9.0,5,677,21.12,78.88,1.03,1.3,0.57,0.72,77.28,97.97,78.8813,21.1187,2017,pres
2017_pres_t1,49099_0035,49,Maine-et-Loire,,,49099,Cholet,5.0,5ème circonscription,0035,972,190,782,15.0,10,757,19.55,80.45,1.54,1.92,1.03,1.28,77.88,96.8,80.4527,19.5473,2017,pres
2017_pres_t1,53001_0001,53,Mayenne,,,53001,Ahuillé,2.0,2ème circonscription,0001,753,98,655,20.0,3,632,13.01,86.99,2.66,3.05,0.4,0.46,83.93,96.49,86.9854,13.0146,2017,pres
2017_pres_t1,53001_0002,53,Mayenne,,,53001,Ahuillé,2.0,2ème circonscription,0002,629,87,542,14.0,5,523,13.83,86.17,2.23,2.58,0.79,0.92,83.15,96.49,86.1685,13.8315,2017,pres
2017_pres_t1,53005_0003,53,Mayenne,,,53005,Andouillé,3.0,3ème circonscription,0003,576,96,480,10.0,2,468,16.67,83.33,1.74,2.08,0.35,0.42,81.25,97.5,83.3333,16.6667,2017,pres
2017_pres_t1,53014_0004,53,Mayenne,,,53014,Azé,2.0,2ème circonscription,0004,668,89,579,27.0,5,547,13.32,86.68,4.04,4.66,0.75,0.86,81.89,94.47,86.6766,13.3234,2017,pres
2017_pres_t1,53034_0005,53,Mayenne,,,53034,Bonchamp-Lès-Laval,1.0,1ère circonscription,0005,1047,120,927,18.0,1,908,11.46,88.54,1.72,1.94,0.1,0.11,86.72,97.95,88.5387,11.4613,2017,pres
2017_pres_t1,53062_0006,53,Mayenne,,,53062,Château-Gontier,2.0,2ème circonscription,0006,961,171,790,18.0,7,765,17.79,82.21,1.87,2.28,0.73,0.89,79.6,96.84,82.206,17.794,2017,pres
2017_pres_t1,53062_0007,53,Mayenne,,,53062,Château-Gontier,2.0,2ème circonscription,0007,855,154,701,19.0,2,680,18.01,81.99,2.22,2.71,0.23,0.29,79.53,97.0,81.9883,18.0117,2017,pres
2017_pres_t1,53062_0008,53,Mayenne,,,53062,Château-Gontier,2.0,2ème circonscription,0008,972,161,811,11.0,6,794,16.56,83.44,1.13,1.36,0.62,0.74,81.69,97.9,83.4362,16.5638,2017,pres
2017_pres_t1,53130_0014,53,Mayenne,,,53130,Laval,1.0,1ère circonscription,0014,874,127,747,12.0,3,732,14.53,85.47,1.37,1.61,0.34,0.4,83.75,97.99,85.4691,14.5309,2017,pres
2017_pres_t1,53130_0015,53,Mayenne,,,53130,Laval,1.0,1ère circonscription,0015,1050,148,902,13.0,6,883,14.1,85.9,1.24,1.44,0.57,0.67,84.1,97.89,85.9048,14.0952,2017,pres
2017_pres_t1,53130_0016,53,Mayenne,,,53130,Laval,1.0,1ère circonscription,0016,1062,132,930,13.0,5,912,12.43,87.57,1.22,1.4,0.47,0.54,85.88,98.06,87.5706,12.4294,2017,pres
2017_pres_t1,53130_0017,53,Mayenne,,,53130,Laval,1.0,1ère circonscription,0017,917,232,685,15.0,3,667,25.3,74.7,1.64,2.19,0.33,0.44,72.74,97.37,74.7001,25.2999,2017,pres
2017_pres_t1,53130_0018,53,Mayenne,,,53130,Laval,1.0,1ère circonscription,0018,936,142,794,9.0,1,784,15.17,84.83,0.96,1.13,0.11,0.13,83.76,98.74,84.8291,15.1709,2017,pres
2017_pres_t1,53130_0019,53,Mayenne,,,53130,Laval,1.0,1ère circonscription,0019,1053,156,897,14.0,5,878,14.81,85.19,1.33,1.56,0.47,0.56,83.38,97.88,85.1852,14.8148,2017,pres
2017_pres_t1,53130_0020,53,Mayenne,,,53130,Laval,1.0,1ère circonscription,0020,1043,208,835,7.0,7,821,19.94,80.06,0.67,0.84,0.67,0.84,78.72,98.32,80.0575,19.9425,2017,pres
2017_pres_t1,53130_0021,53,Mayenne,,,53130,Laval,1.0,1ère circonscription,0021,1031,181,850,6.0,1,843,17.56,82.44,0.58,0.71,0.1,0.12,81.77,99.18,82.4442,17.5558,2017,pres
2017_pres_t1,53130_0022,53,Mayenne,,,53130,Laval,1.0,1ère circonscription,0022,961,170,791,13.0,5,773,17.69,82.31,1.35,1.64,0.52,0.63,80.44,97.72,82.3101,17.6899,2017,pres
2017_pres_t1,53130_0023,53,Mayenne,,,53130,Laval,1.0,1ère circonscription,0023,920,158,762,12.0,5,745,17.17,82.83,1.3,1.57,0.54,0.66,80.98,97.77,82.8261,17.1739,2017,pres
2017_pres_t1,53130_0024,53,Mayenne,,,53130,Laval,1.0,1ère circonscription,0024,845,263,582,11.0,10,561,31.12,68.88,1.3,1.89,1.18,1.72,66.39,96.39,68.8757,31.1243,2017,pres
2017_pres_t1,53130_0025,53,Mayenne,,,53130,Laval,1.0,1ère circonscription,0025,902,229,673,14.0,4,655,25.39,74.61,1.55,2.08,0.44,0.59,72.62,97.33,74.612,25.388,2017,pres
2017_pres_t1,53130_0026,53,Mayenne,,,53130,Laval,1.0,1ère circonscription,0026,815,297,518,13.0,7,498,36.44,63.56,1.6,2.51,0.86,1.35,61.1,96.14,63.5583,36.4417,2017,pres
2017_pres_t1,53130_0027,53,Mayenne,,,53130,Laval,1.0,1ère circonscription,0027,901,145,756,13.0,4,739,16.09,83.91,1.44,1.72,0.44,0.53,82.02,97.75,83.9068,16.0932,2017,pres
2017_pres_t1,53130_0028,53,Mayenne,,,53130,Laval,1.0,1ère circonscription,0028,868,162,706,14.0,7,685,18.66,81.34,1.61,1.98,0.81,0.99,78.92,97.03,81.3364,18.6636,2017,pres
2017_pres_t1,53130_0030,53,Mayenne,,,53130,Laval,1.0,1ère circonscription,0030,885,154,731,15.0,8,708,17.4,82.6,1.69,2.05,0.9,1.09,80.0,96.85,82.5989,17.4011,2017,pres
2017_pres_t1,53130_0032,53,Mayenne,,,53130,Laval,1.0,1ère circonscription,0032,1115,151,964,14.0,11,939,13.54,86.46,1.26,1.45,0.99,1.14,84.22,97.41,86.4574,13.5426,2017,pres
2017_pres_t1,53130_0033,53,Mayenne,,,53130,Laval,1.0,1ère circonscription,0033,938,100,838,7.0,4,827,10.66,89.34,0.75,0.84,0.43,0.48,88.17,98.69,89.339,10.661,2017,pres
2017_pres_t1,53130_0009,53,Mayenne,,,53130,Laval,2.0,2ème circonscription,0009,646,112,534,6.0,4,524,17.34,82.66,0.93,1.12,0.62,0.75,81.11,98.13,82.6625,17.3375,2017,pres
2017_pres_t1,53130_0010,53,Mayenne,,,53130,Laval,2.0,2ème circonscription,0010,1003,157,846,12.0,2,832,15.65,84.35,1.2,1.42,0.2,0.24,82.95,98.35,84.347,15.653,2017,pres
2017_pres_t1,53130_0011,53,Mayenne,,,53130,Laval,2.0,2ème circonscription,0011,963,166,797,21.0,4,772,17.24,82.76,2.18,2.63,0.42,0.5,80.17,96.86,82.7622,17.2378,2017,pres
2017_pres_t1,53130_0012,53,Mayenne,,,53130,Laval,2.0,2ème circonscription,0012,1076,227,849,13.0,6,830,21.1,78.9,1.21,1.53,0.56,0.71,77.14,97.76,78.9033,21.0967,2017,pres
2017_pres_t1,53130_0013,53,Mayenne,,,53130,Laval,2.0,2ème circonscription,0013,1074,197,877,17.0,6,854,18.34,81.66,1.58,1.94,0.56,0.68,79.52,97.38,81.6574,18.3426,2017,pres
2017_pres_t1,53130_0029,53,Mayenne,,,53130,Laval,2.0,2ème circonscription,0029,1127,163,964,13.0,7,944,14.46,85.54,1.15,1.35,0.62,0.73,83.76,97.93,85.5368,14.4632,2017,pres
2017_pres_t1,53130_0031,53,Mayenne,,,53130,Laval,2.0,2ème circonscription,0031,1058,210,848,19.0,9,820,19.85,80.15,1.8,2.24,0.85,1.06,77.5,96.7,80.1512,19.8488,2017,pres
2017_pres_t1,72001_0001,72,Sarthe,,,72001,Aigné,1.0,1ère circonscription,0001,1274,154,1120,27.0,4,1089,12.09,87.91,2.12,2.41,0.31,0.36,85.48,97.23,87.9121,12.0879,2017,pres
2017_pres_t1,72003_0002,72,Sarthe,,,72003,Allonnes,4.0,4ème circonscription,0002,434,166,268,1.0,1,266,38.25,61.75,0.23,0.37,0.23,0.37,61.29,99.25,61.7512,38.2488,2017,pres
2017_pres_t1,72003_0003,72,Sarthe,,,72003,Allonnes,4.0,4ème circonscription,0003,591,136,455,9.0,5,441,23.01,76.99,1.52,1.98,0.85,1.1,74.62,96.92,76.9882,23.0118,2017,pres
2017_pres_t1,72003_0004,72,Sarthe,,,72003,Allonnes,4.0,4ème circonscription,0004,682,238,444,10.0,3,431,34.9,65.1,1.47,2.25,0.44,0.68,63.2,97.07,65.1026,34.8974,2017,pres
2017_pres_t1,72003_0005,72,Sarthe,,,72003,Allonnes,4.0,4ème circonscription,0005,1045,191,854,16.0,10,828,18.28,81.72,1.53,1.87,0.96,1.17,79.23,96.96,81.7225,18.2775,2017,pres
2017_pres_t1,72003_0006,72,Sarthe,,,72003,Allonnes,4.0,4ème circonscription,0006,723,206,517,14.0,3,500,28.49,71.51,1.94,2.71,0.41,0.58,69.16,96.71,71.5076,28.4924,2017,pres
2017_pres_t1,72003_0007,72,Sarthe,,,72003,Allonnes,4.0,4ème circonscription,0007,910,164,746,5.0,3,738,18.02,81.98,0.55,0.67,0.33,0.4,81.1,98.93,81.978,18.022,2017,pres
2017_pres_t1,72003_0008,72,Sarthe,,,72003,Allonnes,4.0,4ème circonscription,0008,920,177,743,18.0,8,717,19.24,80.76,1.96,2.42,0.87,1.08,77.93,96.5,80.7609,19.2391,2017,pres
2017_pres_t1,72003_0009,72,Sarthe,,,72003,Allonnes,4.0,4ème circonscription,0009,914,146,768,23.0,6,739,15.97,84.03,2.52,2.99,0.66,0.78,80.85,96.22,84.0263,15.9737,2017,pres
2017_pres_t1,72154_0010,72,Sarthe,,,72154,La Flèche,3.0,3ème circonscription,0010,585,122,463,6.0,5,452,20.85,79.15,1.03,1.3,0.85,1.08,77.26,97.62,79.1453,20.8547,2017,pres
2017_pres_t1,72154_0011,72,Sarthe,,,72154,La Flèche,3.0,3ème circonscription,0011,627,155,472,7.0,3,462,24.72,75.28,1.12,1.48,0.48,0.64,73.68,97.88,75.2791,24.7209,2017,pres
2017_pres_t1,72154_0012,72,Sarthe,,,72154,La Flèche,3.0,3ème circonscription,0012,581,124,457,5.0,5,447,21.34,78.66,0.86,1.09,0.86,1.09,76.94,97.81,78.6575,21.3425,2017,pres
2017_pres_t1,72154_0013,72,Sarthe,,,72154,La Flèche,3.0,3ème circonscription,0013,615,174,441,5.0,8,428,28.29,71.71,0.81,1.13,1.3,1.81,69.59,97.05,71.7073,28.2927,2017,pres
2017_pres_t1,72154_0014,72,Sarthe,,,72154,La Flèche,3.0,3ème circonscription,0014,570,109,461,9.0,4,448,19.12,80.88,1.58,1.95,0.7,0.87,78.6,97.18,80.8772,19.1228,2017,pres
2017_pres_t1,72154_0015,72,Sarthe,,,72154,La Flèche,3.0,3ème circonscription,0015,790,121,669,16.0,8,645,15.32,84.68,2.03,2.39,1.01,1.2,81.65,96.41,84.6835,15.3165,2017,pres
2017_pres_t1,72154_0016,72,Sarthe,,,72154,La Flèche,3.0,3ème circonscription,0016,720,92,628,12.0,9,607,12.78,87.22,1.67,1.91,1.25,1.43,84.31,96.66,87.2222,12.7778,2017,pres
2017_pres_t1,72154_0017,72,Sarthe,,,72154,La Flèche,3.0,3ème circonscription,0017,571,75,496,4.0,6,486,13.13,86.87,0.7,0.81,1.05,1.21,85.11,97.98,86.8651,13.1349,2017,pres
2017_pres_t1,72181_0084,72,Sarthe,,,72181,Le Mans,1.0,1ère circonscription,0084,1019,186,833,22.0,0,811,18.25,81.75,2.16,2.64,0.0,0.0,79.59,97.36,81.7468,18.2532,2017,pres
2017_pres_t1,72181_0085,72,Sarthe,,,72181,Le Mans,1.0,1ère circonscription,0085,1029,182,847,21.0,0,826,17.69,82.31,2.04,2.48,0.0,0.0,80.27,97.52,82.3129,17.6871,2017,pres
2017_pres_t1,72181_0086,72,Sarthe,,,72181,Le Mans,1.0,1ère circonscription,0086,1078,229,849,25.0,0,824,21.24,78.76,2.32,2.94,0.0,0.0,76.44,97.06,78.757,21.243,2017,pres
2017_pres_t1,72181_0087,72,Sarthe,,,72181,Le Mans,1.0,1ère circonscription,0087,887,218,669,20.0,0,649,24.58,75.42,2.25,2.99,0.0,0.0,73.17,97.01,75.4228,24.5772,2017,pres
2017_pres_t1,72181_0088,72,Sarthe,,,72181,Le Mans,1.0,1ère circonscription,0088,916,162,754,26.0,0,728,17.69,82.31,2.84,3.45,0.0,0.0,79.48,96.55,82.3144,17.6856,2017,pres
2017_pres_t1,72181_0089,72,Sarthe,,,72181,Le Mans,1.0,1ère circonscription,0089,886,198,688,7.0,0,681,22.35,77.65,0.79,1.02,0.0,0.0,76.86,98.98,77.6524,22.3476,2017,pres
2017_pres_t1,72181_0090,72,Sarthe,,,72181,Le Mans,1.0,1ère circonscription,0090,1100,292,808,34.0,0,774,26.55,73.45,3.09,4.21,0.0,0.0,70.36,95.79,73.4545,26.5455,2017,pres
2017_pres_t1,72181_0091,72,Sarthe,,,72181,Le Mans,1.0,1ère circonscription,0091,904,158,746,25.0,0,721,17.48,82.52,2.77,3.35,0.0,0.0,79.76,96.65,82.5221,17.4779,2017,pres
2017_pres_t1,72181_0092,72,Sarthe,,,72181,Le Mans,1.0,1ère circonscription,0092,976,215,761,35.0,0,726,22.03,77.97,3.59,4.6,0.0,0.0,74.39,95.4,77.9713,22.0287,2017,pres
2017_pres_t1,72181_0093,72,Sarthe,,,72181,Le Mans,1.0,1ère circonscription,0093,912,184,728,26.0,0,702,20.18,79.82,2.85,3.57,0.0,0.0,76.97,96.43,79.8246,20.1754,2017,pres
2017_pres_t1,72181_0094,72,Sarthe,,,72181,Le Mans,1.0,1ère circonscription,0094,899,174,725,26.0,0,699,19.35,80.65,2.89,3.59,0.0,0.0,77.75,96.41,80.6452,19.3548,2017,pres
2017_pres_t1,72181_0095,72,Sarthe,,,72181,Le Mans,1.0,1ère circonscription,0095,875,196,679,17.0,0,662,22.4,77.6,1.94,2.5,0.0,0.0,75.66,97.5,77.6,22.4,2017,pres
2017_pres_t1,72181_0096,72,Sarthe,,,72181,Le Mans,1.0,1ère circonscription,0096,866,144,722,24.0,0,698,16.63,83.37,2.77,3.32,0.0,0.0,80.6,96.68,83.3718,16.6282,2017,pres
2017_pres_t1,72181_0097,72,Sarthe,,,72181,Le Mans,1.0,1ère circonscription,0097,939,150,789,16.0,0,773,15.97,84.03,1.7,2.03,0.0,0.0,82.32,97.97,84.0256,15.9744,2017,pres
2017_pres_t1,72181_0035,72,Sarthe,,,72181,Le Mans,2.0,2ème circonscription,0035,936,228,708,10.0,0,698,24.36,75.64,1.07,1.41,0.0,0.0,74.57,98.59,75.641,24.359,2017,pres
2017_pres_t1,72181_0036,72,Sarthe,,,72181,Le Mans,2.0,2ème circonscription,0036,908,188,720,28.0,0,692,20.7,79.3,3.08,3.89,0.0,0.0,76.21,96.11,79.2952,20.7048,2017,pres
2017_pres_t1,72181_0037,72,Sarthe,,,72181,Le Mans,2.0,2ème circonscription,0037,929,192,737,22.0,0,715,20.67,79.33,2.37,2.99,0.0,0.0,76.96,97.01,79.3326,20.6674,2017,pres
2017_pres_t1,72181_0038,72,Sarthe,,,72181,Le Mans,2.0,2ème circonscription,0038,831,307,524,21.0,0,503,36.94,63.06,2.53,4.01,0.0,0.0,60.53,95.99,63.0566,36.9434,2017,pres
2017_pres_t1,72181_0039,72,Sarthe,,,72181,Le Mans,2.0,2ème circonscription,0039,863,333,530,18.0,0,512,38.59,61.41,2.09,3.4,0.0,0.0,59.33,96.6,61.4137,38.5863,2017,pres
2017_pres_t1,72181_0040,72,Sarthe,,,72181,Le Mans,2.0,2ème circonscription,0040,861,279,582,12.0,0,570,32.4,67.6,1.39,2.06,0.0,0.0,66.2,97.94,67.5958,32.4042,2017,pres
2017_pres_t1,72181_0041,72,Sarthe,,,72181,Le Mans,2.0,2ème circonscription,0041,886,316,570,21.0,0,549,35.67,64.33,2.37,3.68,0.0,0.0,61.96,96.32,64.3341,35.6659,2017,pres
2017_pres_t1,72181_0042,72,Sarthe,,,72181,Le Mans,2.0,2ème circonscription,0042,753,263,490,20.0,0,470,34.93,65.07,2.66,4.08,0.0,0.0,62.42,95.92,65.073,34.927,2017,pres
2017_pres_t1,72181_0043,72,Sarthe,,,72181,Le Mans,2.0,2ème circonscription,0043,881,251,630,22.0,0,608,28.49,71.51,2.5,3.49,0.0,0.0,69.01,96.51,71.5096,28.4904,2017,pres
2017_pres_t1,72181_0044,72,Sarthe,,,72181,Le Mans,2.0,2ème circonscription,0044,942,189,753,28.0,0,725,20.06,79.94,2.97,3.72,0.0,0.0,76.96,96.28,79.9363,20.0637,2017,pres
2017_pres_t1,72181_0045,72,Sarthe,,,72181,Le Mans,2.0,2ème circonscription,0045,906,164,742,26.0,0,716,18.1,81.9,2.87,3.5,0.0,0.0,79.03,96.5,81.8985,18.1015,2017,pres
2017_pres_t1,72181_0046,72,Sarthe,,,72181,Le Mans,2.0,2ème circonscription,0046,976,214,762,23.0,0,739,21.93,78.07,2.36,3.02,0.0,0.0,75.72,96.98,78.0738,21.9262,2017,pres
2017_pres_t1,72181_0047,72,Sarthe,,,72181,Le Mans,2.0,2ème circonscription,0047,970,206,764,24.0,0,740,21.24,78.76,2.47,3.14,0.0,0.0,76.29,96.86,78.7629,21.2371,2017,pres
2017_pres_t1,72181_0048,72,Sarthe,,,72181,Le Mans,2.0,2ème circonscription,0048,961,232,729,27.0,0,702,24.14,75.86,2.81,3.7,0.0,0.0,73.05,96.3,75.8585,24.1415,2017,pres
2017_pres_t1,72181_0049,72,Sarthe,,,72181,Le Mans,2.0,2ème circonscription,0049,971,258,713,27.0,0,686,26.57,73.43,2.78,3.79,0.0,0.0,70.65,96.21,73.4295,26.5705,2017,pres
2017_pres_t1,72181_0050,72,Sarthe,,,72181,Le Mans,2.0,2ème circonscription,0050,965,229,736,26.0,0,710,23.73,76.27,2.69,3.53,0.0,0.0,73.58,96.47,76.2694,23.7306,2017,pres
2017_pres_t1,72181_0051,72,Sarthe,,,72181,Le Mans,2.0,2ème circonscription,0051,835,275,560,25.0,0,535,32.93,67.07,2.99,4.46,0.0,0.0,64.07,95.54,67.0659,32.9341,2017,pres
2017_pres_t1,72181_0052,72,Sarthe,,,72181,Le Mans,2.0,2ème circonscription,0052,722,192,530,20.0,0,510,26.59,73.41,2.77,3.77,0.0,0.0,70.64,96.23,73.4072,26.5928,2017,pres
2017_pres_t1,72181_0053,72,Sarthe,,,72181,Le Mans,2.0,2ème circonscription,0053,908,258,650,17.0,0,633,28.41,71.59,1.87,2.62,0.0,0.0,69.71,97.38,71.5859,28.4141,2017,pres
2017_pres_t1,72181_0054,72,Sarthe,,,72181,Le Mans,2.0,2ème circonscription,0054,805,153,652,17.0,0,635,19.01,80.99,2.11,2.61,0.0,0.0,78.88,97.39,80.9938,19.0062,2017,pres
2017_pres_t1,72181_0055,72,Sarthe,,,72181,Le Mans,2.0,2ème circonscription,0055,745,344,401,17.0,0,384,46.17,53.83,2.28,4.24,0.0,0.0,51.54,95.76,53.8255,46.1745,2017,pres
2017_pres_t1,72181_0056,72,Sarthe,,,72181,Le Mans,2.0,2ème circonscription,0056,842,239,603,29.0,0,574,28.38,71.62,3.44,4.81,0.0,0.0,68.17,95.19,71.6152,28.3848,2017,pres
2017_pres_t1,72181_0057,72,Sarthe,,,72181,Le Mans,2.0,2ème circonscription,0057,831,250,581,23.0,0,558,30.08,69.92,2.77,3.96,0.0,0.0,67.15,96.04,69.9158,30.0842,2017,pres
2017_pres_t1,72181_0058,72,Sarthe,,,72181,Le Mans,2.0,2ème circonscription,0058,917,247,670,30.0,0,640,26.94,73.06,3.27,4.48,0.0,0.0,69.79,95.52,73.0643,26.9357,2017,pres
2017_pres_t1,72181_0059,72,Sarthe,,,72181,Le Mans,2.0,2ème circonscription,0059,854,242,612,21.0,0,591,28.34,71.66,2.46,3.43,0.0,0.0,69.2,96.57,71.6628,28.3372,2017,pres
2017_pres_t1,72181_0060,72,Sarthe,,,72181,Le Mans,2.0,2ème circonscription,0060,918,279,639,28.0,0,611,30.39,69.61,3.05,4.38,0.0,0.0,66.56,95.62,69.6078,30.3922,2017,pres
2017_pres_t1,72181_0061,72,Sarthe,,,72181,Le Mans,2.0,2ème circonscription,0061,907,167,740,26.0,0,714,18.41,81.59,2.87,3.51,0.0,0.0,78.72,96.49,81.5877,18.4123,2017,pres
2017_pres_t1,72181_0062,72,Sarthe,,,72181,Le Mans,2.0,2ème circonscription,0062,861,193,668,23.0,0,645,22.42,77.58,2.67,3.44,0.0,0.0,74.91,96.56,77.5842,22.4158,2017,pres
2017_pres_t1,72181_0063,72,Sarthe,,,72181,Le Mans,2.0,2ème circonscription,0063,813,182,631,22.0,0,609,22.39,77.61,2.71,3.49,0.0,0.0,74.91,96.51,77.6138,22.3862,2017,pres
2017_pres_t1,72181_0064,72,Sarthe,,,72181,Le Mans,2.0,2ème circonscription,0064,872,174,698,17.0,0,681,19.95,80.05,1.95,2.44,0.0,0.0,78.1,97.56,80.0459,19.9541,2017,pres
2017_pres_t1,72181_0065,72,Sarthe,,,72181,Le Mans,2.0,2ème circonscription,0065,818,211,607,18.0,0,589,25.79,74.21,2.2,2.97,0.0,0.0,72.0,97.03,74.2054,25.7946,2017,pres
2017_pres_t1,72181_0066,72,Sarthe,,,72181,Le Mans,2.0,2ème circonscription,0066,892,205,687,23.0,0,664,22.98,77.02,2.58,3.35,0.0,0.0,74.44,96.65,77.0179,22.9821,2017,pres
2017_pres_t1,72181_0067,72,Sarthe,,,72181,Le Mans,2.0,2ème circonscription,0067,847,237,610,20.0,0,590,27.98,72.02,2.36,3.28,0.0,0.0,69.66,96.72,72.0189,27.9811,2017,pres
2017_pres_t1,72181_0068,72,Sarthe,,,72181,Le Mans,2.0,2ème circonscription,0068,862,215,647,32.0,0,615,24.94,75.06,3.71,4.95,0.0,0.0,71.35,95.05,75.058,24.942,2017,pres
2017_pres_t1,72181_0069,72,Sarthe,,,72181,Le Mans,2.0,2ème circonscription,0069,772,127,645,15.0,0,630,16.45,83.55,1.94,2.33,0.0,0.0,81.61,97.67,83.5492,16.4508,2017,pres
2017_pres_t1,72181_0070,72,Sarthe,,,72181,Le Mans,2.0,2ème circonscription,0070,854,195,659,17.0,0,642,22.83,77.17,1.99,2.58,0.0,0.0,75.18,97.42,77.1663,22.8337,2017,pres
2017_pres_t1,72181_0071,72,Sarthe,,,72181,Le Mans,2.0,2ème circonscription,0071,797,167,630,19.0,0,611,20.95,79.05,2.38,3.02,0.0,0.0,76.66,96.98,79.0464,20.9536,2017,pres
2017_pres_t1,72181_0072,72,Sarthe,,,72181,Le Mans,4.0,4ème circonscription,0072,1004,181,823,14.0,0,809,18.03,81.97,1.39,1.7,0.0,0.0,80.58,98.3,81.9721,18.0279,2017,pres
2017_pres_t1,72181_0073,72,Sarthe,,,72181,Le Mans,4.0,4ème circonscription,0073,1029,213,816,27.0,0,789,20.7,79.3,2.62,3.31,0.0,0.0,76.68,96.69,79.3003,20.6997,2017,pres
2017_pres_t1,72181_0074,72,Sarthe,,,72181,Le Mans,4.0,4ème circonscription,0074,1014,212,802,14.0,0,788,20.91,79.09,1.38,1.75,0.0,0.0,77.71,98.25,79.0927,20.9073,2017,pres
2017_pres_t1,72181_0075,72,Sarthe,,,72181,Le Mans,4.0,4ème circonscription,0075,921,146,775,30.0,0,745,15.85,84.15,3.26,3.87,0.0,0.0,80.89,96.13,84.1477,15.8523,2017,pres
2017_pres_t1,72181_0076,72,Sarthe,,,72181,Le Mans,4.0,4ème circonscription,0076,723,160,563,13.0,0,550,22.13,77.87,1.8,2.31,0.0,0.0,76.07,97.69,77.87,22.13,2017,pres
2017_pres_t1,72181_0077,72,Sarthe,,,72181,Le Mans,4.0,4ème circonscription,0077,921,198,723,23.0,0,700,21.5,78.5,2.5,3.18,0.0,0.0,76.0,96.82,78.5016,21.4984,2017,pres
2017_pres_t1,72181_0078,72,Sarthe,,,72181,Le Mans,4.0,4ème circonscription,0078,935,187,748,21.0,0,727,20.0,80.0,2.25,2.81,0.0,0.0,77.75,97.19,80.0,20.0,2017,pres
2017_pres_t1,72181_0079,72,Sarthe,,,72181,Le Mans,4.0,4ème circonscription,0079,988,205,783,36.0,0,747,20.75,79.25,3.64,4.6,0.0,0.0,75.61,95.4,79.251,20.749,2017,pres
2017_pres_t1,72181_0080,72,Sarthe,,,72181,Le Mans,4.0,4ème circonscription,0080,892,181,711,17.0,0,694,20.29,79.71,1.91,2.39,0.0,0.0,77.8,97.61,79.7085,20.2915,2017,pres
2017_pres_t1,72181_0081,72,Sarthe,,,72181,Le Mans,4.0,4ème circonscription,0081,792,139,653,22.0,0,631,17.55,82.45,2.78,3.37,0.0,0.0,79.67,96.63,82.4495,17.5505,2017,pres
2017_pres_t1,72181_0082,72,Sarthe,,,72181,Le Mans,4.0,4ème circonscription,0082,952,173,779,17.0,0,762,18.17,81.83,1.79,2.18,0.0,0.0,80.04,97.82,81.8277,18.1723,2017,pres
2017_pres_t1,72181_0083,72,Sarthe,,,72181,Le Mans,4.0,4ème circonscription,0083,943,194,749,28.0,0,721,20.57,79.43,2.97,3.74,0.0,0.0,76.46,96.26,79.4274,20.5726,2017,pres
2017_pres_t1,72181_0018,72,Sarthe,,,72181,Le Mans,5.0,5ème circonscription,0018,843,140,703,27.0,0,676,16.61,83.39,3.2,3.84,0.0,0.0,80.19,96.16,83.3926,16.6074,2017,pres
2017_pres_t1,72181_0019,72,Sarthe,,,72181,Le Mans,5.0,5ème circonscription,0019,947,171,776,24.0,0,752,18.06,81.94,2.53,3.09,0.0,0.0,79.41,96.91,81.943,18.057,2017,pres
2017_pres_t1,72181_0020,72,Sarthe,,,72181,Le Mans,5.0,5ème circonscription,0020,1010,216,794,31.0,0,763,21.39,78.61,3.07,3.9,0.0,0.0,75.54,96.1,78.6139,21.3861,2017,pres
2017_pres_t1,72181_0021,72,Sarthe,,,72181,Le Mans,5.0,5ème circonscription,0021,978,137,841,21.0,0,820,14.01,85.99,2.15,2.5,0.0,0.0,83.84,97.5,85.9918,14.0082,2017,pres
2017_pres_t1,72181_0022,72,Sarthe,,,72181,Le Mans,5.0,5ème circonscription,0022,996,171,825,24.0,0,801,17.17,82.83,2.41,2.91,0.0,0.0,80.42,97.09,82.8313,17.1687,2017,pres
2017_pres_t1,72181_0023,72,Sarthe,,,72181,Le Mans,5.0,5ème circonscription,0023,1081,151,930,18.0,0,912,13.97,86.03,1.67,1.94,0.0,0.0,84.37,98.06,86.0315,13.9685,2017,pres
2017_pres_t1,72181_0024,72,Sarthe,,,72181,Le Mans,5.0,5ème circonscription,0024,933,173,760,23.0,0,737,18.54,81.46,2.47,3.03,0.0,0.0,78.99,96.97,81.4577,18.5423,2017,pres
2017_pres_t1,72181_0025,72,Sarthe,,,72181,Le Mans,5.0,5ème circonscription,0025,1021,190,831,18.0,0,813,18.61,81.39,1.76,2.17,0.0,0.0,79.63,97.83,81.3908,18.6092,2017,pres
2017_pres_t1,72181_0026,72,Sarthe,,,72181,Le Mans,5.0,5ème circonscription,0026,985,165,820,26.0,0,794,16.75,83.25,2.64,3.17,0.0,0.0,80.61,96.83,83.2487,16.7513,2017,pres
2017_pres_t1,72181_0027,72,Sarthe,,,72181,Le Mans,5.0,5ème circonscription,0027,979,213,766,28.0,0,738,21.76,78.24,2.86,3.66,0.0,0.0,75.38,96.34,78.2431,21.7569,2017,pres
2017_pres_t1,72181_0028,72,Sarthe,,,72181,Le Mans,5.0,5ème circonscription,0028,1055,199,856,19.0,0,837,18.86,81.14,1.8,2.22,0.0,0.0,79.34,97.78,81.1374,18.8626,2017,pres
2017_pres_t1,72181_0029,72,Sarthe,,,72181,Le Mans,5.0,5ème circonscription,0029,1028,235,793,15.0,0,778,22.86,77.14,1.46,1.89,0.0,0.0,75.68,98.11,77.1401,22.8599,2017,pres
2017_pres_t1,72181_0030,72,Sarthe,,,72181,Le Mans,5.0,5ème circonscription,0030,1053,233,820,11.0,0,809,22.13,77.87,1.04,1.34,0.0,0.0,76.83,98.66,77.8727,22.1273,2017,pres
2017_pres_t1,72181_0031,72,Sarthe,,,72181,Le Mans,5.0,5ème circonscription,0031,875,207,668,16.0,0,652,23.66,76.34,1.83,2.4,0.0,0.0,74.51,97.6,76.3429,23.6571,2017,pres
2017_pres_t1,72181_0032,72,Sarthe,,,72181,Le Mans,5.0,5ème circonscription,0032,998,201,797,21.0,0,776,20.14,79.86,2.1,2.63,0.0,0.0,77.76,97.37,79.8597,20.1403,2017,pres
2017_pres_t1,72181_0033,72,Sarthe,,,72181,Le Mans,5.0,5ème circonscription,0033,892,254,638,16.0,0,622,28.48,71.52,1.79,2.51,0.0,0.0,69.73,97.49,71.5247,28.4753,2017,pres
2017_pres_t1,72181_0034,72,Sarthe,,,72181,Le Mans,5.0,5ème circonscription,0034,893,215,678,26.0,0,652,24.08,75.92,2.91,3.83,0.0,0.0,73.01,96.17,75.9239,24.0761,2017,pres
2017_pres_t1,85001_0001,85,Vendée,,,85001,L'Aiguillon-Sur-Mer,5.0,5ème circonscription,0001,989,164,825,10.0,9,806,16.58,83.42,1.01,1.21,0.91,1.09,81.5,97.7,83.4176,16.5824,2017,pres
2017_pres_t1,85001_0002,85,Vendée,,,85001,L'Aiguillon-Sur-Mer,5.0,5ème circonscription,0002,890,189,701,11.0,10,680,21.24,78.76,1.24,1.57,1.12,1.43,76.4,97.0,78.764,21.236,2017,pres
2017_pres_t1,85003_0003,85,Vendée,,,85003,Aizenay,1.0,1ère circonscription,0003,1112,137,975,17.0,12,946,12.32,87.68,1.53,1.74,1.08,1.23,85.07,97.03,87.6799,12.3201,2017,pres
2017_pres_t1,85003_0004,85,Vendée,,,85003,Aizenay,1.0,1ère circonscription,0004,1204,163,1041,24.0,10,1007,13.54,86.46,1.99,2.31,0.83,0.96,83.64,96.73,86.4618,13.5382,2017,pres
2017_pres_t1,85003_0005,85,Vendée,,,85003,Aizenay,1.0,1ère circonscription,0005,1156,129,1027,18.0,10,999,11.16,88.84,1.56,1.75,0.87,0.97,86.42,97.27,88.8408,11.1592,2017,pres
2017_pres_t1,85003_0006,85,Vendée,,,85003,Aizenay,1.0,1ère circonscription,0006,1138,158,980,15.0,9,956,13.88,86.12,1.32,1.53,0.79,0.92,84.01,97.55,86.116,13.884,2017,pres
2017_pres_t1,85047_0007,85,Vendée,,,85047,Challans,1.0,1ère circonscription,0007,1013,174,839,19.0,6,814,17.18,82.82,1.88,2.26,0.59,0.72,80.36,97.02,82.8233,17.1767,2017,pres
2017_pres_t1,85047_0008,85,Vendée,,,85047,Challans,1.0,1ère circonscription,0008,881,156,725,9.0,13,703,17.71,82.29,1.02,1.24,1.48,1.79,79.8,96.97,82.2928,17.7072,2017,pres
2017_pres_t1,85047_0009,85,Vendée,,,85047,Challans,1.0,1ère circonscription,0009,935,137,798,20.0,14,764,14.65,85.35,2.14,2.51,1.5,1.75,81.71,95.74,85.3476,14.6524,2017,pres
2017_pres_t1,85047_0010,85,Vendée,,,85047,Challans,1.0,1ère circonscription,0010,889,167,722,6.0,8,708,18.79,81.21,0.67,0.83,0.9,1.11,79.64,98.06,81.2148,18.7852,2017,pres
2017_pres_t1,85047_0011,85,Vendée,,,85047,Challans,1.0,1ère circonscription,0011,936,146,790,12.0,10,768,15.6,84.4,1.28,1.52,1.07,1.27,82.05,97.22,84.4017,15.5983,2017,pres
2017_pres_t1,85047_0012,85,Vendée,,,85047,Challans,1.0,1ère circonscription,0012,921,176,745,13.0,13,719,19.11,80.89,1.41,1.74,1.41,1.74,78.07,96.51,80.8903,19.1097,2017,pres
2017_pres_t1,85047_0013,85,Vendée,,,85047,Challans,1.0,1ère circonscription,0013,837,100,737,7.0,12,718,11.95,88.05,0.84,0.95,1.43,1.63,85.78,97.42,88.0526,11.9474,2017,pres
2017_pres_t1,85047_0014,85,Vendée,,,85047,Challans,1.0,1ère circonscription,0014,834,151,683,15.0,13,655,18.11,81.89,1.8,2.2,1.56,1.9,78.54,95.9,81.8945,18.1055,2017,pres
2017_pres_t1,85047_0015,85,Vendée,,,85047,Challans,1.0,1ère circonscription,0015,835,155,680,12.0,7,661,18.56,81.44,1.44,1.76,0.84,1.03,79.16,97.21,81.4371,18.5629,2017,pres
2017_pres_t1,85047_0016,85,Vendée,,,85047,Challans,1.0,1ère circonscription,0016,942,167,775,16.0,11,748,17.73,82.27,1.7,2.06,1.17,1.42,79.41,96.52,82.2718,17.7282,2017,pres
2017_pres_t1,85047_0017,85,Vendée,,,85047,Challans,1.0,1ère circonscription,0017,883,134,749,7.0,8,734,15.18,84.82,0.79,0.93,0.91,1.07,83.13,98.0,84.8245,15.1755,2017,pres
2017_pres_t1,85047_0018,85,Vendée,,,85047,Challans,1.0,1ère circonscription,0018,1001,133,868,11.0,8,849,13.29,86.71,1.1,1.27,0.8,0.92,84.82,97.81,86.7133,13.2867,2017,pres
2017_pres_t1,85191_0019,85,Vendée,,,85191,La Roche-Sur-Yon,1.0,1ère circonscription,0019,1040,207,833,7.0,5,821,19.9,80.1,0.67,0.84,0.48,0.6,78.94,98.56,80.0962,19.9038,2017,pres
2017_pres_t1,85191_0020,85,Vendée,,,85191,La Roche-Sur-Yon,1.0,1ère circonscription,0020,1037,200,837,5.0,1,831,19.29,80.71,0.48,0.6,0.1,0.12,80.14,99.28,80.7136,19.2864,2017,pres
2017_pres_t1,85191_0021,85,Vendée,,,85191,La Roche-Sur-Yon,1.0,1ère circonscription,0021,935,221,714,11.0,9,694,23.64,76.36,1.18,1.54,0.96,1.26,74.22,97.2,76.3636,23.6364,2017,pres
2017_pres_t1,85191_0022,85,Vendée,,,85191,La Roche-Sur-Yon,1.0,1ère circonscription,0022,770,135,635,13.0,9,613,17.53,82.47,1.69,2.05,1.17,1.42,79.61,96.54,82.4675,17.5325,2017,pres
2017_pres_t1,85191_0023,85,Vendée,,,85191,La Roche-Sur-Yon,1.0,1ère circonscription,0023,902,185,717,16.0,9,692,20.51,79.49,1.77,2.23,1.0,1.26,76.72,96.51,79.49,20.51,2017,pres
2017_pres_t1,85191_0024,85,Vendée,,,85191,La Roche-Sur-Yon,1.0,1ère circonscription,0024,749,135,614,13.0,5,596,18.02,81.98,1.74,2.12,0.67,0.81,79.57,97.07,81.976,18.024,2017,pres
2017_pres_t1,85191_0025,85,Vendée,,,85191,La Roche-Sur-Yon,1.0,1ère circonscription,0025,965,292,673,14.0,9,650,30.26,69.74,1.45,2.08,0.93,1.34,67.36,96.58,69.7409,30.2591,2017,pres
2017_pres_t1,85191_0026,85,Vendée,,,85191,La Roche-Sur-Yon,1.0,1ère circonscription,0026,962,233,729,11.0,13,705,24.22,75.78,1.14,1.51,1.35,1.78,73.28,96.71,75.7796,24.2204,2017,pres
2017_pres_t1,85191_0027,85,Vendée,,,85191,La Roche-Sur-Yon,1.0,1ère circonscription,0027,910,245,665,8.0,7,650,26.92,73.08,0.88,1.2,0.77,1.05,71.43,97.74,73.0769,26.9231,2017,pres
2017_pres_t1,85191_0028,85,Vendée,,,85191,La Roche-Sur-Yon,1.0,1ère circonscription,0028,1120,245,875,6.0,10,859,21.88,78.12,0.54,0.69,0.89,1.14,76.7,98.17,78.125,21.875,2017,pres
2017_pres_t1,85191_0029,85,Vendée,,,85191,La Roche-Sur-Yon,1.0,1ère circonscription,0029,1097,201,896,8.0,5,883,18.32,81.68,0.73,0.89,0.46,0.56,80.49,98.55,81.6773,18.3227,2017,pres
2017_pres_t1,85191_0030,85,Vendée,,,85191,La Roche-Sur-Yon,1.0,1ère circonscription,0030,1246,223,1023,19.0,11,993,17.9,82.1,1.52,1.86,0.88,1.08,79.7,97.07,82.1027,17.8973,2017,pres
2017_pres_t1,85191_0031,85,Vendée,,,85191,La Roche-Sur-Yon,1.0,1ère circonscription,0031,965,189,776,9.0,5,762,19.59,80.41,0.93,1.16,0.52,0.64,78.96,98.2,80.4145,19.5855,2017,pres
2017_pres_t1,85191_0032,85,Vendée,,,85191,La Roche-Sur-Yon,1.0,1ère circonscription,0032,642,214,428,7.0,4,417,33.33,66.67,1.09,1.64,0.62,0.93,64.95,97.43,66.6667,33.3333,2017,pres
2017_pres_t1,85191_0033,85,Vendée,,,85191,La Roche-Sur-Yon,1.0,1ère circonscription,0033,870,294,576,2.0,8,566,33.79,66.21,0.23,0.35,0.92,1.39,65.06,98.26,66.2069,33.7931,2017,pres
2017_pres_t1,85191_0034,85,Vendée,,,85191,La Roche-Sur-Yon,1.0,1ère circonscription,0034,1056,268,788,13.0,7,768,25.38,74.62,1.23,1.65,0.66,0.89,72.73,97.46,74.6212,25.3788,2017,pres
2017_pres_t1,85191_0037,85,Vendée,,,85191,La Roche-Sur-Yon,1.0,1ère circonscription,0037,720,108,612,11.0,4,597,15.0,85.0,1.53,1.8,0.56,0.65,82.92,97.55,85.0,15.0,2017,pres
2017_pres_t1,85191_0038,85,Vendée,,,85191,La Roche-Sur-Yon,1.0,1ère circonscription,0038,809,95,714,13.0,1,700,11.74,88.26,1.61,1.82,0.12,0.14,86.53,98.04,88.2571,11.7429,2017,pres
2017_pres_t1,85191_0035,85,Vendée,,,85191,La Roche-Sur-Yon,2.0,2ème circonscription,0035,815,132,683,11.0,10,662,16.2,83.8,1.35,1.61,1.23,1.46,81.23,96.93,83.8037,16.1963,2017,pres
2017_pres_t1,85191_0036,85,Vendée,,,85191,La Roche-Sur-Yon,2.0,2ème circonscription,0036,625,94,531,6.0,6,519,15.04,84.96,0.96,1.13,0.96,1.13,83.04,97.74,84.96,15.04,2017,pres
2012_legi_t1,44001_0001,44,Loire-Atlantique,28.0,,44001,Abbaretz,6.0,,0001,1374,575,799,0.0,16,783,41.85,58.15,,,1.16,2.0,56.99,98.0,58.1514,41.8486,2012,legi
2012_legi_t1,44002_0002,44,Loire-Atlantique,1.0,,44002,Aigrefeuille-Sur-Maine,10.0,,0002,1188,491,697,0.0,12,685,41.33,58.67,,,1.01,1.72,57.66,98.28,58.67,41.33,2012,legi
2012_legi_t1,44003_0003,44,Loire-Atlantique,2.0,,44003,Ancenis,6.0,,0003,881,422,459,0.0,10,449,47.9,52.1,,,1.14,2.18,50.96,97.82,52.0999,47.9001,2012,legi
2012_legi_t1,44003_0004,44,Loire-Atlantique,2.0,,44003,Ancenis,6.0,,0004,859,353,506,0.0,16,490,41.09,58.91,,,1.86,3.16,57.04,96.84,58.9057,41.0943,2012,legi
2012_legi_t1,44003_0005,44,Loire-Atlantique,2.0,,44003,Ancenis,6.0,,0005,894,331,563,0.0,11,552,37.02,62.98,,,1.23,1.95,61.74,98.05,62.9754,37.0246,2012,legi
2012_legi_t1,44003_0006,44,Loire-Atlantique,2.0,,44003,Ancenis,6.0,,0006,1098,419,679,0.0,18,661,38.16,61.84,,,1.64,2.65,60.2,97.35,61.8397,38.1603,2012,legi
2012_legi_t1,44009_0007,44,Loire-Atlantique,59.0,,44009,Basse-Goulaine,10.0,,0007,1046,352,694,0.0,9,685,33.65,66.35,,,0.86,1.3,65.49,98.7,66.348,33.652,2012,legi
2012_legi_t1,44015_0008,44,Loire-Atlantique,3.0,,44015,Blain,6.0,,0008,607,222,385,0.0,16,369,36.57,63.43,,,2.64,4.16,60.79,95.84,63.4267,36.5733,2012,legi
2012_legi_t1,44015_0009,44,Loire-Atlantique,3.0,,44015,Blain,6.0,,0009,943,457,486,0.0,18,468,48.46,51.54,,,1.91,3.7,49.63,96.3,51.5376,48.4624,2012,legi
2012_legi_t1,44020_0010,44,Loire-Atlantique,51.0,,44020,Bouguenais,4.0,,0010,1013,362,651,0.0,8,643,35.74,64.26,,,0.79,1.23,63.47,98.77,64.2646,35.7354,2012,legi
2012_legi_t1,44020_0011,44,Loire-Atlantique,51.0,,44020,Bouguenais,4.0,,0011,1030,442,588,0.0,8,580,42.91,57.09,,,0.78,1.36,56.31,98.64,57.0874,42.9126,2012,legi
2012_legi_t1,44020_0012,44,Loire-Atlantique,51.0,,44020,Bouguenais,4.0,,0012,1125,433,692,0.0,14,678,38.49,61.51,,,1.24,2.02,60.27,97.98,61.5111,38.4889,2012,legi
2012_legi_t1,44026_0013,44,Loire-Atlantique,6.0,,44026,Carquefou,5.0,,0013,958,344,614,0.0,9,605,35.91,64.09,,,0.94,1.47,63.15,98.53,64.0919,35.9081,2012,legi
2012_legi_t1,44026_0014,44,Loire-Atlantique,6.0,,44026,Carquefou,5.0,,0014,1062,385,677,0.0,7,670,36.25,63.75,,,0.66,1.03,63.09,98.97,63.7476,36.2524,2012,legi
2012_legi_t1,44026_0015,44,Loire-Atlantique,6.0,,44026,Carquefou,5.0,,0015,829,348,481,0.0,3,478,41.98,58.02,,,0.36,0.62,57.66,99.38,58.0217,41.9783,2012,legi
2012_legi_t1,44047_0016,44,Loire-Atlantique,35.0,,44047,Cou?Ron,3.0,,0016,1122,435,687,0.0,8,679,38.77,61.23,,,0.71,1.16,60.52,98.84,61.2299,38.7701,2012,legi
2012_legi_t1,44069_0017,44,Loire-Atlantique,13.0,,44069,Gu?Rande,7.0,,0017,658,261,397,0.0,3,394,39.67,60.33,,,0.46,0.76,59.88,99.24,60.3343,39.6657,2012,legi
2012_legi_t1,44069_0018,44,Loire-Atlantique,13.0,,44069,Gu?Rande,7.0,,0018,631,234,397,0.0,5,392,37.08,62.92,,,0.79,1.26,62.12,98.74,62.916,37.084,2012,legi
2012_legi_t1,44109_0101,44,Loire-Atlantique,20.0,,44109,Nantes,1.0,,0101,986,521,465,0.0,5,460,52.84,47.16,,,0.51,1.08,46.65,98.92,47.1602,52.8398,2012,legi
2012_legi_t1,44109_0102,44,Loire-Atlantique,20.0,,44109,Nantes,1.0,,0102,1292,517,775,0.0,4,771,40.02,59.98,,,0.31,0.52,59.67,99.48,59.9845,40.0155,2012,legi
2012_legi_t1,44109_0103,44,Loire-Atlantique,20.0,,44109,Nantes,1.0,,0103,790,285,505,0.0,5,500,36.08,63.92,,,0.63,0.99,63.29,99.01,63.9241,36.0759,2012,legi
2012_legi_t1,44109_0104,44,Loire-Atlantique,20.0,,44109,Nantes,1.0,,0104,1087,479,608,0.0,8,600,44.07,55.93,,,0.74,1.32,55.2,98.68,55.9338,44.0662,2012,legi
2012_legi_t1,44109_0105,44,Loire-Atlantique,20.0,,44109,Nantes,1.0,,0105,899,388,511,0.0,2,509,43.16,56.84,,,0.22,0.39,56.62,99.61,56.8409,43.1591,2012,legi
2012_legi_t1,44109_0106,44,Loire-Atlantique,20.0,,44109,Nantes,1.0,,0106,718,224,494,0.0,5,489,31.2,68.8,,,0.7,1.01,68.11,98.99,68.8022,31.1978,2012,legi
2012_legi_t1,44109_0107,44,Loire-Atlantique,20.0,,44109,Nantes,1.0,,0107,778,287,491,0.0,2,489,36.89,63.11,,,0.26,0.41,62.85,99.59,63.1105,36.8895,2012,legi
2012_legi_t1,44109_0108,44,Loire-Atlantique,20.0,,44109,Nantes,1.0,,0108,622,204,418,0.0,2,416,32.8,67.2,,,0.32,0.48,66.88,99.52,67.2026,32.7974,2012,legi
2012_legi_t1,44109_0109,44,Loire-Atlantique,20.0,,44109,Nantes,1.0,,0109,648,236,412,0.0,2,410,36.42,63.58,,,0.31,0.49,63.27,99.51,63.5802,36.4198,2012,legi
2012_legi_t1,44109_0110,44,Loire-Atlantique,20.0,,44109,Nantes,1.0,,0110,702,275,427,0.0,5,422,39.17,60.83,,,0.71,1.17,60.11,98.83,60.8262,39.1738,2012,legi
2012_legi_t1,44109_0111,44,Loire-Atlantique,20.0,,44109,Nantes,1.0,,0111,642,268,374,0.0,2,372,41.74,58.26,,,0.31,0.53,57.94,99.47,58.2555,41.7445,2012,legi
2012_legi_t1,44109_0112,44,Loire-Atlantique,20.0,,44109,Nantes,1.0,,0112,786,265,521,0.0,4,517,33.72,66.28,,,0.51,0.77,65.78,99.23,66.285,33.715,2012,legi
2012_legi_t1,44109_0113,44,Loire-Atlantique,20.0,,44109,Nantes,1.0,,0113,887,363,524,0.0,9,515,40.92,59.08,,,1.01,1.72,58.06,98.28,59.0755,40.9245,2012,legi
2012_legi_t1,44109_0114,44,Loire-Atlantique,20.0,,44109,Nantes,1.0,,0114,647,223,424,0.0,0,424,34.47,65.53,,,0.0,0.0,65.53,100.0,65.5332,34.4668,2012,legi
2012_legi_t1,44109_0115,44,Loire-Atlantique,20.0,,44109,Nantes,1.0,,0115,802,270,532,0.0,5,527,33.67,66.33,,,0.62,0.94,65.71,99.06,66.3342,33.6658,2012,legi
2012_legi_t1,44109_0116,44,Loire-Atlantique,20.0,,44109,Nantes,1.0,,0116,793,341,452,0.0,8,444,43.0,57.0,,,1.01,1.77,55.99,98.23,56.9987,43.0013,2012,legi
2012_legi_t1,44109_0117,44,Loire-Atlantique,20.0,,44109,Nantes,1.0,,0117,979,349,630,0.0,3,627,35.65,64.35,,,0.31,0.48,64.04,99.52,64.3514,35.6486,2012,legi
2012_legi_t1,44109_0118,44,Loire-Atlantique,20.0,,44109,Nantes,1.0,,0118,756,237,519,0.0,5,514,31.35,68.65,,,0.66,0.96,67.99,99.04,68.6508,31.3492,2012,legi
2012_legi_t1,44109_0119,44,Loire-Atlantique,20.0,,44109,Nantes,1.0,,0119,879,348,531,0.0,1,530,39.59,60.41,,,0.11,0.19,60.3,99.81,60.4096,39.5904,2012,legi
2012_legi_t1,44109_0120,44,Loire-Atlantique,20.0,,44109,Nantes,1.0,,0120,617,241,376,0.0,3,373,39.06,60.94,,,0.49,0.8,60.45,99.2,60.94,39.06,2012,legi
2012_legi_t1,44109_0121,44,Loire-Atlantique,20.0,,44109,Nantes,1.0,,0121,1055,428,627,0.0,4,623,40.57,59.43,,,0.38,0.64,59.05,99.36,59.4313,40.5687,2012,legi
2012_legi_t1,44109_0201,44,Loire-Atlantique,21.0,,44109,Nantes,2.0,,0201,1079,403,676,0.0,4,672,37.35,62.65,,,0.37,0.59,62.28,99.41,62.6506,37.3494,2012,legi
2012_legi_t1,44109_0202,44,Loire-Atlantique,21.0,,44109,Nantes,2.0,,0202,766,347,419,0.0,4,415,45.3,54.7,,,0.52,0.95,54.18,99.05,54.6997,45.3003,2012,legi
2012_legi_t1,44109_0203,44,Loire-Atlantique,21.0,,44109,Nantes,2.0,,0203,1167,465,702,0.0,4,698,39.85,60.15,,,0.34,0.57,59.81,99.43,60.1542,39.8458,2012,legi
2012_legi_t1,44109_0204,44,Loire-Atlantique,21.0,,44109,Nantes,2.0,,0204,930,348,582,0.0,1,581,37.42,62.58,,,0.11,0.17,62.47,99.83,62.5806,37.4194,2012,legi
2012_legi_t1,44109_0205,44,Loire-Atlantique,21.0,,44109,Nantes,2.0,,0205,1026,408,618,0.0,8,610,39.77,60.23,,,0.78,1.29,59.45,98.71,60.2339,39.7661,2012,legi
2012_legi_t1,44109_0206,44,Loire-Atlantique,21.0,,44109,Nantes,2.0,,0206,828,337,491,0.0,2,489,40.7,59.3,,,0.24,0.41,59.06,99.59,59.2995,40.7005,2012,legi
2012_legi_t1,44109_0207,44,Loire-Atlantique,21.0,,44109,Nantes,2.0,,0207,856,321,535,0.0,4,531,37.5,62.5,,,0.47,0.75,62.03,99.25,62.5,37.5,2012,legi
2012_legi_t1,44109_0208,44,Loire-Atlantique,21.0,,44109,Nantes,2.0,,0208,725,276,449,0.0,4,445,38.07,61.93,,,0.55,0.89,61.38,99.11,61.931,38.069,2012,legi
2012_legi_t1,44109_0209,44,Loire-Atlantique,21.0,,44109,Nantes,2.0,,0209,754,258,496,0.0,5,491,34.22,65.78,,,0.66,1.01,65.12,98.99,65.7825,34.2175,2012,legi
2012_legi_t1,44109_0210,44,Loire-Atlantique,21.0,,44109,Nantes,2.0,,0210,743,281,462,0.0,4,458,37.82,62.18,,,0.54,0.87,61.64,99.13,62.1803,37.8197,2012,legi
2012_legi_t1,44109_0211,44,Loire-Atlantique,21.0,,44109,Nantes,2.0,,0211,784,322,462,0.0,1,461,41.07,58.93,,,0.13,0.22,58.8,99.78,58.9286,41.0714,2012,legi
2012_legi_t1,44109_0212,44,Loire-Atlantique,21.0,,44109,Nantes,2.0,,0212,850,338,512,0.0,1,511,39.76,60.24,,,0.12,0.2,60.12,99.8,60.2353,39.7647,2012,legi
2012_legi_t1,44109_0213,44,Loire-Atlantique,21.0,,44109,Nantes,2.0,,0213,783,251,532,0.0,4,528,32.06,67.94,,,0.51,0.75,67.43,99.25,67.9438,32.0562,2012,legi
2012_legi_t1,44109_0214,44,Loire-Atlantique,21.0,,44109,Nantes,2.0,,0214,775,290,485,0.0,0,485,37.42,62.58,,,0.0,0.0,62.58,100.0,62.5806,37.4194,2012,legi
2012_legi_t1,44109_0215,44,Loire-Atlantique,21.0,,44109,Nantes,2.0,,0215,620,240,380,0.0,1,379,38.71,61.29,,,0.16,0.26,61.13,99.74,61.2903,38.7097,2012,legi
2012_legi_t1,44109_0216,44,Loire-Atlantique,21.0,,44109,Nantes,2.0,,0216,904,372,532,0.0,5,527,41.15,58.85,,,0.55,0.94,58.3,99.06,58.8496,41.1504,2012,legi
2012_legi_t1,44109_0217,44,Loire-Atlantique,21.0,,44109,Nantes,2.0,,0217,800,281,519,0.0,4,515,35.12,64.88,,,0.5,0.77,64.38,99.23,64.875,35.125,2012,legi
2012_legi_t1,44109_0218,44,Loire-Atlantique,21.0,,44109,Nantes,2.0,,0218,886,347,539,0.0,5,534,39.16,60.84,,,0.56,0.93,60.27,99.07,60.8352,39.1648,2012,legi
2012_legi_t1,44109_0219,44,Loire-Atlantique,21.0,,44109,Nantes,2.0,,0219,1054,509,545,0.0,5,540,48.29,51.71,,,0.47,0.92,51.23,99.08,51.7078,48.2922,2012,legi
2012_legi_t1,44109_0220,44,Loire-Atlantique,21.0,,44109,Nantes,2.0,,0220,920,528,392,0.0,3,389,57.39,42.61,,,0.33,0.77,42.28,99.23,42.6087,57.3913,2012,legi
2012_legi_t1,44109_0221,44,Loire-Atlantique,21.0,,44109,Nantes,2.0,,0221,1305,745,560,0.0,0,560,57.09,42.91,,,0.0,0.0,42.91,100.0,42.9119,57.0881,2012,legi
2012_legi_t1,44109_0222,44,Loire-Atlantique,21.0,,44109,Nantes,2.0,,0222,878,357,521,0.0,3,518,40.66,59.34,,,0.34,0.58,59.0,99.42,59.3394,40.6606,2012,legi
2012_legi_t1,44109_0223,44,Loire-Atlantique,21.0,,44109,Nantes,2.0,,0223,1022,441,581,0.0,10,571,43.15,56.85,,,0.98,1.72,55.87,98.28,56.8493,43.1507,2012,legi
2012_legi_t1,44109_0224,44,Loire-Atlantique,21.0,,44109,Nantes,2.0,,0224,819,387,432,0.0,6,426,47.25,52.75,,,0.73,1.39,52.01,98.61,52.7473,47.2527,2012,legi
2012_legi_t1,44109_0301,44,Loire-Atlantique,22.0,,44109,Nantes,2.0,,0301,721,338,383,0.0,1,382,46.88,53.12,,,0.14,0.26,52.98,99.74,53.1207,46.8793,2012,legi
2012_legi_t1,44109_0302,44,Loire-Atlantique,22.0,,44109,Nantes,2.0,,0302,792,369,423,0.0,2,421,46.59,53.41,,,0.25,0.47,53.16,99.53,53.4091,46.5909,2012,legi
2012_legi_t1,44109_0303,44,Loire-Atlantique,22.0,,44109,Nantes,2.0,,0303,770,332,438,0.0,4,434,43.12,56.88,,,0.52,0.91,56.36,99.09,56.8831,43.1169,2012,legi
2012_legi_t1,44109_0304,44,Loire-Atlantique,22.0,,44109,Nantes,2.0,,0304,667,298,369,0.0,3,366,44.68,55.32,,,0.45,0.81,54.87,99.19,55.3223,44.6777,2012,legi
2012_legi_t1,44109_0305,44,Loire-Atlantique,22.0,,44109,Nantes,2.0,,0305,677,316,361,0.0,1,360,46.68,53.32,,,0.15,0.28,53.18,99.72,53.3235,46.6765,2012,legi
2012_legi_t1,44109_0306,44,Loire-Atlantique,22.0,,44109,Nantes,2.0,,0306,942,412,530,0.0,5,525,43.74,56.26,,,0.53,0.94,55.73,99.06,56.2633,43.7367,2012,legi
2012_legi_t1,44109_0307,44,Loire-Atlantique,22.0,,44109,Nantes,2.0,,0307,845,334,511,0.0,4,507,39.53,60.47,,,0.47,0.78,60.0,99.22,60.4734,39.5266,2012,legi
2012_legi_t1,44109_0308,44,Loire-Atlantique,22.0,,44109,Nantes,2.0,,0308,1130,462,668,0.0,5,663,40.88,59.12,,,0.44,0.75,58.67,99.25,59.115,40.885,2012,legi
2012_legi_t1,44109_0309,44,Loire-Atlantique,22.0,,44109,Nantes,2.0,,0309,741,329,412,0.0,1,411,44.4,55.6,,,0.13,0.24,55.47,99.76,55.6005,44.3995,2012,legi
2012_legi_t1,44109_0310,44,Loire-Atlantique,22.0,,44109,Nantes,2.0,,0310,1074,492,582,0.0,5,577,45.81,54.19,,,0.47,0.86,53.72,99.14,54.1899,45.8101,2012,legi
2012_legi_t1,44109_0311,44,Loire-Atlantique,22.0,,44109,Nantes,2.0,,0311,872,400,472,0.0,2,470,45.87,54.13,,,0.23,0.42,53.9,99.58,54.1284,45.8716,2012,legi
2012_legi_t1,44109_0312,44,Loire-Atlantique,22.0,,44109,Nantes,2.0,,0312,877,328,549,0.0,5,544,37.4,62.6,,,0.57,0.91,62.03,99.09,62.5998,37.4002,2012,legi
2012_legi_t1,44109_0313,44,Loire-Atlantique,22.0,,44109,Nantes,2.0,,0313,800,360,440,0.0,4,436,45.0,55.0,,,0.5,0.91,54.5,99.09,55.0,45.0,2012,legi
2012_legi_t1,44109_0314,44,Loire-Atlantique,22.0,,44109,Nantes,2.0,,0314,769,344,425,0.0,2,423,44.73,55.27,,,0.26,0.47,55.01,99.53,55.2666,44.7334,2012,legi
2012_legi_t1,44109_0315,44,Loire-Atlantique,22.0,,44109,Nantes,2.0,,0315,980,472,508,0.0,5,503,48.16,51.84,,,0.51,0.98,51.33,99.02,51.8367,48.1633,2012,legi
2012_legi_t1,44109_0316,44,Loire-Atlantique,22.0,,44109,Nantes,2.0,,0316,740,338,402,0.0,5,397,45.68,54.32,,,0.68,1.24,53.65,98.76,54.3243,45.6757,2012,legi
2012_legi_t1,44109_0317,44,Loire-Atlantique,22.0,,44109,Nantes,2.0,,0317,756,356,400,0.0,1,399,47.09,52.91,,,0.13,0.25,52.78,99.75,52.9101,47.0899,2012,legi
2012_legi_t1,44109_0318,44,Loire-Atlantique,22.0,,44109,Nantes,2.0,,0318,744,332,412,0.0,2,410,44.62,55.38,,,0.27,0.49,55.11,99.51,55.3763,44.6237,2012,legi
2012_legi_t1,44109_0319,44,Loire-Atlantique,22.0,,44109,Nantes,2.0,,0319,1380,604,776,0.0,9,767,43.77,56.23,,,0.65,1.16,55.58,98.84,56.2319,43.7681,2012,legi
2012_legi_t1,44109_0320,44,Loire-Atlantique,22.0,,44109,Nantes,2.0,,0320,868,394,474,0.0,5,469,45.39,54.61,,,0.58,1.05,54.03,98.95,54.6083,45.3917,2012,legi
2012_legi_t1,44109_0321,44,Loire-Atlantique,22.0,,44109,Nantes,2.0,,0321,840,449,391,0.0,1,390,53.45,46.55,,,0.12,0.26,46.43,99.74,46.5476,53.4524,2012,legi
2012_legi_t1,44109_0401,44,Loire-Atlantique,23.0,,44109,Nantes,2.0,,0401,835,358,477,0.0,3,474,42.87,57.13,,,0.36,0.63,56.77,99.37,57.1257,42.8743,2012,legi
2012_legi_t1,44109_0402,44,Loire-Atlantique,23.0,,44109,Nantes,2.0,,0402,788,270,518,0.0,4,514,34.26,65.74,,,0.51,0.77,65.23,99.23,65.736,34.264,2012,legi
2012_legi_t1,44109_0403,44,Loire-Atlantique,23.0,,44109,Nantes,2.0,,0403,868,313,555,0.0,4,551,36.06,63.94,,,0.46,0.72,63.48,99.28,63.9401,36.0599,2012,legi
2012_legi_t1,44109_0404,44,Loire-Atlantique,23.0,,44109,Nantes,2.0,,0404,920,364,556,0.0,1,555,39.57,60.43,,,0.11,0.18,60.33,99.82,60.4348,39.5652,2012,legi
2012_legi_t1,44109_0405,44,Loire-Atlantique,23.0,,44109,Nantes,2.0,,0405,1128,420,708,0.0,2,706,37.23,62.77,,,0.18,0.28,62.59,99.72,62.766,37.234,2012,legi
2012_legi_t1,44109_0406,44,Loire-Atlantique,23.0,,44109,Nantes,2.0,,0406,785,274,511,0.0,3,508,34.9,65.1,,,0.38,0.59,64.71,99.41,65.0955,34.9045,2012,legi
2012_legi_t1,44109_0407,44,Loire-Atlantique,23.0,,44109,Nantes,2.0,,0407,1008,403,605,0.0,4,601,39.98,60.02,,,0.4,0.66,59.62,99.34,60.0198,39.9802,2012,legi
2012_legi_t1,44109_0408,44,Loire-Atlantique,23.0,,44109,Nantes,2.0,,0408,1170,476,694,0.0,1,693,40.68,59.32,,,0.09,0.14,59.23,99.86,59.3162,40.6838,2012,legi
2012_legi_t1,44109_0409,44,Loire-Atlantique,23.0,,44109,Nantes,2.0,,0409,952,364,588,0.0,3,585,38.24,61.76,,,0.32,0.51,61.45,99.49,61.7647,38.2353,2012,legi
2012_legi_t1,44109_0410,44,Loire-Atlantique,23.0,,44109,Nantes,2.0,,0410,863,335,528,0.0,4,524,38.82,61.18,,,0.46,0.76,60.72,99.24,61.1819,38.8181,2012,legi
2012_legi_t1,44109_0411,44,Loire-Atlantique,23.0,,44109,Nantes,2.0,,0411,885,317,568,0.0,4,564,35.82,64.18,,,0.45,0.7,63.73,99.3,64.1808,35.8192,2012,legi
2012_legi_t1,44109_0412,44,Loire-Atlantique,23.0,,44109,Nantes,2.0,,0412,892,347,545,0.0,1,544,38.9,61.1,,,0.11,0.18,60.99,99.82,61.0987,38.9013,2012,legi
2012_legi_t1,44109_0413,44,Loire-Atlantique,23.0,,44109,Nantes,2.0,,0413,1040,396,644,0.0,1,643,38.08,61.92,,,0.1,0.16,61.83,99.84,61.9231,38.0769,2012,legi
2012_legi_t1,44109_0414,44,Loire-Atlantique,23.0,,44109,Nantes,2.0,,0414,1000,376,624,0.0,7,617,37.6,62.4,,,0.7,1.12,61.7,98.88,62.4,37.6,2012,legi
2012_legi_t1,44109_0415,44,Loire-Atlantique,23.0,,44109,Nantes,2.0,,0415,1005,359,646,0.0,3,643,35.72,64.28,,,0.3,0.46,63.98,99.54,64.2786,35.7214,2012,legi
2012_legi_t1,44109_0416,44,Loire-Atlantique,23.0,,44109,Nantes,2.0,,0416,937,375,562,0.0,7,555,40.02,59.98,,,0.75,1.25,59.23,98.75,59.9787,40.0213,2012,legi
2012_legi_t1,44109_0417,44,Loire-Atlantique,23.0,,44109,Nantes,2.0,,0417,958,396,562,0.0,0,562,41.34,58.66,,,0.0,0.0,58.66,100.0,58.6639,41.3361,2012,legi
2012_legi_t1,44109_0418,44,Loire-Atlantique,23.0,,44109,Nantes,2.0,,0418,798,301,497,0.0,1,496,37.72,62.28,,,0.13,0.2,62.16,99.8,62.2807,37.7193,2012,legi
2012_legi_t1,44109_0419,44,Loire-Atlantique,23.0,,44109,Nantes,2.0,,0419,1298,526,772,0.0,6,766,40.52,59.48,,,0.46,0.78,59.01,99.22,59.4761,40.5239,2012,legi
2012_legi_t1,44109_0420,44,Loire-Atlantique,23.0,,44109,Nantes,2.0,,0420,871,338,533,0.0,4,529,38.81,61.19,,,0.46,0.75,60.73,99.25,61.194,38.806,2012,legi
2012_legi_t1,44109_0421,44,Loire-Atlantique,23.0,,44109,Nantes,2.0,,0421,940,379,561,0.0,7,554,40.32,59.68,,,0.74,1.25,58.94,98.75,59.6809,40.3191,2012,legi
2012_legi_t1,44109_0422,44,Loire-Atlantique,23.0,,44109,Nantes,2.0,,0422,918,380,538,0.0,5,533,41.39,58.61,,,0.54,0.93,58.06,99.07,58.6057,41.3943,2012,legi
2012_legi_t1,44109_0423,44,Loire-Atlantique,23.0,,44109,Nantes,2.0,,0423,919,402,517,0.0,4,513,43.74,56.26,,,0.44,0.77,55.82,99.23,56.2568,43.7432,2012,legi
2012_legi_t1,44109_0501,44,Loire-Atlantique,24.0,,44109,Nantes,3.0,,0501,1062,423,639,0.0,3,636,39.83,60.17,,,0.28,0.47,59.89,99.53,60.1695,39.8305,2012,legi
2012_legi_t1,44109_0502,44,Loire-Atlantique,24.0,,44109,Nantes,3.0,,0502,786,252,534,0.0,3,531,32.06,67.94,,,0.38,0.56,67.56,99.44,67.9389,32.0611,2012,legi
2012_legi_t1,44109_0503,44,Loire-Atlantique,24.0,,44109,Nantes,3.0,,0503,932,355,577,0.0,9,568,38.09,61.91,,,0.97,1.56,60.94,98.44,61.9099,38.0901,2012,legi
2012_legi_t1,44109_0504,44,Loire-Atlantique,24.0,,44109,Nantes,3.0,,0504,1016,351,665,0.0,3,662,34.55,65.45,,,0.3,0.45,65.16,99.55,65.4528,34.5472,2012,legi
2012_legi_t1,44109_0505,44,Loire-Atlantique,24.0,,44109,Nantes,3.0,,0505,927,360,567,0.0,10,557,38.83,61.17,,,1.08,1.76,60.09,98.24,61.165,38.835,2012,legi
2012_legi_t1,44109_0506,44,Loire-Atlantique,24.0,,44109,Nantes,3.0,,0506,948,481,467,0.0,7,460,50.74,49.26,,,0.74,1.5,48.52,98.5,49.2616,50.7384,2012,legi
2012_legi_t1,44109_0507,44,Loire-Atlantique,24.0,,44109,Nantes,3.0,,0507,961,337,624,0.0,0,624,35.07,64.93,,,0.0,0.0,64.93,100.0,64.9324,35.0676,2012,legi
2012_legi_t1,44109_0508,44,Loire-Atlantique,24.0,,44109,Nantes,3.0,,0508,780,375,405,0.0,6,399,48.08,51.92,,,0.77,1.48,51.15,98.52,51.9231,48.0769,2012,legi
2012_legi_t1,44109_0509,44,Loire-Atlantique,24.0,,44109,Nantes,3.0,,0509,925,351,574,0.0,2,572,37.95,62.05,,,0.22,0.35,61.84,99.65,62.0541,37.9459,2012,legi
2012_legi_t1,44109_0510,44,Loire-Atlantique,24.0,,44109,Nantes,3.0,,0510,1178,502,676,0.0,6,670,42.61,57.39,,,0.51,0.89,56.88,99.11,57.3854,42.6146,2012,legi
2012_legi_t1,44109_0511,44,Loire-Atlantique,24.0,,44109,Nantes,3.0,,0511,1157,556,601,0.0,4,597,48.06,51.94,,,0.35,0.67,51.6,99.33,51.9447,48.0553,2012,legi
2012_legi_t1,44109_0512,44,Loire-Atlantique,24.0,,44109,Nantes,3.0,,0512,779,318,461,0.0,2,459,40.82,59.18,,,0.26,0.43,58.92,99.57,59.1784,40.8216,2012,legi
2012_legi_t1,44109_0513,44,Loire-Atlantique,24.0,,44109,Nantes,3.0,,0513,907,440,467,0.0,3,464,48.51,51.49,,,0.33,0.64,51.16,99.36,51.4884,48.5116,2012,legi
2012_legi_t1,44109_0514,44,Loire-Atlantique,24.0,,44109,Nantes,3.0,,0514,790,457,333,0.0,3,330,57.85,42.15,,,0.38,0.9,41.77,99.1,42.1519,57.8481,2012,legi
2012_legi_t1,44109_0515,44,Loire-Atlantique,24.0,,44109,Nantes,3.0,,0515,657,322,335,0.0,3,332,49.01,50.99,,,0.46,0.9,50.53,99.1,50.9893,49.0107,2012,legi
2012_legi_t1,44109_0516,44,Loire-Atlantique,24.0,,44109,Nantes,3.0,,0516,859,550,309,0.0,3,306,64.03,35.97,,,0.35,0.97,35.62,99.03,35.9721,64.0279,2012,legi
2012_legi_t1,44109_0517,44,Loire-Atlantique,24.0,,44109,Nantes,3.0,,0517,545,301,244,0.0,2,242,55.23,44.77,,,0.37,0.82,44.4,99.18,44.7706,55.2294,2012,legi
2012_legi_t1,44109_0518,44,Loire-Atlantique,24.0,,44109,Nantes,3.0,,0518,657,346,311,0.0,3,308,52.66,47.34,,,0.46,0.96,46.88,99.04,47.3364,52.6636,2012,legi
2012_legi_t1,44109_0601,44,Loire-Atlantique,25.0,,44109,Nantes,1.0,,0601,631,364,267,0.0,6,261,57.69,42.31,,,0.95,2.25,41.36,97.75,42.3138,57.6862,2012,legi
2012_legi_t1,44109_0602,44,Loire-Atlantique,25.0,,44109,Nantes,1.0,,0602,752,389,363,0.0,6,357,51.73,48.27,,,0.8,1.65,47.47,98.35,48.2713,51.7287,2012,legi
2012_legi_t1,44109_0603,44,Loire-Atlantique,25.0,,44109,Nantes,1.0,,0603,707,367,340,0.0,4,336,51.91,48.09,,,0.57,1.18,47.52,98.82,48.0905,51.9095,2012,legi
2012_legi_t1,44109_0604,44,Loire-Atlantique,25.0,,44109,Nantes,1.0,,0604,768,309,459,0.0,5,454,40.23,59.77,,,0.65,1.09,59.11,98.91,59.7656,40.2344,2012,legi
2012_legi_t1,44109_0605,44,Loire-Atlantique,25.0,,44109,Nantes,1.0,,0605,1093,464,629,0.0,4,625,42.45,57.55,,,0.37,0.64,57.18,99.36,57.548,42.452,2012,legi
2012_legi_t1,44109_0606,44,Loire-Atlantique,25.0,,44109,Nantes,1.0,,0606,929,353,576,0.0,6,570,38.0,62.0,,,0.65,1.04,61.36,98.96,62.0022,37.9978,2012,legi
2012_legi_t1,44109_0607,44,Loire-Atlantique,25.0,,44109,Nantes,1.0,,0607,894,406,488,0.0,0,488,45.41,54.59,,,0.0,0.0,54.59,100.0,54.5861,45.4139,2012,legi
2012_legi_t1,44109_0608,44,Loire-Atlantique,25.0,,44109,Nantes,1.0,,0608,998,352,646,0.0,4,642,35.27,64.73,,,0.4,0.62,64.33,99.38,64.7295,35.2705,2012,legi
2012_legi_t1,44109_0609,44,Loire-Atlantique,25.0,,44109,Nantes,1.0,,0609,703,276,427,0.0,7,420,39.26,60.74,,,1.0,1.64,59.74,98.36,60.7397,39.2603,2012,legi
2012_legi_t1,44109_0610,44,Loire-Atlantique,25.0,,44109,Nantes,1.0,,0610,1115,449,666,0.0,4,662,40.27,59.73,,,0.36,0.6,59.37,99.4,59.7309,40.2691,2012,legi
2012_legi_t1,44109_0611,44,Loire-Atlantique,25.0,,44109,Nantes,1.0,,0611,989,341,648,0.0,4,644,34.48,65.52,,,0.4,0.62,65.12,99.38,65.5207,34.4793,2012,legi
2012_legi_t1,44109_0612,44,Loire-Atlantique,25.0,,44109,Nantes,1.0,,0612,947,305,642,0.0,4,638,32.21,67.79,,,0.42,0.62,67.37,99.38,67.793,32.207,2012,legi
2012_legi_t1,44109_0613,44,Loire-Atlantique,25.0,,44109,Nantes,1.0,,0613,1033,387,646,0.0,4,642,37.46,62.54,,,0.39,0.62,62.15,99.38,62.5363,37.4637,2012,legi
2012_legi_t1,44109_0614,44,Loire-Atlantique,25.0,,44109,Nantes,1.0,,0614,1009,368,641,0.0,4,637,36.47,63.53,,,0.4,0.62,63.13,99.38,63.5282,36.4718,2012,legi
2012_legi_t1,44109_0615,44,Loire-Atlantique,25.0,,44109,Nantes,1.0,,0615,870,336,534,0.0,7,527,38.62,61.38,,,0.8,1.31,60.57,98.69,61.3793,38.6207,2012,legi
2012_legi_t1,44109_0616,44,Loire-Atlantique,25.0,,44109,Nantes,1.0,,0616,1067,430,637,0.0,3,634,40.3,59.7,,,0.28,0.47,59.42,99.53,59.7001,40.2999,2012,legi
2012_legi_t1,44109_0617,44,Loire-Atlantique,25.0,,44109,Nantes,1.0,,0617,996,363,633,0.0,7,626,36.45,63.55,,,0.7,1.11,62.85,98.89,63.5542,36.4458,2012,legi
2012_legi_t1,44109_0618,44,Loire-Atlantique,25.0,,44109,Nantes,1.0,,0618,868,312,556,0.0,3,553,35.94,64.06,,,0.35,0.54,63.71,99.46,64.0553,35.9447,2012,legi
2012_legi_t1,44109_0619,44,Loire-Atlantique,25.0,,44109,Nantes,1.0,,0619,856,318,538,0.0,8,530,37.15,62.85,,,0.93,1.49,61.92,98.51,62.8505,37.1495,2012,legi
2012_legi_t1,44109_0701,44,Loire-Atlantique,26.0,,44109,Nantes,1.0,,0701,773,316,457,0.0,6,451,40.88,59.12,,,0.78,1.31,58.34,98.69,59.1203,40.8797,2012,legi
2012_legi_t1,44109_0702,44,Loire-Atlantique,26.0,,44109,Nantes,1.0,,0702,992,461,531,0.0,2,529,46.47,53.53,,,0.2,0.38,53.33,99.62,53.5282,46.4718,2012,legi
2012_legi_t1,44109_0703,44,Loire-Atlantique,26.0,,44109,Nantes,1.0,,0703,976,386,590,0.0,7,583,39.55,60.45,,,0.72,1.19,59.73,98.81,60.4508,39.5492,2012,legi
2012_legi_t1,44109_0704,44,Loire-Atlantique,26.0,,44109,Nantes,1.0,,0704,683,389,294,0.0,2,292,56.95,43.05,,,0.29,0.68,42.75,99.32,43.0454,56.9546,2012,legi
2012_legi_t1,44109_0705,44,Loire-Atlantique,26.0,,44109,Nantes,1.0,,0705,728,294,434,0.0,10,424,40.38,59.62,,,1.37,2.3,58.24,97.7,59.6154,40.3846,2012,legi
2012_legi_t1,44109_0706,44,Loire-Atlantique,26.0,,44109,Nantes,1.0,,0706,983,614,369,0.0,5,364,62.46,37.54,,,0.51,1.36,37.03,98.64,37.5381,62.4619,2012,legi
2012_legi_t1,44109_0707,44,Loire-Atlantique,26.0,,44109,Nantes,1.0,,0707,1226,687,539,0.0,8,531,56.04,43.96,,,0.65,1.48,43.31,98.52,43.9641,56.0359,2012,legi
2012_legi_t1,44109_0708,44,Loire-Atlantique,26.0,,44109,Nantes,1.0,,0708,738,393,345,0.0,4,341,53.25,46.75,,,0.54,1.16,46.21,98.84,46.748,53.252,2012,legi
2012_legi_t1,44109_0709,44,Loire-Atlantique,26.0,,44109,Nantes,1.0,,0709,985,431,554,0.0,4,550,43.76,56.24,,,0.41,0.72,55.84,99.28,56.2437,43.7563,2012,legi
2012_legi_t1,44109_0710,44,Loire-Atlantique,26.0,,44109,Nantes,1.0,,0710,819,432,387,0.0,3,384,52.75,47.25,,,0.37,0.78,46.89,99.22,47.2527,52.7473,2012,legi
2012_legi_t1,44109_0711,44,Loire-Atlantique,26.0,,44109,Nantes,1.0,,0711,767,266,501,0.0,3,498,34.68,65.32,,,0.39,0.6,64.93,99.4,65.3194,34.6806,2012,legi
2012_legi_t1,44109_0712,44,Loire-Atlantique,26.0,,44109,Nantes,1.0,,0712,794,363,431,0.0,3,428,45.72,54.28,,,0.38,0.7,53.9,99.3,54.2821,45.7179,2012,legi
2012_legi_t1,44109_0713,44,Loire-Atlantique,26.0,,44109,Nantes,1.0,,0713,1041,379,662,0.0,8,654,36.41,63.59,,,0.77,1.21,62.82,98.79,63.5927,36.4073,2012,legi
2012_legi_t1,44109_0714,44,Loire-Atlantique,26.0,,44109,Nantes,1.0,,0714,731,289,442,0.0,1,441,39.53,60.47,,,0.14,0.23,60.33,99.77,60.4651,39.5349,2012,legi
2012_legi_t1,44109_0715,44,Loire-Atlantique,26.0,,44109,Nantes,1.0,,0715,776,308,468,0.0,7,461,39.69,60.31,,,0.9,1.5,59.41,98.5,60.3093,39.6907,2012,legi
2012_legi_t1,44109_0801,44,Loire-Atlantique,48.0,,44109,Nantes,5.0,,0801,643,297,346,0.0,3,343,46.19,53.81,,,0.47,0.87,53.34,99.13,53.8103,46.1897,2012,legi
2012_legi_t1,44109_0802,44,Loire-Atlantique,48.0,,44109,Nantes,5.0,,0802,658,337,321,0.0,2,319,51.22,48.78,,,0.3,0.62,48.48,99.38,48.7842,51.2158,2012,legi
2012_legi_t1,44109_0803,44,Loire-Atlantique,48.0,,44109,Nantes,5.0,,0803,721,307,414,0.0,1,413,42.58,57.42,,,0.14,0.24,57.28,99.76,57.4202,42.5798,2012,legi
2012_legi_t1,44109_0804,44,Loire-Atlantique,48.0,,44109,Nantes,5.0,,0804,901,365,536,0.0,1,535,40.51,59.49,,,0.11,0.19,59.38,99.81,59.4895,40.5105,2012,legi
2012_legi_t1,44109_0805,44,Loire-Atlantique,48.0,,44109,Nantes,5.0,,0805,671,230,441,0.0,3,438,34.28,65.72,,,0.45,0.68,65.28,99.32,65.7228,34.2772,2012,legi
2012_legi_t1,44109_0806,44,Loire-Atlantique,48.0,,44109,Nantes,5.0,,0806,622,285,337,0.0,0,337,45.82,54.18,,,0.0,0.0,54.18,100.0,54.1801,45.8199,2012,legi
2012_legi_t1,44109_0807,44,Loire-Atlantique,48.0,,44109,Nantes,5.0,,0807,1079,384,695,0.0,5,690,35.59,64.41,,,0.46,0.72,63.95,99.28,64.4115,35.5885,2012,legi
2012_legi_t1,44109_0808,44,Loire-Atlantique,48.0,,44109,Nantes,5.0,,0808,1153,426,727,0.0,3,724,36.95,63.05,,,0.26,0.41,62.79,99.59,63.0529,36.9471,2012,legi
2012_legi_t1,44109_0809,44,Loire-Atlantique,48.0,,44109,Nantes,5.0,,0809,795,423,372,0.0,6,366,53.21,46.79,,,0.75,1.61,46.04,98.39,46.7925,53.2075,2012,legi
2012_legi_t1,44109_0810,44,Loire-Atlantique,48.0,,44109,Nantes,5.0,,0810,802,337,465,0.0,6,459,42.02,57.98,,,0.75,1.29,57.23,98.71,57.98,42.02,2012,legi
2012_legi_t1,44109_0811,44,Loire-Atlantique,48.0,,44109,Nantes,5.0,,0811,1098,487,611,0.0,5,606,44.35,55.65,,,0.46,0.82,55.19,99.18,55.6466,44.3534,2012,legi
2012_legi_t1,44109_0812,44,Loire-Atlantique,48.0,,44109,Nantes,5.0,,0812,1032,426,606,0.0,10,596,41.28,58.72,,,0.97,1.65,57.75,98.35,58.7209,41.2791,2012,legi
2012_legi_t1,44109_0813,44,Loire-Atlantique,48.0,,44109,Nantes,5.0,,0813,732,446,286,0.0,8,278,60.93,39.07,,,1.09,2.8,37.98,97.2,39.071,60.929,2012,legi
2012_legi_t1,44109_0814,44,Loire-Atlantique,48.0,,44109,Nantes,5.0,,0814,1171,452,719,0.0,7,712,38.6,61.4,,,0.6,0.97,60.8,99.03,61.4005,38.5995,2012,legi
2012_legi_t1,44109_0815,44,Loire-Atlantique,48.0,,44109,Nantes,5.0,,0815,1082,412,670,0.0,6,664,38.08,61.92,,,0.55,0.9,61.37,99.1,61.9224,38.0776,2012,legi
2012_legi_t1,44109_0816,44,Loire-Atlantique,48.0,,44109,Nantes,5.0,,0816,725,258,467,0.0,3,464,35.59,64.41,,,0.41,0.64,64.0,99.36,64.4138,35.5862,2012,legi
2012_legi_t1,44109_0817,44,Loire-Atlantique,48.0,,44109,Nantes,5.0,,0817,978,424,554,0.0,4,550,43.35,56.65,,,0.41,0.72,56.24,99.28,56.6462,43.3538,2012,legi
2012_legi_t1,44109_0818,44,Loire-Atlantique,48.0,,44109,Nantes,5.0,,0818,968,408,560,0.0,4,556,42.15,57.85,,,0.41,0.71,57.44,99.29,57.8512,42.1488,2012,legi
2012_legi_t1,44109_0819,44,Loire-Atlantique,48.0,,44109,Nantes,5.0,,0819,820,362,458,0.0,4,454,44.15,55.85,,,0.49,0.87,55.37,99.13,55.8537,44.1463,2012,legi
2012_legi_t1,44109_0820,44,Loire-Atlantique,48.0,,44109,Nantes,5.0,,0820,925,350,575,0.0,4,571,37.84,62.16,,,0.43,0.7,61.73,99.3,62.1622,37.8378,2012,legi
2012_legi_t1,44109_0901,44,Loire-Atlantique,49.0,,44109,Nantes,2.0,,0901,786,347,439,0.0,4,435,44.15,55.85,,,0.51,0.91,55.34,99.09,55.8524,44.1476,2012,legi
2012_legi_t1,44109_0902,44,Loire-Atlantique,49.0,,44109,Nantes,2.0,,0902,822,332,490,0.0,2,488,40.39,59.61,,,0.24,0.41,59.37,99.59,59.6107,40.3893,2012,legi
2012_legi_t1,44109_0903,44,Loire-Atlantique,49.0,,44109,Nantes,2.0,,0903,933,391,542,0.0,6,536,41.91,58.09,,,0.64,1.11,57.45,98.89,58.0922,41.9078,2012,legi
2012_legi_t1,44109_0904,44,Loire-Atlantique,49.0,,44109,Nantes,2.0,,0904,757,249,508,0.0,1,507,32.89,67.11,,,0.13,0.2,66.97,99.8,67.107,32.893,2012,legi
2012_legi_t1,44109_0905,44,Loire-Atlantique,49.0,,44109,Nantes,2.0,,0905,623,270,353,0.0,2,351,43.34,56.66,,,0.32,0.57,56.34,99.43,56.6613,43.3387,2012,legi
2012_legi_t1,44109_0906,44,Loire-Atlantique,49.0,,44109,Nantes,2.0,,0906,964,543,421,0.0,3,418,56.33,43.67,,,0.31,0.71,43.36,99.29,43.6722,56.3278,2012,legi
2012_legi_t1,44109_0907,44,Loire-Atlantique,49.0,,44109,Nantes,2.0,,0907,970,462,508,0.0,9,499,47.63,52.37,,,0.93,1.77,51.44,98.23,52.3711,47.6289,2012,legi
2012_legi_t1,44109_0908,44,Loire-Atlantique,49.0,,44109,Nantes,2.0,,0908,718,442,276,0.0,1,275,61.56,38.44,,,0.14,0.36,38.3,99.64,38.4401,61.5599,2012,legi
2012_legi_t1,44109_0909,44,Loire-Atlantique,49.0,,44109,Nantes,2.0,,0909,674,407,267,0.0,1,266,60.39,39.61,,,0.15,0.37,39.47,99.63,39.6142,60.3858,2012,legi
2012_legi_t1,44109_0910,44,Loire-Atlantique,49.0,,44109,Nantes,2.0,,0910,748,318,430,0.0,4,426,42.51,57.49,,,0.53,0.93,56.95,99.07,57.4866,42.5134,2012,legi
2012_legi_t1,44109_0911,44,Loire-Atlantique,49.0,,44109,Nantes,2.0,,0911,881,386,495,0.0,6,489,43.81,56.19,,,0.68,1.21,55.51,98.79,56.1862,43.8138,2012,legi
2012_legi_t1,44109_0912,44,Loire-Atlantique,49.0,,44109,Nantes,2.0,,0912,840,387,453,0.0,6,447,46.07,53.93,,,0.71,1.32,53.21,98.68,53.9286,46.0714,2012,legi
2012_legi_t1,44109_0913,44,Loire-Atlantique,49.0,,44109,Nantes,2.0,,0913,1012,356,656,0.0,6,650,35.18,64.82,,,0.59,0.91,64.23,99.09,64.8221,35.1779,2012,legi
2012_legi_t1,44109_0914,44,Loire-Atlantique,49.0,,44109,Nantes,2.0,,0914,859,328,531,0.0,4,527,38.18,61.82,,,0.47,0.75,61.35,99.25,61.8161,38.1839,2012,legi
2012_legi_t1,44109_0915,44,Loire-Atlantique,49.0,,44109,Nantes,2.0,,0915,811,317,494,0.0,7,487,39.09,60.91,,,0.86,1.42,60.05,98.58,60.9125,39.0875,2012,legi
2012_legi_t1,44109_0916,44,Loire-Atlantique,49.0,,44109,Nantes,2.0,,0916,957,308,649,0.0,8,641,32.18,67.82,,,0.84,1.23,66.98,98.77,67.8161,32.1839,2012,legi
2012_legi_t1,44109_0917,44,Loire-Atlantique,49.0,,44109,Nantes,2.0,,0917,745,303,442,0.0,5,437,40.67,59.33,,,0.67,1.13,58.66,98.87,59.3289,40.6711,2012,legi
2012_legi_t1,44109_0918,44,Loire-Atlantique,49.0,,44109,Nantes,2.0,,0918,1065,430,635,0.0,4,631,40.38,59.62,,,0.38,0.63,59.25,99.37,59.6244,40.3756,2012,legi
2012_legi_t1,44109_0919,44,Loire-Atlantique,49.0,,44109,Nantes,2.0,,0919,862,325,537,0.0,3,534,37.7,62.3,,,0.35,0.56,61.95,99.44,62.297,37.703,2012,legi
2012_legi_t1,44109_0920,44,Loire-Atlantique,49.0,,44109,Nantes,2.0,,0920,752,289,463,0.0,3,460,38.43,61.57,,,0.4,0.65,61.17,99.35,61.5691,38.4309,2012,legi
2012_legi_t1,44109_0921,44,Loire-Atlantique,49.0,,44109,Nantes,2.0,,0921,973,365,608,0.0,2,606,37.51,62.49,,,0.21,0.33,62.28,99.67,62.4872,37.5128,2012,legi
2012_legi_t1,44109_0922,44,Loire-Atlantique,49.0,,44109,Nantes,2.0,,0922,1209,374,835,0.0,1,834,30.93,69.07,,,0.08,0.12,68.98,99.88,69.0653,30.9347,2012,legi
2012_legi_t1,44109_0923,44,Loire-Atlantique,49.0,,44109,Nantes,2.0,,0923,985,396,589,0.0,3,586,40.2,59.8,,,0.3,0.51,59.49,99.49,59.797,40.203,2012,legi
2012_legi_t1,44109_0924,44,Loire-Atlantique,49.0,,44109,Nantes,2.0,,0924,598,235,363,0.0,5,358,39.3,60.7,,,0.84,1.38,59.87,98.62,60.7023,39.2977,2012,legi
2012_legi_t1,44109_1001,44,Loire-Atlantique,50.0,,44109,Nantes,4.0,,1001,891,444,447,0.0,4,443,49.83,50.17,,,0.45,0.89,49.72,99.11,50.1684,49.8316,2012,legi
2012_legi_t1,44109_1002,44,Loire-Atlantique,50.0,,44109,Nantes,4.0,,1002,804,311,493,0.0,5,488,38.68,61.32,,,0.62,1.01,60.7,98.99,61.3184,38.6816,2012,legi
2012_legi_t1,44109_1003,44,Loire-Atlantique,50.0,,44109,Nantes,4.0,,1003,839,458,381,0.0,9,372,54.59,45.41,,,1.07,2.36,44.34,97.64,45.4112,54.5888,2012,legi
2012_legi_t1,44109_1004,44,Loire-Atlantique,50.0,,44109,Nantes,4.0,,1004,923,428,495,0.0,7,488,46.37,53.63,,,0.76,1.41,52.87,98.59,53.6295,46.3705,2012,legi
2012_legi_t1,44109_1005,44,Loire-Atlantique,50.0,,44109,Nantes,4.0,,1005,717,266,451,0.0,4,447,37.1,62.9,,,0.56,0.89,62.34,99.11,62.901,37.099,2012,legi
2012_legi_t1,44109_1006,44,Loire-Atlantique,50.0,,44109,Nantes,4.0,,1006,698,304,394,0.0,8,386,43.55,56.45,,,1.15,2.03,55.3,97.97,56.447,43.553,2012,legi
2012_legi_t1,44109_1007,44,Loire-Atlantique,50.0,,44109,Nantes,4.0,,1007,747,301,446,0.0,7,439,40.29,59.71,,,0.94,1.57,58.77,98.43,59.7055,40.2945,2012,legi
2012_legi_t1,44109_1008,44,Loire-Atlantique,50.0,,44109,Nantes,4.0,,1008,666,271,395,0.0,4,391,40.69,59.31,,,0.6,1.01,58.71,98.99,59.3093,40.6907,2012,legi
2012_legi_t1,44109_1009,44,Loire-Atlantique,50.0,,44109,Nantes,4.0,,1009,564,245,319,0.0,3,316,43.44,56.56,,,0.53,0.94,56.03,99.06,56.5603,43.4397,2012,legi
2012_legi_t1,44109_1101,44,Loire-Atlantique,58.0,,44109,Nantes,3.0,,1101,686,321,365,0.0,4,361,46.79,53.21,,,0.58,1.1,52.62,98.9,53.207,46.793,2012,legi
2012_legi_t1,44109_1102,44,Loire-Atlantique,58.0,,44109,Nantes,3.0,,1102,957,460,497,0.0,7,490,48.07,51.93,,,0.73,1.41,51.2,98.59,51.9331,48.0669,2012,legi
2012_legi_t1,44109_1103,44,Loire-Atlantique,58.0,,44109,Nantes,3.0,,1103,797,301,496,0.0,3,493,37.77,62.23,,,0.38,0.6,61.86,99.4,62.2334,37.7666,2012,legi
2012_legi_t1,44109_1104,44,Loire-Atlantique,58.0,,44109,Nantes,3.0,,1104,802,293,509,0.0,3,506,36.53,63.47,,,0.37,0.59,63.09,99.41,63.4663,36.5337,2012,legi
2012_legi_t1,44109_1105,44,Loire-Atlantique,58.0,,44109,Nantes,3.0,,1105,696,247,449,0.0,8,441,35.49,64.51,,,1.15,1.78,63.36,98.22,64.5115,35.4885,2012,legi
2012_legi_t1,44109_1106,44,Loire-Atlantique,58.0,,44109,Nantes,3.0,,1106,630,215,415,0.0,4,411,34.13,65.87,,,0.63,0.96,65.24,99.04,65.873,34.127,2012,legi
2012_legi_t1,44109_1107,44,Loire-Atlantique,58.0,,44109,Nantes,3.0,,1107,744,302,442,0.0,7,435,40.59,59.41,,,0.94,1.58,58.47,98.42,59.4086,40.5914,2012,legi
2012_legi_t1,44109_1108,44,Loire-Atlantique,58.0,,44109,Nantes,3.0,,1108,684,463,221,0.0,3,218,67.69,32.31,,,0.44,1.36,31.87,98.64,32.3099,67.6901,2012,legi
2012_legi_t1,44109_1109,44,Loire-Atlantique,58.0,,44109,Nantes,3.0,,1109,538,290,248,0.0,0,248,53.9,46.1,,,0.0,0.0,46.1,100.0,46.0967,53.9033,2012,legi
2012_legi_t1,44109_1110,44,Loire-Atlantique,58.0,,44109,Nantes,3.0,,1110,861,424,437,0.0,4,433,49.25,50.75,,,0.46,0.92,50.29,99.08,50.7549,49.2451,2012,legi
2012_legi_t1,44109_1111,44,Loire-Atlantique,58.0,,44109,Nantes,3.0,,1111,725,450,275,0.0,5,270,62.07,37.93,,,0.69,1.82,37.24,98.18,37.931,62.069,2012,legi
2012_legi_t1,44109_1112,44,Loire-Atlantique,58.0,,44109,Nantes,3.0,,1112,762,344,418,0.0,3,415,45.14,54.86,,,0.39,0.72,54.46,99.28,54.8556,45.1444,2012,legi
2012_legi_t1,44109_1113,44,Loire-Atlantique,58.0,,44109,Nantes,3.0,,1113,975,422,553,0.0,3,550,43.28,56.72,,,0.31,0.54,56.41,99.46,56.7179,43.2821,2012,legi
2012_legi_t1,44109_1114,44,Loire-Atlantique,58.0,,44109,Nantes,3.0,,1114,716,318,398,0.0,6,392,44.41,55.59,,,0.84,1.51,54.75,98.49,55.5866,44.4134,2012,legi
2012_legi_t1,44109_1115,44,Loire-Atlantique,58.0,,44109,Nantes,3.0,,1115,830,291,539,0.0,6,533,35.06,64.94,,,0.72,1.11,64.22,98.89,64.9398,35.0602,2012,legi
2012_legi_t1,44114_0019,44,Loire-Atlantique,54.0,,44114,Orvault,1.0,,0019,966,276,690,0.0,13,677,28.57,71.43,,,1.35,1.88,70.08,98.12,71.4286,28.5714,2012,legi
2012_legi_t1,44114_0020,44,Loire-Atlantique,54.0,,44114,Orvault,1.0,,0020,965,355,610,0.0,10,600,36.79,63.21,,,1.04,1.64,62.18,98.36,63.2124,36.7876,2012,legi
2012_legi_t1,44114_0021,44,Loire-Atlantique,54.0,,44114,Orvault,1.0,,0021,874,273,601,0.0,7,594,31.24,68.76,,,0.8,1.16,67.96,98.84,68.7643,31.2357,2012,legi
2012_legi_t1,44114_0022,44,Loire-Atlantique,54.0,,44114,Orvault,1.0,,0022,830,305,525,0.0,11,514,36.75,63.25,,,1.33,2.1,61.93,97.9,63.253,36.747,2012,legi
2012_legi_t1,44114_0023,44,Loire-Atlantique,54.0,,44114,Orvault,1.0,,0023,924,307,617,0.0,12,605,33.23,66.77,,,1.3,1.94,65.48,98.06,66.7749,33.2251,2012,legi
2012_legi_t1,44143_0024,44,Loire-Atlantique,4.0,,44143,Rez?,4.0,,0024,706,246,460,0.0,3,457,34.84,65.16,,,0.42,0.65,64.73,99.35,65.1558,34.8442,2012,legi
2012_legi_t1,44143_0025,44,Loire-Atlantique,4.0,,44143,Rez?,4.0,,0025,893,382,511,0.0,5,506,42.78,57.22,,,0.56,0.98,56.66,99.02,57.2228,42.7772,2012,legi
2012_legi_t1,44143_0026,44,Loire-Atlantique,4.0,,44143,Rez?,4.0,,0026,976,434,542,0.0,3,539,44.47,55.53,,,0.31,0.55,55.23,99.45,55.5328,44.4672,2012,legi
2012_legi_t1,44143_0027,44,Loire-Atlantique,4.0,,44143,Rez?,4.0,,0027,1253,457,796,0.0,17,779,36.47,63.53,,,1.36,2.14,62.17,97.86,63.5275,36.4725,2012,legi
2012_legi_t1,44143_0028,44,Loire-Atlantique,4.0,,44143,Rez?,4.0,,0028,714,272,442,0.0,5,437,38.1,61.9,,,0.7,1.13,61.2,98.87,61.9048,38.0952,2012,legi
2012_legi_t1,44143_0029,44,Loire-Atlantique,4.0,,44143,Rez?,4.0,,0029,821,340,481,0.0,8,473,41.41,58.59,,,0.97,1.66,57.61,98.34,58.5871,41.4129,2012,legi
2012_legi_t1,44143_0030,44,Loire-Atlantique,4.0,,44143,Rez?,4.0,,0030,943,385,558,0.0,3,555,40.83,59.17,,,0.32,0.54,58.85,99.46,59.1729,40.8271,2012,legi
2012_legi_t1,44143_0031,44,Loire-Atlantique,4.0,,44143,Rez?,4.0,,0031,624,265,359,0.0,4,355,42.47,57.53,,,0.64,1.11,56.89,98.89,57.5321,42.4679,2012,legi
2012_legi_t1,44162_0032,44,Loire-Atlantique,55.0,,44162,Saint-Herblain,3.0,,0032,943,350,593,0.0,8,585,37.12,62.88,,,0.85,1.35,62.04,98.65,62.8844,37.1156,2012,legi
2012_legi_t1,44162_0033,44,Loire-Atlantique,52.0,,44162,Saint-Herblain,3.0,,0033,876,344,532,0.0,8,524,39.27,60.73,,,0.91,1.5,59.82,98.5,60.7306,39.2694,2012,legi
2012_legi_t1,44162_0034,44,Loire-Atlantique,55.0,,44162,Saint-Herblain,3.0,,0034,771,299,472,0.0,6,466,38.78,61.22,,,0.78,1.27,60.44,98.73,61.2192,38.7808,2012,legi
2012_legi_t1,44162_0035,44,Loire-Atlantique,55.0,,44162,Saint-Herblain,3.0,,0035,1186,506,680,0.0,10,670,42.66,57.34,,,0.84,1.47,56.49,98.53,57.3356,42.6644,2012,legi
2012_legi_t1,44162_0036,44,Loire-Atlantique,52.0,,44162,Saint-Herblain,3.0,,0036,676,308,368,0.0,3,365,45.56,54.44,,,0.44,0.82,53.99,99.18,54.4379,45.5621,2012,legi
2012_legi_t1,44184_0037,44,Loire-Atlantique,39.0,,44184,Saint-Nazaire,8.0,,0037,926,433,493,0.0,6,487,46.76,53.24,,,0.65,1.22,52.59,98.78,53.2397,46.7603,2012,legi
2012_legi_t1,44184_0038,44,Loire-Atlantique,39.0,,44184,Saint-Nazaire,8.0,,0038,877,408,469,0.0,3,466,46.52,53.48,,,0.34,0.64,53.14,99.36,53.4778,46.5222,2012,legi
2012_legi_t1,44184_0039,44,Loire-Atlantique,39.0,,44184,Saint-Nazaire,8.0,,0039,1190,567,623,0.0,3,620,47.65,52.35,,,0.25,0.48,52.1,99.52,52.3529,47.6471,2012,legi
2012_legi_t1,44184_0040,44,Loire-Atlantique,39.0,,44184,Saint-Nazaire,8.0,,0040,1033,461,572,0.0,10,562,44.63,55.37,,,0.97,1.75,54.4,98.25,55.3727,44.6273,2012,legi
2012_legi_t1,44184_0041,44,Loire-Atlantique,39.0,,44184,Saint-Nazaire,8.0,,0041,1145,584,561,0.0,12,549,51.0,49.0,,,1.05,2.14,47.95,97.86,48.9956,51.0044,2012,legi
2012_legi_t1,44184_0042,44,Loire-Atlantique,39.0,,44184,Saint-Nazaire,8.0,,0042,980,485,495,0.0,5,490,49.49,50.51,,,0.51,1.01,50.0,98.99,50.5102,49.4898,2012,legi
2012_legi_t1,44184_0043,44,Loire-Atlantique,39.0,,44184,Saint-Nazaire,8.0,,0043,1090,493,597,0.0,8,589,45.23,54.77,,,0.73,1.34,54.04,98.66,54.7706,45.2294,2012,legi
2012_legi_t1,44184_0044,44,Loire-Atlantique,39.0,,44184,Saint-Nazaire,8.0,,0044,1203,581,622,0.0,10,612,48.3,51.7,,,0.83,1.61,50.87,98.39,51.7041,48.2959,2012,legi
2012_legi_t1,44184_0045,44,Loire-Atlantique,39.0,,44184,Saint-Nazaire,8.0,,0045,850,368,482,0.0,7,475,43.29,56.71,,,0.82,1.45,55.88,98.55,56.7059,43.2941,2012,legi
2012_legi_t1,44184_0046,44,Loire-Atlantique,39.0,,44184,Saint-Nazaire,8.0,,0046,746,309,437,0.0,4,433,41.42,58.58,,,0.54,0.92,58.04,99.08,58.5791,41.4209,2012,legi
2012_legi_t1,49001_0001,49,Maine-et-Loire,32.0,,49001,Les Alleuds,4.0,,0001,592,255,337,0.0,6,331,43.07,56.93,,,1.01,1.78,55.91,98.22,56.9257,43.0743,2012,legi
2012_legi_t1,49002_0002,49,Maine-et-Loire,27.0,,49002,Allonnes,3.0,,0002,964,442,522,0.0,18,504,45.85,54.15,,,1.87,3.45,52.28,96.55,54.1494,45.8506,2012,legi
2012_legi_t1,49007_0101,49,Maine-et-Loire,1.0,,49007,Angers,1.0,,0101,1105,567,538,0.0,6,532,51.31,48.69,,,0.54,1.12,48.14,98.88,48.6878,51.3122,2012,legi
2012_legi_t1,49007_0102,49,Maine-et-Loire,1.0,,49007,Angers,1.0,,0102,1159,458,701,0.0,2,699,39.52,60.48,,,0.17,0.29,60.31,99.71,60.4832,39.5168,2012,legi
2012_legi_t1,49007_0103,49,Maine-et-Loire,1.0,,49007,Angers,1.0,,0103,1192,528,664,0.0,6,658,44.3,55.7,,,0.5,0.9,55.2,99.1,55.7047,44.2953,2012,legi
2012_legi_t1,49007_0104,49,Maine-et-Loire,1.0,,49007,Angers,1.0,,0104,1027,466,561,0.0,8,553,45.37,54.63,,,0.78,1.43,53.85,98.57,54.6251,45.3749,2012,legi
2012_legi_t1,49007_0105,49,Maine-et-Loire,1.0,,49007,Angers,1.0,,0105,969,526,443,0.0,4,439,54.28,45.72,,,0.41,0.9,45.3,99.1,45.7172,54.2828,2012,legi
2012_legi_t1,49007_0106,49,Maine-et-Loire,1.0,,49007,Angers,1.0,,0106,805,454,351,0.0,10,341,56.4,43.6,,,1.24,2.85,42.36,97.15,43.6025,56.3975,2012,legi
2012_legi_t1,49007_0107,49,Maine-et-Loire,1.0,,49007,Angers,1.0,,0107,1064,581,483,0.0,0,483,54.61,45.39,,,0.0,0.0,45.39,100.0,45.3947,54.6053,2012,legi
2012_legi_t1,49007_0108,49,Maine-et-Loire,1.0,,49007,Angers,1.0,,0108,1139,486,653,0.0,10,643,42.67,57.33,,,0.88,1.53,56.45,98.47,57.331,42.669,2012,legi
2012_legi_t1,49007_0109,49,Maine-et-Loire,1.0,,49007,Angers,1.0,,0109,1044,626,418,0.0,8,410,59.96,40.04,,,0.77,1.91,39.27,98.09,40.0383,59.9617,2012,legi
2012_legi_t1,49007_0110,49,Maine-et-Loire,1.0,,49007,Angers,1.0,,0110,1221,543,678,0.0,7,671,44.47,55.53,,,0.57,1.03,54.95,98.97,55.5283,44.4717,2012,legi
2012_legi_t1,49007_0201,49,Maine-et-Loire,2.0,,49007,Angers,1.0,,0201,1149,496,653,0.0,9,644,43.17,56.83,,,0.78,1.38,56.05,98.62,56.832,43.168,2012,legi
2012_legi_t1,49007_0202,49,Maine-et-Loire,2.0,,49007,Angers,1.0,,0202,1167,512,655,0.0,17,638,43.87,56.13,,,1.46,2.6,54.67,97.4,56.1268,43.8732,2012,legi
2012_legi_t1,49007_0203,49,Maine-et-Loire,2.0,,49007,Angers,1.0,,0203,930,407,523,0.0,10,513,43.76,56.24,,,1.08,1.91,55.16,98.09,56.2366,43.7634,2012,legi
2012_legi_t1,49007_0204,49,Maine-et-Loire,2.0,,49007,Angers,1.0,,0204,1174,476,698,0.0,8,690,40.55,59.45,,,0.68,1.15,58.77,98.85,59.4549,40.5451,2012,legi
2012_legi_t1,49007_0205,49,Maine-et-Loire,2.0,,49007,Angers,1.0,,0205,983,464,519,0.0,14,505,47.2,52.8,,,1.42,2.7,51.37,97.3,52.7976,47.2024,2012,legi
2012_legi_t1,49007_0206,49,Maine-et-Loire,2.0,,49007,Angers,1.0,,0206,959,521,438,0.0,5,433,54.33,45.67,,,0.52,1.14,45.15,98.86,45.6726,54.3274,2012,legi
2012_legi_t1,49007_0207,49,Maine-et-Loire,2.0,,49007,Angers,1.0,,0207,1156,584,572,0.0,2,570,50.52,49.48,,,0.17,0.35,49.31,99.65,49.481,50.519,2012,legi
2012_legi_t1,49007_0208,49,Maine-et-Loire,2.0,,49007,Angers,1.0,,0208,1384,633,751,0.0,18,733,45.74,54.26,,,1.3,2.4,52.96,97.6,54.263,45.737,2012,legi
2012_legi_t1,49007_0209,49,Maine-et-Loire,2.0,,49007,Angers,1.0,,0209,1252,525,727,0.0,14,713,41.93,58.07,,,1.12,1.93,56.95,98.07,58.0671,41.9329,2012,legi
2012_legi_t1,49007_0210,49,Maine-et-Loire,2.0,,49007,Angers,1.0,,0210,1037,500,537,0.0,8,529,48.22,51.78,,,0.77,1.49,51.01,98.51,51.784,48.216,2012,legi
2012_legi_t1,49007_0301,49,Maine-et-Loire,3.0,,49007,Angers,1.0,,0301,1017,531,486,0.0,7,479,52.21,47.79,,,0.69,1.44,47.1,98.56,47.7876,52.2124,2012,legi
2012_legi_t1,49007_0302,49,Maine-et-Loire,3.0,,49007,Angers,1.0,,0302,973,464,509,0.0,3,506,47.69,52.31,,,0.31,0.59,52.0,99.41,52.3124,47.6876,2012,legi
2012_legi_t1,49007_0303,49,Maine-et-Loire,3.0,,49007,Angers,1.0,,0303,1114,576,538,0.0,4,534,51.71,48.29,,,0.36,0.74,47.94,99.26,48.2944,51.7056,2012,legi
2012_legi_t1,49007_0304,49,Maine-et-Loire,3.0,,49007,Angers,1.0,,0304,1114,468,646,0.0,10,636,42.01,57.99,,,0.9,1.55,57.09,98.45,57.9892,42.0108,2012,legi
2012_legi_t1,49007_0305,49,Maine-et-Loire,3.0,,49007,Angers,1.0,,0305,1158,446,712,0.0,12,700,38.51,61.49,,,1.04,1.69,60.45,98.31,61.4853,38.5147,2012,legi
2012_legi_t1,49007_0306,49,Maine-et-Loire,3.0,,49007,Angers,1.0,,0306,933,377,556,0.0,9,547,40.41,59.59,,,0.96,1.62,58.63,98.38,59.5927,40.4073,2012,legi
2012_legi_t1,49007_0307,49,Maine-et-Loire,3.0,,49007,Angers,1.0,,0307,1031,402,629,0.0,3,626,38.99,61.01,,,0.29,0.48,60.72,99.52,61.0087,38.9913,2012,legi
2012_legi_t1,49007_0308,49,Maine-et-Loire,3.0,,49007,Angers,1.0,,0308,913,309,604,0.0,1,603,33.84,66.16,,,0.11,0.17,66.05,99.83,66.1555,33.8445,2012,legi
2012_legi_t1,49007_0309,49,Maine-et-Loire,3.0,,49007,Angers,1.0,,0309,1241,499,742,0.0,11,731,40.21,59.79,,,0.89,1.48,58.9,98.52,59.7905,40.2095,2012,legi
2012_legi_t1,49007_0310,49,Maine-et-Loire,3.0,,49007,Angers,1.0,,0310,1101,433,668,0.0,8,660,39.33,60.67,,,0.73,1.2,59.95,98.8,60.6721,39.3279,2012,legi
2012_legi_t1,49007_0311,49,Maine-et-Loire,3.0,,49007,Angers,1.0,,0311,1094,465,629,0.0,8,621,42.5,57.5,,,0.73,1.27,56.76,98.73,57.4954,42.5046,2012,legi
2012_legi_t1,49007_0312,49,Maine-et-Loire,3.0,,49007,Angers,1.0,,0312,1221,429,792,0.0,9,783,35.14,64.86,,,0.74,1.14,64.13,98.86,64.8649,35.1351,2012,legi
2012_legi_t1,49007_0313,49,Maine-et-Loire,3.0,,49007,Angers,1.0,,0313,983,450,533,0.0,9,524,45.78,54.22,,,0.92,1.69,53.31,98.31,54.2218,45.7782,2012,legi
2012_legi_t1,49007_0314,49,Maine-et-Loire,3.0,,49007,Angers,1.0,,0314,905,332,573,0.0,7,566,36.69,63.31,,,0.77,1.22,62.54,98.78,63.3149,36.6851,2012,legi
2012_legi_t1,49007_0315,49,Maine-et-Loire,3.0,,49007,Angers,1.0,,0315,1014,397,617,0.0,4,613,39.15,60.85,,,0.39,0.65,60.45,99.35,60.8481,39.1519,2012,legi
2012_legi_t1,49007_0316,49,Maine-et-Loire,3.0,,49007,Angers,1.0,,0316,1130,421,709,0.0,11,698,37.26,62.74,,,0.97,1.55,61.77,98.45,62.7434,37.2566,2012,legi
2012_legi_t1,49007_0317,49,Maine-et-Loire,3.0,,49007,Angers,1.0,,0317,880,404,476,0.0,5,471,45.91,54.09,,,0.57,1.05,53.52,98.95,54.0909,45.9091,2012,legi
2012_legi_t1,49007_0318,49,Maine-et-Loire,3.0,,49007,Angers,1.0,,0318,1129,473,656,0.0,8,648,41.9,58.1,,,0.71,1.22,57.4,98.78,58.1045,41.8955,2012,legi
2012_legi_t1,49007_0319,49,Maine-et-Loire,3.0,,49007,Angers,1.0,,0319,1002,351,651,0.0,0,651,35.03,64.97,,,0.0,0.0,64.97,100.0,64.9701,35.0299,2012,legi
2012_legi_t1,49007_0401,49,Maine-et-Loire,36.0,,49007,Angers,2.0,,0401,906,351,555,0.0,9,546,38.74,61.26,,,0.99,1.62,60.26,98.38,61.2583,38.7417,2012,legi
2012_legi_t1,49007_0402,49,Maine-et-Loire,36.0,,49007,Angers,2.0,,0402,1138,515,623,0.0,13,610,45.25,54.75,,,1.14,2.09,53.6,97.91,54.7452,45.2548,2012,legi
2012_legi_t1,49007_0403,49,Maine-et-Loire,36.0,,49007,Angers,2.0,,0403,808,354,454,0.0,12,442,43.81,56.19,,,1.49,2.64,54.7,97.36,56.1881,43.8119,2012,legi
2012_legi_t1,49007_0404,49,Maine-et-Loire,36.0,,49007,Angers,2.0,,0404,1379,629,750,0.0,12,738,45.61,54.39,,,0.87,1.6,53.52,98.4,54.3872,45.6128,2012,legi
2012_legi_t1,49007_0405,49,Maine-et-Loire,36.0,,49007,Angers,2.0,,0405,1301,587,714,0.0,11,703,45.12,54.88,,,0.85,1.54,54.04,98.46,54.8809,45.1191,2012,legi
2012_legi_t1,49007_0406,49,Maine-et-Loire,36.0,,49007,Angers,2.0,,0406,1253,599,654,0.0,10,644,47.81,52.19,,,0.8,1.53,51.4,98.47,52.1947,47.8053,2012,legi
2012_legi_t1,49007_0407,49,Maine-et-Loire,36.0,,49007,Angers,2.0,,0407,900,352,548,0.0,4,544,39.11,60.89,,,0.44,0.73,60.44,99.27,60.8889,39.1111,2012,legi
2012_legi_t1,49007_0501,49,Maine-et-Loire,37.0,,49007,Angers,2.0,,0501,1263,523,740,0.0,4,736,41.41,58.59,,,0.32,0.54,58.27,99.46,58.5907,41.4093,2012,legi
2012_legi_t1,49007_0502,49,Maine-et-Loire,37.0,,49007,Angers,2.0,,0502,1257,495,762,0.0,10,752,39.38,60.62,,,0.8,1.31,59.82,98.69,60.6205,39.3795,2012,legi
2012_legi_t1,49007_0503,49,Maine-et-Loire,37.0,,49007,Angers,2.0,,0503,1084,490,594,0.0,7,587,45.2,54.8,,,0.65,1.18,54.15,98.82,54.797,45.203,2012,legi
2012_legi_t1,49007_0504,49,Maine-et-Loire,37.0,,49007,Angers,2.0,,0504,1070,679,391,0.0,4,387,63.46,36.54,,,0.37,1.02,36.17,98.98,36.5421,63.4579,2012,legi
2012_legi_t1,49007_0505,49,Maine-et-Loire,37.0,,49007,Angers,2.0,,0505,1224,651,573,0.0,14,559,53.19,46.81,,,1.14,2.44,45.67,97.56,46.8137,53.1863,2012,legi
2012_legi_t1,49007_0506,49,Maine-et-Loire,37.0,,49007,Angers,2.0,,0506,934,336,598,0.0,6,592,35.97,64.03,,,0.64,1.0,63.38,99.0,64.0257,35.9743,2012,legi
2012_legi_t1,49007_0507,49,Maine-et-Loire,37.0,,49007,Angers,2.0,,0507,1447,805,642,0.0,17,625,55.63,44.37,,,1.17,2.65,43.19,97.35,44.3677,55.6323,2012,legi
2012_legi_t1,49007_0508,49,Maine-et-Loire,37.0,,49007,Angers,2.0,,0508,1038,407,631,0.0,8,623,39.21,60.79,,,0.77,1.27,60.02,98.73,60.79,39.21,2012,legi
2012_legi_t1,49007_0509,49,Maine-et-Loire,37.0,,49007,Angers,2.0,,0509,1141,550,591,0.0,13,578,48.2,51.8,,,1.14,2.2,50.66,97.8,51.7967,48.2033,2012,legi
2012_legi_t1,49007_0510,49,Maine-et-Loire,37.0,,49007,Angers,2.0,,0510,1109,546,563,0.0,3,560,49.23,50.77,,,0.27,0.53,50.5,99.47,50.7665,49.2335,2012,legi
2012_legi_t1,49007_0511,49,Maine-et-Loire,37.0,,49007,Angers,2.0,,0511,1037,472,565,0.0,7,558,45.52,54.48,,,0.68,1.24,53.81,98.76,54.4841,45.5159,2012,legi
2012_legi_t1,49007_0512,49,Maine-et-Loire,37.0,,49007,Angers,2.0,,0512,1046,438,608,0.0,6,602,41.87,58.13,,,0.57,0.99,57.55,99.01,58.1262,41.8738,2012,legi
2012_legi_t1,49007_0513,49,Maine-et-Loire,37.0,,49007,Angers,2.0,,0513,987,402,585,0.0,4,581,40.73,59.27,,,0.41,0.68,58.87,99.32,59.2705,40.7295,2012,legi
2012_legi_t1,49007_0601,49,Maine-et-Loire,38.0,,49007,Angers,6.0,,0601,799,378,421,0.0,5,416,47.31,52.69,,,0.63,1.19,52.07,98.81,52.6909,47.3091,2012,legi
2012_legi_t1,49007_0602,49,Maine-et-Loire,38.0,,49007,Angers,6.0,,0602,1110,536,574,0.0,11,563,48.29,51.71,,,0.99,1.92,50.72,98.08,51.7117,48.2883,2012,legi
2012_legi_t1,49007_0603,49,Maine-et-Loire,38.0,,49007,Angers,6.0,,0603,872,440,432,0.0,3,429,50.46,49.54,,,0.34,0.69,49.2,99.31,49.5413,50.4587,2012,legi
2012_legi_t1,49007_0604,49,Maine-et-Loire,38.0,,49007,Angers,6.0,,0604,940,536,404,0.0,9,395,57.02,42.98,,,0.96,2.23,42.02,97.77,42.9787,57.0213,2012,legi
2012_legi_t1,49007_0605,49,Maine-et-Loire,38.0,,49007,Angers,6.0,,0605,1039,441,598,0.0,6,592,42.44,57.56,,,0.58,1.0,56.98,99.0,57.5553,42.4447,2012,legi
2012_legi_t1,49007_0606,49,Maine-et-Loire,38.0,,49007,Angers,6.0,,0606,1273,668,605,0.0,8,597,52.47,47.53,,,0.63,1.32,46.9,98.68,47.5255,52.4745,2012,legi
2012_legi_t1,49007_0607,49,Maine-et-Loire,38.0,,49007,Angers,6.0,,0607,1259,681,578,0.0,5,573,54.09,45.91,,,0.4,0.87,45.51,99.13,45.9095,54.0905,2012,legi
2012_legi_t1,49007_0608,49,Maine-et-Loire,38.0,,49007,Angers,6.0,,0608,1142,563,579,0.0,5,574,49.3,50.7,,,0.44,0.86,50.26,99.14,50.7005,49.2995,2012,legi
2012_legi_t1,49007_0609,49,Maine-et-Loire,38.0,,49007,Angers,6.0,,0609,1011,387,624,0.0,9,615,38.28,61.72,,,0.89,1.44,60.83,98.56,61.7211,38.2789,2012,legi
2012_legi_t1,49007_0610,49,Maine-et-Loire,38.0,,49007,Angers,6.0,,0610,831,340,491,0.0,0,491,40.91,59.09,,,0.0,0.0,59.09,100.0,59.0854,40.9146,2012,legi
2012_legi_t1,49007_0611,49,Maine-et-Loire,38.0,,49007,Angers,6.0,,0611,1022,344,678,0.0,4,674,33.66,66.34,,,0.39,0.59,65.95,99.41,66.3405,33.6595,2012,legi
2012_legi_t1,49007_0612,49,Maine-et-Loire,38.0,,49007,Angers,6.0,,0612,890,341,549,0.0,16,533,38.31,61.69,,,1.8,2.91,59.89,97.09,61.6854,38.3146,2012,legi
2012_legi_t1,49007_0613,49,Maine-et-Loire,38.0,,49007,Angers,6.0,,0613,1049,470,579,0.0,8,571,44.8,55.2,,,0.76,1.38,54.43,98.62,55.1954,44.8046,2012,legi
2012_legi_t1,49007_0701,49,Maine-et-Loire,39.0,,49007,Angers,7.0,,0701,999,399,600,0.0,7,593,39.94,60.06,,,0.7,1.17,59.36,98.83,60.0601,39.9399,2012,legi
2012_legi_t1,49007_0702,49,Maine-et-Loire,39.0,,49007,Angers,7.0,,0702,1186,550,636,0.0,5,631,46.37,53.63,,,0.42,0.79,53.2,99.21,53.6256,46.3744,2012,legi
2012_legi_t1,49007_0703,49,Maine-et-Loire,39.0,,49007,Angers,7.0,,0703,1079,451,628,0.0,5,623,41.8,58.2,,,0.46,0.8,57.74,99.2,58.202,41.798,2012,legi
2012_legi_t1,49007_0704,49,Maine-et-Loire,39.0,,49007,Angers,7.0,,0704,1074,415,659,0.0,3,656,38.64,61.36,,,0.28,0.46,61.08,99.54,61.3594,38.6406,2012,legi
2012_legi_t1,49007_0705,49,Maine-et-Loire,39.0,,49007,Angers,7.0,,0705,827,337,490,0.0,5,485,40.75,59.25,,,0.6,1.02,58.65,98.98,59.2503,40.7497,2012,legi
2012_legi_t1,49007_0801,49,Maine-et-Loire,41.0,,49007,Angers,7.0,,0801,1106,456,650,0.0,15,635,41.23,58.77,,,1.36,2.31,57.41,97.69,58.7703,41.2297,2012,legi
2012_legi_t1,49007_0802,49,Maine-et-Loire,41.0,,49007,Angers,7.0,,0802,1148,474,674,0.0,8,666,41.29,58.71,,,0.7,1.19,58.01,98.81,58.7108,41.2892,2012,legi
2012_legi_t1,49007_0803,49,Maine-et-Loire,41.0,,49007,Angers,7.0,,0803,699,501,198,0.0,6,192,71.67,28.33,,,0.86,3.03,27.47,96.97,28.3262,71.6738,2012,legi
2012_legi_t1,49007_0804,49,Maine-et-Loire,41.0,,49007,Angers,7.0,,0804,917,365,552,0.0,9,543,39.8,60.2,,,0.98,1.63,59.21,98.37,60.1963,39.8037,2012,legi
2012_legi_t1,49007_0805,49,Maine-et-Loire,41.0,,49007,Angers,7.0,,0805,947,437,510,0.0,10,500,46.15,53.85,,,1.06,1.96,52.8,98.04,53.8543,46.1457,2012,legi
2012_legi_t1,49015_0003,49,Maine-et-Loire,41.0,,49015,Avrill?,7.0,,0003,947,356,591,0.0,2,589,37.59,62.41,,,0.21,0.34,62.2,99.66,62.4076,37.5924,2012,legi
2012_legi_t1,49015_0004,49,Maine-et-Loire,41.0,,49015,Avrill?,7.0,,0004,845,292,553,0.0,3,550,34.56,65.44,,,0.36,0.54,65.09,99.46,65.4438,34.5562,2012,legi
2012_legi_t1,49015_0005,49,Maine-et-Loire,41.0,,49015,Avrill?,7.0,,0005,826,265,561,0.0,6,555,32.08,67.92,,,0.73,1.07,67.19,98.93,67.9177,32.0823,2012,legi
2012_legi_t1,49015_0006,49,Maine-et-Loire,41.0,,49015,Avrill?,7.0,,0006,933,277,656,0.0,6,650,29.69,70.31,,,0.64,0.91,69.67,99.09,70.3108,29.6892,2012,legi
2012_legi_t1,49015_0007,49,Maine-et-Loire,41.0,,49015,Avrill?,7.0,,0007,743,203,540,0.0,4,536,27.32,72.68,,,0.54,0.74,72.14,99.26,72.6783,27.3217,2012,legi
2012_legi_t1,49015_0008,49,Maine-et-Loire,41.0,,49015,Avrill?,7.0,,0008,925,345,580,0.0,9,571,37.3,62.7,,,0.97,1.55,61.73,98.45,62.7027,37.2973,2012,legi
2012_legi_t1,49015_0009,49,Maine-et-Loire,41.0,,49015,Avrill?,7.0,,0009,1022,379,643,0.0,7,636,37.08,62.92,,,0.68,1.09,62.23,98.91,62.9159,37.0841,2012,legi
2012_legi_t1,49015_0010,49,Maine-et-Loire,41.0,,49015,Avrill?,7.0,,0010,1259,494,765,0.0,10,755,39.24,60.76,,,0.79,1.31,59.97,98.69,60.7625,39.2375,2012,legi
2012_legi_t1,49015_0011,49,Maine-et-Loire,41.0,,49015,Avrill?,7.0,,0011,951,317,634,0.0,6,628,33.33,66.67,,,0.63,0.95,66.04,99.05,66.6667,33.3333,2012,legi
2012_legi_t1,49099_0111,49,Maine-et-Loire,35.0,,49099,Cholet,5.0,,0111,1260,510,750,0.0,3,747,40.48,59.52,,,0.24,0.4,59.29,99.6,59.5238,40.4762,2012,legi
2012_legi_t1,49099_0112,49,Maine-et-Loire,35.0,,49099,Cholet,5.0,,0112,1194,498,696,0.0,7,689,41.71,58.29,,,0.59,1.01,57.71,98.99,58.2915,41.7085,2012,legi
2012_legi_t1,49328_0N07,49,Maine-et-Loire,28.0,,49328,Saumur,3.0,,0N07,819,374,445,0.0,8,437,45.67,54.33,,,0.98,1.8,53.36,98.2,54.3346,45.6654,2012,legi
2012_legi_t1,49328_0N08,49,Maine-et-Loire,28.0,,49328,Saumur,3.0,,0N08,881,395,486,0.0,4,482,44.84,55.16,,,0.45,0.82,54.71,99.18,55.1646,44.8354,2012,legi
2012_legi_t1,49328_0N15,49,Maine-et-Loire,28.0,,49328,Saumur,3.0,,0N15,864,354,510,0.0,3,507,40.97,59.03,,,0.35,0.59,58.68,99.41,59.0278,40.9722,2012,legi
2012_legi_t1,49328_0N16,49,Maine-et-Loire,28.0,,49328,Saumur,3.0,,0N16,953,371,582,0.0,8,574,38.93,61.07,,,0.84,1.37,60.23,98.63,61.0703,38.9297,2012,legi
2012_legi_t1,49328_0N17,49,Maine-et-Loire,28.0,,49328,Saumur,3.0,,0N17,955,375,580,0.0,6,574,39.27,60.73,,,0.63,1.03,60.1,98.97,60.733,39.267,2012,legi
2012_legi_t1,49328_0S01,49,Maine-et-Loire,29.0,,49328,Saumur,4.0,,0S01,1057,489,568,0.0,11,557,46.26,53.74,,,1.04,1.94,52.7,98.06,53.737,46.263,2012,legi
2012_legi_t1,49328_0S02,49,Maine-et-Loire,29.0,,49328,Saumur,4.0,,0S02,1087,426,661,0.0,7,654,39.19,60.81,,,0.64,1.06,60.17,98.94,60.8096,39.1904,2012,legi
2012_legi_t1,49328_0S03,49,Maine-et-Loire,29.0,,49328,Saumur,4.0,,0S03,1037,460,577,0.0,12,565,44.36,55.64,,,1.16,2.08,54.48,97.92,55.6413,44.3587,2012,legi
2012_legi_t1,49328_0S04,49,Maine-et-Loire,29.0,,49328,Saumur,4.0,,0S04,959,334,625,0.0,7,618,34.83,65.17,,,0.73,1.12,64.44,98.88,65.1721,34.8279,2012,legi
2012_legi_t1,49328_0S05,49,Maine-et-Loire,29.0,,49328,Saumur,4.0,,0S05,1289,552,737,0.0,8,729,42.82,57.18,,,0.62,1.09,56.56,98.91,57.1761,42.8239,2012,legi
2012_legi_t1,49328_0S06,49,Maine-et-Loire,29.0,,49328,Saumur,4.0,,0S06,1257,580,677,0.0,13,664,46.14,53.86,,,1.03,1.92,52.82,98.08,53.8584,46.1416,2012,legi
2012_legi_t1,49328_0S09,49,Maine-et-Loire,29.0,,49328,Saumur,4.0,,0S09,1310,777,533,0.0,20,513,59.31,40.69,,,1.53,3.75,39.16,96.25,40.687,59.313,2012,legi
2012_legi_t1,49328_0S10,49,Maine-et-Loire,29.0,,49328,Saumur,4.0,,0S10,916,338,578,0.0,9,569,36.9,63.1,,,0.98,1.56,62.12,98.44,63.1004,36.8996,2012,legi
2012_legi_t1,49328_0S11,49,Maine-et-Loire,29.0,,49328,Saumur,4.0,,0S11,1164,477,687,0.0,10,677,40.98,59.02,,,0.86,1.46,58.16,98.54,59.0206,40.9794,2012,legi
2012_legi_t1,49328_0S12,49,Maine-et-Loire,29.0,,49328,Saumur,4.0,,0S12,298,104,194,0.0,3,191,34.9,65.1,,,1.01,1.55,64.09,98.45,65.1007,34.8993,2012,legi
2012_legi_t1,49328_0S13,49,Maine-et-Loire,29.0,,49328,Saumur,4.0,,0S13,1177,434,743,0.0,10,733,36.87,63.13,,,0.85,1.35,62.28,98.65,63.1266,36.8734,2012,legi
2012_legi_t1,49328_0S14,49,Maine-et-Loire,29.0,,49328,Saumur,4.0,,0S14,1035,416,619,0.0,15,604,40.19,59.81,,,1.45,2.42,58.36,97.58,59.8068,40.1932,2012,legi
2012_legi_t1,49328_0S18,49,Maine-et-Loire,29.0,,49328,Saumur,4.0,,0S18,1282,527,755,0.0,4,751,41.11,58.89,,,0.31,0.53,58.58,99.47,58.8924,41.1076,2012,legi
2012_legi_t1,49328_0S19,49,Maine-et-Loire,29.0,,49328,Saumur,4.0,,0S19,956,341,615,0.0,15,600,35.67,64.33,,,1.57,2.44,62.76,97.56,64.3305,35.6695,2012,legi
2012_legi_t1,53001_0001,53,Mayenne,32.0,,53001,Ahuill?,2.0,,0001,705,281,424,0.0,15,409,39.86,60.14,,,2.13,3.54,58.01,96.46,60.1418,39.8582,2012,legi
2012_legi_t1,53001_0002,53,Mayenne,32.0,,53001,Ahuill?,2.0,,0002,637,260,377,0.0,10,367,40.82,59.18,,,1.57,2.65,57.61,97.35,59.1837,40.8163,2012,legi
2012_legi_t1,53034_0003,53,Mayenne,2.0,,53034,Bonchamp-L?S-Laval,1.0,,0003,723,249,474,0.0,7,467,34.44,65.56,,,0.97,1.48,64.59,98.52,65.5602,34.4398,2012,legi
2012_legi_t1,53034_0004,53,Mayenne,2.0,,53034,Bonchamp-L?S-Laval,1.0,,0004,946,355,591,0.0,13,578,37.53,62.47,,,1.37,2.2,61.1,97.8,62.4736,37.5264,2012,legi
2012_legi_t1,53034_0005,53,Mayenne,2.0,,53034,Bonchamp-L?S-Laval,1.0,,0005,989,341,648,0.0,4,644,34.48,65.52,,,0.4,0.62,65.12,99.38,65.5207,34.4793,2012,legi
2012_legi_t1,53062_0006,53,Mayenne,31.0,,53062,Ch?Teau-Gontier,2.0,,0006,505,203,302,0.0,3,299,40.2,59.8,,,0.59,0.99,59.21,99.01,59.802,40.198,2012,legi
2012_legi_t1,53062_0007,53,Mayenne,6.0,,53062,Ch?Teau-Gontier,2.0,,0007,1064,389,675,0.0,8,667,36.56,63.44,,,0.75,1.19,62.69,98.81,63.4398,36.5602,2012,legi
2012_legi_t1,53062_0008,53,Mayenne,6.0,,53062,Ch?Teau-Gontier,2.0,,0008,1301,572,729,0.0,14,715,43.97,56.03,,,1.08,1.92,54.96,98.08,56.0338,43.9662,2012,legi
2012_legi_t1,53062_0009,53,Mayenne,6.0,,53062,Ch?Teau-Gontier,2.0,,0009,1263,517,746,0.0,13,733,40.93,59.07,,,1.03,1.74,58.04,98.26,59.0657,40.9343,2012,legi
2012_legi_t1,53130_0010,53,Mayenne,18.0,,53130,Laval,2.0,,0010,1077,422,655,0.0,5,650,39.18,60.82,,,0.46,0.76,60.35,99.24,60.8171,39.1829,2012,legi
2012_legi_t1,53130_0011,53,Mayenne,18.0,,53130,Laval,2.0,,0011,1040,416,624,0.0,12,612,40.0,60.0,,,1.15,1.92,58.85,98.08,60.0,40.0,2012,legi
2012_legi_t1,53130_0012,53,Mayenne,18.0,,53130,Laval,2.0,,0012,1143,520,623,0.0,7,616,45.49,54.51,,,0.61,1.12,53.89,98.88,54.5057,45.4943,2012,legi
2012_legi_t1,53130_0013,53,Mayenne,18.0,,53130,Laval,2.0,,0013,1106,471,635,0.0,13,622,42.59,57.41,,,1.18,2.05,56.24,97.95,57.4141,42.5859,2012,legi
2012_legi_t1,53130_0014,53,Mayenne,17.0,,53130,Laval,1.0,,0014,1170,436,734,0.0,13,721,37.26,62.74,,,1.11,1.77,61.62,98.23,62.735,37.265,2012,legi
2012_legi_t1,53130_0015,53,Mayenne,17.0,,53130,Laval,1.0,,0015,1320,539,781,0.0,17,764,40.83,59.17,,,1.29,2.18,57.88,97.82,59.1667,40.8333,2012,legi
2012_legi_t1,53130_0016,53,Mayenne,17.0,,53130,Laval,1.0,,0016,1410,497,913,0.0,12,901,35.25,64.75,,,0.85,1.31,63.9,98.69,64.7518,35.2482,2012,legi
2012_legi_t1,53130_0017,53,Mayenne,17.0,,53130,Laval,1.0,,0017,1083,502,581,0.0,9,572,46.35,53.65,,,0.83,1.55,52.82,98.45,53.6473,46.3527,2012,legi
2012_legi_t1,53130_0018,53,Mayenne,28.0,,53130,Laval,1.0,,0018,1032,394,638,0.0,7,631,38.18,61.82,,,0.68,1.1,61.14,98.9,61.8217,38.1783,2012,legi
2012_legi_t1,53130_0019,53,Mayenne,28.0,,53130,Laval,1.0,,0019,894,376,518,0.0,5,513,42.06,57.94,,,0.56,0.97,57.38,99.03,57.9418,42.0582,2012,legi
2012_legi_t1,53130_0020,53,Mayenne,28.0,,53130,Laval,1.0,,0020,1226,471,755,0.0,6,749,38.42,61.58,,,0.49,0.79,61.09,99.21,61.5824,38.4176,2012,legi
2012_legi_t1,53130_0021,53,Mayenne,28.0,,53130,Laval,1.0,,0021,1483,593,890,0.0,14,876,39.99,60.01,,,0.94,1.57,59.07,98.43,60.0135,39.9865,2012,legi
2012_legi_t1,53130_0022,53,Mayenne,28.0,,53130,Laval,1.0,,0022,880,341,539,0.0,8,531,38.75,61.25,,,0.91,1.48,60.34,98.52,61.25,38.75,2012,legi
2012_legi_t1,53130_0023,53,Mayenne,28.0,,53130,Laval,1.0,,0023,826,344,482,0.0,11,471,41.65,58.35,,,1.33,2.28,57.02,97.72,58.3535,41.6465,2012,legi
2012_legi_t1,53130_0024,53,Mayenne,30.0,,53130,Laval,1.0,,0024,748,382,366,0.0,12,354,51.07,48.93,,,1.6,3.28,47.33,96.72,48.9305,51.0695,2012,legi
2012_legi_t1,53130_0025,53,Mayenne,30.0,,53130,Laval,1.0,,0025,746,342,404,0.0,12,392,45.84,54.16,,,1.61,2.97,52.55,97.03,54.1555,45.8445,2012,legi
2012_legi_t1,53130_0026,53,Mayenne,30.0,,53130,Laval,1.0,,0026,969,535,434,0.0,12,422,55.21,44.79,,,1.24,2.76,43.55,97.24,44.7884,55.2116,2012,legi
2012_legi_t1,53130_0027,53,Mayenne,30.0,,53130,Laval,1.0,,0027,1137,490,647,0.0,10,637,43.1,56.9,,,0.88,1.55,56.02,98.45,56.9041,43.0959,2012,legi
2012_legi_t1,53130_0028,53,Mayenne,30.0,,53130,Laval,1.0,,0028,812,324,488,0.0,9,479,39.9,60.1,,,1.11,1.84,58.99,98.16,60.0985,39.9015,2012,legi
2012_legi_t1,53130_0029,53,Mayenne,18.0,,53130,Laval,2.0,,0029,1193,502,691,0.0,16,675,42.08,57.92,,,1.34,2.32,56.58,97.68,57.9212,42.0788,2012,legi
2012_legi_t1,53130_0030,53,Mayenne,29.0,,53130,Laval,1.0,,0030,945,351,594,0.0,9,585,37.14,62.86,,,0.95,1.52,61.9,98.48,62.8571,37.1429,2012,legi
2012_legi_t1,53130_0031,53,Mayenne,18.0,,53130,Laval,2.0,,0031,1048,483,565,0.0,12,553,46.09,53.91,,,1.15,2.12,52.77,97.88,53.9122,46.0878,2012,legi
2012_legi_t1,72001_0001,72,Sarthe,34.0,,72001,Aign?,1.0,,0001,1209,436,773,0.0,17,756,36.06,63.94,,,1.41,2.2,62.53,97.8,63.9371,36.0629,2012,legi
2012_legi_t1,72003_0002,72,Sarthe,40.0,,72003,Allonnes,4.0,,0002,544,355,189,0.0,4,185,65.26,34.74,,,0.74,2.12,34.01,97.88,34.7426,65.2574,2012,legi
2012_legi_t1,72003_0003,72,Sarthe,40.0,,72003,Allonnes,4.0,,0003,698,330,368,0.0,8,360,47.28,52.72,,,1.15,2.17,51.58,97.83,52.7221,47.2779,2012,legi
2012_legi_t1,72003_0004,72,Sarthe,40.0,,72003,Allonnes,4.0,,0004,744,469,275,0.0,1,274,63.04,36.96,,,0.13,0.36,36.83,99.64,36.9624,63.0376,2012,legi
2012_legi_t1,72003_0005,72,Sarthe,40.0,,72003,Allonnes,4.0,,0005,1183,503,680,0.0,6,674,42.52,57.48,,,0.51,0.88,56.97,99.12,57.481,42.519,2012,legi
2012_legi_t1,72003_0006,72,Sarthe,40.0,,72003,Allonnes,4.0,,0006,865,436,429,0.0,10,419,50.4,49.6,,,1.16,2.33,48.44,97.67,49.5954,50.4046,2012,legi
2012_legi_t1,72003_0007,72,Sarthe,40.0,,72003,Allonnes,4.0,,0007,869,365,504,0.0,8,496,42.0,58.0,,,0.92,1.59,57.08,98.41,57.9977,42.0023,2012,legi
2012_legi_t1,72003_0008,72,Sarthe,40.0,,72003,Allonnes,4.0,,0008,599,241,358,0.0,6,352,40.23,59.77,,,1.0,1.68,58.76,98.32,59.7663,40.2337,2012,legi
2012_legi_t1,72003_0009,72,Sarthe,40.0,,72003,Allonnes,4.0,,0009,1262,581,681,0.0,10,671,46.04,53.96,,,0.79,1.47,53.17,98.53,53.962,46.038,2012,legi
2012_legi_t1,72154_0010,72,Sarthe,14.0,,72154,La Fl?Che,3.0,,0010,595,227,368,0.0,2,366,38.15,61.85,,,0.34,0.54,61.51,99.46,61.8487,38.1513,2012,legi
2012_legi_t1,72154_0011,72,Sarthe,14.0,,72154,La Fl?Che,3.0,,0011,594,242,352,0.0,1,351,40.74,59.26,,,0.17,0.28,59.09,99.72,59.2593,40.7407,2012,legi
2012_legi_t1,72154_0012,72,Sarthe,14.0,,72154,La Fl?Che,3.0,,0012,664,278,386,0.0,10,376,41.87,58.13,,,1.51,2.59,56.63,97.41,58.1325,41.8675,2012,legi
2012_legi_t1,72154_0013,72,Sarthe,14.0,,72154,La Fl?Che,3.0,,0013,635,305,330,0.0,6,324,48.03,51.97,,,0.94,1.82,51.02,98.18,51.9685,48.0315,2012,legi
2012_legi_t1,72154_0014,72,Sarthe,14.0,,72154,La Fl?Che,3.0,,0014,472,193,279,0.0,3,276,40.89,59.11,,,0.64,1.08,58.47,98.92,59.1102,40.8898,2012,legi
2012_legi_t1,72154_0015,72,Sarthe,14.0,,72154,La Fl?Che,3.0,,0015,822,322,500,0.0,9,491,39.17,60.83,,,1.09,1.8,59.73,98.2,60.8273,39.1727,2012,legi
2012_legi_t1,72154_0016,72,Sarthe,14.0,,72154,La Fl?Che,3.0,,0016,665,256,409,0.0,4,405,38.5,61.5,,,0.6,0.98,60.9,99.02,61.5038,38.4962,2012,legi
2012_legi_t1,72154_0017,72,Sarthe,14.0,,72154,La Fl?Che,3.0,,0017,547,186,361,0.0,3,358,34.0,66.0,,,0.55,0.83,65.45,99.17,65.9963,34.0037,2012,legi
2012_legi_t1,72181_0018,72,Sarthe,21.0,,72181,Le Mans,5.0,,0018,758,308,450,0.0,10,440,40.63,59.37,,,1.32,2.22,58.05,97.78,59.3668,40.6332,2012,legi
2012_legi_t1,72181_0019,72,Sarthe,21.0,,72181,Le Mans,5.0,,0019,970,390,580,0.0,13,567,40.21,59.79,,,1.34,2.24,58.45,97.76,59.7938,40.2062,2012,legi
2012_legi_t1,72181_0020,72,Sarthe,21.0,,72181,Le Mans,5.0,,0020,982,395,587,0.0,17,570,40.22,59.78,,,1.73,2.9,58.04,97.1,59.776,40.224,2012,legi
2012_legi_t1,72181_0021,72,Sarthe,21.0,,72181,Le Mans,5.0,,0021,955,326,629,0.0,9,620,34.14,65.86,,,0.94,1.43,64.92,98.57,65.8639,34.1361,2012,legi
2012_legi_t1,72181_0022,72,Sarthe,21.0,,72181,Le Mans,5.0,,0022,1109,452,657,0.0,8,649,40.76,59.24,,,0.72,1.22,58.52,98.78,59.2426,40.7574,2012,legi
2012_legi_t1,72181_0023,72,Sarthe,21.0,,72181,Le Mans,5.0,,0023,997,392,605,0.0,6,599,39.32,60.68,,,0.6,0.99,60.08,99.01,60.682,39.318,2012,legi
2012_legi_t1,72181_0024,72,Sarthe,21.0,,72181,Le Mans,5.0,,0024,941,337,604,0.0,6,598,35.81,64.19,,,0.64,0.99,63.55,99.01,64.187,35.813,2012,legi
2012_legi_t1,72181_0025,72,Sarthe,21.0,,72181,Le Mans,5.0,,0025,928,351,577,0.0,12,565,37.82,62.18,,,1.29,2.08,60.88,97.92,62.1767,37.8233,2012,legi
2012_legi_t1,72181_0026,72,Sarthe,21.0,,72181,Le Mans,5.0,,0026,1002,390,612,0.0,11,601,38.92,61.08,,,1.1,1.8,59.98,98.2,61.0778,38.9222,2012,legi
2012_legi_t1,72181_0027,72,Sarthe,21.0,,72181,Le Mans,5.0,,0027,989,423,566,0.0,9,557,42.77,57.23,,,0.91,1.59,56.32,98.41,57.2295,42.7705,2012,legi
2012_legi_t1,72181_0028,72,Sarthe,21.0,,72181,Le Mans,5.0,,0028,885,390,495,0.0,9,486,44.07,55.93,,,1.02,1.82,54.92,98.18,55.9322,44.0678,2012,legi
2012_legi_t1,72181_0029,72,Sarthe,38.0,,72181,Le Mans,5.0,,0029,1160,504,656,0.0,11,645,43.45,56.55,,,0.95,1.68,55.6,98.32,56.5517,43.4483,2012,legi
2012_legi_t1,72181_0030,72,Sarthe,38.0,,72181,Le Mans,5.0,,0030,1066,455,611,0.0,20,591,42.68,57.32,,,1.88,3.27,55.44,96.73,57.3171,42.6829,2012,legi
2012_legi_t1,72181_0031,72,Sarthe,38.0,,72181,Le Mans,5.0,,0031,1043,447,596,0.0,3,593,42.86,57.14,,,0.29,0.5,56.86,99.5,57.1429,42.8571,2012,legi
2012_legi_t1,72181_0032,72,Sarthe,38.0,,72181,Le Mans,5.0,,0032,983,431,552,0.0,15,537,43.85,56.15,,,1.53,2.72,54.63,97.28,56.1546,43.8454,2012,legi
2012_legi_t1,72181_0033,72,Sarthe,38.0,,72181,Le Mans,5.0,,0033,1032,523,509,0.0,11,498,50.68,49.32,,,1.07,2.16,48.26,97.84,49.3217,50.6783,2012,legi
2012_legi_t1,72181_0034,72,Sarthe,38.0,,72181,Le Mans,5.0,,0034,1146,510,636,0.0,14,622,44.5,55.5,,,1.22,2.2,54.28,97.8,55.4974,44.5026,2012,legi
2012_legi_t1,72181_0035,72,Sarthe,20.0,,72181,Le Mans,2.0,,0035,956,477,479,0.0,11,468,49.9,50.1,,,1.15,2.3,48.95,97.7,50.1046,49.8954,2012,legi
2012_legi_t1,72181_0036,72,Sarthe,20.0,,72181,Le Mans,2.0,,0036,922,389,533,0.0,17,516,42.19,57.81,,,1.84,3.19,55.97,96.81,57.8091,42.1909,2012,legi
2012_legi_t1,72181_0037,72,Sarthe,20.0,,72181,Le Mans,2.0,,0037,996,480,516,0.0,10,506,48.19,51.81,,,1.0,1.94,50.8,98.06,51.8072,48.1928,2012,legi
2012_legi_t1,72181_0038,72,Sarthe,20.0,,72181,Le Mans,2.0,,0038,1043,632,411,0.0,14,397,60.59,39.41,,,1.34,3.41,38.06,96.59,39.4056,60.5944,2012,legi
2012_legi_t1,72181_0039,72,Sarthe,20.0,,72181,Le Mans,2.0,,0039,1054,617,437,0.0,12,425,58.54,41.46,,,1.14,2.75,40.32,97.25,41.4611,58.5389,2012,legi
2012_legi_t1,72181_0040,72,Sarthe,20.0,,72181,Le Mans,2.0,,0040,1028,543,485,0.0,14,471,52.82,47.18,,,1.36,2.89,45.82,97.11,47.179,52.821,2012,legi
2012_legi_t1,72181_0041,72,Sarthe,20.0,,72181,Le Mans,2.0,,0041,938,543,395,0.0,13,382,57.89,42.11,,,1.39,3.29,40.72,96.71,42.1109,57.8891,2012,legi
2012_legi_t1,72181_0042,72,Sarthe,20.0,,72181,Le Mans,2.0,,0042,844,558,286,0.0,12,274,66.11,33.89,,,1.42,4.2,32.46,95.8,33.8863,66.1137,2012,legi
2012_legi_t1,72181_0043,72,Sarthe,20.0,,72181,Le Mans,2.0,,0043,997,576,421,0.0,13,408,57.77,42.23,,,1.3,3.09,40.92,96.91,42.2267,57.7733,2012,legi
2012_legi_t1,72181_0044,72,Sarthe,20.0,,72181,Le Mans,2.0,,0044,1016,519,497,0.0,12,485,51.08,48.92,,,1.18,2.41,47.74,97.59,48.9173,51.0827,2012,legi
2012_legi_t1,72181_0045,72,Sarthe,20.0,,72181,Le Mans,2.0,,0045,1015,423,592,0.0,12,580,41.67,58.33,,,1.18,2.03,57.14,97.97,58.3251,41.6749,2012,legi
2012_legi_t1,72181_0046,72,Sarthe,20.0,,72181,Le Mans,2.0,,0046,1049,476,573,0.0,15,558,45.38,54.62,,,1.43,2.62,53.19,97.38,54.6235,45.3765,2012,legi
2012_legi_t1,72181_0047,72,Sarthe,37.0,,72181,Le Mans,2.0,,0047,1112,494,618,0.0,21,597,44.42,55.58,,,1.89,3.4,53.69,96.6,55.5755,44.4245,2012,legi
2012_legi_t1,72181_0048,72,Sarthe,37.0,,72181,Le Mans,2.0,,0048,1053,488,565,0.0,4,561,46.34,53.66,,,0.38,0.71,53.28,99.29,53.6562,46.3438,2012,legi
2012_legi_t1,72181_0049,72,Sarthe,37.0,,72181,Le Mans,2.0,,0049,992,509,483,0.0,17,466,51.31,48.69,,,1.71,3.52,46.98,96.48,48.6895,51.3105,2012,legi
2012_legi_t1,72181_0050,72,Sarthe,35.0,,72181,Le Mans,2.0,,0050,1030,494,536,0.0,17,519,47.96,52.04,,,1.65,3.17,50.39,96.83,52.0388,47.9612,2012,legi
2012_legi_t1,72181_0051,72,Sarthe,35.0,,72181,Le Mans,2.0,,0051,918,532,386,0.0,22,364,57.95,42.05,,,2.4,5.7,39.65,94.3,42.0479,57.9521,2012,legi
2012_legi_t1,72181_0052,72,Sarthe,35.0,,72181,Le Mans,2.0,,0052,825,387,438,0.0,8,430,46.91,53.09,,,0.97,1.83,52.12,98.17,53.0909,46.9091,2012,legi
2012_legi_t1,72181_0053,72,Sarthe,35.0,,72181,Le Mans,2.0,,0053,905,431,474,0.0,15,459,47.62,52.38,,,1.66,3.16,50.72,96.84,52.3757,47.6243,2012,legi
2012_legi_t1,72181_0054,72,Sarthe,35.0,,72181,Le Mans,2.0,,0054,1019,451,568,0.0,14,554,44.26,55.74,,,1.37,2.46,54.37,97.54,55.7409,44.2591,2012,legi
2012_legi_t1,72181_0055,72,Sarthe,35.0,,72181,Le Mans,2.0,,0055,1057,654,403,0.0,14,389,61.87,38.13,,,1.32,3.47,36.8,96.53,38.1268,61.8732,2012,legi
2012_legi_t1,72181_0056,72,Sarthe,35.0,,72181,Le Mans,2.0,,0056,1024,584,440,0.0,11,429,57.03,42.97,,,1.07,2.5,41.89,97.5,42.9688,57.0312,2012,legi
2012_legi_t1,72181_0057,72,Sarthe,35.0,,72181,Le Mans,2.0,,0057,960,537,423,0.0,16,407,55.94,44.06,,,1.67,3.78,42.4,96.22,44.0625,55.9375,2012,legi
2012_legi_t1,72181_0058,72,Sarthe,35.0,,72181,Le Mans,2.0,,0058,856,472,384,0.0,12,372,55.14,44.86,,,1.4,3.12,43.46,96.88,44.8598,55.1402,2012,legi
2012_legi_t1,72181_0059,72,Sarthe,35.0,,72181,Le Mans,2.0,,0059,926,460,466,0.0,17,449,49.68,50.32,,,1.84,3.65,48.49,96.35,50.324,49.676,2012,legi
2012_legi_t1,72181_0060,72,Sarthe,35.0,,72181,Le Mans,2.0,,0060,966,464,502,0.0,21,481,48.03,51.97,,,2.17,4.18,49.79,95.82,51.9669,48.0331,2012,legi
2012_legi_t1,72181_0061,72,Sarthe,35.0,,72181,Le Mans,2.0,,0061,1047,444,603,0.0,17,586,42.41,57.59,,,1.62,2.82,55.97,97.18,57.5931,42.4069,2012,legi
2012_legi_t1,72181_0062,72,Sarthe,35.0,,72181,Le Mans,2.0,,0062,1035,453,582,0.0,13,569,43.77,56.23,,,1.26,2.23,54.98,97.77,56.2319,43.7681,2012,legi
2012_legi_t1,72181_0063,72,Sarthe,35.0,,72181,Le Mans,2.0,,0063,878,411,467,0.0,16,451,46.81,53.19,,,1.82,3.43,51.37,96.57,53.1891,46.8109,2012,legi
2012_legi_t1,72181_0064,72,Sarthe,36.0,,72181,Le Mans,2.0,,0064,901,383,518,0.0,18,500,42.51,57.49,,,2.0,3.47,55.49,96.53,57.4917,42.5083,2012,legi
2012_legi_t1,72181_0065,72,Sarthe,36.0,,72181,Le Mans,2.0,,0065,877,422,455,0.0,11,444,48.12,51.88,,,1.25,2.42,50.63,97.58,51.8814,48.1186,2012,legi
2012_legi_t1,72181_0066,72,Sarthe,36.0,,72181,Le Mans,2.0,,0066,875,421,454,0.0,19,435,48.11,51.89,,,2.17,4.19,49.71,95.81,51.8857,48.1143,2012,legi
2012_legi_t1,72181_0067,72,Sarthe,36.0,,72181,Le Mans,2.0,,0067,1036,570,466,0.0,15,451,55.02,44.98,,,1.45,3.22,43.53,96.78,44.9807,55.0193,2012,legi
2012_legi_t1,72181_0068,72,Sarthe,36.0,,72181,Le Mans,2.0,,0068,986,472,514,0.0,10,504,47.87,52.13,,,1.01,1.95,51.12,98.05,52.1298,47.8702,2012,legi
2012_legi_t1,72181_0069,72,Sarthe,36.0,,72181,Le Mans,2.0,,0069,792,315,477,0.0,7,470,39.77,60.23,,,0.88,1.47,59.34,98.53,60.2273,39.7727,2012,legi
2012_legi_t1,72181_0070,72,Sarthe,36.0,,72181,Le Mans,2.0,,0070,834,389,445,0.0,9,436,46.64,53.36,,,1.08,2.02,52.28,97.98,53.3573,46.6427,2012,legi
2012_legi_t1,72181_0071,72,Sarthe,36.0,,72181,Le Mans,2.0,,0071,904,386,518,0.0,17,501,42.7,57.3,,,1.88,3.28,55.42,96.72,57.3009,42.6991,2012,legi
2012_legi_t1,72181_0072,72,Sarthe,39.0,,72181,Le Mans,4.0,,0072,1010,437,573,0.0,11,562,43.27,56.73,,,1.09,1.92,55.64,98.08,56.7327,43.2673,2012,legi
2012_legi_t1,72181_0073,72,Sarthe,39.0,,72181,Le Mans,4.0,,0073,1081,502,579,0.0,19,560,46.44,53.56,,,1.76,3.28,51.8,96.72,53.5615,46.4385,2012,legi
2012_legi_t1,72181_0074,72,Sarthe,39.0,,72181,Le Mans,4.0,,0074,997,420,577,0.0,7,570,42.13,57.87,,,0.7,1.21,57.17,98.79,57.8736,42.1264,2012,legi
2012_legi_t1,72181_0075,72,Sarthe,39.0,,72181,Le Mans,4.0,,0075,918,385,533,0.0,7,526,41.94,58.06,,,0.76,1.31,57.3,98.69,58.061,41.939,2012,legi
2012_legi_t1,72181_0076,72,Sarthe,39.0,,72181,Le Mans,4.0,,0076,968,496,472,0.0,9,463,51.24,48.76,,,0.93,1.91,47.83,98.09,48.7603,51.2397,2012,legi
2012_legi_t1,72181_0077,72,Sarthe,39.0,,72181,Le Mans,4.0,,0077,990,417,573,0.0,20,553,42.12,57.88,,,2.02,3.49,55.86,96.51,57.8788,42.1212,2012,legi
2012_legi_t1,72181_0078,72,Sarthe,39.0,,72181,Le Mans,4.0,,0078,882,335,547,0.0,18,529,37.98,62.02,,,2.04,3.29,59.98,96.71,62.0181,37.9819,2012,legi
2012_legi_t1,72181_0079,72,Sarthe,39.0,,72181,Le Mans,4.0,,0079,954,404,550,0.0,12,538,42.35,57.65,,,1.26,2.18,56.39,97.82,57.652,42.348,2012,legi
2012_legi_t1,72181_0080,72,Sarthe,39.0,,72181,Le Mans,4.0,,0080,847,362,485,0.0,12,473,42.74,57.26,,,1.42,2.47,55.84,97.53,57.2609,42.7391,2012,legi
2012_legi_t1,72181_0081,72,Sarthe,39.0,,72181,Le Mans,4.0,,0081,898,375,523,0.0,9,514,41.76,58.24,,,1.0,1.72,57.24,98.28,58.2405,41.7595,2012,legi
2012_legi_t1,72181_0082,72,Sarthe,39.0,,72181,Le Mans,4.0,,0082,965,392,573,0.0,9,564,40.62,59.38,,,0.93,1.57,58.45,98.43,59.3782,40.6218,2012,legi
2012_legi_t1,72181_0083,72,Sarthe,39.0,,72181,Le Mans,4.0,,0083,1052,410,642,0.0,17,625,38.97,61.03,,,1.62,2.65,59.41,97.35,61.0266,38.9734,2012,legi
2012_legi_t1,72181_0084,72,Sarthe,34.0,,72181,Le Mans,1.0,,0084,1006,422,584,0.0,9,575,41.95,58.05,,,0.89,1.54,57.16,98.46,58.0517,41.9483,2012,legi
2012_legi_t1,72181_0085,72,Sarthe,34.0,,72181,Le Mans,1.0,,0085,993,407,586,0.0,8,578,40.99,59.01,,,0.81,1.37,58.21,98.63,59.0131,40.9869,2012,legi
2012_legi_t1,72181_0086,72,Sarthe,34.0,,72181,Le Mans,1.0,,0086,1083,486,597,0.0,8,589,44.88,55.12,,,0.74,1.34,54.39,98.66,55.1247,44.8753,2012,legi
2012_legi_t1,72181_0087,72,Sarthe,34.0,,72181,Le Mans,1.0,,0087,1057,486,571,0.0,7,564,45.98,54.02,,,0.66,1.23,53.36,98.77,54.0208,45.9792,2012,legi
2012_legi_t1,72181_0088,72,Sarthe,34.0,,72181,Le Mans,1.0,,0088,1086,455,631,0.0,14,617,41.9,58.1,,,1.29,2.22,56.81,97.78,58.1031,41.8969,2012,legi
2012_legi_t1,72181_0089,72,Sarthe,34.0,,72181,Le Mans,1.0,,0089,1072,482,590,0.0,10,580,44.96,55.04,,,0.93,1.69,54.1,98.31,55.0373,44.9627,2012,legi
2012_legi_t1,72181_0090,72,Sarthe,34.0,,72181,Le Mans,1.0,,0090,949,438,511,0.0,17,494,46.15,53.85,,,1.79,3.33,52.05,96.67,53.8462,46.1538,2012,legi
2012_legi_t1,72181_0091,72,Sarthe,34.0,,72181,Le Mans,1.0,,0091,1036,470,566,0.0,14,552,45.37,54.63,,,1.35,2.47,53.28,97.53,54.6332,45.3668,2012,legi
2012_legi_t1,72181_0092,72,Sarthe,34.0,,72181,Le Mans,1.0,,0092,1029,404,625,0.0,21,604,39.26,60.74,,,2.04,3.36,58.7,96.64,60.7386,39.2614,2012,legi
2012_legi_t1,72181_0093,72,Sarthe,34.0,,72181,Le Mans,1.0,,0093,1011,462,549,0.0,16,533,45.7,54.3,,,1.58,2.91,52.72,97.09,54.3027,45.6973,2012,legi
2012_legi_t1,72181_0094,72,Sarthe,34.0,,72181,Le Mans,1.0,,0094,1038,459,579,0.0,13,566,44.22,55.78,,,1.25,2.25,54.53,97.75,55.7803,44.2197,2012,legi
2012_legi_t1,72181_0095,72,Sarthe,34.0,,72181,Le Mans,1.0,,0095,937,420,517,0.0,16,501,44.82,55.18,,,1.71,3.09,53.47,96.91,55.1761,44.8239,2012,legi
2012_legi_t1,72181_0096,72,Sarthe,34.0,,72181,Le Mans,1.0,,0096,740,337,403,0.0,8,395,45.54,54.46,,,1.08,1.99,53.38,98.01,54.4595,45.5405,2012,legi
2012_legi_t1,72181_0097,72,Sarthe,34.0,,72181,Le Mans,1.0,,0097,1133,528,605,0.0,9,596,46.6,53.4,,,0.79,1.49,52.6,98.51,53.3981,46.6019,2012,legi
2012_legi_t1,85001_0001,85,Vendée,11.0,,85001,L'Aiguillon-Sur-Mer,5.0,,0001,1041,363,678,0.0,7,671,34.87,65.13,,,0.67,1.03,64.46,98.97,65.1297,34.8703,2012,legi
2012_legi_t1,85001_0002,85,Vendée,11.0,,85001,L'Aiguillon-Sur-Mer,5.0,,0002,958,391,567,0.0,7,560,40.81,59.19,,,0.73,1.23,58.46,98.77,59.1858,40.8142,2012,legi
2012_legi_t1,85003_0003,85,Vendée,20.0,,85003,Aizenay,1.0,,0003,1191,480,711,0.0,17,694,40.3,59.7,,,1.43,2.39,58.27,97.61,59.6977,40.3023,2012,legi
2012_legi_t1,85003_0004,85,Vendée,20.0,,85003,Aizenay,1.0,,0004,1061,394,667,0.0,15,652,37.13,62.87,,,1.41,2.25,61.45,97.75,62.8652,37.1348,2012,legi
2012_legi_t1,85003_0005,85,Vendée,20.0,,85003,Aizenay,1.0,,0005,1297,502,795,0.0,15,780,38.7,61.3,,,1.16,1.89,60.14,98.11,61.2953,38.7047,2012,legi
2012_legi_t1,85020_0006,85,Vendée,12.0,,85020,Benet,5.0,,0006,934,376,558,0.0,8,550,40.26,59.74,,,0.86,1.43,58.89,98.57,59.743,40.257,2012,legi
2012_legi_t1,85047_0007,85,Vendée,3.0,,85047,Challans,1.0,,0007,1096,443,653,0.0,8,645,40.42,59.58,,,0.73,1.23,58.85,98.77,59.5803,40.4197,2012,legi
2012_legi_t1,85047_0008,85,Vendée,3.0,,85047,Challans,1.0,,0008,990,404,586,0.0,13,573,40.81,59.19,,,1.31,2.22,57.88,97.78,59.1919,40.8081,2012,legi
2012_legi_t1,85047_0009,85,Vendée,3.0,,85047,Challans,1.0,,0009,1068,453,615,0.0,8,607,42.42,57.58,,,0.75,1.3,56.84,98.7,57.5843,42.4157,2012,legi
2012_legi_t1,85047_0010,85,Vendée,3.0,,85047,Challans,1.0,,0010,990,420,570,0.0,12,558,42.42,57.58,,,1.21,2.11,56.36,97.89,57.5758,42.4242,2012,legi
2012_legi_t1,85047_0011,85,Vendée,3.0,,85047,Challans,1.0,,0011,958,429,529,0.0,8,521,44.78,55.22,,,0.84,1.51,54.38,98.49,55.2192,44.7808,2012,legi
2012_legi_t1,85047_0012,85,Vendée,3.0,,85047,Challans,1.0,,0012,1035,407,628,0.0,10,618,39.32,60.68,,,0.97,1.59,59.71,98.41,60.6763,39.3237,2012,legi
2012_legi_t1,85047_0013,85,Vendée,3.0,,85047,Challans,1.0,,0013,1012,448,564,0.0,13,551,44.27,55.73,,,1.28,2.3,54.45,97.7,55.7312,44.2688,2012,legi
2012_legi_t1,85047_0014,85,Vendée,3.0,,85047,Challans,1.0,,0014,1059,450,609,0.0,9,600,42.49,57.51,,,0.85,1.48,56.66,98.52,57.5071,42.4929,2012,legi
2012_legi_t1,85047_0015,85,Vendée,3.0,,85047,Challans,1.0,,0015,1022,461,561,0.0,10,551,45.11,54.89,,,0.98,1.78,53.91,98.22,54.8924,45.1076,2012,legi
2012_legi_t1,85191_0016,85,Vendée,31.0,,85191,La Roche-Sur-Yon,2.0,,0016,1000,392,608,0.0,11,597,39.2,60.8,,,1.1,1.81,59.7,98.19,60.8,39.2,2012,legi
2012_legi_t1,85191_0017,85,Vendée,31.0,,85191,La Roche-Sur-Yon,2.0,,0017,965,396,569,0.0,7,562,41.04,58.96,,,0.73,1.23,58.24,98.77,58.9637,41.0363,2012,legi
2012_legi_t1,85191_0018,85,Vendée,31.0,,85191,La Roche-Sur-Yon,2.0,,0018,1160,504,656,0.0,6,650,43.45,56.55,,,0.52,0.91,56.03,99.09,56.5517,43.4483,2012,legi
2012_legi_t1,85191_0019,85,Vendée,23.0,,85191,La Roche-Sur-Yon,1.0,,0019,961,388,573,0.0,13,560,40.37,59.63,,,1.35,2.27,58.27,97.73,59.6254,40.3746,2012,legi
2012_legi_t1,85191_0020,85,Vendée,23.0,,85191,La Roche-Sur-Yon,1.0,,0020,954,349,605,0.0,5,600,36.58,63.42,,,0.52,0.83,62.89,99.17,63.4172,36.5828,2012,legi
2012_legi_t1,85191_0021,85,Vendée,23.0,,85191,La Roche-Sur-Yon,1.0,,0021,916,429,487,0.0,12,475,46.83,53.17,,,1.31,2.46,51.86,97.54,53.1659,46.8341,2012,legi
2012_legi_t1,85191_0022,85,Vendée,23.0,,85191,La Roche-Sur-Yon,1.0,,0022,1251,473,778,0.0,10,768,37.81,62.19,,,0.8,1.29,61.39,98.71,62.1902,37.8098,2012,legi
2012_legi_t1,85191_0023,85,Vendée,23.0,,85191,La Roche-Sur-Yon,1.0,,0023,919,353,566,0.0,17,549,38.41,61.59,,,1.85,3.0,59.74,97.0,61.5887,38.4113,2012,legi
2012_legi_t1,85191_0024,85,Vendée,23.0,,85191,La Roche-Sur-Yon,1.0,,0024,743,273,470,0.0,10,460,36.74,63.26,,,1.35,2.13,61.91,97.87,63.2571,36.7429,2012,legi
2012_legi_t1,85191_0025,85,Vendée,23.0,,85191,La Roche-Sur-Yon,1.0,,0025,995,496,499,0.0,10,489,49.85,50.15,,,1.01,2.0,49.15,98.0,50.1508,49.8492,2012,legi
2012_legi_t1,85191_0026,85,Vendée,23.0,,85191,La Roche-Sur-Yon,1.0,,0026,1424,612,812,0.0,12,800,42.98,57.02,,,0.84,1.48,56.18,98.52,57.0225,42.9775,2012,legi
2012_legi_t1,85191_0027,85,Vendée,23.0,,85191,La Roche-Sur-Yon,1.0,,0027,886,413,473,0.0,11,462,46.61,53.39,,,1.24,2.33,52.14,97.67,53.386,46.614,2012,legi
2012_legi_t1,85191_0028,85,Vendée,23.0,,85191,La Roche-Sur-Yon,1.0,,0028,1085,447,638,0.0,10,628,41.2,58.8,,,0.92,1.57,57.88,98.43,58.8018,41.1982,2012,legi
2012_legi_t1,85191_0029,85,Vendée,23.0,,85191,La Roche-Sur-Yon,1.0,,0029,1062,389,673,0.0,16,657,36.63,63.37,,,1.51,2.38,61.86,97.62,63.371,36.629,2012,legi
2012_legi_t1,85191_0030,85,Vendée,23.0,,85191,La Roche-Sur-Yon,1.0,,0030,1264,519,745,0.0,15,730,41.06,58.94,,,1.19,2.01,57.75,97.99,58.9399,41.0601,2012,legi
2012_legi_t1,85191_0031,85,Vendée,23.0,,85191,La Roche-Sur-Yon,1.0,,0031,927,348,579,0.0,7,572,37.54,62.46,,,0.76,1.21,61.7,98.79,62.4595,37.5405,2012,legi
2012_legi_t1,85191_0032,85,Vendée,23.0,,85191,La Roche-Sur-Yon,1.0,,0032,718,366,352,0.0,5,347,50.97,49.03,,,0.7,1.42,48.33,98.58,49.0251,50.9749,2012,legi
2012_legi_t1,85191_0033,85,Vendée,23.0,,85191,La Roche-Sur-Yon,1.0,,0033,893,478,415,0.0,8,407,53.53,46.47,,,0.9,1.93,45.58,98.07,46.4726,53.5274,2012,legi
2012_legi_t1,85191_0034,85,Vendée,23.0,,85191,La Roche-Sur-Yon,1.0,,0034,996,426,570,0.0,13,557,42.77,57.23,,,1.31,2.28,55.92,97.72,57.2289,42.7711,2012,legi
2012_legi_t1,85191_0035,85,Vendée,31.0,,85191,La Roche-Sur-Yon,2.0,,0035,813,305,508,0.0,8,500,37.52,62.48,,,0.98,1.57,61.5,98.43,62.4846,37.5154,2012,legi
2012_legi_t1,85191_0036,85,Vendée,31.0,,85191,La Roche-Sur-Yon,2.0,,0036,635,212,423,0.0,6,417,33.39,66.61,,,0.94,1.42,65.67,98.58,66.6142,33.3858,2012,legi
2012_pres_t1,44001_0001,44,Loire-Atlantique,28.0,,44001,Abbaretz,6.0,,0001,1372,229,1143,0.0,21,1122,16.69,83.31,,,1.53,1.84,81.78,98.16,83.309,16.691,2012,pres
2012_pres_t1,44002_0002,44,Loire-Atlantique,1.0,,44002,Aigrefeuille-Sur-Maine,10.0,,0002,1186,115,1071,0.0,19,1052,9.7,90.3,,,1.6,1.77,88.7,98.23,90.3035,9.6965,2012,pres
2012_pres_t1,44003_0003,44,Loire-Atlantique,2.0,,44003,Ancenis,6.0,,0003,881,196,685,0.0,19,666,22.25,77.75,,,2.16,2.77,75.6,97.23,77.7526,22.2474,2012,pres
2012_pres_t1,44003_0004,44,Loire-Atlantique,2.0,,44003,Ancenis,6.0,,0004,860,155,705,0.0,13,692,18.02,81.98,,,1.51,1.84,80.47,98.16,81.9767,18.0233,2012,pres
2012_pres_t1,44003_0005,44,Loire-Atlantique,2.0,,44003,Ancenis,6.0,,0005,891,147,744,0.0,22,722,16.5,83.5,,,2.47,2.96,81.03,97.04,83.5017,16.4983,2012,pres
2012_pres_t1,44003_0006,44,Loire-Atlantique,2.0,,44003,Ancenis,6.0,,0006,1091,116,975,0.0,23,952,10.63,89.37,,,2.11,2.36,87.26,97.64,89.3676,10.6324,2012,pres
2012_pres_t1,44009_0007,44,Loire-Atlantique,59.0,,44009,Basse-Goulaine,10.0,,0007,1043,109,934,0.0,8,926,10.45,89.55,,,0.77,0.86,88.78,99.14,89.5494,10.4506,2012,pres
2012_pres_t1,44015_0008,44,Loire-Atlantique,3.0,,44015,Blain,6.0,,0008,608,81,527,0.0,24,503,13.32,86.68,,,3.95,4.55,82.73,95.45,86.6776,13.3224,2012,pres
2012_pres_t1,44015_0009,44,Loire-Atlantique,3.0,,44015,Blain,6.0,,0009,944,185,759,0.0,21,738,19.6,80.4,,,2.22,2.77,78.18,97.23,80.4025,19.5975,2012,pres
2012_pres_t1,44020_0010,44,Loire-Atlantique,51.0,,44020,Bouguenais,4.0,,0010,1012,146,866,0.0,12,854,14.43,85.57,,,1.19,1.39,84.39,98.61,85.5731,14.4269,2012,pres
2012_pres_t1,44020_0011,44,Loire-Atlantique,51.0,,44020,Bouguenais,4.0,,0011,1028,178,850,0.0,11,839,17.32,82.68,,,1.07,1.29,81.61,98.71,82.6848,17.3152,2012,pres
2012_pres_t1,44020_0012,44,Loire-Atlantique,51.0,,44020,Bouguenais,4.0,,0012,1120,162,958,0.0,28,930,14.46,85.54,,,2.5,2.92,83.04,97.08,85.5357,14.4643,2012,pres
2012_pres_t1,44026_0013,44,Loire-Atlantique,6.0,,44026,Carquefou,5.0,,0013,954,114,840,0.0,8,832,11.95,88.05,,,0.84,0.95,87.21,99.05,88.0503,11.9497,2012,pres
2012_pres_t1,44026_0014,44,Loire-Atlantique,6.0,,44026,Carquefou,5.0,,0014,1060,136,924,0.0,16,908,12.83,87.17,,,1.51,1.73,85.66,98.27,87.1698,12.8302,2012,pres
2012_pres_t1,44026_0015,44,Loire-Atlantique,6.0,,44026,Carquefou,5.0,,0015,829,142,687,0.0,12,675,17.13,82.87,,,1.45,1.75,81.42,98.25,82.8709,17.1291,2012,pres
2012_pres_t1,44047_0016,44,Loire-Atlantique,35.0,,44047,Cou?Ron,3.0,,0016,1118,181,937,0.0,25,912,16.19,83.81,,,2.24,2.67,81.57,97.33,83.8104,16.1896,2012,pres
2012_pres_t1,44069_0017,44,Loire-Atlantique,13.0,,44069,Gu?Rande,7.0,,0017,660,129,531,0.0,5,526,19.55,80.45,,,0.76,0.94,79.7,99.06,80.4545,19.5455,2012,pres
2012_pres_t1,44069_0018,44,Loire-Atlantique,13.0,,44069,Gu?Rande,7.0,,0018,630,107,523,0.0,6,517,16.98,83.02,,,0.95,1.15,82.06,98.85,83.0159,16.9841,2012,pres
2012_pres_t1,44109_0101,44,Loire-Atlantique,20.0,,44109,Nantes,1.0,,0101,988,349,639,0.0,7,632,35.32,64.68,,,0.71,1.1,63.97,98.9,64.6761,35.3239,2012,pres
2012_pres_t1,44109_0102,44,Loire-Atlantique,20.0,,44109,Nantes,1.0,,0102,1291,249,1042,0.0,12,1030,19.29,80.71,,,0.93,1.15,79.78,98.85,80.7126,19.2874,2012,pres
2012_pres_t1,44109_0103,44,Loire-Atlantique,20.0,,44109,Nantes,1.0,,0103,789,138,651,0.0,7,644,17.49,82.51,,,0.89,1.08,81.62,98.92,82.5095,17.4905,2012,pres
2012_pres_t1,44109_0104,44,Loire-Atlantique,20.0,,44109,Nantes,1.0,,0104,1086,193,893,0.0,11,882,17.77,82.23,,,1.01,1.23,81.22,98.77,82.2284,17.7716,2012,pres
2012_pres_t1,44109_0105,44,Loire-Atlantique,20.0,,44109,Nantes,1.0,,0105,895,187,708,0.0,9,699,20.89,79.11,,,1.01,1.27,78.1,98.73,79.1061,20.8939,2012,pres
2012_pres_t1,44109_0106,44,Loire-Atlantique,20.0,,44109,Nantes,1.0,,0106,713,86,627,0.0,8,619,12.06,87.94,,,1.12,1.28,86.82,98.72,87.9383,12.0617,2012,pres
2012_pres_t1,44109_0107,44,Loire-Atlantique,20.0,,44109,Nantes,1.0,,0107,774,126,648,0.0,4,644,16.28,83.72,,,0.52,0.62,83.2,99.38,83.7209,16.2791,2012,pres
2012_pres_t1,44109_0108,44,Loire-Atlantique,20.0,,44109,Nantes,1.0,,0108,621,104,517,0.0,4,513,16.75,83.25,,,0.64,0.77,82.61,99.23,83.2528,16.7472,2012,pres
2012_pres_t1,44109_0109,44,Loire-Atlantique,20.0,,44109,Nantes,1.0,,0109,646,101,545,0.0,3,542,15.63,84.37,,,0.46,0.55,83.9,99.45,84.3653,15.6347,2012,pres
2012_pres_t1,44109_0110,44,Loire-Atlantique,20.0,,44109,Nantes,1.0,,0110,702,137,565,0.0,10,555,19.52,80.48,,,1.42,1.77,79.06,98.23,80.4843,19.5157,2012,pres
2012_pres_t1,44109_0111,44,Loire-Atlantique,20.0,,44109,Nantes,1.0,,0111,641,126,515,0.0,6,509,19.66,80.34,,,0.94,1.17,79.41,98.83,80.3432,19.6568,2012,pres
2012_pres_t1,44109_0112,44,Loire-Atlantique,20.0,,44109,Nantes,1.0,,0112,784,116,668,0.0,6,662,14.8,85.2,,,0.77,0.9,84.44,99.1,85.2041,14.7959,2012,pres
2012_pres_t1,44109_0113,44,Loire-Atlantique,20.0,,44109,Nantes,1.0,,0113,895,173,722,0.0,7,715,19.33,80.67,,,0.78,0.97,79.89,99.03,80.6704,19.3296,2012,pres
2012_pres_t1,44109_0114,44,Loire-Atlantique,20.0,,44109,Nantes,1.0,,0114,648,106,542,0.0,4,538,16.36,83.64,,,0.62,0.74,83.02,99.26,83.642,16.358,2012,pres
2012_pres_t1,44109_0115,44,Loire-Atlantique,20.0,,44109,Nantes,1.0,,0115,803,115,688,0.0,11,677,14.32,85.68,,,1.37,1.6,84.31,98.4,85.6787,14.3213,2012,pres
2012_pres_t1,44109_0116,44,Loire-Atlantique,20.0,,44109,Nantes,1.0,,0116,794,154,640,0.0,5,635,19.4,80.6,,,0.63,0.78,79.97,99.22,80.6045,19.3955,2012,pres
2012_pres_t1,44109_0117,44,Loire-Atlantique,20.0,,44109,Nantes,1.0,,0117,981,151,830,0.0,11,819,15.39,84.61,,,1.12,1.33,83.49,98.67,84.6075,15.3925,2012,pres
2012_pres_t1,44109_0118,44,Loire-Atlantique,20.0,,44109,Nantes,1.0,,0118,755,109,646,0.0,10,636,14.44,85.56,,,1.32,1.55,84.24,98.45,85.5629,14.4371,2012,pres
2012_pres_t1,44109_0119,44,Loire-Atlantique,20.0,,44109,Nantes,1.0,,0119,881,151,730,0.0,16,714,17.14,82.86,,,1.82,2.19,81.04,97.81,82.8604,17.1396,2012,pres
2012_pres_t1,44109_0120,44,Loire-Atlantique,20.0,,44109,Nantes,1.0,,0120,622,99,523,0.0,3,520,15.92,84.08,,,0.48,0.57,83.6,99.43,84.0836,15.9164,2012,pres
2012_pres_t1,44109_0121,44,Loire-Atlantique,20.0,,44109,Nantes,1.0,,0121,1054,143,911,0.0,10,901,13.57,86.43,,,0.95,1.1,85.48,98.9,86.4326,13.5674,2012,pres
2012_pres_t1,44109_0201,44,Loire-Atlantique,21.0,,44109,Nantes,2.0,,0201,1079,173,906,0.0,13,893,16.03,83.97,,,1.2,1.43,82.76,98.57,83.9666,16.0334,2012,pres
2012_pres_t1,44109_0202,44,Loire-Atlantique,21.0,,44109,Nantes,2.0,,0202,769,210,559,0.0,8,551,27.31,72.69,,,1.04,1.43,71.65,98.57,72.6918,27.3082,2012,pres
2012_pres_t1,44109_0203,44,Loire-Atlantique,21.0,,44109,Nantes,2.0,,0203,1165,233,932,0.0,6,926,20.0,80.0,,,0.52,0.64,79.48,99.36,80.0,20.0,2012,pres
2012_pres_t1,44109_0204,44,Loire-Atlantique,21.0,,44109,Nantes,2.0,,0204,932,152,780,0.0,7,773,16.31,83.69,,,0.75,0.9,82.94,99.1,83.691,16.309,2012,pres
2012_pres_t1,44109_0205,44,Loire-Atlantique,21.0,,44109,Nantes,2.0,,0205,1023,161,862,0.0,17,845,15.74,84.26,,,1.66,1.97,82.6,98.03,84.262,15.738,2012,pres
2012_pres_t1,44109_0206,44,Loire-Atlantique,21.0,,44109,Nantes,2.0,,0206,829,142,687,0.0,6,681,17.13,82.87,,,0.72,0.87,82.15,99.13,82.8709,17.1291,2012,pres
2012_pres_t1,44109_0207,44,Loire-Atlantique,21.0,,44109,Nantes,2.0,,0207,857,138,719,0.0,10,709,16.1,83.9,,,1.17,1.39,82.73,98.61,83.8973,16.1027,2012,pres
2012_pres_t1,44109_0208,44,Loire-Atlantique,21.0,,44109,Nantes,2.0,,0208,723,131,592,0.0,6,586,18.12,81.88,,,0.83,1.01,81.05,98.99,81.8811,18.1189,2012,pres
2012_pres_t1,44109_0209,44,Loire-Atlantique,21.0,,44109,Nantes,2.0,,0209,750,105,645,0.0,4,641,14.0,86.0,,,0.53,0.62,85.47,99.38,86.0,14.0,2012,pres
2012_pres_t1,44109_0210,44,Loire-Atlantique,21.0,,44109,Nantes,2.0,,0210,743,139,604,0.0,9,595,18.71,81.29,,,1.21,1.49,80.08,98.51,81.2921,18.7079,2012,pres
2012_pres_t1,44109_0211,44,Loire-Atlantique,21.0,,44109,Nantes,2.0,,0211,784,160,624,0.0,5,619,20.41,79.59,,,0.64,0.8,78.95,99.2,79.5918,20.4082,2012,pres
2012_pres_t1,44109_0212,44,Loire-Atlantique,21.0,,44109,Nantes,2.0,,0212,849,144,705,0.0,8,697,16.96,83.04,,,0.94,1.13,82.1,98.87,83.0389,16.9611,2012,pres
2012_pres_t1,44109_0213,44,Loire-Atlantique,21.0,,44109,Nantes,2.0,,0213,782,102,680,0.0,8,672,13.04,86.96,,,1.02,1.18,85.93,98.82,86.9565,13.0435,2012,pres
2012_pres_t1,44109_0214,44,Loire-Atlantique,21.0,,44109,Nantes,2.0,,0214,770,126,644,0.0,10,634,16.36,83.64,,,1.3,1.55,82.34,98.45,83.6364,16.3636,2012,pres
2012_pres_t1,44109_0215,44,Loire-Atlantique,21.0,,44109,Nantes,2.0,,0215,618,110,508,0.0,3,505,17.8,82.2,,,0.49,0.59,81.72,99.41,82.2006,17.7994,2012,pres
2012_pres_t1,44109_0216,44,Loire-Atlantique,21.0,,44109,Nantes,2.0,,0216,904,174,730,0.0,9,721,19.25,80.75,,,1.0,1.23,79.76,98.77,80.7522,19.2478,2012,pres
2012_pres_t1,44109_0217,44,Loire-Atlantique,21.0,,44109,Nantes,2.0,,0217,800,114,686,0.0,12,674,14.25,85.75,,,1.5,1.75,84.25,98.25,85.75,14.25,2012,pres
2012_pres_t1,44109_0218,44,Loire-Atlantique,21.0,,44109,Nantes,2.0,,0218,883,149,734,0.0,9,725,16.87,83.13,,,1.02,1.23,82.11,98.77,83.1257,16.8743,2012,pres
2012_pres_t1,44109_0219,44,Loire-Atlantique,21.0,,44109,Nantes,2.0,,0219,1054,220,834,0.0,20,814,20.87,79.13,,,1.9,2.4,77.23,97.6,79.1271,20.8729,2012,pres
2012_pres_t1,44109_0220,44,Loire-Atlantique,21.0,,44109,Nantes,2.0,,0220,922,313,609,0.0,13,596,33.95,66.05,,,1.41,2.13,64.64,97.87,66.0521,33.9479,2012,pres
2012_pres_t1,44109_0221,44,Loire-Atlantique,21.0,,44109,Nantes,2.0,,0221,1303,354,949,0.0,19,930,27.17,72.83,,,1.46,2.0,71.37,98.0,72.8319,27.1681,2012,pres
2012_pres_t1,44109_0222,44,Loire-Atlantique,21.0,,44109,Nantes,2.0,,0222,879,145,734,0.0,8,726,16.5,83.5,,,0.91,1.09,82.59,98.91,83.504,16.496,2012,pres
2012_pres_t1,44109_0223,44,Loire-Atlantique,21.0,,44109,Nantes,2.0,,0223,1024,201,823,0.0,17,806,19.63,80.37,,,1.66,2.07,78.71,97.93,80.3711,19.6289,2012,pres
2012_pres_t1,44109_0224,44,Loire-Atlantique,21.0,,44109,Nantes,2.0,,0224,817,183,634,0.0,8,626,22.4,77.6,,,0.98,1.26,76.62,98.74,77.601,22.399,2012,pres
2012_pres_t1,44109_0301,44,Loire-Atlantique,22.0,,44109,Nantes,2.0,,0301,721,185,536,0.0,7,529,25.66,74.34,,,0.97,1.31,73.37,98.69,74.3412,25.6588,2012,pres
2012_pres_t1,44109_0302,44,Loire-Atlantique,22.0,,44109,Nantes,2.0,,0302,793,164,629,0.0,12,617,20.68,79.32,,,1.51,1.91,77.81,98.09,79.319,20.681,2012,pres
2012_pres_t1,44109_0303,44,Loire-Atlantique,22.0,,44109,Nantes,2.0,,0303,770,127,643,0.0,8,635,16.49,83.51,,,1.04,1.24,82.47,98.76,83.5065,16.4935,2012,pres
2012_pres_t1,44109_0304,44,Loire-Atlantique,22.0,,44109,Nantes,2.0,,0304,664,130,534,0.0,7,527,19.58,80.42,,,1.05,1.31,79.37,98.69,80.4217,19.5783,2012,pres
2012_pres_t1,44109_0305,44,Loire-Atlantique,22.0,,44109,Nantes,2.0,,0305,678,144,534,0.0,4,530,21.24,78.76,,,0.59,0.75,78.17,99.25,78.7611,21.2389,2012,pres
2012_pres_t1,44109_0306,44,Loire-Atlantique,22.0,,44109,Nantes,2.0,,0306,943,177,766,0.0,7,759,18.77,81.23,,,0.74,0.91,80.49,99.09,81.2301,18.7699,2012,pres
2012_pres_t1,44109_0307,44,Loire-Atlantique,22.0,,44109,Nantes,2.0,,0307,845,131,714,0.0,9,705,15.5,84.5,,,1.07,1.26,83.43,98.74,84.497,15.503,2012,pres
2012_pres_t1,44109_0308,44,Loire-Atlantique,22.0,,44109,Nantes,2.0,,0308,1132,210,922,0.0,12,910,18.55,81.45,,,1.06,1.3,80.39,98.7,81.4488,18.5512,2012,pres
2012_pres_t1,44109_0309,44,Loire-Atlantique,22.0,,44109,Nantes,2.0,,0309,739,141,598,0.0,3,595,19.08,80.92,,,0.41,0.5,80.51,99.5,80.9202,19.0798,2012,pres
2012_pres_t1,44109_0310,44,Loire-Atlantique,22.0,,44109,Nantes,2.0,,0310,1073,193,880,0.0,17,863,17.99,82.01,,,1.58,1.93,80.43,98.07,82.013,17.987,2012,pres
2012_pres_t1,44109_0311,44,Loire-Atlantique,22.0,,44109,Nantes,2.0,,0311,873,151,722,0.0,6,716,17.3,82.7,,,0.69,0.83,82.02,99.17,82.7033,17.2967,2012,pres
2012_pres_t1,44109_0312,44,Loire-Atlantique,22.0,,44109,Nantes,2.0,,0312,874,151,723,0.0,11,712,17.28,82.72,,,1.26,1.52,81.46,98.48,82.7231,17.2769,2012,pres
2012_pres_t1,44109_0313,44,Loire-Atlantique,22.0,,44109,Nantes,2.0,,0313,798,167,631,0.0,6,625,20.93,79.07,,,0.75,0.95,78.32,99.05,79.0727,20.9273,2012,pres
2012_pres_t1,44109_0314,44,Loire-Atlantique,22.0,,44109,Nantes,2.0,,0314,770,150,620,0.0,11,609,19.48,80.52,,,1.43,1.77,79.09,98.23,80.5195,19.4805,2012,pres
2012_pres_t1,44109_0315,44,Loire-Atlantique,22.0,,44109,Nantes,2.0,,0315,977,204,773,0.0,14,759,20.88,79.12,,,1.43,1.81,77.69,98.19,79.1198,20.8802,2012,pres
2012_pres_t1,44109_0316,44,Loire-Atlantique,22.0,,44109,Nantes,2.0,,0316,741,168,573,0.0,6,567,22.67,77.33,,,0.81,1.05,76.52,98.95,77.3279,22.6721,2012,pres
2012_pres_t1,44109_0317,44,Loire-Atlantique,22.0,,44109,Nantes,2.0,,0317,754,158,596,0.0,9,587,20.95,79.05,,,1.19,1.51,77.85,98.49,79.0451,20.9549,2012,pres
2012_pres_t1,44109_0318,44,Loire-Atlantique,22.0,,44109,Nantes,2.0,,0318,744,153,591,0.0,4,587,20.56,79.44,,,0.54,0.68,78.9,99.32,79.4355,20.5645,2012,pres
2012_pres_t1,44109_0319,44,Loire-Atlantique,22.0,,44109,Nantes,2.0,,0319,1378,264,1114,0.0,11,1103,19.16,80.84,,,0.8,0.99,80.04,99.01,80.8418,19.1582,2012,pres
2012_pres_t1,44109_0320,44,Loire-Atlantique,22.0,,44109,Nantes,2.0,,0320,866,190,676,0.0,10,666,21.94,78.06,,,1.15,1.48,76.91,98.52,78.06,21.94,2012,pres
2012_pres_t1,44109_0321,44,Loire-Atlantique,22.0,,44109,Nantes,2.0,,0321,838,202,636,0.0,10,626,24.11,75.89,,,1.19,1.57,74.7,98.43,75.895,24.105,2012,pres
2012_pres_t1,44109_0401,44,Loire-Atlantique,23.0,,44109,Nantes,2.0,,0401,834,157,677,0.0,9,668,18.82,81.18,,,1.08,1.33,80.1,98.67,81.1751,18.8249,2012,pres
2012_pres_t1,44109_0402,44,Loire-Atlantique,23.0,,44109,Nantes,2.0,,0402,789,129,660,0.0,9,651,16.35,83.65,,,1.14,1.36,82.51,98.64,83.6502,16.3498,2012,pres
2012_pres_t1,44109_0403,44,Loire-Atlantique,23.0,,44109,Nantes,2.0,,0403,870,130,740,0.0,11,729,14.94,85.06,,,1.26,1.49,83.79,98.51,85.0575,14.9425,2012,pres
2012_pres_t1,44109_0404,44,Loire-Atlantique,23.0,,44109,Nantes,2.0,,0404,914,158,756,0.0,12,744,17.29,82.71,,,1.31,1.59,81.4,98.41,82.7133,17.2867,2012,pres
2012_pres_t1,44109_0405,44,Loire-Atlantique,23.0,,44109,Nantes,2.0,,0405,1126,175,951,0.0,12,939,15.54,84.46,,,1.07,1.26,83.39,98.74,84.4583,15.5417,2012,pres
2012_pres_t1,44109_0406,44,Loire-Atlantique,23.0,,44109,Nantes,2.0,,0406,791,123,668,0.0,6,662,15.55,84.45,,,0.76,0.9,83.69,99.1,84.4501,15.5499,2012,pres
2012_pres_t1,44109_0407,44,Loire-Atlantique,23.0,,44109,Nantes,2.0,,0407,1007,182,825,0.0,7,818,18.07,81.93,,,0.7,0.85,81.23,99.15,81.9265,18.0735,2012,pres
2012_pres_t1,44109_0408,44,Loire-Atlantique,23.0,,44109,Nantes,2.0,,0408,1171,198,973,0.0,11,962,16.91,83.09,,,0.94,1.13,82.15,98.87,83.0914,16.9086,2012,pres
2012_pres_t1,44109_0409,44,Loire-Atlantique,23.0,,44109,Nantes,2.0,,0409,953,149,804,0.0,4,800,15.63,84.37,,,0.42,0.5,83.95,99.5,84.3652,15.6348,2012,pres
2012_pres_t1,44109_0410,44,Loire-Atlantique,23.0,,44109,Nantes,2.0,,0410,864,135,729,0.0,11,718,15.62,84.38,,,1.27,1.51,83.1,98.49,84.375,15.625,2012,pres
2012_pres_t1,44109_0411,44,Loire-Atlantique,23.0,,44109,Nantes,2.0,,0411,886,120,766,0.0,12,754,13.54,86.46,,,1.35,1.57,85.1,98.43,86.456,13.544,2012,pres
2012_pres_t1,44109_0412,44,Loire-Atlantique,23.0,,44109,Nantes,2.0,,0412,894,139,755,0.0,10,745,15.55,84.45,,,1.12,1.32,83.33,98.68,84.4519,15.5481,2012,pres
2012_pres_t1,44109_0413,44,Loire-Atlantique,23.0,,44109,Nantes,2.0,,0413,1036,175,861,0.0,6,855,16.89,83.11,,,0.58,0.7,82.53,99.3,83.1081,16.8919,2012,pres
2012_pres_t1,44109_0414,44,Loire-Atlantique,23.0,,44109,Nantes,2.0,,0414,1000,146,854,0.0,8,846,14.6,85.4,,,0.8,0.94,84.6,99.06,85.4,14.6,2012,pres
2012_pres_t1,44109_0415,44,Loire-Atlantique,23.0,,44109,Nantes,2.0,,0415,1006,169,837,0.0,5,832,16.8,83.2,,,0.5,0.6,82.7,99.4,83.2008,16.7992,2012,pres
2012_pres_t1,44109_0416,44,Loire-Atlantique,23.0,,44109,Nantes,2.0,,0416,935,143,792,0.0,6,786,15.29,84.71,,,0.64,0.76,84.06,99.24,84.7059,15.2941,2012,pres
2012_pres_t1,44109_0417,44,Loire-Atlantique,23.0,,44109,Nantes,2.0,,0417,954,150,804,0.0,8,796,15.72,84.28,,,0.84,1.0,83.44,99.0,84.2767,15.7233,2012,pres
2012_pres_t1,44109_0418,44,Loire-Atlantique,23.0,,44109,Nantes,2.0,,0418,800,124,676,0.0,15,661,15.5,84.5,,,1.88,2.22,82.62,97.78,84.5,15.5,2012,pres
2012_pres_t1,44109_0419,44,Loire-Atlantique,23.0,,44109,Nantes,2.0,,0419,1299,234,1065,0.0,22,1043,18.01,81.99,,,1.69,2.07,80.29,97.93,81.9861,18.0139,2012,pres
2012_pres_t1,44109_0420,44,Loire-Atlantique,23.0,,44109,Nantes,2.0,,0420,871,148,723,0.0,7,716,16.99,83.01,,,0.8,0.97,82.2,99.03,83.008,16.992,2012,pres
2012_pres_t1,44109_0421,44,Loire-Atlantique,23.0,,44109,Nantes,2.0,,0421,944,188,756,0.0,9,747,19.92,80.08,,,0.95,1.19,79.13,98.81,80.0847,19.9153,2012,pres
2012_pres_t1,44109_0422,44,Loire-Atlantique,23.0,,44109,Nantes,2.0,,0422,919,165,754,0.0,10,744,17.95,82.05,,,1.09,1.33,80.96,98.67,82.0457,17.9543,2012,pres
2012_pres_t1,44109_0423,44,Loire-Atlantique,23.0,,44109,Nantes,2.0,,0423,919,202,717,0.0,10,707,21.98,78.02,,,1.09,1.39,76.93,98.61,78.0196,21.9804,2012,pres
2012_pres_t1,44109_0501,44,Loire-Atlantique,24.0,,44109,Nantes,3.0,,0501,1058,189,869,0.0,16,853,17.86,82.14,,,1.51,1.84,80.62,98.16,82.1361,17.8639,2012,pres
2012_pres_t1,44109_0502,44,Loire-Atlantique,24.0,,44109,Nantes,3.0,,0502,785,119,666,0.0,4,662,15.16,84.84,,,0.51,0.6,84.33,99.4,84.8408,15.1592,2012,pres
2012_pres_t1,44109_0503,44,Loire-Atlantique,24.0,,44109,Nantes,3.0,,0503,930,143,787,0.0,6,781,15.38,84.62,,,0.65,0.76,83.98,99.24,84.6237,15.3763,2012,pres
2012_pres_t1,44109_0504,44,Loire-Atlantique,24.0,,44109,Nantes,3.0,,0504,1013,163,850,0.0,4,846,16.09,83.91,,,0.39,0.47,83.51,99.53,83.9092,16.0908,2012,pres
2012_pres_t1,44109_0505,44,Loire-Atlantique,24.0,,44109,Nantes,3.0,,0505,929,163,766,0.0,10,756,17.55,82.45,,,1.08,1.31,81.38,98.69,82.4543,17.5457,2012,pres
2012_pres_t1,44109_0506,44,Loire-Atlantique,24.0,,44109,Nantes,3.0,,0506,947,242,705,0.0,15,690,25.55,74.45,,,1.58,2.13,72.86,97.87,74.4456,25.5544,2012,pres
2012_pres_t1,44109_0507,44,Loire-Atlantique,24.0,,44109,Nantes,3.0,,0507,962,160,802,0.0,7,795,16.63,83.37,,,0.73,0.87,82.64,99.13,83.368,16.632,2012,pres
2012_pres_t1,44109_0508,44,Loire-Atlantique,24.0,,44109,Nantes,3.0,,0508,783,189,594,0.0,9,585,24.14,75.86,,,1.15,1.52,74.71,98.48,75.8621,24.1379,2012,pres
2012_pres_t1,44109_0509,44,Loire-Atlantique,24.0,,44109,Nantes,3.0,,0509,922,161,761,0.0,7,754,17.46,82.54,,,0.76,0.92,81.78,99.08,82.538,17.462,2012,pres
2012_pres_t1,44109_0510,44,Loire-Atlantique,24.0,,44109,Nantes,3.0,,0510,1177,206,971,0.0,16,955,17.5,82.5,,,1.36,1.65,81.14,98.35,82.4979,17.5021,2012,pres
2012_pres_t1,44109_0511,44,Loire-Atlantique,24.0,,44109,Nantes,3.0,,0511,1157,262,895,0.0,9,886,22.64,77.36,,,0.78,1.01,76.58,98.99,77.3552,22.6448,2012,pres
2012_pres_t1,44109_0512,44,Loire-Atlantique,24.0,,44109,Nantes,3.0,,0512,783,162,621,0.0,13,608,20.69,79.31,,,1.66,2.09,77.65,97.91,79.3103,20.6897,2012,pres
2012_pres_t1,44109_0513,44,Loire-Atlantique,24.0,,44109,Nantes,3.0,,0513,907,190,717,0.0,9,708,20.95,79.05,,,0.99,1.26,78.06,98.74,79.0518,20.9482,2012,pres
2012_pres_t1,44109_0514,44,Loire-Atlantique,24.0,,44109,Nantes,3.0,,0514,788,228,560,0.0,8,552,28.93,71.07,,,1.02,1.43,70.05,98.57,71.066,28.934,2012,pres
2012_pres_t1,44109_0515,44,Loire-Atlantique,24.0,,44109,Nantes,3.0,,0515,657,161,496,0.0,15,481,24.51,75.49,,,2.28,3.02,73.21,96.98,75.4947,24.5053,2012,pres
2012_pres_t1,44109_0516,44,Loire-Atlantique,24.0,,44109,Nantes,3.0,,0516,855,305,550,0.0,4,546,35.67,64.33,,,0.47,0.73,63.86,99.27,64.3275,35.6725,2012,pres
2012_pres_t1,44109_0517,44,Loire-Atlantique,24.0,,44109,Nantes,3.0,,0517,545,161,384,0.0,6,378,29.54,70.46,,,1.1,1.56,69.36,98.44,70.4587,29.5413,2012,pres
2012_pres_t1,44109_0518,44,Loire-Atlantique,24.0,,44109,Nantes,3.0,,0518,655,187,468,0.0,6,462,28.55,71.45,,,0.92,1.28,70.53,98.72,71.4504,28.5496,2012,pres
2012_pres_t1,44109_0601,44,Loire-Atlantique,25.0,,44109,Nantes,1.0,,0601,629,173,456,0.0,7,449,27.5,72.5,,,1.11,1.54,71.38,98.46,72.496,27.504,2012,pres
2012_pres_t1,44109_0602,44,Loire-Atlantique,25.0,,44109,Nantes,1.0,,0602,751,201,550,0.0,9,541,26.76,73.24,,,1.2,1.64,72.04,98.36,73.2357,26.7643,2012,pres
2012_pres_t1,44109_0603,44,Loire-Atlantique,25.0,,44109,Nantes,1.0,,0603,704,174,530,0.0,12,518,24.72,75.28,,,1.7,2.26,73.58,97.74,75.2841,24.7159,2012,pres
2012_pres_t1,44109_0604,44,Loire-Atlantique,25.0,,44109,Nantes,1.0,,0604,766,162,604,0.0,12,592,21.15,78.85,,,1.57,1.99,77.28,98.01,78.8512,21.1488,2012,pres
2012_pres_t1,44109_0605,44,Loire-Atlantique,25.0,,44109,Nantes,1.0,,0605,1093,192,901,0.0,6,895,17.57,82.43,,,0.55,0.67,81.88,99.33,82.4337,17.5663,2012,pres
2012_pres_t1,44109_0606,44,Loire-Atlantique,25.0,,44109,Nantes,1.0,,0606,930,145,785,0.0,15,770,15.59,84.41,,,1.61,1.91,82.8,98.09,84.4086,15.5914,2012,pres
2012_pres_t1,44109_0607,44,Loire-Atlantique,25.0,,44109,Nantes,1.0,,0607,893,191,702,0.0,4,698,21.39,78.61,,,0.45,0.57,78.16,99.43,78.6114,21.3886,2012,pres
2012_pres_t1,44109_0608,44,Loire-Atlantique,25.0,,44109,Nantes,1.0,,0608,997,158,839,0.0,11,828,15.85,84.15,,,1.1,1.31,83.05,98.69,84.1525,15.8475,2012,pres
2012_pres_t1,44109_0609,44,Loire-Atlantique,25.0,,44109,Nantes,1.0,,0609,703,118,585,0.0,6,579,16.79,83.21,,,0.85,1.03,82.36,98.97,83.2148,16.7852,2012,pres
2012_pres_t1,44109_0610,44,Loire-Atlantique,25.0,,44109,Nantes,1.0,,0610,1114,192,922,0.0,11,911,17.24,82.76,,,0.99,1.19,81.78,98.81,82.7648,17.2352,2012,pres
2012_pres_t1,44109_0611,44,Loire-Atlantique,25.0,,44109,Nantes,1.0,,0611,989,148,841,0.0,4,837,14.96,85.04,,,0.4,0.48,84.63,99.52,85.0354,14.9646,2012,pres
2012_pres_t1,44109_0612,44,Loire-Atlantique,25.0,,44109,Nantes,1.0,,0612,946,121,825,0.0,14,811,12.79,87.21,,,1.48,1.7,85.73,98.3,87.2093,12.7907,2012,pres
2012_pres_t1,44109_0613,44,Loire-Atlantique,25.0,,44109,Nantes,1.0,,0613,1033,169,864,0.0,9,855,16.36,83.64,,,0.87,1.04,82.77,98.96,83.6399,16.3601,2012,pres
2012_pres_t1,44109_0614,44,Loire-Atlantique,25.0,,44109,Nantes,1.0,,0614,1008,150,858,0.0,13,845,14.88,85.12,,,1.29,1.52,83.83,98.48,85.119,14.881,2012,pres
2012_pres_t1,44109_0615,44,Loire-Atlantique,25.0,,44109,Nantes,1.0,,0615,868,139,729,0.0,11,718,16.01,83.99,,,1.27,1.51,82.72,98.49,83.9862,16.0138,2012,pres
2012_pres_t1,44109_0616,44,Loire-Atlantique,25.0,,44109,Nantes,1.0,,0616,1065,199,866,0.0,11,855,18.69,81.31,,,1.03,1.27,80.28,98.73,81.3146,18.6854,2012,pres
2012_pres_t1,44109_0617,44,Loire-Atlantique,25.0,,44109,Nantes,1.0,,0617,995,167,828,0.0,9,819,16.78,83.22,,,0.9,1.09,82.31,98.91,83.2161,16.7839,2012,pres
2012_pres_t1,44109_0618,44,Loire-Atlantique,25.0,,44109,Nantes,1.0,,0618,868,154,714,0.0,9,705,17.74,82.26,,,1.04,1.26,81.22,98.74,82.2581,17.7419,2012,pres
2012_pres_t1,44109_0619,44,Loire-Atlantique,25.0,,44109,Nantes,1.0,,0619,855,115,740,0.0,4,736,13.45,86.55,,,0.47,0.54,86.08,99.46,86.5497,13.4503,2012,pres
2012_pres_t1,44109_0701,44,Loire-Atlantique,26.0,,44109,Nantes,1.0,,0701,773,134,639,0.0,5,634,17.34,82.66,,,0.65,0.78,82.02,99.22,82.6649,17.3351,2012,pres
2012_pres_t1,44109_0702,44,Loire-Atlantique,26.0,,44109,Nantes,1.0,,0702,993,190,803,0.0,14,789,19.13,80.87,,,1.41,1.74,79.46,98.26,80.8661,19.1339,2012,pres
2012_pres_t1,44109_0703,44,Loire-Atlantique,26.0,,44109,Nantes,1.0,,0703,974,163,811,0.0,12,799,16.74,83.26,,,1.23,1.48,82.03,98.52,83.2649,16.7351,2012,pres
2012_pres_t1,44109_0704,44,Loire-Atlantique,26.0,,44109,Nantes,1.0,,0704,683,222,461,0.0,4,457,32.5,67.5,,,0.59,0.87,66.91,99.13,67.4963,32.5037,2012,pres
2012_pres_t1,44109_0705,44,Loire-Atlantique,26.0,,44109,Nantes,1.0,,0705,728,114,614,0.0,11,603,15.66,84.34,,,1.51,1.79,82.83,98.21,84.3407,15.6593,2012,pres
2012_pres_t1,44109_0706,44,Loire-Atlantique,26.0,,44109,Nantes,1.0,,0706,983,335,648,0.0,15,633,34.08,65.92,,,1.53,2.31,64.39,97.69,65.9207,34.0793,2012,pres
2012_pres_t1,44109_0707,44,Loire-Atlantique,26.0,,44109,Nantes,1.0,,0707,1225,351,874,0.0,20,854,28.65,71.35,,,1.63,2.29,69.71,97.71,71.3469,28.6531,2012,pres
2012_pres_t1,44109_0708,44,Loire-Atlantique,26.0,,44109,Nantes,1.0,,0708,737,210,527,0.0,10,517,28.49,71.51,,,1.36,1.9,70.15,98.1,71.5061,28.4939,2012,pres
2012_pres_t1,44109_0709,44,Loire-Atlantique,26.0,,44109,Nantes,1.0,,0709,984,205,779,0.0,12,767,20.83,79.17,,,1.22,1.54,77.95,98.46,79.1667,20.8333,2012,pres
2012_pres_t1,44109_0710,44,Loire-Atlantique,26.0,,44109,Nantes,1.0,,0710,820,245,575,0.0,11,564,29.88,70.12,,,1.34,1.91,68.78,98.09,70.122,29.878,2012,pres
2012_pres_t1,44109_0711,44,Loire-Atlantique,26.0,,44109,Nantes,1.0,,0711,761,99,662,0.0,4,658,13.01,86.99,,,0.53,0.6,86.47,99.4,86.9908,13.0092,2012,pres
2012_pres_t1,44109_0712,44,Loire-Atlantique,26.0,,44109,Nantes,1.0,,0712,793,190,603,0.0,12,591,23.96,76.04,,,1.51,1.99,74.53,98.01,76.0404,23.9596,2012,pres
2012_pres_t1,44109_0713,44,Loire-Atlantique,26.0,,44109,Nantes,1.0,,0713,1041,167,874,0.0,16,858,16.04,83.96,,,1.54,1.83,82.42,98.17,83.9577,16.0423,2012,pres
2012_pres_t1,44109_0714,44,Loire-Atlantique,26.0,,44109,Nantes,1.0,,0714,731,122,609,0.0,8,601,16.69,83.31,,,1.09,1.31,82.22,98.69,83.3105,16.6895,2012,pres
2012_pres_t1,44109_0715,44,Loire-Atlantique,26.0,,44109,Nantes,1.0,,0715,776,122,654,0.0,6,648,15.72,84.28,,,0.77,0.92,83.51,99.08,84.2784,15.7216,2012,pres
2012_pres_t1,44109_0801,44,Loire-Atlantique,48.0,,44109,Nantes,5.0,,0801,643,156,487,0.0,6,481,24.26,75.74,,,0.93,1.23,74.81,98.77,75.7387,24.2613,2012,pres
2012_pres_t1,44109_0802,44,Loire-Atlantique,48.0,,44109,Nantes,5.0,,0802,657,176,481,0.0,5,476,26.79,73.21,,,0.76,1.04,72.45,98.96,73.2116,26.7884,2012,pres
2012_pres_t1,44109_0803,44,Loire-Atlantique,48.0,,44109,Nantes,5.0,,0803,720,129,591,0.0,6,585,17.92,82.08,,,0.83,1.02,81.25,98.98,82.0833,17.9167,2012,pres
2012_pres_t1,44109_0804,44,Loire-Atlantique,48.0,,44109,Nantes,5.0,,0804,900,173,727,0.0,9,718,19.22,80.78,,,1.0,1.24,79.78,98.76,80.7778,19.2222,2012,pres
2012_pres_t1,44109_0805,44,Loire-Atlantique,48.0,,44109,Nantes,5.0,,0805,667,101,566,0.0,10,556,15.14,84.86,,,1.5,1.77,83.36,98.23,84.8576,15.1424,2012,pres
2012_pres_t1,44109_0806,44,Loire-Atlantique,48.0,,44109,Nantes,5.0,,0806,623,146,477,0.0,12,465,23.43,76.57,,,1.93,2.52,74.64,97.48,76.565,23.435,2012,pres
2012_pres_t1,44109_0807,44,Loire-Atlantique,48.0,,44109,Nantes,5.0,,0807,1076,137,939,0.0,14,925,12.73,87.27,,,1.3,1.49,85.97,98.51,87.2677,12.7323,2012,pres
2012_pres_t1,44109_0808,44,Loire-Atlantique,48.0,,44109,Nantes,5.0,,0808,1150,165,985,0.0,16,969,14.35,85.65,,,1.39,1.62,84.26,98.38,85.6522,14.3478,2012,pres
2012_pres_t1,44109_0809,44,Loire-Atlantique,48.0,,44109,Nantes,5.0,,0809,793,197,596,0.0,11,585,24.84,75.16,,,1.39,1.85,73.77,98.15,75.1576,24.8424,2012,pres
2012_pres_t1,44109_0810,44,Loire-Atlantique,48.0,,44109,Nantes,5.0,,0810,802,147,655,0.0,15,640,18.33,81.67,,,1.87,2.29,79.8,97.71,81.6708,18.3292,2012,pres
2012_pres_t1,44109_0811,44,Loire-Atlantique,48.0,,44109,Nantes,5.0,,0811,1095,239,856,0.0,17,839,21.83,78.17,,,1.55,1.99,76.62,98.01,78.1735,21.8265,2012,pres
2012_pres_t1,44109_0812,44,Loire-Atlantique,48.0,,44109,Nantes,5.0,,0812,1027,179,848,0.0,23,825,17.43,82.57,,,2.24,2.71,80.33,97.29,82.5706,17.4294,2012,pres
2012_pres_t1,44109_0813,44,Loire-Atlantique,48.0,,44109,Nantes,5.0,,0813,732,224,508,0.0,14,494,30.6,69.4,,,1.91,2.76,67.49,97.24,69.3989,30.6011,2012,pres
2012_pres_t1,44109_0814,44,Loire-Atlantique,48.0,,44109,Nantes,5.0,,0814,1170,172,998,0.0,17,981,14.7,85.3,,,1.45,1.7,83.85,98.3,85.2991,14.7009,2012,pres
2012_pres_t1,44109_0815,44,Loire-Atlantique,48.0,,44109,Nantes,5.0,,0815,1080,154,926,0.0,5,921,14.26,85.74,,,0.46,0.54,85.28,99.46,85.7407,14.2593,2012,pres
2012_pres_t1,44109_0816,44,Loire-Atlantique,48.0,,44109,Nantes,5.0,,0816,725,100,625,0.0,12,613,13.79,86.21,,,1.66,1.92,84.55,98.08,86.2069,13.7931,2012,pres
2012_pres_t1,44109_0817,44,Loire-Atlantique,48.0,,44109,Nantes,5.0,,0817,976,164,812,0.0,9,803,16.8,83.2,,,0.92,1.11,82.27,98.89,83.1967,16.8033,2012,pres
2012_pres_t1,44109_0818,44,Loire-Atlantique,48.0,,44109,Nantes,5.0,,0818,965,156,809,0.0,14,795,16.17,83.83,,,1.45,1.73,82.38,98.27,83.8342,16.1658,2012,pres
2012_pres_t1,44109_0819,44,Loire-Atlantique,48.0,,44109,Nantes,5.0,,0819,817,172,645,0.0,12,633,21.05,78.95,,,1.47,1.86,77.48,98.14,78.9474,21.0526,2012,pres
2012_pres_t1,44109_0820,44,Loire-Atlantique,48.0,,44109,Nantes,5.0,,0820,921,127,794,0.0,9,785,13.79,86.21,,,0.98,1.13,85.23,98.87,86.2106,13.7894,2012,pres
2012_pres_t1,44109_0901,44,Loire-Atlantique,49.0,,44109,Nantes,2.0,,0901,787,163,624,0.0,3,621,20.71,79.29,,,0.38,0.48,78.91,99.52,79.2884,20.7116,2012,pres
2012_pres_t1,44109_0902,44,Loire-Atlantique,49.0,,44109,Nantes,2.0,,0902,821,151,670,0.0,17,653,18.39,81.61,,,2.07,2.54,79.54,97.46,81.6078,18.3922,2012,pres
2012_pres_t1,44109_0903,44,Loire-Atlantique,49.0,,44109,Nantes,2.0,,0903,934,189,745,0.0,11,734,20.24,79.76,,,1.18,1.48,78.59,98.52,79.7645,20.2355,2012,pres
2012_pres_t1,44109_0904,44,Loire-Atlantique,49.0,,44109,Nantes,2.0,,0904,759,98,661,0.0,9,652,12.91,87.09,,,1.19,1.36,85.9,98.64,87.0883,12.9117,2012,pres
2012_pres_t1,44109_0905,44,Loire-Atlantique,49.0,,44109,Nantes,2.0,,0905,624,124,500,0.0,7,493,19.87,80.13,,,1.12,1.4,79.01,98.6,80.1282,19.8718,2012,pres
2012_pres_t1,44109_0906,44,Loire-Atlantique,49.0,,44109,Nantes,2.0,,0906,964,292,672,0.0,9,663,30.29,69.71,,,0.93,1.34,68.78,98.66,69.7095,30.2905,2012,pres
2012_pres_t1,44109_0907,44,Loire-Atlantique,49.0,,44109,Nantes,2.0,,0907,970,234,736,0.0,19,717,24.12,75.88,,,1.96,2.58,73.92,97.42,75.8763,24.1237,2012,pres
2012_pres_t1,44109_0908,44,Loire-Atlantique,49.0,,44109,Nantes,2.0,,0908,718,249,469,0.0,10,459,34.68,65.32,,,1.39,2.13,63.93,97.87,65.3203,34.6797,2012,pres
2012_pres_t1,44109_0909,44,Loire-Atlantique,49.0,,44109,Nantes,2.0,,0909,675,215,460,0.0,9,451,31.85,68.15,,,1.33,1.96,66.81,98.04,68.1481,31.8519,2012,pres
2012_pres_t1,44109_0910,44,Loire-Atlantique,49.0,,44109,Nantes,2.0,,0910,747,126,621,0.0,7,614,16.87,83.13,,,0.94,1.13,82.2,98.87,83.1325,16.8675,2012,pres
2012_pres_t1,44109_0911,44,Loire-Atlantique,49.0,,44109,Nantes,2.0,,0911,878,159,719,0.0,8,711,18.11,81.89,,,0.91,1.11,80.98,98.89,81.8907,18.1093,2012,pres
2012_pres_t1,44109_0912,44,Loire-Atlantique,49.0,,44109,Nantes,2.0,,0912,838,161,677,0.0,14,663,19.21,80.79,,,1.67,2.07,79.12,97.93,80.7876,19.2124,2012,pres
2012_pres_t1,44109_0913,44,Loire-Atlantique,49.0,,44109,Nantes,2.0,,0913,1005,136,869,0.0,12,857,13.53,86.47,,,1.19,1.38,85.27,98.62,86.4677,13.5323,2012,pres
2012_pres_t1,44109_0914,44,Loire-Atlantique,49.0,,44109,Nantes,2.0,,0914,858,147,711,0.0,10,701,17.13,82.87,,,1.17,1.41,81.7,98.59,82.8671,17.1329,2012,pres
2012_pres_t1,44109_0915,44,Loire-Atlantique,49.0,,44109,Nantes,2.0,,0915,812,147,665,0.0,13,652,18.1,81.9,,,1.6,1.95,80.3,98.05,81.8966,18.1034,2012,pres
2012_pres_t1,44109_0916,44,Loire-Atlantique,49.0,,44109,Nantes,2.0,,0916,958,111,847,0.0,11,836,11.59,88.41,,,1.15,1.3,87.27,98.7,88.4134,11.5866,2012,pres
2012_pres_t1,44109_0917,44,Loire-Atlantique,49.0,,44109,Nantes,2.0,,0917,744,116,628,0.0,14,614,15.59,84.41,,,1.88,2.23,82.53,97.77,84.4086,15.5914,2012,pres
2012_pres_t1,44109_0918,44,Loire-Atlantique,49.0,,44109,Nantes,2.0,,0918,1061,207,854,0.0,2,852,19.51,80.49,,,0.19,0.23,80.3,99.77,80.4901,19.5099,2012,pres
2012_pres_t1,44109_0919,44,Loire-Atlantique,49.0,,44109,Nantes,2.0,,0919,858,140,718,0.0,11,707,16.32,83.68,,,1.28,1.53,82.4,98.47,83.683,16.317,2012,pres
2012_pres_t1,44109_0920,44,Loire-Atlantique,49.0,,44109,Nantes,2.0,,0920,751,114,637,0.0,10,627,15.18,84.82,,,1.33,1.57,83.49,98.43,84.8202,15.1798,2012,pres
2012_pres_t1,44109_0921,44,Loire-Atlantique,49.0,,44109,Nantes,2.0,,0921,973,144,829,0.0,6,823,14.8,85.2,,,0.62,0.72,84.58,99.28,85.2004,14.7996,2012,pres
2012_pres_t1,44109_0922,44,Loire-Atlantique,49.0,,44109,Nantes,2.0,,0922,1210,152,1058,0.0,12,1046,12.56,87.44,,,0.99,1.13,86.45,98.87,87.438,12.562,2012,pres
2012_pres_t1,44109_0923,44,Loire-Atlantique,49.0,,44109,Nantes,2.0,,0923,980,127,853,0.0,12,841,12.96,87.04,,,1.22,1.41,85.82,98.59,87.0408,12.9592,2012,pres
2012_pres_t1,44109_0924,44,Loire-Atlantique,49.0,,44109,Nantes,2.0,,0924,598,99,499,0.0,9,490,16.56,83.44,,,1.51,1.8,81.94,98.2,83.4448,16.5552,2012,pres
2012_pres_t1,44109_1001,44,Loire-Atlantique,50.0,,44109,Nantes,4.0,,1001,893,201,692,0.0,6,686,22.51,77.49,,,0.67,0.87,76.82,99.13,77.4916,22.5084,2012,pres
2012_pres_t1,44109_1002,44,Loire-Atlantique,50.0,,44109,Nantes,4.0,,1002,805,133,672,0.0,15,657,16.52,83.48,,,1.86,2.23,81.61,97.77,83.4783,16.5217,2012,pres
2012_pres_t1,44109_1003,44,Loire-Atlantique,50.0,,44109,Nantes,4.0,,1003,837,248,589,0.0,13,576,29.63,70.37,,,1.55,2.21,68.82,97.79,70.3704,29.6296,2012,pres
2012_pres_t1,44109_1004,44,Loire-Atlantique,50.0,,44109,Nantes,4.0,,1004,922,178,744,0.0,7,737,19.31,80.69,,,0.76,0.94,79.93,99.06,80.6941,19.3059,2012,pres
2012_pres_t1,44109_1005,44,Loire-Atlantique,50.0,,44109,Nantes,4.0,,1005,716,108,608,0.0,5,603,15.08,84.92,,,0.7,0.82,84.22,99.18,84.9162,15.0838,2012,pres
2012_pres_t1,44109_1006,44,Loire-Atlantique,50.0,,44109,Nantes,4.0,,1006,696,125,571,0.0,5,566,17.96,82.04,,,0.72,0.88,81.32,99.12,82.0402,17.9598,2012,pres
2012_pres_t1,44109_1007,44,Loire-Atlantique,50.0,,44109,Nantes,4.0,,1007,745,147,598,0.0,7,591,19.73,80.27,,,0.94,1.17,79.33,98.83,80.2685,19.7315,2012,pres
2012_pres_t1,44109_1008,44,Loire-Atlantique,50.0,,44109,Nantes,4.0,,1008,666,96,570,0.0,12,558,14.41,85.59,,,1.8,2.11,83.78,97.89,85.5856,14.4144,2012,pres
2012_pres_t1,44109_1009,44,Loire-Atlantique,50.0,,44109,Nantes,4.0,,1009,562,107,455,0.0,6,449,19.04,80.96,,,1.07,1.32,79.89,98.68,80.9609,19.0391,2012,pres
2012_pres_t1,44109_1101,44,Loire-Atlantique,58.0,,44109,Nantes,3.0,,1101,686,168,518,0.0,15,503,24.49,75.51,,,2.19,2.9,73.32,97.1,75.5102,24.4898,2012,pres
2012_pres_t1,44109_1102,44,Loire-Atlantique,58.0,,44109,Nantes,3.0,,1102,960,242,718,0.0,16,702,25.21,74.79,,,1.67,2.23,73.12,97.77,74.7917,25.2083,2012,pres
2012_pres_t1,44109_1103,44,Loire-Atlantique,58.0,,44109,Nantes,3.0,,1103,796,142,654,0.0,8,646,17.84,82.16,,,1.01,1.22,81.16,98.78,82.1608,17.8392,2012,pres
2012_pres_t1,44109_1104,44,Loire-Atlantique,58.0,,44109,Nantes,3.0,,1104,801,117,684,0.0,9,675,14.61,85.39,,,1.12,1.32,84.27,98.68,85.3933,14.6067,2012,pres
2012_pres_t1,44109_1105,44,Loire-Atlantique,58.0,,44109,Nantes,3.0,,1105,694,98,596,0.0,11,585,14.12,85.88,,,1.59,1.85,84.29,98.15,85.879,14.121,2012,pres
2012_pres_t1,44109_1106,44,Loire-Atlantique,58.0,,44109,Nantes,3.0,,1106,629,103,526,0.0,2,524,16.38,83.62,,,0.32,0.38,83.31,99.62,83.6248,16.3752,2012,pres
2012_pres_t1,44109_1107,44,Loire-Atlantique,58.0,,44109,Nantes,3.0,,1107,743,137,606,0.0,3,603,18.44,81.56,,,0.4,0.5,81.16,99.5,81.5612,18.4388,2012,pres
2012_pres_t1,44109_1108,44,Loire-Atlantique,58.0,,44109,Nantes,3.0,,1108,681,305,376,0.0,4,372,44.79,55.21,,,0.59,1.06,54.63,98.94,55.2129,44.7871,2012,pres
2012_pres_t1,44109_1109,44,Loire-Atlantique,58.0,,44109,Nantes,3.0,,1109,538,165,373,0.0,4,369,30.67,69.33,,,0.74,1.07,68.59,98.93,69.3309,30.6691,2012,pres
2012_pres_t1,44109_1110,44,Loire-Atlantique,58.0,,44109,Nantes,3.0,,1110,861,228,633,0.0,9,624,26.48,73.52,,,1.05,1.42,72.47,98.58,73.5192,26.4808,2012,pres
2012_pres_t1,44109_1111,44,Loire-Atlantique,58.0,,44109,Nantes,3.0,,1111,721,253,468,0.0,8,460,35.09,64.91,,,1.11,1.71,63.8,98.29,64.9098,35.0902,2012,pres
2012_pres_t1,44109_1112,44,Loire-Atlantique,58.0,,44109,Nantes,3.0,,1112,763,180,583,0.0,14,569,23.59,76.41,,,1.83,2.4,74.57,97.6,76.4089,23.5911,2012,pres
2012_pres_t1,44109_1113,44,Loire-Atlantique,58.0,,44109,Nantes,3.0,,1113,972,180,792,0.0,9,783,18.52,81.48,,,0.93,1.14,80.56,98.86,81.4815,18.5185,2012,pres
2012_pres_t1,44109_1114,44,Loire-Atlantique,58.0,,44109,Nantes,3.0,,1114,715,146,569,0.0,8,561,20.42,79.58,,,1.12,1.41,78.46,98.59,79.5804,20.4196,2012,pres
2012_pres_t1,44109_1115,44,Loire-Atlantique,58.0,,44109,Nantes,3.0,,1115,827,120,707,0.0,8,699,14.51,85.49,,,0.97,1.13,84.52,98.87,85.4897,14.5103,2012,pres
2012_pres_t1,44114_0019,44,Loire-Atlantique,54.0,,44114,Orvault,1.0,,0019,964,126,838,0.0,17,821,13.07,86.93,,,1.76,2.03,85.17,97.97,86.9295,13.0705,2012,pres
2012_pres_t1,44114_0020,44,Loire-Atlantique,54.0,,44114,Orvault,1.0,,0020,963,151,812,0.0,21,791,15.68,84.32,,,2.18,2.59,82.14,97.41,84.3198,15.6802,2012,pres
2012_pres_t1,44114_0021,44,Loire-Atlantique,54.0,,44114,Orvault,1.0,,0021,873,100,773,0.0,17,756,11.45,88.55,,,1.95,2.2,86.6,97.8,88.5452,11.4548,2012,pres
2012_pres_t1,44114_0022,44,Loire-Atlantique,54.0,,44114,Orvault,1.0,,0022,828,126,702,0.0,23,679,15.22,84.78,,,2.78,3.28,82.0,96.72,84.7826,15.2174,2012,pres
2012_pres_t1,44114_0023,44,Loire-Atlantique,54.0,,44114,Orvault,1.0,,0023,919,103,816,0.0,21,795,11.21,88.79,,,2.29,2.57,86.51,97.43,88.7922,11.2078,2012,pres
2012_pres_t1,44143_0024,44,Loire-Atlantique,4.0,,44143,Rez?,4.0,,0024,702,112,590,0.0,8,582,15.95,84.05,,,1.14,1.36,82.91,98.64,84.0456,15.9544,2012,pres
2012_pres_t1,44143_0025,44,Loire-Atlantique,4.0,,44143,Rez?,4.0,,0025,890,182,708,0.0,9,699,20.45,79.55,,,1.01,1.27,78.54,98.73,79.5506,20.4494,2012,pres
2012_pres_t1,44143_0026,44,Loire-Atlantique,4.0,,44143,Rez?,4.0,,0026,972,176,796,0.0,11,785,18.11,81.89,,,1.13,1.38,80.76,98.62,81.893,18.107,2012,pres
2012_pres_t1,44143_0027,44,Loire-Atlantique,4.0,,44143,Rez?,4.0,,0027,1250,165,1085,0.0,24,1061,13.2,86.8,,,1.92,2.21,84.88,97.79,86.8,13.2,2012,pres
2012_pres_t1,44143_0028,44,Loire-Atlantique,4.0,,44143,Rez?,4.0,,0028,712,135,577,0.0,9,568,18.96,81.04,,,1.26,1.56,79.78,98.44,81.0393,18.9607,2012,pres
2012_pres_t1,44143_0029,44,Loire-Atlantique,4.0,,44143,Rez?,4.0,,0029,818,147,671,0.0,16,655,17.97,82.03,,,1.96,2.38,80.07,97.62,82.0293,17.9707,2012,pres
2012_pres_t1,44143_0030,44,Loire-Atlantique,4.0,,44143,Rez?,4.0,,0030,943,129,814,0.0,8,806,13.68,86.32,,,0.85,0.98,85.47,99.02,86.3203,13.6797,2012,pres
2012_pres_t1,44143_0031,44,Loire-Atlantique,4.0,,44143,Rez?,4.0,,0031,622,104,518,0.0,15,503,16.72,83.28,,,2.41,2.9,80.87,97.1,83.2797,16.7203,2012,pres
2012_pres_t1,44162_0032,44,Loire-Atlantique,55.0,,44162,Saint-Herblain,3.0,,0032,941,117,824,0.0,16,808,12.43,87.57,,,1.7,1.94,85.87,98.06,87.5664,12.4336,2012,pres
2012_pres_t1,44162_0033,44,Loire-Atlantique,52.0,,44162,Saint-Herblain,3.0,,0033,883,150,733,0.0,13,720,16.99,83.01,,,1.47,1.77,81.54,98.23,83.0125,16.9875,2012,pres
2012_pres_t1,44162_0034,44,Loire-Atlantique,55.0,,44162,Saint-Herblain,3.0,,0034,774,130,644,0.0,7,637,16.8,83.2,,,0.9,1.09,82.3,98.91,83.2041,16.7959,2012,pres
2012_pres_t1,44162_0035,44,Loire-Atlantique,55.0,,44162,Saint-Herblain,3.0,,0035,1184,196,988,0.0,20,968,16.55,83.45,,,1.69,2.02,81.76,97.98,83.4459,16.5541,2012,pres
2012_pres_t1,44162_0036,44,Loire-Atlantique,52.0,,44162,Saint-Herblain,3.0,,0036,684,142,542,0.0,7,535,20.76,79.24,,,1.02,1.29,78.22,98.71,79.2398,20.7602,2012,pres
2012_pres_t1,44184_0037,44,Loire-Atlantique,39.0,,44184,Saint-Nazaire,8.0,,0037,922,230,692,0.0,7,685,24.95,75.05,,,0.76,1.01,74.3,98.99,75.0542,24.9458,2012,pres
2012_pres_t1,44184_0038,44,Loire-Atlantique,39.0,,44184,Saint-Nazaire,8.0,,0038,879,198,681,0.0,12,669,22.53,77.47,,,1.37,1.76,76.11,98.24,77.4744,22.5256,2012,pres
2012_pres_t1,44184_0039,44,Loire-Atlantique,39.0,,44184,Saint-Nazaire,8.0,,0039,1191,250,941,0.0,11,930,20.99,79.01,,,0.92,1.17,78.09,98.83,79.0092,20.9908,2012,pres
2012_pres_t1,44184_0040,44,Loire-Atlantique,39.0,,44184,Saint-Nazaire,8.0,,0040,1031,209,822,0.0,15,807,20.27,79.73,,,1.45,1.82,78.27,98.18,79.7284,20.2716,2012,pres
2012_pres_t1,44184_0041,44,Loire-Atlantique,39.0,,44184,Saint-Nazaire,8.0,,0041,1146,282,864,0.0,12,852,24.61,75.39,,,1.05,1.39,74.35,98.61,75.3927,24.6073,2012,pres
2012_pres_t1,44184_0042,44,Loire-Atlantique,39.0,,44184,Saint-Nazaire,8.0,,0042,980,238,742,0.0,11,731,24.29,75.71,,,1.12,1.48,74.59,98.52,75.7143,24.2857,2012,pres
2012_pres_t1,44184_0043,44,Loire-Atlantique,39.0,,44184,Saint-Nazaire,8.0,,0043,1090,196,894,0.0,12,882,17.98,82.02,,,1.1,1.34,80.92,98.66,82.0183,17.9817,2012,pres
2012_pres_t1,44184_0044,44,Loire-Atlantique,39.0,,44184,Saint-Nazaire,8.0,,0044,1200,285,915,0.0,17,898,23.75,76.25,,,1.42,1.86,74.83,98.14,76.25,23.75,2012,pres
2012_pres_t1,44184_0045,44,Loire-Atlantique,39.0,,44184,Saint-Nazaire,8.0,,0045,851,168,683,0.0,16,667,19.74,80.26,,,1.88,2.34,78.38,97.66,80.2585,19.7415,2012,pres
2012_pres_t1,44184_0046,44,Loire-Atlantique,39.0,,44184,Saint-Nazaire,8.0,,0046,745,135,610,0.0,10,600,18.12,81.88,,,1.34,1.64,80.54,98.36,81.8792,18.1208,2012,pres
2012_pres_t1,49001_0001,49,Maine-et-Loire,32.0,,49001,Les Alleuds,4.0,,0001,592,84,508,0.0,21,487,14.19,85.81,,,3.55,4.13,82.26,95.87,85.8108,14.1892,2012,pres
2012_pres_t1,49002_0002,49,Maine-et-Loire,27.0,,49002,Allonnes,3.0,,0002,960,143,817,0.0,23,794,14.9,85.1,,,2.4,2.82,82.71,97.18,85.1042,14.8958,2012,pres
2012_pres_t1,49007_0101,49,Maine-et-Loire,1.0,,49007,Angers,1.0,,0101,1107,288,819,0.0,10,809,26.02,73.98,,,0.9,1.22,73.08,98.78,73.9837,26.0163,2012,pres
2012_pres_t1,49007_0102,49,Maine-et-Loire,1.0,,49007,Angers,1.0,,0102,1153,207,946,0.0,12,934,17.95,82.05,,,1.04,1.27,81.01,98.73,82.0468,17.9532,2012,pres
2012_pres_t1,49007_0103,49,Maine-et-Loire,1.0,,49007,Angers,1.0,,0103,1190,253,937,0.0,14,923,21.26,78.74,,,1.18,1.49,77.56,98.51,78.7395,21.2605,2012,pres
2012_pres_t1,49007_0104,49,Maine-et-Loire,1.0,,49007,Angers,1.0,,0104,1023,196,827,0.0,24,803,19.16,80.84,,,2.35,2.9,78.49,97.1,80.8407,19.1593,2012,pres
2012_pres_t1,49007_0105,49,Maine-et-Loire,1.0,,49007,Angers,1.0,,0105,967,283,684,0.0,13,671,29.27,70.73,,,1.34,1.9,69.39,98.1,70.7342,29.2658,2012,pres
2012_pres_t1,49007_0106,49,Maine-et-Loire,1.0,,49007,Angers,1.0,,0106,804,217,587,0.0,14,573,26.99,73.01,,,1.74,2.39,71.27,97.61,73.01,26.99,2012,pres
2012_pres_t1,49007_0107,49,Maine-et-Loire,1.0,,49007,Angers,1.0,,0107,1063,306,757,0.0,11,746,28.79,71.21,,,1.03,1.45,70.18,98.55,71.2135,28.7865,2012,pres
2012_pres_t1,49007_0108,49,Maine-et-Loire,1.0,,49007,Angers,1.0,,0108,1139,222,917,0.0,20,897,19.49,80.51,,,1.76,2.18,78.75,97.82,80.5092,19.4908,2012,pres
2012_pres_t1,49007_0109,49,Maine-et-Loire,1.0,,49007,Angers,1.0,,0109,1041,335,706,0.0,19,687,32.18,67.82,,,1.83,2.69,65.99,97.31,67.8194,32.1806,2012,pres
2012_pres_t1,49007_0110,49,Maine-et-Loire,1.0,,49007,Angers,1.0,,0110,1218,231,987,0.0,20,967,18.97,81.03,,,1.64,2.03,79.39,97.97,81.0345,18.9655,2012,pres
2012_pres_t1,49007_0201,49,Maine-et-Loire,2.0,,49007,Angers,1.0,,0201,1150,241,909,0.0,9,900,20.96,79.04,,,0.78,0.99,78.26,99.01,79.0435,20.9565,2012,pres
2012_pres_t1,49007_0202,49,Maine-et-Loire,2.0,,49007,Angers,1.0,,0202,1164,234,930,0.0,21,909,20.1,79.9,,,1.8,2.26,78.09,97.74,79.8969,20.1031,2012,pres
2012_pres_t1,49007_0203,49,Maine-et-Loire,2.0,,49007,Angers,1.0,,0203,929,183,746,0.0,13,733,19.7,80.3,,,1.4,1.74,78.9,98.26,80.3014,19.6986,2012,pres
2012_pres_t1,49007_0204,49,Maine-et-Loire,2.0,,49007,Angers,1.0,,0204,1173,195,978,0.0,20,958,16.62,83.38,,,1.71,2.04,81.67,97.96,83.376,16.624,2012,pres
2012_pres_t1,49007_0205,49,Maine-et-Loire,2.0,,49007,Angers,1.0,,0205,981,210,771,0.0,17,754,21.41,78.59,,,1.73,2.2,76.86,97.8,78.5933,21.4067,2012,pres
2012_pres_t1,49007_0206,49,Maine-et-Loire,2.0,,49007,Angers,1.0,,0206,955,258,697,0.0,13,684,27.02,72.98,,,1.36,1.87,71.62,98.13,72.9843,27.0157,2012,pres
2012_pres_t1,49007_0207,49,Maine-et-Loire,2.0,,49007,Angers,1.0,,0207,1158,245,913,0.0,18,895,21.16,78.84,,,1.55,1.97,77.29,98.03,78.8428,21.1572,2012,pres
2012_pres_t1,49007_0208,49,Maine-et-Loire,2.0,,49007,Angers,1.0,,0208,1386,263,1123,0.0,17,1106,18.98,81.02,,,1.23,1.51,79.8,98.49,81.0245,18.9755,2012,pres
2012_pres_t1,49007_0209,49,Maine-et-Loire,2.0,,49007,Angers,1.0,,0209,1250,174,1076,0.0,29,1047,13.92,86.08,,,2.32,2.7,83.76,97.3,86.08,13.92,2012,pres
2012_pres_t1,49007_0210,49,Maine-et-Loire,2.0,,49007,Angers,1.0,,0210,1042,192,850,0.0,11,839,18.43,81.57,,,1.06,1.29,80.52,98.71,81.5739,18.4261,2012,pres
2012_pres_t1,49007_0301,49,Maine-et-Loire,3.0,,49007,Angers,1.0,,0301,1017,227,790,0.0,9,781,22.32,77.68,,,0.88,1.14,76.79,98.86,77.6794,22.3206,2012,pres
2012_pres_t1,49007_0302,49,Maine-et-Loire,3.0,,49007,Angers,1.0,,0302,974,232,742,0.0,9,733,23.82,76.18,,,0.92,1.21,75.26,98.79,76.1807,23.8193,2012,pres
2012_pres_t1,49007_0303,49,Maine-et-Loire,3.0,,49007,Angers,1.0,,0303,1114,278,836,0.0,10,826,24.96,75.04,,,0.9,1.2,74.15,98.8,75.0449,24.9551,2012,pres
2012_pres_t1,49007_0304,49,Maine-et-Loire,3.0,,49007,Angers,1.0,,0304,1116,210,906,0.0,24,882,18.82,81.18,,,2.15,2.65,79.03,97.35,81.1828,18.8172,2012,pres
2012_pres_t1,49007_0305,49,Maine-et-Loire,3.0,,49007,Angers,1.0,,0305,1168,207,961,0.0,17,944,17.72,82.28,,,1.46,1.77,80.82,98.23,82.2774,17.7226,2012,pres
2012_pres_t1,49007_0306,49,Maine-et-Loire,3.0,,49007,Angers,1.0,,0306,932,174,758,0.0,5,753,18.67,81.33,,,0.54,0.66,80.79,99.34,81.3305,18.6695,2012,pres
2012_pres_t1,49007_0307,49,Maine-et-Loire,3.0,,49007,Angers,1.0,,0307,1034,174,860,0.0,9,851,16.83,83.17,,,0.87,1.05,82.3,98.95,83.1721,16.8279,2012,pres
2012_pres_t1,49007_0308,49,Maine-et-Loire,3.0,,49007,Angers,1.0,,0308,910,115,795,0.0,7,788,12.64,87.36,,,0.77,0.88,86.59,99.12,87.3626,12.6374,2012,pres
2012_pres_t1,49007_0309,49,Maine-et-Loire,3.0,,49007,Angers,1.0,,0309,1240,243,997,0.0,15,982,19.6,80.4,,,1.21,1.5,79.19,98.5,80.4032,19.5968,2012,pres
2012_pres_t1,49007_0310,49,Maine-et-Loire,3.0,,49007,Angers,1.0,,0310,1100,177,923,0.0,12,911,16.09,83.91,,,1.09,1.3,82.82,98.7,83.9091,16.0909,2012,pres
2012_pres_t1,49007_0311,49,Maine-et-Loire,3.0,,49007,Angers,1.0,,0311,1092,198,894,0.0,8,886,18.13,81.87,,,0.73,0.89,81.14,99.11,81.8681,18.1319,2012,pres
2012_pres_t1,49007_0312,49,Maine-et-Loire,3.0,,49007,Angers,1.0,,0312,1218,151,1067,0.0,9,1058,12.4,87.6,,,0.74,0.84,86.86,99.16,87.6026,12.3974,2012,pres
2012_pres_t1,49007_0313,49,Maine-et-Loire,3.0,,49007,Angers,1.0,,0313,983,221,762,0.0,17,745,22.48,77.52,,,1.73,2.23,75.79,97.77,77.5178,22.4822,2012,pres
2012_pres_t1,49007_0314,49,Maine-et-Loire,3.0,,49007,Angers,1.0,,0314,907,152,755,0.0,6,749,16.76,83.24,,,0.66,0.79,82.58,99.21,83.2415,16.7585,2012,pres
2012_pres_t1,49007_0315,49,Maine-et-Loire,3.0,,49007,Angers,1.0,,0315,1012,160,852,0.0,11,841,15.81,84.19,,,1.09,1.29,83.1,98.71,84.1897,15.8103,2012,pres
2012_pres_t1,49007_0316,49,Maine-et-Loire,3.0,,49007,Angers,1.0,,0316,1127,177,950,0.0,16,934,15.71,84.29,,,1.42,1.68,82.87,98.32,84.2946,15.7054,2012,pres
2012_pres_t1,49007_0317,49,Maine-et-Loire,3.0,,49007,Angers,1.0,,0317,879,156,723,0.0,11,712,17.75,82.25,,,1.25,1.52,81.0,98.48,82.2526,17.7474,2012,pres
2012_pres_t1,49007_0318,49,Maine-et-Loire,3.0,,49007,Angers,1.0,,0318,1126,203,923,0.0,18,905,18.03,81.97,,,1.6,1.95,80.37,98.05,81.9716,18.0284,2012,pres
2012_pres_t1,49007_0319,49,Maine-et-Loire,3.0,,49007,Angers,1.0,,0319,999,168,831,0.0,9,822,16.82,83.18,,,0.9,1.08,82.28,98.92,83.1832,16.8168,2012,pres
2012_pres_t1,49007_0401,49,Maine-et-Loire,36.0,,49007,Angers,2.0,,0401,904,135,769,0.0,7,762,14.93,85.07,,,0.77,0.91,84.29,99.09,85.0664,14.9336,2012,pres
2012_pres_t1,49007_0402,49,Maine-et-Loire,36.0,,49007,Angers,2.0,,0402,1137,253,884,0.0,29,855,22.25,77.75,,,2.55,3.28,75.2,96.72,77.7485,22.2515,2012,pres
2012_pres_t1,49007_0403,49,Maine-et-Loire,36.0,,49007,Angers,2.0,,0403,808,169,639,0.0,15,624,20.92,79.08,,,1.86,2.35,77.23,97.65,79.0842,20.9158,2012,pres
2012_pres_t1,49007_0404,49,Maine-et-Loire,36.0,,49007,Angers,2.0,,0404,1377,280,1097,0.0,21,1076,20.33,79.67,,,1.53,1.91,78.14,98.09,79.6659,20.3341,2012,pres
2012_pres_t1,49007_0405,49,Maine-et-Loire,36.0,,49007,Angers,2.0,,0405,1298,257,1041,0.0,13,1028,19.8,80.2,,,1.0,1.25,79.2,98.75,80.2003,19.7997,2012,pres
2012_pres_t1,49007_0406,49,Maine-et-Loire,36.0,,49007,Angers,2.0,,0406,1251,243,1008,0.0,22,986,19.42,80.58,,,1.76,2.18,78.82,97.82,80.5755,19.4245,2012,pres
2012_pres_t1,49007_0407,49,Maine-et-Loire,36.0,,49007,Angers,2.0,,0407,900,168,732,0.0,9,723,18.67,81.33,,,1.0,1.23,80.33,98.77,81.3333,18.6667,2012,pres
2012_pres_t1,49007_0501,49,Maine-et-Loire,37.0,,49007,Angers,2.0,,0501,1267,216,1051,0.0,23,1028,17.05,82.95,,,1.82,2.19,81.14,97.81,82.9519,17.0481,2012,pres
2012_pres_t1,49007_0502,49,Maine-et-Loire,37.0,,49007,Angers,2.0,,0502,1251,197,1054,0.0,13,1041,15.75,84.25,,,1.04,1.23,83.21,98.77,84.2526,15.7474,2012,pres
2012_pres_t1,49007_0503,49,Maine-et-Loire,37.0,,49007,Angers,2.0,,0503,1084,208,876,0.0,17,859,19.19,80.81,,,1.57,1.94,79.24,98.06,80.8118,19.1882,2012,pres
2012_pres_t1,49007_0504,49,Maine-et-Loire,37.0,,49007,Angers,2.0,,0504,1059,316,743,0.0,22,721,29.84,70.16,,,2.08,2.96,68.08,97.04,70.1605,29.8395,2012,pres
2012_pres_t1,49007_0505,49,Maine-et-Loire,37.0,,49007,Angers,2.0,,0505,1225,288,937,0.0,23,914,23.51,76.49,,,1.88,2.45,74.61,97.55,76.4898,23.5102,2012,pres
2012_pres_t1,49007_0506,49,Maine-et-Loire,37.0,,49007,Angers,2.0,,0506,932,156,776,0.0,10,766,16.74,83.26,,,1.07,1.29,82.19,98.71,83.2618,16.7382,2012,pres
2012_pres_t1,49007_0507,49,Maine-et-Loire,37.0,,49007,Angers,2.0,,0507,1445,394,1051,0.0,30,1021,27.27,72.73,,,2.08,2.85,70.66,97.15,72.7336,27.2664,2012,pres
2012_pres_t1,49007_0508,49,Maine-et-Loire,37.0,,49007,Angers,2.0,,0508,1040,170,870,0.0,12,858,16.35,83.65,,,1.15,1.38,82.5,98.62,83.6538,16.3462,2012,pres
2012_pres_t1,49007_0509,49,Maine-et-Loire,37.0,,49007,Angers,2.0,,0509,1138,254,884,0.0,14,870,22.32,77.68,,,1.23,1.58,76.45,98.42,77.6801,22.3199,2012,pres
2012_pres_t1,49007_0510,49,Maine-et-Loire,37.0,,49007,Angers,2.0,,0510,1107,250,857,0.0,22,835,22.58,77.42,,,1.99,2.57,75.43,97.43,77.4164,22.5836,2012,pres
2012_pres_t1,49007_0511,49,Maine-et-Loire,37.0,,49007,Angers,2.0,,0511,1037,217,820,0.0,13,807,20.93,79.07,,,1.25,1.59,77.82,98.41,79.0743,20.9257,2012,pres
2012_pres_t1,49007_0512,49,Maine-et-Loire,37.0,,49007,Angers,2.0,,0512,1045,199,846,0.0,13,833,19.04,80.96,,,1.24,1.54,79.71,98.46,80.9569,19.0431,2012,pres
2012_pres_t1,49007_0513,49,Maine-et-Loire,37.0,,49007,Angers,2.0,,0513,987,168,819,0.0,19,800,17.02,82.98,,,1.93,2.32,81.05,97.68,82.9787,17.0213,2012,pres
2012_pres_t1,49007_0601,49,Maine-et-Loire,38.0,,49007,Angers,6.0,,0601,799,187,612,0.0,10,602,23.4,76.6,,,1.25,1.63,75.34,98.37,76.5957,23.4043,2012,pres
2012_pres_t1,49007_0602,49,Maine-et-Loire,38.0,,49007,Angers,6.0,,0602,1107,261,846,0.0,15,831,23.58,76.42,,,1.36,1.77,75.07,98.23,76.4228,23.5772,2012,pres
2012_pres_t1,49007_0603,49,Maine-et-Loire,38.0,,49007,Angers,6.0,,0603,872,200,672,0.0,10,662,22.94,77.06,,,1.15,1.49,75.92,98.51,77.0642,22.9358,2012,pres
2012_pres_t1,49007_0604,49,Maine-et-Loire,38.0,,49007,Angers,6.0,,0604,940,284,656,0.0,19,637,30.21,69.79,,,2.02,2.9,67.77,97.1,69.7872,30.2128,2012,pres
2012_pres_t1,49007_0605,49,Maine-et-Loire,38.0,,49007,Angers,6.0,,0605,1036,216,820,0.0,17,803,20.85,79.15,,,1.64,2.07,77.51,97.93,79.1506,20.8494,2012,pres
2012_pres_t1,49007_0606,49,Maine-et-Loire,38.0,,49007,Angers,6.0,,0606,1269,334,935,0.0,19,916,26.32,73.68,,,1.5,2.03,72.18,97.97,73.6801,26.3199,2012,pres
2012_pres_t1,49007_0607,49,Maine-et-Loire,38.0,,49007,Angers,6.0,,0607,1259,320,939,0.0,26,913,25.42,74.58,,,2.07,2.77,72.52,97.23,74.583,25.417,2012,pres
2012_pres_t1,49007_0608,49,Maine-et-Loire,38.0,,49007,Angers,6.0,,0608,1142,200,942,0.0,20,922,17.51,82.49,,,1.75,2.12,80.74,97.88,82.4869,17.5131,2012,pres
2012_pres_t1,49007_0609,49,Maine-et-Loire,38.0,,49007,Angers,6.0,,0609,1005,132,873,0.0,17,856,13.13,86.87,,,1.69,1.95,85.17,98.05,86.8657,13.1343,2012,pres
2012_pres_t1,49007_0610,49,Maine-et-Loire,38.0,,49007,Angers,6.0,,0610,826,126,700,0.0,6,694,15.25,84.75,,,0.73,0.86,84.02,99.14,84.7458,15.2542,2012,pres
2012_pres_t1,49007_0611,49,Maine-et-Loire,38.0,,49007,Angers,6.0,,0611,1016,116,900,0.0,21,879,11.42,88.58,,,2.07,2.33,86.52,97.67,88.5827,11.4173,2012,pres
2012_pres_t1,49007_0612,49,Maine-et-Loire,38.0,,49007,Angers,6.0,,0612,884,126,758,0.0,16,742,14.25,85.75,,,1.81,2.11,83.94,97.89,85.7466,14.2534,2012,pres
2012_pres_t1,49007_0613,49,Maine-et-Loire,38.0,,49007,Angers,6.0,,0613,1048,173,875,0.0,17,858,16.51,83.49,,,1.62,1.94,81.87,98.06,83.4924,16.5076,2012,pres
2012_pres_t1,49007_0701,49,Maine-et-Loire,39.0,,49007,Angers,7.0,,0701,1003,182,821,0.0,13,808,18.15,81.85,,,1.3,1.58,80.56,98.42,81.8544,18.1456,2012,pres
2012_pres_t1,49007_0702,49,Maine-et-Loire,39.0,,49007,Angers,7.0,,0702,1180,239,941,0.0,15,926,20.25,79.75,,,1.27,1.59,78.47,98.41,79.7458,20.2542,2012,pres
2012_pres_t1,49007_0703,49,Maine-et-Loire,39.0,,49007,Angers,7.0,,0703,1077,204,873,0.0,18,855,18.94,81.06,,,1.67,2.06,79.39,97.94,81.0585,18.9415,2012,pres
2012_pres_t1,49007_0704,49,Maine-et-Loire,39.0,,49007,Angers,7.0,,0704,1074,184,890,0.0,10,880,17.13,82.87,,,0.93,1.12,81.94,98.88,82.8678,17.1322,2012,pres
2012_pres_t1,49007_0705,49,Maine-et-Loire,39.0,,49007,Angers,7.0,,0705,828,123,705,0.0,13,692,14.86,85.14,,,1.57,1.84,83.57,98.16,85.1449,14.8551,2012,pres
2012_pres_t1,49007_0801,49,Maine-et-Loire,41.0,,49007,Angers,7.0,,0801,1105,212,893,0.0,15,878,19.19,80.81,,,1.36,1.68,79.46,98.32,80.8145,19.1855,2012,pres
2012_pres_t1,49007_0802,49,Maine-et-Loire,41.0,,49007,Angers,7.0,,0802,1149,201,948,0.0,16,932,17.49,82.51,,,1.39,1.69,81.11,98.31,82.5065,17.4935,2012,pres
2012_pres_t1,49007_0803,49,Maine-et-Loire,41.0,,49007,Angers,7.0,,0803,696,330,366,0.0,8,358,47.41,52.59,,,1.15,2.19,51.44,97.81,52.5862,47.4138,2012,pres
2012_pres_t1,49007_0804,49,Maine-et-Loire,41.0,,49007,Angers,7.0,,0804,916,142,774,0.0,18,756,15.5,84.5,,,1.97,2.33,82.53,97.67,84.4978,15.5022,2012,pres
2012_pres_t1,49007_0805,49,Maine-et-Loire,41.0,,49007,Angers,7.0,,0805,945,225,720,0.0,17,703,23.81,76.19,,,1.8,2.36,74.39,97.64,76.1905,23.8095,2012,pres
2012_pres_t1,49015_0003,49,Maine-et-Loire,41.0,,49015,Avrill?,7.0,,0003,946,156,790,0.0,15,775,16.49,83.51,,,1.59,1.9,81.92,98.1,83.5095,16.4905,2012,pres
2012_pres_t1,49015_0004,49,Maine-et-Loire,41.0,,49015,Avrill?,7.0,,0004,845,156,689,0.0,8,681,18.46,81.54,,,0.95,1.16,80.59,98.84,81.5385,18.4615,2012,pres
2012_pres_t1,49015_0005,49,Maine-et-Loire,41.0,,49015,Avrill?,7.0,,0005,826,127,699,0.0,2,697,15.38,84.62,,,0.24,0.29,84.38,99.71,84.6247,15.3753,2012,pres
2012_pres_t1,49015_0006,49,Maine-et-Loire,41.0,,49015,Avrill?,7.0,,0006,932,130,802,0.0,13,789,13.95,86.05,,,1.39,1.62,84.66,98.38,86.0515,13.9485,2012,pres
2012_pres_t1,49015_0007,49,Maine-et-Loire,41.0,,49015,Avrill?,7.0,,0007,740,105,635,0.0,11,624,14.19,85.81,,,1.49,1.73,84.32,98.27,85.8108,14.1892,2012,pres
2012_pres_t1,49015_0008,49,Maine-et-Loire,41.0,,49015,Avrill?,7.0,,0008,923,138,785,0.0,15,770,14.95,85.05,,,1.63,1.91,83.42,98.09,85.0488,14.9512,2012,pres
2012_pres_t1,49015_0009,49,Maine-et-Loire,41.0,,49015,Avrill?,7.0,,0009,1019,177,842,0.0,9,833,17.37,82.63,,,0.88,1.07,81.75,98.93,82.63,17.37,2012,pres
2012_pres_t1,49015_0010,49,Maine-et-Loire,41.0,,49015,Avrill?,7.0,,0010,1258,192,1066,0.0,37,1029,15.26,84.74,,,2.94,3.47,81.8,96.53,84.7377,15.2623,2012,pres
2012_pres_t1,49015_0011,49,Maine-et-Loire,41.0,,49015,Avrill?,7.0,,0011,948,89,859,0.0,16,843,9.39,90.61,,,1.69,1.86,88.92,98.14,90.6118,9.3882,2012,pres
2012_pres_t1,49099_0111,49,Maine-et-Loire,35.0,,49099,Cholet,5.0,,0111,1262,231,1031,0.0,14,1017,18.3,81.7,,,1.11,1.36,80.59,98.64,81.6957,18.3043,2012,pres
2012_pres_t1,49099_0112,49,Maine-et-Loire,35.0,,49099,Cholet,5.0,,0112,1189,227,962,0.0,18,944,19.09,80.91,,,1.51,1.87,79.39,98.13,80.9083,19.0917,2012,pres
2012_pres_t1,49328_0N07,49,Maine-et-Loire,28.0,,49328,Saumur,3.0,,0N07,822,205,617,0.0,8,609,24.94,75.06,,,0.97,1.3,74.09,98.7,75.0608,24.9392,2012,pres
2012_pres_t1,49328_0N08,49,Maine-et-Loire,28.0,,49328,Saumur,3.0,,0N08,879,213,666,0.0,11,655,24.23,75.77,,,1.25,1.65,74.52,98.35,75.7679,24.2321,2012,pres
2012_pres_t1,49328_0N15,49,Maine-et-Loire,28.0,,49328,Saumur,3.0,,0N15,860,150,710,0.0,16,694,17.44,82.56,,,1.86,2.25,80.7,97.75,82.5581,17.4419,2012,pres
2012_pres_t1,49328_0N16,49,Maine-et-Loire,28.0,,49328,Saumur,3.0,,0N16,954,154,800,0.0,8,792,16.14,83.86,,,0.84,1.0,83.02,99.0,83.8574,16.1426,2012,pres
2012_pres_t1,49328_0N17,49,Maine-et-Loire,28.0,,49328,Saumur,3.0,,0N17,957,174,783,0.0,11,772,18.18,81.82,,,1.15,1.4,80.67,98.6,81.8182,18.1818,2012,pres
2012_pres_t1,49328_0S01,49,Maine-et-Loire,29.0,,49328,Saumur,4.0,,0S01,1058,264,794,0.0,14,780,24.95,75.05,,,1.32,1.76,73.72,98.24,75.0473,24.9527,2012,pres
2012_pres_t1,49328_0S02,49,Maine-et-Loire,29.0,,49328,Saumur,4.0,,0S02,1087,177,910,0.0,17,893,16.28,83.72,,,1.56,1.87,82.15,98.13,83.7167,16.2833,2012,pres
2012_pres_t1,49328_0S03,49,Maine-et-Loire,29.0,,49328,Saumur,4.0,,0S03,1036,236,800,0.0,19,781,22.78,77.22,,,1.83,2.38,75.39,97.62,77.2201,22.7799,2012,pres
2012_pres_t1,49328_0S04,49,Maine-et-Loire,29.0,,49328,Saumur,4.0,,0S04,959,174,785,0.0,13,772,18.14,81.86,,,1.36,1.66,80.5,98.34,81.8561,18.1439,2012,pres
2012_pres_t1,49328_0S05,49,Maine-et-Loire,29.0,,49328,Saumur,4.0,,0S05,1290,289,1001,0.0,14,987,22.4,77.6,,,1.09,1.4,76.51,98.6,77.5969,22.4031,2012,pres
2012_pres_t1,49328_0S06,49,Maine-et-Loire,29.0,,49328,Saumur,4.0,,0S06,1264,317,947,0.0,17,930,25.08,74.92,,,1.34,1.8,73.58,98.2,74.9209,25.0791,2012,pres
2012_pres_t1,49328_0S09,49,Maine-et-Loire,29.0,,49328,Saumur,4.0,,0S09,1305,501,804,0.0,24,780,38.39,61.61,,,1.84,2.99,59.77,97.01,61.6092,38.3908,2012,pres
2012_pres_t1,49328_0S10,49,Maine-et-Loire,29.0,,49328,Saumur,4.0,,0S10,913,157,756,0.0,19,737,17.2,82.8,,,2.08,2.51,80.72,97.49,82.8039,17.1961,2012,pres
2012_pres_t1,49328_0S11,49,Maine-et-Loire,29.0,,49328,Saumur,4.0,,0S11,1164,214,950,0.0,15,935,18.38,81.62,,,1.29,1.58,80.33,98.42,81.6151,18.3849,2012,pres
2012_pres_t1,49328_0S12,49,Maine-et-Loire,29.0,,49328,Saumur,4.0,,0S12,299,34,265,0.0,5,260,11.37,88.63,,,1.67,1.89,86.96,98.11,88.6288,11.3712,2012,pres
2012_pres_t1,49328_0S13,49,Maine-et-Loire,29.0,,49328,Saumur,4.0,,0S13,1175,171,1004,0.0,28,976,14.55,85.45,,,2.38,2.79,83.06,97.21,85.4468,14.5532,2012,pres
2012_pres_t1,49328_0S14,49,Maine-et-Loire,29.0,,49328,Saumur,4.0,,0S14,1036,154,882,0.0,20,862,14.86,85.14,,,1.93,2.27,83.2,97.73,85.1351,14.8649,2012,pres
2012_pres_t1,49328_0S18,49,Maine-et-Loire,29.0,,49328,Saumur,4.0,,0S18,1283,225,1058,0.0,20,1038,17.54,82.46,,,1.56,1.89,80.9,98.11,82.463,17.537,2012,pres
2012_pres_t1,49328_0S19,49,Maine-et-Loire,29.0,,49328,Saumur,4.0,,0S19,955,162,793,0.0,26,767,16.96,83.04,,,2.72,3.28,80.31,96.72,83.0366,16.9634,2012,pres
2012_pres_t1,53001_0001,53,Mayenne,32.0,,53001,Ahuill?,2.0,,0001,704,76,628,0.0,10,618,10.8,89.2,,,1.42,1.59,87.78,98.41,89.2045,10.7955,2012,pres
2012_pres_t1,53001_0002,53,Mayenne,32.0,,53001,Ahuill?,2.0,,0002,637,81,556,0.0,6,550,12.72,87.28,,,0.94,1.08,86.34,98.92,87.2841,12.7159,2012,pres
2012_pres_t1,53034_0003,53,Mayenne,2.0,,53034,Bonchamp-L?S-Laval,1.0,,0003,722,79,643,0.0,18,625,10.94,89.06,,,2.49,2.8,86.57,97.2,89.0582,10.9418,2012,pres
2012_pres_t1,53034_0004,53,Mayenne,2.0,,53034,Bonchamp-L?S-Laval,1.0,,0004,946,120,826,0.0,16,810,12.68,87.32,,,1.69,1.94,85.62,98.06,87.315,12.685,2012,pres
2012_pres_t1,53034_0005,53,Mayenne,2.0,,53034,Bonchamp-L?S-Laval,1.0,,0005,989,95,894,0.0,17,877,9.61,90.39,,,1.72,1.9,88.68,98.1,90.3943,9.6057,2012,pres
2012_pres_t1,53062_0006,53,Mayenne,31.0,,53062,Ch?Teau-Gontier,2.0,,0006,504,111,393,0.0,11,382,22.02,77.98,,,2.18,2.8,75.79,97.2,77.9762,22.0238,2012,pres
2012_pres_t1,53062_0007,53,Mayenne,6.0,,53062,Ch?Teau-Gontier,2.0,,0007,1064,159,905,0.0,20,885,14.94,85.06,,,1.88,2.21,83.18,97.79,85.0564,14.9436,2012,pres
2012_pres_t1,53062_0008,53,Mayenne,6.0,,53062,Ch?Teau-Gontier,2.0,,0008,1307,221,1086,0.0,29,1057,16.91,83.09,,,2.22,2.67,80.87,97.33,83.091,16.909,2012,pres
2012_pres_t1,53062_0009,53,Mayenne,6.0,,53062,Ch?Teau-Gontier,2.0,,0009,1265,179,1086,0.0,27,1059,14.15,85.85,,,2.13,2.49,83.72,97.51,85.8498,14.1502,2012,pres
2012_pres_t1,53130_0010,53,Mayenne,18.0,,53130,Laval,2.0,,0010,1074,169,905,0.0,12,893,15.74,84.26,,,1.12,1.33,83.15,98.67,84.2644,15.7356,2012,pres
2012_pres_t1,53130_0011,53,Mayenne,18.0,,53130,Laval,2.0,,0011,1042,189,853,0.0,19,834,18.14,81.86,,,1.82,2.23,80.04,97.77,81.8618,18.1382,2012,pres
2012_pres_t1,53130_0012,53,Mayenne,18.0,,53130,Laval,2.0,,0012,1142,252,890,0.0,16,874,22.07,77.93,,,1.4,1.8,76.53,98.2,77.9335,22.0665,2012,pres
2012_pres_t1,53130_0013,53,Mayenne,18.0,,53130,Laval,2.0,,0013,1107,196,911,0.0,15,896,17.71,82.29,,,1.36,1.65,80.94,98.35,82.2945,17.7055,2012,pres
2012_pres_t1,53130_0014,53,Mayenne,17.0,,53130,Laval,1.0,,0014,1163,190,973,0.0,32,941,16.34,83.66,,,2.75,3.29,80.91,96.71,83.6629,16.3371,2012,pres
2012_pres_t1,53130_0015,53,Mayenne,17.0,,53130,Laval,1.0,,0015,1321,242,1079,0.0,17,1062,18.32,81.68,,,1.29,1.58,80.39,98.42,81.6805,18.3195,2012,pres
2012_pres_t1,53130_0016,53,Mayenne,17.0,,53130,Laval,1.0,,0016,1408,184,1224,0.0,25,1199,13.07,86.93,,,1.78,2.04,85.16,97.96,86.9318,13.0682,2012,pres
2012_pres_t1,53130_0017,53,Mayenne,17.0,,53130,Laval,1.0,,0017,1078,267,811,0.0,18,793,24.77,75.23,,,1.67,2.22,73.56,97.78,75.2319,24.7681,2012,pres
2012_pres_t1,53130_0018,53,Mayenne,28.0,,53130,Laval,1.0,,0018,1029,193,836,0.0,8,828,18.76,81.24,,,0.78,0.96,80.47,99.04,81.2439,18.7561,2012,pres
2012_pres_t1,53130_0019,53,Mayenne,28.0,,53130,Laval,1.0,,0019,894,194,700,0.0,17,683,21.7,78.3,,,1.9,2.43,76.4,97.57,78.2998,21.7002,2012,pres
2012_pres_t1,53130_0020,53,Mayenne,28.0,,53130,Laval,1.0,,0020,1227,227,1000,0.0,13,987,18.5,81.5,,,1.06,1.3,80.44,98.7,81.4996,18.5004,2012,pres
2012_pres_t1,53130_0021,53,Mayenne,28.0,,53130,Laval,1.0,,0021,1481,222,1259,0.0,29,1230,14.99,85.01,,,1.96,2.3,83.05,97.7,85.0101,14.9899,2012,pres
2012_pres_t1,53130_0022,53,Mayenne,28.0,,53130,Laval,1.0,,0022,879,184,695,0.0,13,682,20.93,79.07,,,1.48,1.87,77.59,98.13,79.0671,20.9329,2012,pres
2012_pres_t1,53130_0023,53,Mayenne,28.0,,53130,Laval,1.0,,0023,822,170,652,0.0,21,631,20.68,79.32,,,2.55,3.22,76.76,96.78,79.3187,20.6813,2012,pres
2012_pres_t1,53130_0024,53,Mayenne,30.0,,53130,Laval,1.0,,0024,746,224,522,0.0,12,510,30.03,69.97,,,1.61,2.3,68.36,97.7,69.9732,30.0268,2012,pres
2012_pres_t1,53130_0025,53,Mayenne,30.0,,53130,Laval,1.0,,0025,750,166,584,0.0,13,571,22.13,77.87,,,1.73,2.23,76.13,97.77,77.8667,22.1333,2012,pres
2012_pres_t1,53130_0026,53,Mayenne,30.0,,53130,Laval,1.0,,0026,965,289,676,0.0,27,649,29.95,70.05,,,2.8,3.99,67.25,96.01,70.0518,29.9482,2012,pres
2012_pres_t1,53130_0027,53,Mayenne,30.0,,53130,Laval,1.0,,0027,1134,229,905,0.0,11,894,20.19,79.81,,,0.97,1.22,78.84,98.78,79.806,20.194,2012,pres
2012_pres_t1,53130_0028,53,Mayenne,30.0,,53130,Laval,1.0,,0028,811,147,664,0.0,11,653,18.13,81.87,,,1.36,1.66,80.52,98.34,81.8742,18.1258,2012,pres
2012_pres_t1,53130_0029,53,Mayenne,18.0,,53130,Laval,2.0,,0029,1186,172,1014,0.0,21,993,14.5,85.5,,,1.77,2.07,83.73,97.93,85.4975,14.5025,2012,pres
2012_pres_t1,53130_0030,53,Mayenne,29.0,,53130,Laval,1.0,,0030,944,142,802,0.0,24,778,15.04,84.96,,,2.54,2.99,82.42,97.01,84.9576,15.0424,2012,pres
2012_pres_t1,53130_0031,53,Mayenne,18.0,,53130,Laval,2.0,,0031,1047,183,864,0.0,21,843,17.48,82.52,,,2.01,2.43,80.52,97.57,82.5215,17.4785,2012,pres
2012_pres_t1,72001_0001,72,Sarthe,34.0,,72001,Aign?,1.0,,0001,1209,143,1066,0.0,24,1042,11.83,88.17,,,1.99,2.25,86.19,97.75,88.172,11.828,2012,pres
2012_pres_t1,72003_0002,72,Sarthe,40.0,,72003,Allonnes,4.0,,0002,543,217,326,0.0,6,320,39.96,60.04,,,1.1,1.84,58.93,98.16,60.0368,39.9632,2012,pres
2012_pres_t1,72003_0003,72,Sarthe,40.0,,72003,Allonnes,4.0,,0003,699,167,532,0.0,13,519,23.89,76.11,,,1.86,2.44,74.25,97.56,76.1087,23.8913,2012,pres
2012_pres_t1,72003_0004,72,Sarthe,40.0,,72003,Allonnes,4.0,,0004,742,240,502,0.0,11,491,32.35,67.65,,,1.48,2.19,66.17,97.81,67.655,32.345,2012,pres
2012_pres_t1,72003_0005,72,Sarthe,40.0,,72003,Allonnes,4.0,,0005,1183,205,978,0.0,24,954,17.33,82.67,,,2.03,2.45,80.64,97.55,82.6712,17.3288,2012,pres
2012_pres_t1,72003_0006,72,Sarthe,40.0,,72003,Allonnes,4.0,,0006,863,208,655,0.0,20,635,24.1,75.9,,,2.32,3.05,73.58,96.95,75.898,24.102,2012,pres
2012_pres_t1,72003_0007,72,Sarthe,40.0,,72003,Allonnes,4.0,,0007,859,168,691,0.0,22,669,19.56,80.44,,,2.56,3.18,77.88,96.82,80.4424,19.5576,2012,pres
2012_pres_t1,72003_0008,72,Sarthe,40.0,,72003,Allonnes,4.0,,0008,600,123,477,0.0,9,468,20.5,79.5,,,1.5,1.89,78.0,98.11,79.5,20.5,2012,pres
2012_pres_t1,72003_0009,72,Sarthe,40.0,,72003,Allonnes,4.0,,0009,1262,213,1049,0.0,28,1021,16.88,83.12,,,2.22,2.67,80.9,97.33,83.122,16.878,2012,pres
2012_pres_t1,72154_0010,72,Sarthe,14.0,,72154,La Fl?Che,3.0,,0010,594,135,459,0.0,11,448,22.73,77.27,,,1.85,2.4,75.42,97.6,77.2727,22.7273,2012,pres
2012_pres_t1,72154_0011,72,Sarthe,14.0,,72154,La Fl?Che,3.0,,0011,594,141,453,0.0,14,439,23.74,76.26,,,2.36,3.09,73.91,96.91,76.2626,23.7374,2012,pres
2012_pres_t1,72154_0012,72,Sarthe,14.0,,72154,La Fl?Che,3.0,,0012,664,171,493,0.0,12,481,25.75,74.25,,,1.81,2.43,72.44,97.57,74.247,25.753,2012,pres
2012_pres_t1,72154_0013,72,Sarthe,14.0,,72154,La Fl?Che,3.0,,0013,634,172,462,0.0,15,447,27.13,72.87,,,2.37,3.25,70.5,96.75,72.8707,27.1293,2012,pres
2012_pres_t1,72154_0014,72,Sarthe,14.0,,72154,La Fl?Che,3.0,,0014,471,79,392,0.0,9,383,16.77,83.23,,,1.91,2.3,81.32,97.7,83.2272,16.7728,2012,pres
2012_pres_t1,72154_0015,72,Sarthe,14.0,,72154,La Fl?Che,3.0,,0015,821,134,687,0.0,21,666,16.32,83.68,,,2.56,3.06,81.12,96.94,83.6784,16.3216,2012,pres
2012_pres_t1,72154_0016,72,Sarthe,14.0,,72154,La Fl?Che,3.0,,0016,661,93,568,0.0,15,553,14.07,85.93,,,2.27,2.64,83.66,97.36,85.9304,14.0696,2012,pres
2012_pres_t1,72154_0017,72,Sarthe,14.0,,72154,La Fl?Che,3.0,,0017,546,72,474,0.0,6,468,13.19,86.81,,,1.1,1.27,85.71,98.73,86.8132,13.1868,2012,pres
2012_pres_t1,72181_0018,72,Sarthe,21.0,,72181,Le Mans,5.0,,0018,758,160,598,0.0,23,575,21.11,78.89,,,3.03,3.85,75.86,96.15,78.8918,21.1082,2012,pres
2012_pres_t1,72181_0019,72,Sarthe,21.0,,72181,Le Mans,5.0,,0019,969,183,786,0.0,26,760,18.89,81.11,,,2.68,3.31,78.43,96.69,81.1146,18.8854,2012,pres
2012_pres_t1,72181_0020,72,Sarthe,21.0,,72181,Le Mans,5.0,,0020,978,181,797,0.0,21,776,18.51,81.49,,,2.15,2.63,79.35,97.37,81.4928,18.5072,2012,pres
2012_pres_t1,72181_0021,72,Sarthe,21.0,,72181,Le Mans,5.0,,0021,958,130,828,0.0,17,811,13.57,86.43,,,1.77,2.05,84.66,97.95,86.4301,13.5699,2012,pres
2012_pres_t1,72181_0022,72,Sarthe,21.0,,72181,Le Mans,5.0,,0022,1110,245,865,0.0,25,840,22.07,77.93,,,2.25,2.89,75.68,97.11,77.9279,22.0721,2012,pres
2012_pres_t1,72181_0023,72,Sarthe,21.0,,72181,Le Mans,5.0,,0023,995,179,816,0.0,27,789,17.99,82.01,,,2.71,3.31,79.3,96.69,82.0101,17.9899,2012,pres
2012_pres_t1,72181_0024,72,Sarthe,21.0,,72181,Le Mans,5.0,,0024,943,170,773,0.0,9,764,18.03,81.97,,,0.95,1.16,81.02,98.84,81.9724,18.0276,2012,pres
2012_pres_t1,72181_0025,72,Sarthe,21.0,,72181,Le Mans,5.0,,0025,926,158,768,0.0,24,744,17.06,82.94,,,2.59,3.12,80.35,96.88,82.9374,17.0626,2012,pres
2012_pres_t1,72181_0026,72,Sarthe,21.0,,72181,Le Mans,5.0,,0026,1003,196,807,0.0,22,785,19.54,80.46,,,2.19,2.73,78.27,97.27,80.4586,19.5414,2012,pres
2012_pres_t1,72181_0027,72,Sarthe,21.0,,72181,Le Mans,5.0,,0027,993,200,793,0.0,15,778,20.14,79.86,,,1.51,1.89,78.35,98.11,79.859,20.141,2012,pres
2012_pres_t1,72181_0028,72,Sarthe,21.0,,72181,Le Mans,5.0,,0028,884,221,663,0.0,17,646,25.0,75.0,,,1.92,2.56,73.08,97.44,75.0,25.0,2012,pres
2012_pres_t1,72181_0029,72,Sarthe,38.0,,72181,Le Mans,5.0,,0029,1159,261,898,0.0,27,871,22.52,77.48,,,2.33,3.01,75.15,96.99,77.4806,22.5194,2012,pres
2012_pres_t1,72181_0030,72,Sarthe,38.0,,72181,Le Mans,5.0,,0030,1068,286,782,0.0,15,767,26.78,73.22,,,1.4,1.92,71.82,98.08,73.221,26.779,2012,pres
2012_pres_t1,72181_0031,72,Sarthe,38.0,,72181,Le Mans,5.0,,0031,1045,260,785,0.0,23,762,24.88,75.12,,,2.2,2.93,72.92,97.07,75.1196,24.8804,2012,pres
2012_pres_t1,72181_0032,72,Sarthe,38.0,,72181,Le Mans,5.0,,0032,986,235,751,0.0,22,729,23.83,76.17,,,2.23,2.93,73.94,97.07,76.1663,23.8337,2012,pres
2012_pres_t1,72181_0033,72,Sarthe,38.0,,72181,Le Mans,5.0,,0033,1027,308,719,0.0,16,703,29.99,70.01,,,1.56,2.23,68.45,97.77,70.0097,29.9903,2012,pres
2012_pres_t1,72181_0034,72,Sarthe,38.0,,72181,Le Mans,5.0,,0034,1143,278,865,0.0,33,832,24.32,75.68,,,2.89,3.82,72.79,96.18,75.678,24.322,2012,pres
2012_pres_t1,72181_0035,72,Sarthe,20.0,,72181,Le Mans,2.0,,0035,963,276,687,0.0,14,673,28.66,71.34,,,1.45,2.04,69.89,97.96,71.3396,28.6604,2012,pres
2012_pres_t1,72181_0036,72,Sarthe,20.0,,72181,Le Mans,2.0,,0036,921,214,707,0.0,22,685,23.24,76.76,,,2.39,3.11,74.38,96.89,76.7644,23.2356,2012,pres
2012_pres_t1,72181_0037,72,Sarthe,20.0,,72181,Le Mans,2.0,,0037,999,232,767,0.0,20,747,23.22,76.78,,,2.0,2.61,74.77,97.39,76.7768,23.2232,2012,pres
2012_pres_t1,72181_0038,72,Sarthe,20.0,,72181,Le Mans,2.0,,0038,1040,372,668,0.0,11,657,35.77,64.23,,,1.06,1.65,63.17,98.35,64.2308,35.7692,2012,pres
2012_pres_t1,72181_0039,72,Sarthe,20.0,,72181,Le Mans,2.0,,0039,1053,351,702,0.0,22,680,33.33,66.67,,,2.09,3.13,64.58,96.87,66.6667,33.3333,2012,pres
2012_pres_t1,72181_0040,72,Sarthe,20.0,,72181,Le Mans,2.0,,0040,1028,318,710,0.0,18,692,30.93,69.07,,,1.75,2.54,67.32,97.46,69.0661,30.9339,2012,pres
2012_pres_t1,72181_0041,72,Sarthe,20.0,,72181,Le Mans,2.0,,0041,940,311,629,0.0,12,617,33.09,66.91,,,1.28,1.91,65.64,98.09,66.9149,33.0851,2012,pres
2012_pres_t1,72181_0042,72,Sarthe,20.0,,72181,Le Mans,2.0,,0042,841,347,494,0.0,18,476,41.26,58.74,,,2.14,3.64,56.6,96.36,58.7396,41.2604,2012,pres
2012_pres_t1,72181_0043,72,Sarthe,20.0,,72181,Le Mans,2.0,,0043,995,337,658,0.0,15,643,33.87,66.13,,,1.51,2.28,64.62,97.72,66.1307,33.8693,2012,pres
2012_pres_t1,72181_0044,72,Sarthe,20.0,,72181,Le Mans,2.0,,0044,1013,258,755,0.0,18,737,25.47,74.53,,,1.78,2.38,72.75,97.62,74.5311,25.4689,2012,pres
2012_pres_t1,72181_0045,72,Sarthe,20.0,,72181,Le Mans,2.0,,0045,1016,227,789,0.0,11,778,22.34,77.66,,,1.08,1.39,76.57,98.61,77.6575,22.3425,2012,pres
2012_pres_t1,72181_0046,72,Sarthe,20.0,,72181,Le Mans,2.0,,0046,1051,260,791,0.0,18,773,24.74,75.26,,,1.71,2.28,73.55,97.72,75.2617,24.7383,2012,pres
2012_pres_t1,72181_0047,72,Sarthe,37.0,,72181,Le Mans,2.0,,0047,1112,264,848,0.0,25,823,23.74,76.26,,,2.25,2.95,74.01,97.05,76.259,23.741,2012,pres
2012_pres_t1,72181_0048,72,Sarthe,37.0,,72181,Le Mans,2.0,,0048,1055,256,799,0.0,14,785,24.27,75.73,,,1.33,1.75,74.41,98.25,75.7346,24.2654,2012,pres
2012_pres_t1,72181_0049,72,Sarthe,37.0,,72181,Le Mans,2.0,,0049,990,284,706,0.0,30,676,28.69,71.31,,,3.03,4.25,68.28,95.75,71.3131,28.6869,2012,pres
2012_pres_t1,72181_0050,72,Sarthe,35.0,,72181,Le Mans,2.0,,0050,1032,250,782,0.0,21,761,24.22,75.78,,,2.03,2.69,73.74,97.31,75.7752,24.2248,2012,pres
2012_pres_t1,72181_0051,72,Sarthe,35.0,,72181,Le Mans,2.0,,0051,917,307,610,0.0,29,581,33.48,66.52,,,3.16,4.75,63.36,95.25,66.5213,33.4787,2012,pres
2012_pres_t1,72181_0052,72,Sarthe,35.0,,72181,Le Mans,2.0,,0052,828,214,614,0.0,18,596,25.85,74.15,,,2.17,2.93,71.98,97.07,74.1546,25.8454,2012,pres
2012_pres_t1,72181_0053,72,Sarthe,35.0,,72181,Le Mans,2.0,,0053,913,273,640,0.0,21,619,29.9,70.1,,,2.3,3.28,67.8,96.72,70.0986,29.9014,2012,pres
2012_pres_t1,72181_0054,72,Sarthe,35.0,,72181,Le Mans,2.0,,0054,1020,220,800,0.0,23,777,21.57,78.43,,,2.25,2.88,76.18,97.12,78.4314,21.5686,2012,pres
2012_pres_t1,72181_0055,72,Sarthe,35.0,,72181,Le Mans,2.0,,0055,1053,376,677,0.0,27,650,35.71,64.29,,,2.56,3.99,61.73,96.01,64.2925,35.7075,2012,pres
2012_pres_t1,72181_0056,72,Sarthe,35.0,,72181,Le Mans,2.0,,0056,1024,313,711,0.0,29,682,30.57,69.43,,,2.83,4.08,66.6,95.92,69.4336,30.5664,2012,pres
2012_pres_t1,72181_0057,72,Sarthe,35.0,,72181,Le Mans,2.0,,0057,963,286,677,0.0,36,641,29.7,70.3,,,3.74,5.32,66.56,94.68,70.3011,29.6989,2012,pres
2012_pres_t1,72181_0058,72,Sarthe,35.0,,72181,Le Mans,2.0,,0058,854,286,568,0.0,16,552,33.49,66.51,,,1.87,2.82,64.64,97.18,66.5105,33.4895,2012,pres
2012_pres_t1,72181_0059,72,Sarthe,35.0,,72181,Le Mans,2.0,,0059,927,220,707,0.0,28,679,23.73,76.27,,,3.02,3.96,73.25,96.04,76.2675,23.7325,2012,pres
2012_pres_t1,72181_0060,72,Sarthe,35.0,,72181,Le Mans,2.0,,0060,963,240,723,0.0,33,690,24.92,75.08,,,3.43,4.56,71.65,95.44,75.0779,24.9221,2012,pres
2012_pres_t1,72181_0061,72,Sarthe,35.0,,72181,Le Mans,2.0,,0061,1044,190,854,0.0,21,833,18.2,81.8,,,2.01,2.46,79.79,97.54,81.8008,18.1992,2012,pres
2012_pres_t1,72181_0062,72,Sarthe,35.0,,72181,Le Mans,2.0,,0062,1035,227,808,0.0,25,783,21.93,78.07,,,2.42,3.09,75.65,96.91,78.0676,21.9324,2012,pres
2012_pres_t1,72181_0063,72,Sarthe,35.0,,72181,Le Mans,2.0,,0063,878,209,669,0.0,25,644,23.8,76.2,,,2.85,3.74,73.35,96.26,76.1959,23.8041,2012,pres
2012_pres_t1,72181_0064,72,Sarthe,36.0,,72181,Le Mans,2.0,,0064,898,178,720,0.0,15,705,19.82,80.18,,,1.67,2.08,78.51,97.92,80.1782,19.8218,2012,pres
2012_pres_t1,72181_0065,72,Sarthe,36.0,,72181,Le Mans,2.0,,0065,876,234,642,0.0,12,630,26.71,73.29,,,1.37,1.87,71.92,98.13,73.2877,26.7123,2012,pres
2012_pres_t1,72181_0066,72,Sarthe,36.0,,72181,Le Mans,2.0,,0066,875,244,631,0.0,29,602,27.89,72.11,,,3.31,4.6,68.8,95.4,72.1143,27.8857,2012,pres
2012_pres_t1,72181_0067,72,Sarthe,36.0,,72181,Le Mans,2.0,,0067,1035,310,725,0.0,16,709,29.95,70.05,,,1.55,2.21,68.5,97.79,70.0483,29.9517,2012,pres
2012_pres_t1,72181_0068,72,Sarthe,36.0,,72181,Le Mans,2.0,,0068,985,249,736,0.0,15,721,25.28,74.72,,,1.52,2.04,73.2,97.96,74.7208,25.2792,2012,pres
2012_pres_t1,72181_0069,72,Sarthe,36.0,,72181,Le Mans,2.0,,0069,795,161,634,0.0,12,622,20.25,79.75,,,1.51,1.89,78.24,98.11,79.7484,20.2516,2012,pres
2012_pres_t1,72181_0070,72,Sarthe,36.0,,72181,Le Mans,2.0,,0070,834,204,630,0.0,17,613,24.46,75.54,,,2.04,2.7,73.5,97.3,75.5396,24.4604,2012,pres
2012_pres_t1,72181_0071,72,Sarthe,36.0,,72181,Le Mans,2.0,,0071,905,193,712,0.0,16,696,21.33,78.67,,,1.77,2.25,76.91,97.75,78.674,21.326,2012,pres
2012_pres_t1,72181_0072,72,Sarthe,39.0,,72181,Le Mans,4.0,,0072,1011,213,798,0.0,22,776,21.07,78.93,,,2.18,2.76,76.76,97.24,78.9318,21.0682,2012,pres
2012_pres_t1,72181_0073,72,Sarthe,39.0,,72181,Le Mans,4.0,,0073,1083,264,819,0.0,33,786,24.38,75.62,,,3.05,4.03,72.58,95.97,75.6233,24.3767,2012,pres
2012_pres_t1,72181_0074,72,Sarthe,39.0,,72181,Le Mans,4.0,,0074,1000,201,799,0.0,17,782,20.1,79.9,,,1.7,2.13,78.2,97.87,79.9,20.1,2012,pres
2012_pres_t1,72181_0075,72,Sarthe,39.0,,72181,Le Mans,4.0,,0075,917,202,715,0.0,15,700,22.03,77.97,,,1.64,2.1,76.34,97.9,77.9716,22.0284,2012,pres
2012_pres_t1,72181_0076,72,Sarthe,39.0,,72181,Le Mans,4.0,,0076,970,259,711,0.0,15,696,26.7,73.3,,,1.55,2.11,71.75,97.89,73.299,26.701,2012,pres
2012_pres_t1,72181_0077,72,Sarthe,39.0,,72181,Le Mans,4.0,,0077,991,200,791,0.0,22,769,20.18,79.82,,,2.22,2.78,77.6,97.22,79.8184,20.1816,2012,pres
2012_pres_t1,72181_0078,72,Sarthe,39.0,,72181,Le Mans,4.0,,0078,885,172,713,0.0,22,691,19.44,80.56,,,2.49,3.09,78.08,96.91,80.565,19.435,2012,pres
2012_pres_t1,72181_0079,72,Sarthe,39.0,,72181,Le Mans,4.0,,0079,955,174,781,0.0,35,746,18.22,81.78,,,3.66,4.48,78.12,95.52,81.7801,18.2199,2012,pres
2012_pres_t1,72181_0080,72,Sarthe,39.0,,72181,Le Mans,4.0,,0080,844,168,676,0.0,18,658,19.91,80.09,,,2.13,2.66,77.96,97.34,80.0948,19.9052,2012,pres
2012_pres_t1,72181_0081,72,Sarthe,39.0,,72181,Le Mans,4.0,,0081,902,173,729,0.0,23,706,19.18,80.82,,,2.55,3.16,78.27,96.84,80.8204,19.1796,2012,pres
2012_pres_t1,72181_0082,72,Sarthe,39.0,,72181,Le Mans,4.0,,0082,965,209,756,0.0,19,737,21.66,78.34,,,1.97,2.51,76.37,97.49,78.342,21.658,2012,pres
2012_pres_t1,72181_0083,72,Sarthe,39.0,,72181,Le Mans,4.0,,0083,1053,179,874,0.0,24,850,17.0,83.0,,,2.28,2.75,80.72,97.25,83.0009,16.9991,2012,pres
2012_pres_t1,72181_0084,72,Sarthe,34.0,,72181,Le Mans,1.0,,0084,1007,238,769,0.0,19,750,23.63,76.37,,,1.89,2.47,74.48,97.53,76.3654,23.6346,2012,pres
2012_pres_t1,72181_0085,72,Sarthe,34.0,,72181,Le Mans,1.0,,0085,991,198,793,0.0,24,769,19.98,80.02,,,2.42,3.03,77.6,96.97,80.0202,19.9798,2012,pres
2012_pres_t1,72181_0086,72,Sarthe,34.0,,72181,Le Mans,1.0,,0086,1086,282,804,0.0,20,784,25.97,74.03,,,1.84,2.49,72.19,97.51,74.0331,25.9669,2012,pres
2012_pres_t1,72181_0087,72,Sarthe,34.0,,72181,Le Mans,1.0,,0087,1059,232,827,0.0,24,803,21.91,78.09,,,2.27,2.9,75.83,97.1,78.0925,21.9075,2012,pres
2012_pres_t1,72181_0088,72,Sarthe,34.0,,72181,Le Mans,1.0,,0088,1088,232,856,0.0,20,836,21.32,78.68,,,1.84,2.34,76.84,97.66,78.6765,21.3235,2012,pres
2012_pres_t1,72181_0089,72,Sarthe,34.0,,72181,Le Mans,1.0,,0089,1075,260,815,0.0,24,791,24.19,75.81,,,2.23,2.94,73.58,97.06,75.814,24.186,2012,pres
2012_pres_t1,72181_0090,72,Sarthe,34.0,,72181,Le Mans,1.0,,0090,950,262,688,0.0,18,670,27.58,72.42,,,1.89,2.62,70.53,97.38,72.4211,27.5789,2012,pres
2012_pres_t1,72181_0091,72,Sarthe,34.0,,72181,Le Mans,1.0,,0091,1040,246,794,0.0,26,768,23.65,76.35,,,2.5,3.27,73.85,96.73,76.3462,23.6538,2012,pres
2012_pres_t1,72181_0092,72,Sarthe,34.0,,72181,Le Mans,1.0,,0092,1028,206,822,0.0,28,794,20.04,79.96,,,2.72,3.41,77.24,96.59,79.9611,20.0389,2012,pres
2012_pres_t1,72181_0093,72,Sarthe,34.0,,72181,Le Mans,1.0,,0093,1015,227,788,0.0,23,765,22.36,77.64,,,2.27,2.92,75.37,97.08,77.6355,22.3645,2012,pres
2012_pres_t1,72181_0094,72,Sarthe,34.0,,72181,Le Mans,1.0,,0094,1039,249,790,0.0,23,767,23.97,76.03,,,2.21,2.91,73.82,97.09,76.0346,23.9654,2012,pres
2012_pres_t1,72181_0095,72,Sarthe,34.0,,72181,Le Mans,1.0,,0095,939,211,728,0.0,17,711,22.47,77.53,,,1.81,2.34,75.72,97.66,77.5293,22.4707,2012,pres
2012_pres_t1,72181_0096,72,Sarthe,34.0,,72181,Le Mans,1.0,,0096,736,131,605,0.0,18,587,17.8,82.2,,,2.45,2.98,79.76,97.02,82.2011,17.7989,2012,pres
2012_pres_t1,72181_0097,72,Sarthe,34.0,,72181,Le Mans,1.0,,0097,1128,183,945,0.0,24,921,16.22,83.78,,,2.13,2.54,81.65,97.46,83.7766,16.2234,2012,pres
2012_pres_t1,85001_0001,85,Vendée,11.0,,85001,L'Aiguillon-Sur-Mer,5.0,,0001,1038,158,880,0.0,24,856,15.22,84.78,,,2.31,2.73,82.47,97.27,84.7784,15.2216,2012,pres
2012_pres_t1,85001_0002,85,Vendée,11.0,,85001,L'Aiguillon-Sur-Mer,5.0,,0002,961,177,784,0.0,15,769,18.42,81.58,,,1.56,1.91,80.02,98.09,81.5817,18.4183,2012,pres
2012_pres_t1,85003_0003,85,Vendée,20.0,,85003,Aizenay,1.0,,0003,1188,122,1066,0.0,27,1039,10.27,89.73,,,2.27,2.53,87.46,97.47,89.7306,10.2694,2012,pres
2012_pres_t1,85003_0004,85,Vendée,20.0,,85003,Aizenay,1.0,,0004,1060,121,939,0.0,25,914,11.42,88.58,,,2.36,2.66,86.23,97.34,88.5849,11.4151,2012,pres
2012_pres_t1,85003_0005,85,Vendée,20.0,,85003,Aizenay,1.0,,0005,1297,143,1154,0.0,26,1128,11.03,88.97,,,2.0,2.25,86.97,97.75,88.9746,11.0254,2012,pres
2012_pres_t1,85020_0006,85,Vendée,12.0,,85020,Benet,5.0,,0006,934,149,785,0.0,20,765,15.95,84.05,,,2.14,2.55,81.91,97.45,84.0471,15.9529,2012,pres
2012_pres_t1,85047_0007,85,Vendée,3.0,,85047,Challans,1.0,,0007,1093,199,894,0.0,14,880,18.21,81.79,,,1.28,1.57,80.51,98.43,81.7932,18.2068,2012,pres
2012_pres_t1,85047_0008,85,Vendée,3.0,,85047,Challans,1.0,,0008,987,169,818,0.0,17,801,17.12,82.88,,,1.72,2.08,81.16,97.92,82.8774,17.1226,2012,pres
2012_pres_t1,85047_0009,85,Vendée,3.0,,85047,Challans,1.0,,0009,1066,208,858,0.0,13,845,19.51,80.49,,,1.22,1.52,79.27,98.48,80.4878,19.5122,2012,pres
2012_pres_t1,85047_0010,85,Vendée,3.0,,85047,Challans,1.0,,0010,988,181,807,0.0,21,786,18.32,81.68,,,2.13,2.6,79.55,97.4,81.6802,18.3198,2012,pres
2012_pres_t1,85047_0011,85,Vendée,3.0,,85047,Challans,1.0,,0011,955,167,788,0.0,19,769,17.49,82.51,,,1.99,2.41,80.52,97.59,82.5131,17.4869,2012,pres
2012_pres_t1,85047_0012,85,Vendée,3.0,,85047,Challans,1.0,,0012,1031,135,896,0.0,19,877,13.09,86.91,,,1.84,2.12,85.06,97.88,86.9059,13.0941,2012,pres
2012_pres_t1,85047_0013,85,Vendée,3.0,,85047,Challans,1.0,,0013,1011,225,786,0.0,21,765,22.26,77.74,,,2.08,2.67,75.67,97.33,77.7448,22.2552,2012,pres
2012_pres_t1,85047_0014,85,Vendée,3.0,,85047,Challans,1.0,,0014,1058,189,869,0.0,23,846,17.86,82.14,,,2.17,2.65,79.96,97.35,82.1361,17.8639,2012,pres
2012_pres_t1,85047_0015,85,Vendée,3.0,,85047,Challans,1.0,,0015,1025,204,821,0.0,18,803,19.9,80.1,,,1.76,2.19,78.34,97.81,80.0976,19.9024,2012,pres
2012_pres_t1,85191_0016,85,Vendée,31.0,,85191,La Roche-Sur-Yon,2.0,,0016,998,135,863,0.0,10,853,13.53,86.47,,,1.0,1.16,85.47,98.84,86.4729,13.5271,2012,pres
2012_pres_t1,85191_0017,85,Vendée,31.0,,85191,La Roche-Sur-Yon,2.0,,0017,963,156,807,0.0,10,797,16.2,83.8,,,1.04,1.24,82.76,98.76,83.8006,16.1994,2012,pres
2012_pres_t1,85191_0018,85,Vendée,31.0,,85191,La Roche-Sur-Yon,2.0,,0018,1162,274,888,0.0,14,874,23.58,76.42,,,1.2,1.58,75.22,98.42,76.42,23.58,2012,pres
2012_pres_t1,85191_0019,85,Vendée,23.0,,85191,La Roche-Sur-Yon,1.0,,0019,959,187,772,0.0,9,763,19.5,80.5,,,0.94,1.17,79.56,98.83,80.5005,19.4995,2012,pres
2012_pres_t1,85191_0020,85,Vendée,23.0,,85191,La Roche-Sur-Yon,1.0,,0020,957,168,789,0.0,12,777,17.55,82.45,,,1.25,1.52,81.19,98.48,82.4451,17.5549,2012,pres
2012_pres_t1,85191_0021,85,Vendée,23.0,,85191,La Roche-Sur-Yon,1.0,,0021,915,207,708,0.0,12,696,22.62,77.38,,,1.31,1.69,76.07,98.31,77.377,22.623,2012,pres
2012_pres_t1,85191_0022,85,Vendée,23.0,,85191,La Roche-Sur-Yon,1.0,,0022,1248,150,1098,0.0,14,1084,12.02,87.98,,,1.12,1.28,86.86,98.72,87.9808,12.0192,2012,pres
2012_pres_t1,85191_0023,85,Vendée,23.0,,85191,La Roche-Sur-Yon,1.0,,0023,920,164,756,0.0,12,744,17.83,82.17,,,1.3,1.59,80.87,98.41,82.1739,17.8261,2012,pres
2012_pres_t1,85191_0024,85,Vendée,23.0,,85191,La Roche-Sur-Yon,1.0,,0024,740,127,613,0.0,17,596,17.16,82.84,,,2.3,2.77,80.54,97.23,82.8378,17.1622,2012,pres
2012_pres_t1,85191_0025,85,Vendée,23.0,,85191,La Roche-Sur-Yon,1.0,,0025,996,232,764,0.0,17,747,23.29,76.71,,,1.71,2.23,75.0,97.77,76.7068,23.2932,2012,pres
2012_pres_t1,85191_0026,85,Vendée,23.0,,85191,La Roche-Sur-Yon,1.0,,0026,1423,229,1194,0.0,23,1171,16.09,83.91,,,1.62,1.93,82.29,98.07,83.9072,16.0928,2012,pres
2012_pres_t1,85191_0027,85,Vendée,23.0,,85191,La Roche-Sur-Yon,1.0,,0027,887,206,681,0.0,14,667,23.22,76.78,,,1.58,2.06,75.2,97.94,76.7756,23.2244,2012,pres
2012_pres_t1,85191_0028,85,Vendée,23.0,,85191,La Roche-Sur-Yon,1.0,,0028,1085,196,889,0.0,17,872,18.06,81.94,,,1.57,1.91,80.37,98.09,81.9355,18.0645,2012,pres
2012_pres_t1,85191_0029,85,Vendée,23.0,,85191,La Roche-Sur-Yon,1.0,,0029,1057,181,876,0.0,16,860,17.12,82.88,,,1.51,1.83,81.36,98.17,82.8761,17.1239,2012,pres
2012_pres_t1,85191_0030,85,Vendée,23.0,,85191,La Roche-Sur-Yon,1.0,,0030,1261,222,1039,0.0,22,1017,17.61,82.39,,,1.74,2.12,80.65,97.88,82.3949,17.6051,2012,pres
2012_pres_t1,85191_0031,85,Vendée,23.0,,85191,La Roche-Sur-Yon,1.0,,0031,928,161,767,0.0,13,754,17.35,82.65,,,1.4,1.69,81.25,98.31,82.6509,17.3491,2012,pres
2012_pres_t1,85191_0032,85,Vendée,23.0,,85191,La Roche-Sur-Yon,1.0,,0032,718,213,505,0.0,9,496,29.67,70.33,,,1.25,1.78,69.08,98.22,70.3343,29.6657,2012,pres
2012_pres_t1,85191_0033,85,Vendée,23.0,,85191,La Roche-Sur-Yon,1.0,,0033,892,268,624,0.0,12,612,30.04,69.96,,,1.35,1.92,68.61,98.08,69.9552,30.0448,2012,pres
2012_pres_t1,85191_0034,85,Vendée,23.0,,85191,La Roche-Sur-Yon,1.0,,0034,997,214,783,0.0,27,756,21.46,78.54,,,2.71,3.45,75.83,96.55,78.5356,21.4644,2012,pres
2012_pres_t1,85191_0035,85,Vendée,31.0,,85191,La Roche-Sur-Yon,2.0,,0035,809,98,711,0.0,24,687,12.11,87.89,,,2.97,3.38,84.92,96.62,87.8863,12.1137,2012,pres
2012_pres_t1,85191_0036,85,Vendée,31.0,,85191,La Roche-Sur-Yon,2.0,,0036,635,86,549,0.0,15,534,13.54,86.46,,,2.36,2.73,84.09,97.27,86.4567,13.5433,2012,pres
