CODGEO,code_departement,P10_POP1564,P10_CHOM1564,P15_POP1564,P15_CHOM1564,P21_POP1564,P21_CHOM1564,taux_chomage_2012,taux_chomage_2017,taux_chomage_2022
44001,44,1151,99,1200,84,1256.430492,70.748305,8.601216,7,5.630897
44002,44,1992,93,2278,130,2537.09182,113.4669,4.668675,5.70676,4.472321
44003,44,6538.059188,359.718874,6307.505407,520.545049,6707.587101,498.786054,5.501921,8.252788,7.436147
44005,44,3682.33867,246.097291,4096.147373,302.250821,4436.594031,266.617419,6.683179,7.378905,6.009507
44006,44,1114,78,1090,101,1142.358369,80.707379,7.001795,9.266055,7.064979
44007,44,1453.014836,112.371692,1461.350651,130.534148,1465.664061,111.219784,7.733692,8.932432,7.588354
44009,44,5480.537137,260.270982,5640.398609,342.505648,5876.980923,289.560592,4.749005,6.072366,4.92703
44010,44,1929.265557,162.140748,1748.27072,178.708048,1532.777753,153.909455,8.404273,10.221989,10.041211
44012,44,1367.826505,117.06014,1407.255992,143.047021,1568.405153,124.906032,8.558113,10.164961,7.963888
44013,44,1695,114,1832,158,2055.276174,128.607719,6.725664,8.624454,6.257442
44014,44,2099.924494,92.004022,2309.077579,123.586125,2464.610981,96.554242,4.381301,5.352186,3.917626
44015,44,5899.891752,365.560108,5910.677725,489.310694,6089.256737,454.964603,6.196048,8.278419,7.471595
44016,44,595.345679,30.740741,683.342339,44.781965,701.942969,30.355271,5.163511,6.553372,4.324464
44018,44,3954,184,4669,328,5070.352659,292.336722,4.653515,7.025059,5.765609
44019,44,568.441411,43.048919,605.718784,38.222452,649.979607,24.374896,7.57315,6.310264,3.750102
44020,44,12000.241526,794.633762,11932.715459,1052.984807,12936.108903,925.703996,6.621815,8.824352,7.155969
44021,44,2710,214,2823,265,2895.739072,190.262066,7.896679,9.387177,6.570415
44022,44,1665,80,1628,104,1756.2618,81.565258,4.804805,6.388206,4.644254
44023,44,1734.990453,84.626725,1863.446283,125.242646,1919.460672,113.350872,4.877648,6.721023,5.90535
44024,44,1718.005412,74.913027,1794.196831,92.653521,1828.724427,73.709509,4.360465,5.164067,4.030652
44025,44,2316.947617,116.196903,2361.643466,151.233212,2378.83364,131.704887,5.015085,6.403727,5.536532
44026,44,12276.857546,543.447597,12721.578484,868.593026,13239.952067,708.601967,4.426602,6.827714,5.351998
44027,44,1322.076741,67.291331,1434.65539,85.665765,1690.810378,78.506978,5.08982,5.971174,4.643157
44028,44,2383.297004,120.12913,2309.267584,151.85995,2461.98159,160.914586,5.04046,6.576109,6.535978
44029,44,4252.325235,242.454992,4264.643764,251.947722,4434.399136,227.635753,5.701704,5.907826,5.133407
44030,44,2350.069117,132.45397,2379.118989,180.872531,2560.017806,209.617975,5.636173,7.6025,8.188145
44031,44,489.808252,31.92233,459.683824,41.150735,474.711969,33.737292,6.517312,8.951965,7.106897
44032,44,1844.649423,100.582736,1980.812503,104.096184,2183.695105,75.930876,5.452675,5.255226,3.477174
44033,44,1824.574154,89.196998,1822.107776,94.532202,1997.932321,85.627853,4.888647,5.188069,4.285824
44035,44,11499.704588,594.974146,12098.174986,767.927373,12542.295489,827.455442,5.173821,6.347465,6.597321
44036,44,7182.056264,693.517512,6946.622049,846.074622,6959.644997,717.782217,9.656253,12.179655,10.313489
44037,44,1857.928474,108.865404,1833.750318,125.886341,1973.350687,85.120263,5.859505,6.864966,4.313489
44038,44,1586.539303,83.947933,1705.899543,139.732051,1868.032953,88.651763,5.291261,8.191107,4.745728
44039,44,527.846659,19.412924,662.20806,35.612933,756.585817,36.43226,3.677758,5.377907,4.815351
44041,44,3340.55858,140.885688,3540.400679,201.233696,3890.674572,217.683689,4.217429,5.683924,5.595011
44043,44,4237.090817,297.471116,4212.392386,345.311714,4531.791728,254.658174,7.020645,8.19752,5.619371
44044,44,631,63,638,71,631.493067,60.63203,9.984152,11.128527,9.601377
44045,44,1918.319583,81.164289,2322.837216,107.137037,2382.051973,101.330744,4.23101,4.612335,4.253927
44046,44,1794.045489,74.838514,1756.419526,115.813481,1696.230628,107.55761,4.171495,6.593725,6.340978
44047,44,12005.940607,528.33238,13170.315387,869.083598,14834.361531,980.706533,4.400591,6.598806,6.611046
44048,44,1468,77,1618,97,1621.156432,67.772821,5.245232,5.995056,4.180523
44049,44,2206.83677,140.654623,2011.030463,177.656645,1910.006296,199.508214,6.373585,8.83411,10.445422
44050,44,1699.233659,101.456511,1751.962735,123.734755,1837.992852,78.643615,5.970722,7.062636,4.278777
44051,44,1937.846834,141.227677,2058.916629,165.748152,2172.174523,120.680626,7.287866,8.05026,5.555752
44052,44,4172.112738,306.949025,4663.330199,458.882943,5015.145765,328.59466,7.35716,9.840241,6.552046
44053,44,1174.220581,86.206302,1321.422801,91.631508,1441.306856,72.398574,7.341577,6.934307,5.02312
44054,44,1922.503196,84.095991,1892.476317,118.727658,1894.773457,110.687582,4.374297,6.273667,5.841732
44055,44,8948.656858,655.58233,8004.884564,732.02998,7780.10136,677.18792,7.326042,9.144791,8.704102
44056,44,2023,155,2198,146,2292.028116,124.529276,7.661888,6.642402,5.433148
44057,44,1377,116,1449,154,1351.130043,119.359213,8.42411,10.628019,8.834029
44058,44,316.556886,27.105788,299.544304,21.841772,296.566525,30.976596,8.562691,7.291667,10.445075
44061,44,1788.69631,127.330308,1887.970304,141.193909,1894.049818,134.337867,7.11861,7.478609,7.092626
44062,44,957.44483,77.659377,1089.111253,90.896136,1213.296981,88.889893,8.111107,8.3459,7.32631
44063,44,2150,136,2277,140,2321.13482,122.723163,6.325581,6.148441,5.287205
44064,44,2635,140,2730,169,3081.771924,138.393566,5.313093,6.190476,4.490714
44065,44,471,47,462,38,445.836775,34.905708,9.978769,8.225108,7.829257
44066,44,3168.555067,166.961577,3740.590625,197.25432,4370.689087,178.783558,5.269329,5.273347,4.090512
44067,44,2927.713073,323.89481,2940.750474,300.707429,3083.193702,272.693092,11.063065,10.225534,8.844501
44068,44,1826.777889,136.896589,1959.018732,150.29981,2082.110295,128.518314,7.493883,7.672199,6.172503
44069,44,10053.227667,635.008815,9972.875071,846.333179,9632.196173,638.539887,6.316467,8.486351,6.629224
44070,44,2874.078253,126.218071,2985.813756,179.170879,3041.144461,155.853552,4.391602,6.000739,5.124832
44071,44,3561,157,3560,213,3695.839807,192.346847,4.408874,5.983146,5.204415
44072,44,3680.782363,264.611544,4029.955694,355.866172,4280.466915,259.77646,7.189003,8.830523,6.068881
44073,44,3276,175,3667,238,4094.075898,225.212002,5.34188,6.490319,5.500924
44074,44,2615.823105,185.040743,2557.011808,219.119479,2707.266019,193.008702,7.073901,8.569357,7.129285
44075,44,1112.715167,53.177885,1133.652755,102.828645,1054.046946,77.110808,4.77911,9.070559,7.31569
44076,44,666.312176,51.291488,797.948721,50.825642,867.5588,49.333043,7.697816,6.369537,5.686421
44077,44,1298.203685,76.746838,1378.418659,120.217212,1577.303129,76.725311,5.911772,8.721386,4.864335
44078,44,224.258824,4.152941,207.856502,21.831364,188.196408,18.848756,1.851852,10.503094,10.015471
44079,44,1933.182599,108.977604,1926.229656,115.570019,2058.164256,93.306513,5.637212,5.999805,4.533482
44080,44,500.982781,36.143046,502.697128,46.693211,493.240874,23.202598,7.214429,9.288538,4.704111
44081,44,2659.772126,148.831119,2706.770005,235.848502,2768.84818,150.841975,5.595634,8.713282,5.447824
44082,44,2889,151,3096,176,3432.4243,154.331639,5.226722,5.684755,4.496287
44083,44,1304.125835,66.956513,1444.559695,101.691002,1556.159586,68.377193,5.134206,7.039585,4.39397
44084,44,4461.4967,157.709931,5153.148211,321.967777,5516.466178,296.640084,3.534911,6.247982,5.377357
44085,44,591,32,635,46,561.73913,27.895371,5.414552,7.244094,4.965894
44086,44,629.469847,28.110959,659.293797,54.983013,675.357565,66.76012,4.465815,8.339683,9.885152
44087,44,4477.823763,242.47724,4431.536742,345.670148,4516.694102,307.839292,5.415069,7.800232,6.815589
44088,44,1721.986472,71.319331,1797.825096,103.511411,1920.272276,65.402735,4.141689,5.757591,3.405909
44089,44,2088.865006,120.530135,2211.700837,153.917124,2277.600892,102.358658,5.770126,6.95922,4.494144
44090,44,899.977714,48.105982,935.983773,71.173766,1065.049687,52.686385,5.345241,7.604167,4.946848
44091,44,891.516588,60.740691,910.174783,77.843896,955.311966,49.717049,6.813187,8.552632,5.204274
44092,44,386.571214,46.272864,396.714906,52.22576,404.983685,31.12284,11.970075,13.164557,7.684961
44094,44,1938,109,2018,136,2081.140999,104.879056,5.624355,6.739346,5.039498
44095,44,804.903214,55.754244,919.411151,81.689426,972.978228,61.519994,6.926826,8.884972,6.322854
44096,44,2810.83174,130.872638,2898.950064,174.215749,2934.365548,121.046995,4.656011,6.009615,4.125151
44097,44,1007,73,1034,122,1072.326116,116.177467,7.249255,11.798839,10.834154
44098,44,2998.355234,197.626215,3069.856613,251.945078,3321.831022,150.069418,6.591154,8.207063,4.517672
44099,44,1125.762064,73.523977,1123.123657,86.557223,1124.104855,95.655116,6.531041,7.706829,8.509448
44100,44,1298,58,1337,90,1467.853542,76.45861,4.468413,6.731488,5.208872
44101,44,3741.05205,215.587422,3823.389335,293.631464,4018.293187,290.047915,5.762749,7.679873,7.218187
44102,44,1919.547825,51.833526,1884.241648,84.465067,2042.731712,99.681236,2.700299,4.482709,4.879801
44103,44,4459.997676,444.416099,4422.085978,417.560207,4389.295817,287.963076,9.964492,9.442607,6.560576
44104,44,529.777509,15.903265,555.890782,39.135528,510.47835,18.696629,3.001876,7.040147,3.66257
44105,44,239,22,235,25,226.203297,20.851369,9.205021,10.638298,9.217978
44106,44,778.701613,49.87762,880.67162,67.481241,947.193149,69.375472,6.405229,7.662475,7.324322
44107,44,1123.534247,68.389041,1205.303629,98.679829,1317.345087,73.358548,6.086957,8.187135,5.568666
44108,44,1693.155538,62.826048,1805.141183,116.050428,1869.85706,95.787572,3.710589,6.428884,5.122722
44109,44,201106.008062,20150.21757,212376.957147,25809.576222,224852.416809,22686.930815,10.019699,12.15272,10.089698
44110,44,4821.638004,280.442382,5230.604656,347.341681,5754.559321,273.476884,5.81633,6.640565,4.752351
44111,44,1279.677119,60.82316,1329.842351,86.11194,1500.732916,74.953165,4.753008,6.47535,4.994437
44112,44,374.504348,20.243478,389.776604,26.308551,374.138891,22.731084,5.405405,6.749649,6.075574
44113,44,2300,149,2403,215,2525.696706,178.694223,6.478261,8.947149,7.075047
44114,44,15938.431147,996.021925,15565.436112,1235.172893,16683.548298,1190.589129,6.249184,7.935357,7.136306
44115,44,2111.719098,101.8381,2248.380265,156.303896,2384.266485,114.272242,4.822521,6.951844,4.792763
44116,44,1876.201026,177.926861,1875.754686,240.047329,1769.611289,158.780647,9.483358,12.797373,8.972629
44117,44,1929.241122,117.48837,2068.800231,138.78479,2145.132781,79.975848,6.089875,6.708467,3.728247
44118,44,790.26087,69.971014,786.155958,63.300698,872.751736,50.08077,8.854167,8.051926,5.738261
44119,44,1175.547002,76.923378,1186.584228,89.666314,1237.35977,68.358118,6.543624,7.556675,5.524514
44120,44,2811,212,3104,288,3314.427038,223.554355,7.5418,9.278351,6.744887
44121,44,273,17,255.403188,25.915594,263.298479,24.10541,6.227106,10.146934,9.155165
44122,44,2257.184659,87.533523,2359.577895,130.252708,2486.705362,113.862358,3.877996,5.52017,4.578844
44123,44,556.652219,36.007224,586.803662,48.900305,611.147048,36.791189,6.468531,8.333333,6.020022
44124,44,455.980922,36.992125,489.323607,41.644562,470.784644,31.803678,8.112648,8.510638,6.755462
44125,44,1227.108894,93.62146,1080.412762,104.505374,1115.562143,99.943736,7.629434,9.672727,8.959047
44126,44,2336.33762,123.922223,2346.635144,206.142505,2428.044791,229.692234,5.304123,8.7846,9.459967
44127,44,1564.483162,57.596421,1634.370046,95.31147,1702.944295,97.446275,3.681498,5.831695,5.722223
44128,44,2840.127138,202.612523,3128.926311,329.434558,3152.763228,267.958925,7.133924,10.528677,8.499177
44129,44,6157,453,6475,577,6713.214618,479.789922,7.357479,8.911197,7.146947
44130,44,3734.492108,139.570744,3666.616999,188.616444,4271.048334,240.449334,3.737342,5.144155,5.62975
44131,44,8303.680082,493.671281,8290.211296,664.617094,9312.995069,734.043603,5.945211,8.01689,7.881928
44132,44,6377.444651,504.78735,5974.167768,487.201065,6351.763865,556.845812,7.915198,8.155129,8.76679
44133,44,1759.264695,84.046159,1922.364457,125.304533,1930.9796,97.828411,4.777346,6.518251,5.066258
44134,44,587.507886,28.457413,631.779258,37.107517,667.72789,18.942339,4.84375,5.873494,2.836835
44135,44,2648.777426,186.767285,2133.353176,249.21022,1626.970539,165.963968,7.051075,11.68162,10.200797
44136,44,717.571517,53.042351,622.885167,64.73982,566.921361,61.144159,7.391925,10.39354,10.785298
44137,44,2037.307636,103.458571,2169.668213,119.536052,2149.383824,111.5411,5.078201,5.509416,5.189445
44138,44,592.883436,35.337423,669.201072,49.061662,751.625828,36.883444,5.960265,7.331378,4.907155
44139,44,803.902439,60.487805,904.685012,85.874878,961.318096,41.56217,7.524272,9.492241,4.323456
44140,44,985.228741,41.72973,969.075491,64.814918,991.457124,39.84652,4.235537,6.688325,4.018986
44141,44,722.204301,28.602151,784.350992,55.456693,824.178315,34.612189,3.960396,7.070392,4.1996
44142,44,1099.726267,50.346535,1183.482886,67.655608,1281.108835,63.152141,4.578097,5.716653,4.929491
44143,44,24742.462769,1975.762453,25182.469753,2288.508603,27325.852369,2209.504007,7.98531,9.087705,8.085764
44144,44,1297.14955,83.960413,1352.600972,114.359849,1402.333178,76.897517,6.472686,8.45481,5.483541
44145,44,1694.124249,83.135264,1765.62034,124.022899,1987.159374,76.144304,4.907271,7.024324,3.831817
44146,44,1385,92,1365,108,1257.215422,81.354513,6.642599,7.912088,6.471008
44148,44,453.706782,20.462871,426.825135,44.169311,411.474996,33.422028,4.510153,10.348339,8.122493
44149,44,2229.867425,130.681899,2340.919375,138.619913,2507.165398,103.968003,5.860523,5.921601,4.146835
44150,44,2404.477762,123.954866,2538.521165,165.666008,2439.817806,102.636373,5.155168,6.526083,4.206723
44151,44,3390.058457,170.244252,3818.875897,267.069206,4186.827082,203.728402,5.021868,6.993398,4.865938
44152,44,1658.382017,89.176711,1741.165085,130.179851,1811.869546,110.392889,5.377332,7.476594,6.092761
44153,44,985,88,1084,101,1055.258344,76.966236,8.93401,9.317343,7.293592
44154,44,7507.565396,507.969565,7862.571542,637.973936,8201.301801,522.101338,6.766102,8.114062,6.366079
44155,44,1996.37547,112.015598,2102.118395,145.033995,2237.146987,124.579588,5.610948,6.899421,5.568681
44156,44,1589.521001,69.145857,1749.246892,110.915311,1913.508585,102.735288,4.350107,6.340746,5.368948
44157,44,913,60,994,99,1049.028091,80.837123,6.571742,9.959759,7.705906
44158,44,4311.360819,169.696137,4307.219458,259.585708,4680.240757,227.542084,3.936023,6.026758,4.86176
44159,44,761.495279,50.219742,737.746479,40.503728,775.848072,38.400944,6.594886,5.490196,4.949544
44161,44,2093.249306,115.916843,2182.455608,157.187215,2136.443714,162.391404,5.537651,7.20231,7.601015
44162,44,27831.436409,2250.193917,28943.159091,3198.109679,31253.381341,2813.422818,8.08508,11.049622,9.001979
44163,44,2735.981572,160.035879,2795.105683,181.658744,2915.521981,156.044769,5.849304,6.499173,5.352207
44164,44,1183.690629,53.758662,1331.306574,91.594994,1428.064869,80.294132,4.541614,6.880083,5.622583
44165,44,1333.379118,58.328941,1451.912511,65.527629,1514.534875,65.797261,4.37452,4.513194,4.344387
44166,44,3363.049255,133.395731,3497.821918,215.635233,3752.40225,287.930499,3.966511,6.164843,7.673231
44168,44,2492.475187,136.106652,2406.811182,200.521272,2444.285586,179.541338,5.460702,8.331409,7.34535
44169,44,4376.869799,236.318612,4339.163564,277.660157,4806.219695,209.044986,5.399261,6.398933,4.349468
44170,44,541,45,546,40,505.717752,36.854817,8.31793,7.326007,7.287626
44171,44,1033.028571,49.285714,1128.169197,72.247289,1337.97857,53.093703,4.770992,6.403941,3.968203
44172,44,7891.775729,460.681541,9769.726781,656.731997,10068.244393,619.323678,5.837489,6.722112,6.151258
44173,44,1292.786649,48.126368,1347.437297,83.90307,1364.359922,74.908319,3.722685,6.226863,5.490364
44174,44,1235.794054,54.174595,1390.081764,107.021813,1517.369509,79.269739,4.383788,7.698958,5.224155
44175,44,2737.271521,162.0038,2816.902412,206.690953,3091.572255,150.607923,5.918441,7.337526,4.871564
44176,44,2092,164,1983,162,1896.086073,124.433573,7.839388,8.16944,6.562654
44178,44,1591.409422,81.53365,1607.764328,106.53054,1666.931563,102.148605,5.123361,6.626005,6.127942
44179,44,2650.126722,92.431764,3114.460859,161.173055,3318.68393,155.488567,3.487824,5.174991,4.685248
44180,44,4042.577772,231.32425,3954.827475,291.898093,3907.246823,202.287826,5.722197,7.380805,5.177247
44182,44,2810.170727,137.038095,2744.021082,218.101532,2999.959207,213.858637,4.876504,7.948246,7.128718
44183,44,1497.419245,89.605139,1594.211097,122.872517,1832.120463,131.944384,5.983971,7.707418,7.201731
44184,44,42659.579394,4217.873903,43049.79407,5477.587102,42903.402994,4572.057994,9.887284,12.72384,10.656633
44185,44,1931,153,1881,189,1917.549062,200.93013,7.923356,10.047847,10.478487
44186,44,3285.490929,130.346271,3947.197497,233.243886,4411.097828,252.316863,3.96733,5.909101,5.720047
44187,44,2670.265039,165.952492,2836.782132,236.425898,2841.128043,206.013748,6.214832,8.334299,7.251125
44188,44,5245.50175,231.570388,5654.822866,390.411313,5978.133884,349.033684,4.414647,6.904041,5.838506
44189,44,1305,82,1371,113,1410.395544,94.169356,6.283525,8.242159,6.676805
44190,44,16270.618626,878.514405,16455.932259,1373.996771,17618.419888,1231.911616,5.399392,8.349553,6.99218
44192,44,1362.438746,64.303894,1506.476088,91.713729,1722.759605,122.863359,4.719764,6.087964,7.131776
44193,44,859.4119,61.729601,867.9756,75.910629,877.946808,57.237853,7.182772,8.74571,6.519513
44194,44,4350.842765,234.039548,4474.875552,287.991764,4748.518857,224.685058,5.379177,6.435749,4.731687
44195,44,4674.758917,295.636515,5100.12673,387.358529,5684.624919,370.482707,6.324102,7.595077,6.517276
44196,44,988.108519,66.644333,967.371007,91.223587,959.315353,65.301784,6.744637,9.430052,6.807124
44197,44,984,76,933,87,972.619588,82.801121,7.723577,9.324759,8.513207
44198,44,4976.566133,255.503719,5138.023151,337.859242,5661.954028,305.402497,5.134137,6.575666,5.393942
44199,44,1262.150225,75.488232,1233.763343,111.888218,1171.281518,78.503939,5.980923,9.068856,6.702397
44200,44,226,24,216,18,214.001615,16.99562,10.619469,8.333333,7.941819
44201,44,4089.476566,127.077745,4495.565442,256.898828,4563.414916,268.571296,3.107433,5.714494,5.885314
44202,44,1035.975069,27.584139,1026.990424,66.239189,1083.317221,60.708197,2.662626,6.449835,5.603917
44203,44,1225.570258,36.433502,1242.024927,87.069273,1296.014816,59.698304,2.97278,7.010268,4.606298
44204,44,4989,304,5989,475,6726.839857,407.898721,6.093405,7.931207,6.06375
44205,44,1423.47526,101.791103,1480.784883,121.722127,1577.127861,81.392016,7.150887,8.220109,5.160775
44206,44,930.374621,69.001588,998.209641,86.712862,1140.524966,69.962186,7.416538,8.686839,6.134209
44207,44,556,51,580,42,635.394041,33.388475,9.172662,7.241379,5.254767
44208,44,494.386413,28.769815,506.646431,38.08645,579.904085,38.335147,5.819297,7.517363,6.610601
44209,44,5316.709246,188.99437,5894.404195,314.465552,6660.51306,398.898333,3.554725,5.334985,5.989003
44210,44,4629.218731,334.348676,4681.785786,476.452919,5001.602088,451.75743,7.222572,10.176735,9.032255
44211,44,2766,191,2410,237,2418.913668,203.091067,6.905278,9.834025,8.395962
44212,44,5415.393735,310.953517,5545.133595,377.90317,6030.253799,279.322534,5.74203,6.815042,4.63202
44213,44,4315.225589,274.142537,4455.877506,358.852689,4495.181336,325.648446,6.352913,8.053468,7.24439
44214,44,1206.926777,52.880812,1294.059449,103.321304,1278.930391,86.028432,4.381443,7.984278,6.726592
44215,44,13988.402196,660.460789,14529.322261,965.454806,15904.894913,886.862383,4.721488,6.644872,5.576034
44216,44,2472.275995,96.170916,2417.198972,152.319915,2436.719398,152.410482,3.889975,6.301505,6.254741
44217,44,3643.650121,151.79724,3775.154583,232.904134,4052.054702,155.257678,4.166076,6.169393,3.831579
44218,44,416.434132,30.303892,439.208351,35.91805,456.646551,33.04904,7.276995,8.177907,7.237335
44220,44,920.349576,45.967514,1021.415127,78.773865,1112.787197,67.667652,4.994571,7.712228,6.080916
44221,44,867.158017,36.264911,945.509969,50.001337,971.124073,52.660094,4.182042,5.288293,5.422592
44222,44,744,68,725,54,745.462006,41.146448,9.139785,7.448276,5.51959
44223,44,2224.118054,117.654742,2344.092548,146.533786,2373.472326,111.175211,5.28995,6.251195,4.684074
44224,44,1013.852687,35.952223,1073.558805,66.91049,1097.97691,68.913704,3.546099,6.232587,6.276426
49002,49,1782,128,1788,220,1721.310626,123.244607,7.182941,12.304251,7.159928
49003,49,1009.969134,83.481014,1022.051585,98.327659,1012.460415,71.357705,8.265699,9.620616,7.04795
49007,49,102171.107201,10766.282261,102764.463472,14316.713782,105255.983674,12094.80096,10.537502,13.93158,11.490844
49008,49,550,47,525,55,542.018969,46.101871,8.545455,10.47619,8.505583
49009,49,296.729958,14.324895,294.710386,17.831639,273.606621,12.887335,4.827586,6.050563,4.710169
49010,49,196.308772,13.950877,216.473731,12.175449,203.463778,16.008083,7.106599,5.624447,7.86778
49011,49,302.577465,20.375587,291.239437,26.746479,256.722693,15.134104,6.734007,9.183673,5.895117
49012,49,228.636872,11.030726,206.562842,16.043716,197.361896,11.173736,4.824561,7.76699,5.661547
49015,49,7800.440283,607.636097,7846.998151,679.545581,8448.249236,780.739326,7.789767,8.659943,9.241433
49017,49,294.876839,19.466244,352.620166,34.09768,406.081183,20.849759,6.601483,9.669804,5.134382
49018,49,6859.444625,500.78407,6798.300858,654.250981,6644.861484,545.824768,7.30065,9.623743,8.214238
49020,49,3520.927496,194.290273,3394.412064,236.928975,3467.202903,195.942579,5.518156,6.979971,5.651316
49021,49,4135.966685,303.996196,4163.350187,321.99656,4065.564519,255.147902,7.350064,7.734073,6.27583
49022,49,874.891298,38.433917,844.921995,45.1926,829.039715,46.421373,4.392993,5.34873,5.599415
49023,49,13826.435889,716.02171,13882.298786,978.028668,13999.326752,739.580294,5.178643,7.045149,5.28297
49026,49,1710.263016,93.646686,1756.026495,123.981198,1743.898277,119.553489,5.475572,7.060326,6.855531
49027,49,1204.613042,71.008695,1270.203687,73.866032,1336.21035,59.936205,5.894731,5.81529,4.485537
49028,49,80.14371,6.086864,82.749174,12.768461,78.504348,3.182609,7.594937,15.430319,4.054054
49029,49,811.238853,35.963026,746.032598,54.765101,760.876131,70.391086,4.4331,7.340846,9.25132
49030,49,635,47,610,57,581.264524,44.458826,7.401575,9.344262,7.648639
49035,49,3862.217811,218.110111,3816.714271,238.308305,3649.916091,154.170814,5.647276,6.243808,4.223955
49036,49,422.288828,25.13624,423.852,43.472,448.052279,29.352024,5.952381,10.25641,6.551027
49038,49,134,6,155,14,150.007903,7.998514,4.477612,9.032258,5.332062
49041,49,1214.20741,130.125104,1148.937615,128.74323,1156.13108,119.079882,10.716876,11.205415,10.29986
49045,49,380.237813,41.734496,374.710075,35.562499,392.108416,33.215544,10.975893,9.490671,8.47101
49048,49,1806.293029,64.815919,1817.043462,120.544263,1906.448587,109.986824,3.588339,6.634088,5.7692
49050,49,6625.028705,336.876537,6613.083669,431.060353,6795.039474,358.60549,5.084907,6.518296,5.27746
49053,49,190.107256,13.287066,205,19,200.311557,5.777853,6.989247,9.268293,2.884433
49054,49,1619.936158,138.787213,1540.856793,180.526478,1550.176839,145.937666,8.56745,11.71598,9.414259
49055,49,1369.213483,79.88764,1322.242727,73.816761,1423.512301,64.01163,5.834564,5.582694,4.496739
49056,49,165.355372,17.140496,148.214286,21.738095,160.47853,11.862517,10.365854,14.666667,7.391965
49057,49,195.522876,14.183007,205.913415,15.090683,194.062592,7.842924,7.253886,7.328655,4.04144
49058,49,469.006952,32.345307,519.194731,30.4811,536.087017,23.726239,6.896552,5.870841,4.425819
49060,49,2292.852791,217.192945,2235.479769,223.664605,2119.116135,194.005609,9.472607,10.005217,9.155025
49061,49,513.94328,20.394575,468.141872,41.393555,439.680095,37.855834,3.968254,8.842096,8.609858
49063,49,3930.326613,240.808722,3865.497917,296.828312,3808.901391,278.542717,6.126939,7.678915,7.312941
49064,49,214,14,223,26,225.558506,7.034766,6.542056,11.659193,3.118821
49067,49,213.948661,15.994678,198.263271,12.037983,197.322706,10.861101,7.475942,6.071716,5.504233
49068,49,1071.830167,67.583381,1121.546234,75.447142,1104.975995,52.684159,6.305419,6.727065,4.767901
49069,49,9564.800784,494.076301,9928.879637,590.047971,10396.584758,597.143119,5.165568,5.942745,5.743647
49070,49,444,13,446.2068,33.409961,416.293311,24.261894,2.927928,7.487551,5.828077
49076,49,405.560538,31.865471,459.63186,23.773603,525.260687,19.549127,7.857143,5.172314,3.721795
49080,49,4986.991539,389.325821,5120.295278,460.384255,5222.450152,349.610217,7.806827,8.991361,6.694372
49082,49,616.711157,28.93952,589.79206,35.227823,555.401821,31.648471,4.692557,5.972923,5.698302
49086,49,2129.397882,116.514802,2365.295079,166.173795,2414.192925,87.505361,5.471725,7.0255,3.624622
49089,49,617.71875,17.53125,622.459826,39.413577,599.863222,37.136858,2.838063,6.331907,6.190888
49090,49,612.270795,60.33023,598.157625,50.843398,600.762512,33.26039,9.853521,8.5,5.536362
49092,49,12968.981518,606.920044,13071.680411,878.857749,13017.075891,662.517109,4.679782,6.723372,5.0896
49099,49,34493.493142,3148.683073,33166.891988,4144.357646,32525.385155,3204.506279,9.128339,12.495466,9.852324
49100,49,312,20,303,31,293.952928,19.997215,6.410256,10.231023,6.802863
49102,49,176.914634,13.914634,188.757391,19.471033,181.685982,17.281718,7.865169,10.315375,9.511861
49107,49,281.924706,12.169412,316.769823,18.812842,286.227093,18.272723,4.316547,5.938963,6.383995
49109,49,877.173726,33.184716,938.352887,63.466445,890.054056,39.840295,3.783141,6.763601,4.476166
49110,49,1048,66,1125,82,1207.107362,88.060453,6.29771,7.288889,7.295163
49112,49,556.926454,40.774973,524.096425,32.570964,541.777238,18.738519,7.321429,6.214689,3.458713
49113,49,308.295302,20.760626,314.199773,25.607673,322.79355,28.858271,6.734007,8.150124,8.940164
49114,49,103.478528,5.122699,90.184211,10.782895,77.241379,8.689655,4.950495,11.956522,11.25
49120,49,922.314775,40.057102,908.351641,64.953638,876.11461,39.406671,4.343105,7.150715,4.49789
49121,49,272.775599,18.71024,286.617829,18.039276,285.857204,17.395672,6.859206,6.293843,6.085441
49123,49,1115.044034,62.022675,1060.741857,81.005481,1110.810188,77.57657,5.562352,7.636682,6.983783
49125,49,6617.397907,542.30788,6444.129261,604.258236,6516.257403,500.348125,8.195183,9.37688,7.678459
49127,49,1971,178,1931,193,1914.579436,157.37738,9.030949,9.994821,8.219945
49129,49,2369.323157,112.162894,2388.012993,180.260998,2609.388851,199.668263,4.733964,7.548577,7.651917
49130,49,388.97893,24.311183,381.209703,23.399061,412.160373,20.995244,6.25,6.138107,5.09395
49131,49,440,37,454,39,455.173966,25.747411,8.409091,8.590308,5.656609
49132,49,976.034674,58.628477,954.031381,73.801025,973.70036,61.116338,6.006803,7.735702,6.276709
49135,49,1347.213988,47.134635,1383.897246,97.551783,1347.303054,63.894298,3.498675,7.049063,4.742385
49138,49,1510,97,1540,124,1535.590475,80.174451,6.423841,8.051948,5.221083
49140,49,1048.048568,80.424466,1038.422983,90.898638,1030.169211,62.061444,7.673735,8.753527,6.024393
49155,49,971.731161,38.464358,942.368297,54.163508,936.04064,52.327776,3.958333,5.747594,5.590332
49160,49,1753.844714,113.095532,1750.873274,185.721838,1765.035346,143.263556,6.448435,10.607383,8.116753
49161,49,201,12,201,17,207.535775,12.979774,5.970149,8.457711,6.254234
49163,49,1564.360873,107.908832,1648.12389,121.303522,1661.903536,77.107449,6.89795,7.360097,4.639707
49167,49,2694.924812,122.381724,2738.054466,146.009206,2681.395055,132.487033,4.541193,5.33259,4.940974
49170,49,512.051059,34.33873,513.041363,43.411192,484.719006,38.629558,6.706114,8.461538,7.969475
49171,49,62.222222,1.944444,68.672131,7.737705,76.638655,3.02521,3.125,11.267606,3.947368
49174,49,786.656573,56.440317,855.366152,70.559707,854.639181,54.000334,7.174709,8.249065,6.318495
49176,49,2472.448061,181.259125,2864.23656,218.182868,3147.943426,221.601545,7.33116,7.617488,7.039566
49178,49,507,36,502,49,518.734733,33.094688,7.100592,9.760956,6.379887
49180,49,4053.878831,367.561283,3981.231175,456.816734,3840.350232,313.373867,9.066904,11.474258,8.160034
49182,49,512.597516,24.954037,508.940972,31.510417,535.652838,21.741481,4.868154,6.19137,4.058875
49183,49,2657.047105,192.665358,2839.033856,233.709439,2981.630232,160.017042,7.251108,8.232006,5.366763
49188,49,562.932005,30.21102,529.390334,25.52304,527.544041,31.484301,5.366726,4.821214,5.96809
49192,49,1998.690821,109.926741,1957.104289,149.193667,1887.2582,115.178357,5.499937,7.623184,6.102946
49193,49,2438,151,2318,195,2302.539727,134.125544,6.193601,8.412425,5.825113
49194,49,3253.875922,211.442122,3492.048044,242.27046,3523.288208,167.447982,6.498162,6.937776,4.752605
49195,49,687.046632,17.61658,742.091827,41.032304,766.766813,36.19079,2.564103,5.529276,4.719921
49200,49,3908.498302,202.864061,4157.362356,237.685913,4041.78015,259.72911,5.190333,5.717229,6.426107
49201,49,1383.802605,81.856224,1294.071123,116.118735,1163.952516,101.001183,5.915311,8.973134,8.677432
49205,49,565.97114,43.168012,541.301338,58.328581,562.850072,39.028144,7.627246,10.775621,6.934021
49209,49,238.963178,16.118811,238.608903,17.120468,250.287636,20.159656,6.745311,7.175117,8.054595
49211,49,697.026486,31.000333,736.5903,55.792134,707.308284,33.028098,4.447512,7.574378,4.669548
49214,49,4695.97837,239.346267,4799.107896,422.743827,4773.803423,375.723186,5.096835,8.8088,7.870521
49215,49,2436.460465,213.97291,2370.860386,291.557865,2170.494956,274.091687,8.782121,12.297555,12.628073
49216,49,327.693227,15.74502,359.591718,11.574179,369.279935,16.081781,4.804805,3.2187,4.354902
49217,49,456.915789,18.649624,478.329768,23.050136,505.102966,32.04387,4.081633,4.81888,6.344027
49218,49,9615.80601,516.013757,9567.190961,656.328864,9417.55731,488.888788,5.366308,6.860204,5.191248
49219,49,286,34,239,22,210.123444,25.383586,11.888112,9.205021,12.080321
49220,49,2084.622395,154.700579,2122.442522,156.658337,2158.511311,124.391477,7.421036,7.38104,5.762836
49221,49,522.418222,43.283205,477.530472,53.090311,456.479376,40.924929,8.285164,11.11768,8.96534
49222,49,1354,71,1256,85,1237.900247,65.395468,5.243722,6.767516,5.282774
49223,49,3462.368319,249.196164,3271.506702,269.072949,3513.321718,195.344367,7.197275,8.224741,5.560105
49224,49,631,60,619,66,579.936424,49.234068,9.508716,10.662359,8.489563
49228,49,3457.153668,344.16699,3196.849552,375.685046,3085.847426,302.606182,9.955212,11.751727,9.806259
49231,49,912.392588,39.751544,941.565691,57.562968,862.301245,48.610283,4.356846,6.113537,5.637274
49235,49,323.64271,32.661191,309.997701,32.14023,237.30392,11.697596,10.091743,10.367893,4.929373
49236,49,82,8,70,11,71.439698,4.960741,9.756098,15.714286,6.943956
49237,49,95.403727,10.931677,96.683453,8.690647,76.404255,2.829787,11.458333,8.988764,3.703704
49240,49,605.537815,26.327731,653.178849,46.713908,617.428587,30.175486,4.347826,7.151779,4.887284
49241,49,1462.585753,82.641337,1479.996693,96.151855,1621.772973,71.213309,5.650358,6.496761,4.391078
49244,49,10815.478513,587.906119,10834.077982,776.521509,10685.509926,677.018447,5.435785,7.167398,6.335855
49246,49,7382.960856,453.818201,7456.986762,686.590999,7466.252925,639.014371,6.146832,9.207352,8.558702
49247,49,1466.553265,44.274984,1503.521148,113.505534,1496.490878,91.353062,3.018982,7.549314,6.104485
49248,49,5244.784334,383.909381,5245.116616,585.647583,5110.619202,405.895366,7.319832,11.165578,7.942195
49253,49,747.746159,58.148269,714.761106,83.55658,644.674544,45.355237,7.776472,11.690141,7.03537
49257,49,635.035971,38.879753,612.846918,50.493042,614.980741,33.789302,6.122449,8.239095,5.494367
49259,49,1338,114,1339,97,1327.496597,54.067032,8.520179,7.244212,4.072857
49260,49,1172.259424,54.999985,1176.152337,77.477401,1255.702699,79.065116,4.691793,6.587361,6.296484
49261,49,4905.083837,431.613249,4925.251819,475.474093,4739.461657,409.330684,8.799304,9.653803,8.636649
49262,49,429.741606,18.944526,407.650602,22.198795,367.218934,12.957717,4.408353,5.445545,3.528608
49266,49,642.442095,22.328693,752.934286,43.512497,784.794307,38.574528,3.475596,5.779056,4.915241
49267,49,5667.188164,419.504562,5712.333828,582.230952,5487.376923,510.46008,7.40234,10.192523,9.302442
49269,49,1775.502877,82.534714,1689.72922,86.30853,1733.899563,70.069251,4.648526,5.107832,4.041137
49271,49,1280.976999,54.420591,1406.304174,82.724444,1324.638968,70.38454,4.248366,5.8824,5.313489
49272,49,712.999172,52.000322,672.111062,53.577024,641.264395,47.345957,7.293181,7.971454,7.383219
49278,49,2645.531834,115.664946,2194.995497,140.06162,2125.390397,159.147132,4.372087,6.380952,7.487901
49283,49,2132.488196,76.715103,2164.681025,144.259029,2181.512778,137.588512,3.597446,6.664216,6.307023
49284,49,892.091221,23.292279,888.030286,70.325635,860.775661,51.419695,2.610975,7.919283,5.973646
49288,49,161.021186,3.038136,152.262712,9.576271,152.371162,14.750032,1.886792,6.289308,9.680331
49291,49,269.67,19.19,254.168332,23.286193,231.302807,22.14853,7.116105,9.161721,9.575556
49292,49,1909.933711,112.442199,2046.869038,133.922393,2097.055361,123.731815,5.88723,6.542792,5.900265
49294,49,1630.488784,90.474616,1645.281041,99.490679,1793.463992,86.647877,5.548926,6.047032,4.831314
49298,49,2178.69642,100.057166,2292.653796,136.898938,2381.291243,122.421662,4.592524,5.9712,5.140978
49299,49,1708,90,1748,82,1811.846919,85.190698,5.269321,4.691076,4.701871
49301,49,14872.277196,750.391427,15762.476261,996.229126,15958.364845,847.908833,5.045572,6.320258,5.313256
49302,49,266.780158,21.032975,258,32,265.30014,12.947621,7.88401,12.403101,4.880367
49306,49,1071.206942,58.906399,1040.507766,70.830346,1043.498435,48.892543,5.499068,6.807287,4.685445
49307,49,9672.676121,519.375172,9791.171593,683.123296,9947.704463,504.222104,5.369509,6.976931,5.068728
49308,49,1424.96222,52.223592,1343.252922,72.009256,1372.476522,65.951007,3.664911,5.360811,4.805256
49310,49,374,28,355,35,369.757546,26.916214,7.486631,9.859155,7.279423
49311,49,821.513963,50.467232,809.27194,58.031239,794.63717,44.339874,6.143198,7.170796,5.579889
49323,49,4629.212876,255.110968,4476.467462,348.486872,4817.582191,282.500834,5.510893,7.784863,5.863955
49326,49,563.689865,12.014862,567.347173,26.980324,569.298578,23.500363,2.131467,4.755523,4.12795
49328,49,16436.411544,1844.80554,16376.780482,2342.113395,15216.97569,1711.337313,11.223895,14.301428,11.246238
49329,49,822,37,806,68,817.463354,47.406329,4.501217,8.436725,5.799199
49330,49,630,35,723,35,717.873322,30.902655,5.555556,4.840941,4.30475
49331,49,10536.529516,723.409988,10452.525422,907.394589,10502.733017,755.725629,6.865733,8.681104,7.195514
49332,49,2503,120,2466,165,2403.724159,112.134451,4.794247,6.690998,4.66503
49333,49,1789,118,1834,145,1783.517297,136.208068,6.595864,7.906216,7.637048
49334,49,197.496667,20.963333,197.234043,25.358663,219.997385,14.854343,10.614525,12.857143,6.752054
49336,49,520.845499,15.595376,498.105335,35.613463,486.230842,23.804393,2.994242,7.149785,4.895698
49338,49,800.307692,35.367133,881.410434,69.941717,845.286546,41.657975,4.419192,7.935204,4.928267
49339,49,915,51,920,63,946.914751,58.119447,5.57377,6.847826,6.13777
49341,49,485.396887,32.229572,470.310526,52.821053,427.611926,27.730594,6.639839,11.231102,6.484991
49343,49,1882.813726,74.163281,1822.273105,99.716661,1850.558035,70.422211,3.93896,5.472103,3.805458
49344,49,749.201536,36.040307,775.060032,39.934686,784.744766,44.93199,4.810496,5.152464,5.725682
49345,49,3320.070334,177.88027,3448.503411,215.994452,3516.405324,142.179302,5.357726,6.263426,4.043314
49347,49,2605.587253,157.645002,2550.177019,173.649276,2638.522838,149.289161,6.050268,6.809303,5.658058
49352,49,738,31,818,57,813.034354,37.074935,4.200542,6.968215,4.56007
49353,49,7914.020985,836.445514,8977.103297,1117.567854,9658.227146,946.209886,10.56916,12.449092,9.796931
49355,49,1778.900235,81.453318,1745.107679,108.391781,1824.299712,83.626838,4.578858,6.21118,4.584052
49358,49,338.220149,32.561567,359.117475,34.638051,341.874392,39.397605,9.627329,9.645326,11.524
49359,49,355.886315,23.462105,363.878523,25.119044,366.491394,19.409753,6.592584,6.90314,5.2961
49361,49,1155.26547,85.285833,1062.335677,93.814169,1033.576044,83.544834,7.382358,8.830935,8.083085
49362,49,723.400014,55.722317,682.87878,61.349977,688.749725,32.501205,7.702836,8.984022,4.71887
49364,49,777.923309,40.730922,732.132222,61.652127,683.570257,27.858738,5.235853,8.420901,4.075476
49367,49,3339.943005,193.913786,3490.398305,240.433672,3543.202676,227.13975,5.805901,6.888431,6.410577
49368,49,1186,113,1155,127,1111.052429,106.57525,9.527825,10.995671,9.592279
49369,49,697.040798,57.806006,704.411915,68.865101,673.853884,57.856028,8.293059,9.776254,8.585842
49370,49,275.575621,13.778781,311.694561,24.58159,287.712616,6.149577,5,7.886435,2.137403
49371,49,1068.345556,45.699192,1089.252184,70.909726,1094.011111,68.767739,4.277567,6.509946,6.285835
49373,49,4616.382317,338.605083,4490.239053,358.249435,4436.920255,274.505667,7.334858,7.978404,6.186851
49374,49,900.491323,60.160726,911.411958,63.93186,844.768698,73.264831,6.680878,7.014595,8.672768
49377,49,3470.302582,130.634367,3396.85456,203.525367,3446.919604,152.384982,3.764351,5.991583,4.420903
49378,49,1508.684294,90.902708,1572.706919,152.918847,1480.102709,110.549521,6.025297,9.723289,7.469044
49381,49,1129.551136,43.757386,1122.189002,69.274048,1073.894436,62.369407,3.873874,6.173118,5.807778
53001,53,1158,45,1102,49,1144.82667,46.434427,3.88601,4.446461,4.056022
53002,53,301.129603,14.159699,329.90425,17.204894,343.255121,11.750294,4.702194,5.215117,3.423196
53003,53,1578.643566,59.184744,1578.363277,94.067204,1441.950171,81.364839,3.749088,5.959794,5.642694
53005,53,1338.358184,60.017494,1337.701008,69.723805,1379.27805,42.196982,4.484412,5.212211,3.059353
53007,53,1741,74,1757,96,1758.547971,78.97921,4.250431,5.463859,4.49116
53008,53,1154.315496,56.064014,1096.429137,50.149025,1054.147948,34.549136,4.856906,4.57385,3.277447
53009,53,398,18,407,23,412.169085,18.950725,4.522613,5.651106,4.597804
53010,53,263.59162,21.636843,280.333333,24.166667,290.295599,12.668757,8.208472,8.62069,4.364089
53011,53,519,34,545,42,572.954689,39.299921,6.55106,7.706422,6.859167
53012,53,323,12,300,15,282.832871,14.001885,3.71517,5,4.950586
53013,53,390,14,399.571793,28.815188,347.94837,25.64004,3.589744,7.211517,7.368921
53015,53,941.052891,32.415613,1138.639753,67.718499,1176.243312,50.999338,3.444611,5.947316,4.335781
53016,53,776,42,728,42,671.793955,32.958167,5.412371,5.769231,4.905993
53017,53,558.831276,37.920439,546.853026,40.638487,571.913716,32.462124,6.785669,7.431336,5.676053
53018,53,689.924762,30.686838,682.777128,48.195528,717.585422,38.715207,4.447853,7.05875,5.395205
53019,53,79.826087,4.927536,74.21875,7.8125,72,4,6.17284,10.526316,5.555556
53021,53,570.659529,21.38758,619.50951,28.883884,636.399236,20.216066,3.747871,4.662379,3.176633
53022,53,327.628846,22.042308,321.624514,29.05642,321.324541,15.255622,6.727829,9.034268,4.74773
53023,53,271.856597,7.549986,315.455556,13.844444,362.039473,10.052578,2.777194,4.388715,2.776653
53025,53,641.88641,33.586666,688.43676,54.384883,682.117515,33.150722,5.232494,7.899765,4.859972
53026,53,308.737705,14.602459,306.527938,14.104046,329.418067,11.557668,4.72973,4.601227,3.508511
53027,53,126.385618,7.960449,120.44406,3.915055,127.003829,5.999698,6.298541,3.250518,4.724029
53028,53,356,24,385,19,368.750183,15.013091,6.741573,4.935065,4.071345
53029,53,741.427643,47.005901,744.526516,59.935471,739.905408,52.362066,6.339917,8.050146,7.076859
53030,53,219,4,239,13,207.394545,6.913487,1.826484,5.439331,3.333495
53031,53,262.378601,4.619342,306.837349,17.10241,305.505407,7.062076,1.760563,5.57377,2.311604
53033,53,80.107692,0.976923,84.877193,2.070175,81,7,1.219512,2.439024,8.641975
53034,53,3886,173,3636,201,3595.03343,158.527857,4.451879,5.528053,4.409635
53035,53,357.630742,18.031802,340.276077,15.954722,375.70292,16.376915,5.042017,4.688758,4.359007
53036,53,563.013669,24.173206,568.662831,42.332089,608.69318,35.219782,4.293538,7.444146,5.786131
53037,53,487,24,493,34,458.585945,28.803454,4.928131,6.896552,6.280928
53038,53,97.785276,2.96319,103.2,2.023529,79.358108,2.736486,3.030303,1.960784,3.448276
53039,53,1027.584328,47.497528,1020.262501,45.3257,991.497035,30.950707,4.622251,4.442553,3.121614
53040,53,374.218241,16.18241,387.408243,31.729997,369.765044,21.370679,4.324324,8.190326,5.779529
53041,53,147.353712,8.960699,160.834615,11.126923,167.165012,4.96551,6.081081,6.918239,2.970424
53042,53,490.813028,23.942099,488.411636,29.980133,487.387425,18.759427,4.878049,6.138292,3.848976
53043,53,323,24,304,20,321.171686,19.284117,7.430341,6.578947,6.004302
53045,53,490.155885,17.14718,451.48425,23.045967,412.167639,12.815169,3.498312,5.10449,3.109213
53046,53,188.013029,13.211726,193,13,199.827063,7.047021,7.027027,6.735751,3.52656
53047,53,169.173432,3.132841,147.752809,11.820225,138.477298,6.081336,1.851852,8,4.391576
53048,53,690.441899,30.061375,723.773698,42.820666,716.383257,33.254284,4.353933,5.916306,4.641968
53049,53,400.508029,15.908029,426.601695,23.032486,444.711569,16.253945,3.971963,5.399061,3.654941
53051,53,348.577778,12.266667,343.310723,20.783827,351.998294,24.754065,3.519062,6.05394,7.032439
53052,53,188,12,180,13,168.617221,9.966139,6.382979,7.222222,5.910511
53053,53,342.841328,16.826568,333.984466,21.448544,305.029042,18.447663,4.907975,6.422018,6.047838
53054,53,3603.640641,143.452858,3535.301761,179.56906,3666.132558,174.432175,3.980776,5.079314,4.757934
53055,53,336,10,331,20,327.180382,17.860393,2.97619,6.042296,5.458883
53056,53,627,35,631,30,630.577124,25.721406,5.582137,4.754358,4.079026
53057,53,292.195569,22.910699,284.251497,21.167665,289.392767,11.985899,7.840878,7.446809,4.141741
53058,53,205,8,211,8,207.353202,3.933692,3.902439,3.791469,1.897097
53059,53,242.509756,5.75122,255.058252,13.157767,273.013009,10.155631,2.371542,5.15873,3.719834
53061,53,299.979757,8.275304,295.530599,20.200269,267.854995,7.724267,2.758621,6.835255,2.883749
53062,53,9729.508638,627.489138,9686.206652,831.290856,9469.867904,721.298806,6.44934,8.582213,7.616778
53063,53,295.16129,15.741935,326.347548,23.98081,286.954129,8.739102,5.333333,7.348243,3.04547
53064,53,572.326531,16.950437,579.707692,26.008793,559.233933,31.328378,2.961672,4.486536,5.602017
53066,53,814.453648,27.579986,800.612616,38.12441,855.941623,23.154654,3.386317,4.761905,2.705167
53067,53,283.62871,25.517054,257.895873,19.395824,254.099088,15.48709,8.99664,7.520796,6.094902
53068,53,103,6,94,2,81.106667,2.053333,5.825243,2.12766,2.531646
53069,53,111,8,100,10,83.454545,5.961039,7.207207,10,7.142857
53071,53,259,7,273,12,264.128614,7.891415,2.702703,4.395604,2.987717
53072,53,832,44,797,58,826.584622,39.225932,5.288462,7.27729,4.745543
53073,53,595.000069,44.000005,578.142857,44.785714,555.738095,40.095345,7.394958,7.746479,7.214791
53074,53,580,18,521,20,525.718793,25.111335,3.103448,3.838772,4.776572
53075,53,185.026316,5.197368,172.369338,12.167247,180.090112,8.750334,2.808989,7.058824,4.858864
53076,53,193.170732,8.04878,205.466667,10.222222,202.869252,12.103649,4.166667,4.975124,5.966231
53077,53,1754.12991,48.778348,1751.569572,91.327114,1832.007215,83.063317,2.780772,5.214016,4.534006
53078,53,528.764569,25.939394,547.950934,34.955491,545.060784,23.905414,4.90566,6.37931,4.385825
53079,53,218,8,217.79235,12.327869,208.988285,20.068383,3.669725,5.660377,9.602635
53080,53,74.448819,9.76378,67.603053,10.328244,72.23301,2.407767,13.114754,15.277778,3.333333
53082,53,410,12,372,10,402.80463,19.993396,2.926829,2.688172,4.963547
53083,53,529,29,519,46,472.08156,28.298074,5.482042,8.863198,5.994319
53084,53,2522.19905,149.784557,2394.642574,164.304626,2311.098073,150.678484,5.938649,6.861342,6.519779
53085,53,124.194175,3.029126,106.454082,5.969388,116.185567,11.113402,2.439024,5.607477,9.565217
53086,53,391,22,399,23,373.503263,17.916073,5.626598,5.764411,4.796765
53087,53,152.85022,5.84141,139.303318,13.616114,139.434043,7.387234,3.821656,9.774436,5.298013
53088,53,554.602941,19.29937,529.353733,21.689974,484.186623,33.057211,3.479853,4.097444,6.82737
53089,53,292.416667,17.141667,308.141807,18.125989,296.798063,14.429472,5.862069,5.882353,4.861714
53090,53,99.157895,4.131579,98.864198,5.703704,103.14433,4.484536,4.166667,5.769231,4.347826
53091,53,294.683908,17.097701,298.399142,19.390558,274.704629,20.096172,5.802048,6.498195,7.315556
53093,53,177.813505,6.096463,154.708772,7.17193,150.168345,3.948948,3.428571,4.635762,2.629681
53094,53,1389.824032,47.184831,1373.110046,58.612317,1359.706362,62.269037,3.395022,4.268581,4.579594
53096,53,3265.400685,207.250162,3078.703736,244.829699,3019.65904,148.634058,6.346852,7.952363,4.922213
53097,53,5094.607037,318.92989,4999.600065,407.245585,4821.373628,291.241051,6.260147,8.145563,6.040624
53098,53,239,10,264,13,242.736939,3.979107,4.1841,4.924242,1.639267
53099,53,641.536114,28.512716,657.352138,39.55414,652.016507,21.020223,4.444444,6.017192,3.223879
53100,53,758.409791,33.099041,638.908612,50.892633,571.030652,15.462339,4.364269,7.965558,2.707795
53101,53,503.13351,24.907599,514.313122,28.580258,507.354081,35.934987,4.950495,5.556976,7.082822
53102,53,108.902439,10.317073,93.86747,9.578313,105.636364,9.054545,9.473684,10.204082,8.571429
53103,53,1324.802372,40.513834,1329.282516,70.057241,1297.371501,49.524607,3.058104,5.270305,3.817303
53104,53,848.61526,37.147745,834.082247,40.635908,851.782355,37.637838,4.377454,4.871931,4.418715
53105,53,148.325688,6.137615,157.264957,7.863248,154.317181,15.929515,4.137931,5,10.322581
53106,53,311.271396,14.914862,321.618821,29.321174,311.455388,16.689072,4.791594,9.116747,5.358415
53107,53,1498.389653,94.658805,1350.992014,126.143042,1224.136523,87.587934,6.317369,9.337068,7.155079
53108,53,331.240602,14.052632,330.711703,29.554643,358.448785,19.733234,4.242424,8.936679,5.505175
53109,53,371.027508,17.621359,381.678049,22.572358,384.233103,16.760309,4.74934,5.913978,4.362016
53110,53,602.587004,39.432429,623.112344,43.56241,602.668193,38.254581,6.543857,6.991101,6.347536
53111,53,307.119522,7.824701,328.034145,27.415842,296.620859,16.747585,2.547771,8.357619,5.646125
53112,53,266.857477,10.070093,242.18593,26.457286,214.243196,12.650637,3.773585,10.92437,5.904802
53113,53,376.370642,24.20575,376.426609,25.37694,386.838387,19.837398,6.43136,6.741537,5.128084
53114,53,119.586207,6.029557,112.871287,12.871287,103.203488,5.319767,5.042017,11.403509,5.154639
53115,53,215.261538,7.107692,209.911668,9.638306,198.809994,9.01266,3.301887,4.591601,4.533303
53116,53,448.203213,18.173297,439.698529,16.942291,405.086993,13.971811,4.0547,3.853161,3.449089
53117,53,275.027837,10.152034,278.224203,18.612271,307.594325,10.861783,3.691275,6.689666,3.531204
53118,53,120.576419,7.152838,144.341085,6.186047,133.213124,6.578662,5.932203,4.285714,4.938449
53119,53,2733.88482,76.113334,2731.71334,119.771257,2695.338789,121.897468,2.784072,4.384474,4.522529
53120,53,295.806992,15.935157,262,16,256.559494,19.042341,5.387012,6.10687,7.422193
53121,53,812.718353,32.786423,769.373478,51.449538,743.399237,46.052744,4.034168,6.687199,6.194887
53122,53,438.064728,19.916085,445.280768,31.304711,461.839976,30.236855,4.54638,7.030331,6.547042
53123,53,777.749907,37.410755,788.336202,38.258973,799.3264,29.406074,4.810127,4.853129,3.678857
53124,53,870.112675,44.420756,889.704822,55.521632,875.771369,40.876962,5.105173,6.240455,4.667538
53125,53,650.580487,27.446493,604.544295,46.195373,593.230836,42.159266,4.21877,7.641355,7.106722
53126,53,626.214218,24.92891,636.663053,32.523035,625.713807,23.879321,3.980892,5.108359,3.816333
53127,53,1316.31329,72.928066,1233.519786,82.795157,1199.07665,54.870976,5.540327,6.712106,4.576102
53128,53,149.106583,3.949843,181.317755,11.758709,192.419906,7.085677,2.649007,6.485139,3.682403
53129,53,250.267176,16.081425,238.044041,18.233161,227.466671,4.914747,6.425703,7.659574,2.160645
53130,53,33680.137893,2964.461284,31609.785619,3390.055573,30643.338559,2953.297482,8.801809,10.724703,9.637649
53131,53,122.378788,5.969697,105,2,109.810056,5.27933,4.878049,1.904762,4.807692
53132,53,181.058462,13.483077,207.965398,16.50519,173.095799,9.701826,7.446809,7.936508,5.604888
53133,53,438.643836,22.369863,463.940096,36.261378,414.595145,32.663821,5.099778,7.815961,7.878486
53134,53,95,4,87,9,102.128492,4.044693,4.210526,10.344828,3.960396
53135,53,493,23,480,24,459.147027,18.120744,4.665314,5,3.94661
53136,53,722.434947,18.835037,757.904831,24.788882,782.07524,20.653503,2.60716,3.270712,2.640859
53137,53,1505.700625,56.865184,1597.392169,78.741492,1662.557544,55.563205,3.776659,4.929378,3.342032
53139,53,245.736041,8.365482,233.663366,17.821782,256.410493,13.185387,3.404255,7.627119,5.142296
53140,53,2458.94351,110.959578,2481.258278,128.986045,2564.984837,109.683747,4.51249,5.198413,4.276195
53141,53,668,26,668,30,722.806387,33.5131,3.892216,4.491018,4.636525
53142,53,209.273657,13.227742,177.729289,8.46611,162.753487,5.085375,6.320787,4.763486,3.124588
53143,53,339.122642,11.660377,338.202677,14.133843,333.387774,10.153663,3.438395,4.179104,3.045601
53144,53,483.57606,11.94015,501.83529,19.09519,461.735793,19.706373,2.469136,3.805071,4.267889
53145,53,355.758684,20.329068,346.259124,23.083942,357.681869,9.049037,5.714286,6.666667,2.529912
53146,53,975.411979,33.497949,1036.77544,56.94004,1093.794211,37.09087,3.434236,5.492032,3.391028
53147,53,8441.811046,672.100079,7891.089549,701.111689,7541.786327,623.022136,7.961563,8.884853,8.260936
53148,53,125.899038,4.879808,143.362832,8.60177,152.584071,6.185841,3.875969,6,4.054054
53150,53,615.640625,32.033333,620.738378,32.177931,562.936657,25.145428,5.203252,5.183815,4.466831
53151,53,606.033245,23.426495,606.670194,33.648918,657.615082,26.465146,3.865546,5.546493,4.024413
53152,53,1507.734795,89.757879,1500.201086,137.221611,1452.997093,103.780551,5.953161,9.146881,7.142516
53153,53,424.441558,16.207792,432.451324,24.871952,388.500524,22.920917,3.818616,5.751388,5.899842
53154,53,467.724492,23.234694,445.440582,21.92325,484.879612,23.220059,4.967603,4.9217,4.78883
53155,53,880.851553,45.456309,850.579793,41.979261,805.709976,35.936368,5.160496,4.93537,4.460211
53156,53,165.810345,8.137931,167.619048,10.15873,163.290837,5.039841,4.907975,6.060606,3.08642
53157,53,833,18,840.125309,21.799596,874.193538,36.444493,2.160864,2.594803,4.168927
53158,53,623.368421,28.424032,622.782439,23.953171,646.355646,28.986249,4.559748,3.846154,4.484567
53160,53,252,15,242,9,223.966329,10.019978,5.952381,3.719008,4.473877
53161,53,1910.630575,105.410306,1898.746112,138.875124,1807.356209,77.498897,5.517043,7.314044,4.28797
53162,53,660.994836,27.081992,593.466136,41.171404,551.058059,24.078475,4.097156,6.937448,4.369499
53163,53,443.008475,26.580508,458.152264,29.501885,464.32292,25.59504,6,6.439319,5.512336
53164,53,229.809278,12.93299,207.665801,8.91932,199.215787,11.022865,5.627706,4.295035,5.533128
53165,53,226.259819,15.274924,205.574286,12.665714,191.762114,8.063202,6.751055,6.161137,4.204794
53168,53,781.737131,31.176342,771.602898,45.534955,794.58991,35.541619,3.988085,5.901346,4.472951
53169,53,279,11,267,10,247.560349,8.92922,3.942652,3.745318,3.606886
53170,53,690.232284,30.587234,709.722337,42.91355,673.696825,36.203619,4.431441,6.046527,5.373874
53172,53,268,9,277,16,264.843133,13.102055,3.358209,5.776173,4.9471
53173,53,99.782609,8.804348,112.583333,10.052083,105.226519,7.867403,8.823529,8.928571,7.476636
53174,53,495,19,544,23,534.471068,16.033883,3.838384,4.227941,2.999953
53175,53,807,38,828,35,870.234343,27.172994,4.708798,4.227053,3.122492
53176,53,279.415225,10.087192,285.201314,18.814071,285.199646,17.089026,3.610108,6.596769,5.991952
53177,53,189.368771,11.960133,195.192832,13.152168,163.47911,11.726838,6.315789,6.738038,7.173295
53178,53,132.039474,4.890351,137.20354,4.035398,150.885463,5.132159,3.703704,2.941176,3.401361
53179,53,189.569277,11.033133,190.917125,8.970548,210.897737,10.093194,5.820106,4.698661,4.785824
53180,53,441.359888,25.961932,435.326687,26.757669,431.778243,17.382621,5.882259,6.146572,4.025821
53181,53,423.295862,17.621656,385.913473,30.243447,354.896869,10.012867,4.162964,7.836847,2.821346
53182,53,1146.709069,83.122715,1080.441921,76.357404,1095.955745,54.336679,7.248806,7.067238,4.957926
53184,53,105.835294,5.088235,105,5,108.670807,2.012422,4.807692,4.761905,1.851852
53185,53,1466.460211,100.450465,1322.514794,95.059495,1232.613697,104.183849,6.84986,7.187783,8.452271
53186,53,1127.64433,42.476289,1249.236585,64.705579,1232.735578,61.360769,3.766816,5.17961,4.97761
53187,53,126.59434,2.009434,131.947137,5.154185,133.460875,4.764833,1.587302,3.90625,3.570209
53188,53,1468,117,1344,129,1288.362846,109.400269,7.970027,9.598214,8.491418
53189,53,70.747826,1.965217,66.788991,2.055046,70.054054,4.864865,2.777778,3.076923,6.944444
53190,53,272,13,246,17,262.384685,19.945084,4.779412,6.910569,7.601466
53191,53,138.888889,9.259259,144.803279,7.934426,148.560394,11.186355,6.666667,5.479452,7.529837
53192,53,201.407625,14.956012,198,19,196.68594,6.846026,7.425743,9.59596,3.480689
53193,53,329,13,369,24,376.650682,23.158066,3.951368,6.504065,6.14842
53195,53,270.93177,13.402985,307.142285,17.891784,325.09297,12.540555,4.946996,5.825243,3.857529
53196,53,226,12,207,15,198.616572,12.909335,5.309735,7.246377,6.499626
53197,53,492.829106,21.37047,463.268829,32.947824,478.728033,24.859201,4.336284,7.112031,5.192761
53198,53,160.202091,16.222997,137.233202,10.782609,125.889937,3.960105,10.126582,7.857143,3.145688
53199,53,140,3,128,2,132.500524,7.895713,2.142857,1.5625,5.959005
53200,53,778,31,755,30,764.712033,24.910141,3.984576,3.97351,3.257454
53201,53,4535.753687,265.454781,4333.722639,285.424864,4173.201021,267.839255,5.852496,6.586136,6.418077
53202,53,232.787565,12.932642,207.59938,12.994292,165.646145,10.565351,5.555556,6.259312,6.378266
53203,53,323.413534,18.135338,318.727433,20.025498,323.379417,23.018434,5.607477,6.282954,7.118089
53204,53,230,27,216,22,241.397159,12.203725,11.73913,10.185185,5.055455
53206,53,142.648402,10.045662,135.566502,8.472906,130.562771,9.904762,7.042254,6.25,7.586207
53208,53,285.42766,14.712766,307.733607,24.897541,302.169746,14.887365,5.154639,8.090615,4.926822
53209,53,349.071429,13.923077,318.911165,19.278834,350.264029,12.076476,3.988604,6.045205,3.447821
53210,53,823.934451,50.323827,837.303394,74.847979,865.537282,55.353801,6.107746,8.939171,6.395311
53211,53,968.595949,33.02037,889.215121,56.648701,778.449663,45.644521,3.409096,6.370641,5.863516
53212,53,263.500014,7.236196,277.69507,17.660532,311.243094,9.348433,2.746184,6.359685,3.003579
53213,53,314.102079,16.21172,305.382391,19.102077,279.114431,14.738325,5.16129,6.255134,5.280388
53214,53,106,8,119,19,107.595092,3.877301,7.54717,15.966387,3.603604
53216,53,649.440132,29.613476,629.963633,25.818083,631.372336,22.718967,4.559847,4.098345,3.598347
53218,53,540,31,536.492876,28.133677,491.955471,20.357737,5.740741,5.243998,4.138126
53219,53,912,35,890,39,835.007021,29.747327,3.837719,4.382022,3.562524
53220,53,225,15,241,15,220.710934,10.077295,6.666667,6.224066,4.565834
53221,53,232.448367,15.868156,209.682674,8.85697,216.160129,14.263892,6.826529,4.223987,6.598762
53222,53,188.626198,7.335463,215.953448,15.261645,212.000798,7.00254,3.888889,7.067099,3.303072
53223,53,245.448363,19.191436,217.172414,9.724138,188.976396,11.017796,7.81893,4.477612,5.83025
53224,53,646.155054,18.088322,682.152956,29.309533,739.393814,27.544117,2.799378,4.296622,3.72523
53225,53,286.766595,15.417559,271.210817,13.101075,312.202453,13.245562,5.376344,4.830587,4.24262
53226,53,504,20,519,33,486.971804,28.808661,3.968254,6.358382,5.915879
53228,53,417.264474,18.786031,376.545847,39.027772,342.803699,20.904872,4.502188,10.36468,6.098205
53229,53,995.7339,25.919321,1073.408552,31.601301,1053.434371,42.885095,2.603037,2.944014,4.070979
53230,53,152.745455,8.869091,151.546218,4.268908,149.318445,5.728813,5.806452,2.816901,3.836641
53232,53,187,13,196.633828,17.05558,193.655769,15.99083,6.951872,8.673777,8.257348
53233,53,222.326471,16.65,230.458845,16.043436,202.906685,9.970912,7.488987,6.961519,4.914038
53234,53,223.619444,8.022222,220.389503,8.975138,204.554696,11.009754,3.587444,4.072398,5.382303
53235,53,152,8,136.092166,6.903226,119.599857,8.048532,5.263158,5.072464,6.72955
53236,53,110.651515,6.090909,88.073171,7.658537,98.576471,7.041176,5.504587,8.695652,7.142857
53237,53,250.998161,12.999266,284.183153,15.142915,265.603077,11.86496,5.179029,5.328576,4.467177
53238,53,377.742038,5.933121,342.912456,18.378075,306.802281,18.486178,1.570681,5.359407,6.025437
53240,53,324.985656,16.098361,284.295053,16.338059,267.192558,8.893438,4.95356,5.746867,3.328475
53242,53,149,8,159,8,160.375969,8.965116,5.369128,5.031447,5.590062
53243,53,1083.501192,58.241955,1053.319588,58.189003,1134.508617,41.982898,5.375348,5.524345,3.700536
53245,53,584.788442,13.107327,565.210483,24.357783,563.202368,29.436778,2.241379,4.309507,5.226679
53246,53,1151,77,1170,120,995.176665,67.808408,6.689835,10.25641,6.813706
53247,53,1178.168622,61.653959,1238.289401,61.028571,1362.010818,55.29183,5.233034,4.928458,4.059573
53248,53,91,5,96,7,89.05,6.85,5.494505,7.291667,7.692308
53249,53,653.55506,45.790344,630.165495,61.722034,622.750137,62.206001,7.006348,9.794575,9.988918
53250,53,229.423559,12.967419,232.844444,12.935802,245.226834,12.250181,5.652174,5.555556,4.995449
53251,53,253.256858,13.064838,262.639862,13.062531,294.901512,14.182107,5.15873,4.973552,4.809099
53253,53,315,13,287,22,269.271197,19.873808,4.126984,7.665505,7.380592
53255,53,776.094377,32.187676,778.023919,45.35182,720.700261,28.550329,4.147392,5.829104,3.961471
53256,53,152.221739,13.573913,120.373057,10.943005,88.255814,7.674419,8.917197,9.090909,8.695652
53257,53,178,16,176,17,160.815035,13.095801,8.988764,9.659091,8.143393
53258,53,594.581278,28.03479,598.382323,27.64823,583.169094,28.607025,4.715048,4.620496,4.905443
53259,53,231.856287,5.269461,229.915966,8.621849,245.100824,11.999799,2.272727,3.75,4.895862
53260,53,217,13,254,22,242.359323,9.809949,5.990783,8.661417,4.047688
53261,53,103.284884,8.697674,110.329268,11.134146,103.438849,4.546763,8.421053,10.091743,4.395604
53262,53,653.780738,28.945592,657.630983,42.147035,670.455786,25.410372,4.427416,6.408919,3.790015
53263,53,182.311419,8.193772,179.781145,8.939394,150.830753,8.055136,4.494382,4.972376,5.340513
53264,53,114.639344,9.295082,120.625,10.052083,108.298969,13.783505,8.108108,8.333333,12.727273
53265,53,437.795711,26.1085,448.16222,38.098966,446.785439,39.854433,5.963626,8.501155,8.920262
53266,53,144.746781,6.939914,143.495575,10.176991,128.854626,6.938326,4.794521,7.092199,5.384615
53267,53,604,39,627,37,647.60663,47.03871,6.456954,5.901116,7.263469
53269,53,353.605489,10.017153,353.230446,19.072541,372.88038,34.344332,2.832861,5.399461,9.210549
53270,53,62,2.032787,79.254926,7.209939,59.880734,0.981651,3.278689,9.097149,1.639344
53271,53,1752.477382,125.056636,1614.758154,160.033561,1432.441521,124.072872,7.135991,9.910683,8.661636
53272,53,120.233161,13.134715,106.388571,16.902857,108.864865,11.297297,10.92437,15.88785,10.377358
53273,53,689.789499,32.271112,687.259311,34.462514,687.784303,26.021284,4.6784,5.014485,3.783349
53276,53,528.918033,35.908197,539.771104,37.122229,544.184211,25.244736,6.788991,6.877402,4.639006
72001,72,1058.727739,48.529148,1104.285101,79.803801,1066.195178,48.034113,4.583723,7.226739,4.505189
72002,72,148,7,140,11,115,6,4.72973,7.857143,5.217391
72003,72,6695.547348,819.878203,6508.773055,919.966465,6171.428751,814.019405,12.245126,14.134253,13.190129
72004,72,316.233141,12.649326,338.266653,24.510705,356.056617,22.878685,4,7.245971,6.425575
72005,72,577,17,582.686935,37.500518,527.532807,32.970021,2.946274,6.435792,6.249852
72006,72,1194.390702,74.198859,1102.257749,63.240865,1070.905956,47.847597,6.212277,5.737394,4.467955
72007,72,311,29,298,23,300.409651,17.02995,9.324759,7.718121,5.668909
72008,72,3155.379385,238.862191,3000.180136,262.94765,3040.26888,179.300784,7.569999,8.764395,5.89753
72009,72,246.657754,19.050802,243.966674,21.184974,228.849541,16.819529,7.723577,8.683553,7.349601
72010,72,260.414141,17.429293,251.851852,18.765432,226.97892,11.758008,6.692913,7.45098,5.18022
72011,72,531.737079,32.28764,550.212972,55.95199,538.377646,38.762736,6.072106,10.169151,7.199916
72012,72,300.511294,12.893224,322.646144,25.038338,302.685319,10.748268,4.290429,7.760309,3.550971
72013,72,1202.857508,98.847604,1246.144106,135.123939,1198.15177,98.06388,8.217732,10.843364,8.184596
72015,72,69.307692,7.134615,71,8,70.438596,5.789474,10.294118,11.267606,8.219178
72016,72,899.997834,68.999822,900.316085,51.159605,856.367873,45.069641,7.666665,5.682405,5.262883
72017,72,154.652542,5.021186,159.354839,9.959677,146.975207,10.363636,3.246753,6.25,7.051282
72018,72,73.571429,1.961905,66.032258,6.698925,59.685393,1.865169,2.666667,10.144928,3.125
72019,72,243.410526,6.926316,237.640541,19.051351,236.252204,9.081441,2.845528,8.016878,3.84396
72020,72,502,26,516.834436,41.796345,465.847916,30.351342,5.179283,8.086989,6.51529
72021,72,352,27,384.504687,35.62046,373.719954,34.041251,7.670455,9.263986,9.108759
72022,72,726,68,742,73,733.000113,55.004387,9.366391,9.838275,7.504008
72023,72,1226.90624,56.83079,1292.214048,91.228211,1318.429624,84.630366,4.63204,7.059837,6.419028
72024,72,2304.399124,115.269641,2278.233452,104.885471,2236.728408,79.113204,5.002156,4.603807,3.537005
72025,72,1212.503378,85.399493,1254.791261,102.723555,1206.245683,72.201027,7.043238,8.186505,5.985599
72026,72,798.885066,30.841142,888.814454,57.705222,912.453549,53.186961,3.860523,6.492381,5.829005
72027,72,204.494382,18.679775,193.645646,18.540541,200.186746,10.958937,9.134615,9.574468,5.474357
72028,72,318,25,291,28,286.706846,25.682977,7.861635,9.621993,8.957923
72029,72,1061.579612,83.127375,977.762574,99.991351,1023.565125,112.299578,7.830536,10.226547,10.971415
72031,72,348.44712,25.215068,348.074546,33.881096,333.082345,30.156254,7.236412,9.733862,9.053693
72032,72,235,16,217,15,211.013605,19.036651,6.808511,6.912442,9.021528
72034,72,294.171429,12.342857,275.80839,10.174098,241.105433,17.206332,4.195804,3.688828,7.136435
72035,72,1326,87,1210,153,1070.166086,150.076427,6.561086,12.644628,14.023658
72036,72,222.886689,7.264393,200.684383,15.03884,177.313423,7.957813,3.259231,7.493777,4.487992
72037,72,50.408163,6.785714,54,7,72.45,9.45,13.461538,12.962963,13.043478
72038,72,413,41,399,44,344.872057,20.765967,9.927361,11.027569,6.021354
72039,72,2125,166,2056,235,1954.221796,151.920985,7.811765,11.429961,7.773989
72040,72,77,4,86,5,94.291667,9.125,5.194805,5.813953,9.677419
72041,72,184,9,213,11,219.756422,4.022649,4.891304,5.164319,1.830504
72042,72,1175.654235,99.349328,1171.454834,106.416616,1159.299309,90.4229,8.450557,9.084142,7.799789
72043,72,194.604682,8.025491,176.263099,15.210836,185.256495,12.182136,4.123997,8.62962,6.575821
72044,72,285,21,258,25,266.031512,11.01437,7.368421,9.689922,4.14025
72045,72,438.243243,22.864865,494.780488,45.158537,505.857328,25.778182,5.217391,9.126984,5.095939
72046,72,885.621489,44.540028,933.263675,59.02665,947.619274,54.570884,5.02924,6.324756,5.758735
72047,72,1321,74,1345,86,1348.6429,53.889564,5.601817,6.394052,3.995836
72048,72,340.27621,7.239919,371.557336,31.037748,328.165923,7.976513,2.12766,8.353421,2.430634
72049,72,155,9,142,15,142.134051,4.032004,5.806452,10.56338,2.836762
72050,72,891.719462,52.63411,921.110907,76.073478,873.811315,57.108542,5.902541,8.258884,6.535569
72051,72,2065.907421,106.994448,2119.041115,156.444274,2071.877269,143.331038,5.179053,7.382786,6.917931
72052,72,396,13,360,36,311.154163,20.650109,3.282828,10,6.636617
72053,72,785.529412,45.977438,764.59918,54.398361,731.983387,28.273123,5.853051,7.114625,3.862536
72054,72,2646,204,2632,176,2349.57094,168.099182,7.709751,6.68693,7.154463
72056,72,944.09994,29.346522,844.353907,60.261486,766.183511,39.299046,3.108413,7.136994,5.129195
72057,72,56.917647,1.929412,54.214286,2.957143,48.166667,0.944444,3.389831,5.454545,1.960784
72058,72,3892.735139,206.685308,3885.783792,238.018083,3970.044202,172.063846,5.309514,6.125356,4.334054
72059,72,533,26,521,46,509.08383,33.675591,4.878049,8.829175,6.61494
72060,72,170.618182,15.054545,169,30,159.88997,20.299074,8.823529,17.751479,12.695652
72061,72,996.139657,75.218709,1028.697013,80.073114,1063.496548,70.480351,7.55102,7.783936,6.627229
72062,72,592,40.861953,589.671217,52.236633,522.698381,26.071828,6.902357,8.858603,4.98793
72064,72,340,16,349,20,294.225343,27.132879,4.705882,5.730659,9.221802
72065,72,1403.471638,49.550862,1512.253487,86.338014,1306.319509,58.995644,3.530592,5.709229,4.516173
72066,72,306.867008,13.997442,302.930133,24.914368,261.22766,7.771375,4.561404,8.22446,2.974944
72067,72,574.146667,34.766667,596.676923,39.384615,622.00296,32.93376,6.055363,6.60066,5.294792
72068,72,712.06269,75.791707,675.538226,82.834445,645.200025,83.500941,10.643966,12.261992,12.941869
72070,72,174,12,167,16,163.014976,10.995918,6.896552,9.580838,6.745342
72071,72,3534.699381,426.190476,3377.514432,512.433589,2976.752464,300.135844,12.057333,15.171914,10.08266
72072,72,165.474074,15.803704,159.559055,13.92126,163.710938,5.953125,9.550562,8.724832,3.636364
72073,72,760.454299,29.782805,735.113185,34.786443,753.162457,47.368645,3.916449,4.732121,6.2893
72074,72,137.736111,9.768519,119.228571,11.209524,117.446009,3.981221,7.092199,9.401709,3.389831
72075,72,621.327623,34.850107,625.16572,36.983219,630.313973,29.128717,5.608974,5.915746,4.621303
72076,72,123.839196,6.090452,134.80543,4.054299,143.40249,6.373444,4.918033,3.007519,4.444444
72077,72,272.717249,13.932644,257.335981,21.979074,233.344759,21.666837,5.108824,8.541003,9.285333
72078,72,244,20,223.511111,28.2,212.051185,9.053104,8.196721,12.616822,4.269301
72079,72,182.90785,7.358362,198.176656,15.697161,188.658141,4.024108,4.022989,7.920792,2.133016
72080,72,1656.022356,87.636814,1608.110237,104.085352,1519.317339,72.191625,5.292007,6.472526,4.751583
72083,72,265,26,263,17,242.509024,15.130603,9.811321,6.463878,6.239192
72084,72,825.96214,57.889712,830.928256,62.476097,793.452522,47.884498,7.008761,7.518832,6.034954
72085,72,119.771574,2.969543,120.792079,12.871287,115.631868,6.032967,2.479339,10.655738,5.217391
72086,72,89,6,91,7,82,12,6.741573,7.692308,14.634146
72087,72,390.62697,22.91944,336.902132,14.915236,285.928246,13.632621,5.867347,4.427172,4.767847
72088,72,220,23,229,19,217.859582,17.746897,10.454545,8.296943,8.146025
72089,72,1040,77,1036,112,978.163515,85.350677,7.403846,10.810811,8.725604
72090,72,1666.728032,166.437346,1631.456969,151.825348,1628.908473,95.506642,9.985873,9.30612,5.86323
72091,72,109.028571,8.228571,98.302817,4.964789,79.407407,2.977778,7.54717,5.050505,3.75
72093,72,601.495556,37.408889,614.608123,38.78595,567.754185,29.161051,6.219313,6.31068,5.136211
72094,72,378.320189,31.444795,374.114701,38.736672,372.256364,23.728905,8.311688,10.354223,6.374345
72095,72,4853,591,4603,694,4817.01693,728.609777,12.178034,15.077124,15.125747
72096,72,993.871744,43.900055,992.330352,52.540187,996.671935,27.269962,4.417074,5.294627,2.736102
72098,72,345.230205,38.474321,328.523585,36.619312,314.763689,27.022525,11.144541,11.146631,8.58502
72099,72,381.590323,15.535484,399.479624,21.862069,409.093918,23.840032,4.071247,5.472637,5.827521
72100,72,274.70726,20.901639,247.507746,19.988459,269.696067,17.916044,7.608696,8.075892,6.64305
72101,72,439.039039,23.483483,446.257991,38.278417,434.959686,29.992651,5.348837,8.577643,6.895501
72102,72,56.681818,5.863636,60.694737,4.894737,57.253012,5.301205,10.344828,8.064516,9.259259
72103,72,365.429017,31.950078,367.54911,39.099538,347.084831,40.780231,8.743169,10.637908,11.749356
72104,72,368.382943,32.944816,343.505155,32.329897,348.588109,22.914081,8.943089,9.411765,6.573397
72105,72,296.024793,16.719008,299.752495,21.692615,283.844914,13.408562,5.647841,7.236842,4.723904
72106,72,607.541578,32.840085,627.984816,32.72885,613.965865,15.366718,5.405405,5.211726,2.502862
72107,72,226.193608,12.173452,222,14,225.178981,8.094941,5.381873,6.306306,3.594892
72109,72,320.325335,29.212059,357.402989,40.150456,353.192326,21.816576,9.119497,11.233945,6.176968
72110,72,596.864912,43.823427,644.616805,40.038564,660.071366,35.588068,7.342269,6.211219,5.391548
72111,72,342.532567,7.09387,348.230769,23.419028,331.943198,16.709624,2.071006,6.725146,5.033881
72112,72,305,34,293,39,304.792327,25.488484,11.147541,13.31058,8.362574
72113,72,520.815217,18.097826,539.532551,29.96701,483.580803,11.9656,3.474903,5.554254,2.474374
72114,72,187.658182,11.28,183.348148,11.081481,165.020035,9.335156,6.010929,6.043956,5.656984
72115,72,580.785282,22.377016,563.249625,47.564396,521.526574,36.804101,3.85289,8.444639,7.056994
72118,72,851,57,862,83,854.342251,72.643226,6.698002,9.62877,8.502825
72119,72,663.316872,31.967078,672.630131,59.315974,671.047285,44.291868,4.819277,8.818513,6.600409
72120,72,157.387755,7.869388,161.28,15.12,165.36,14.56,5,9.375,8.805031
72121,72,188.980392,5.163399,206.576502,15.020167,199.243251,9.667551,2.73224,7.270995,4.852135
72122,72,611.764179,30.537313,642.843352,34.90421,648.763589,23.690682,4.991681,5.42966,3.651666
72123,72,38.434783,1.971014,41.408451,0,41.557377,3.196721,5.128205,0,7.692308
72124,72,2847.004408,191.223105,2726.863859,300.018657,2770.459664,224.026698,6.716642,11.002334,8.086265
72125,72,217.63125,7.95,183.9254,11.922254,193.698613,5.206526,3.652968,6.482114,2.687952
72126,72,182.274648,8.056338,195.84,15.3,195.243668,19.349785,4.41989,7.8125,9.910582
72127,72,1379.51806,55.544285,1252.205852,64.164271,1130.831446,56.363362,4.026354,5.124099,4.984241
72128,72,345.571601,23.756908,321.140319,31.286974,310.740453,26.035555,6.87467,9.742462,8.378554
72129,72,508.894472,23.869347,534.248521,29.680473,584.843829,24.769274,4.690432,5.555556,4.235195
72130,72,384.81,13.13,385.90947,14.27178,470.158672,15.263685,3.412073,3.69822,3.246497
72131,72,409.041401,20.350318,380.318651,22.650732,366.885121,21.150964,4.975124,5.955725,5.76501
72132,72,5368.789179,550.927362,4965.21777,596.296992,4876.740137,488.046772,10.261669,12.009483,10.007644
72133,72,990.386842,60.839474,991.223841,46.243709,1022.642537,42.501484,6.143001,4.665314,4.156045
72134,72,343.549497,21.530403,349.801916,25.284467,323.744154,29.708226,6.267045,7.228224,9.176452
72135,72,382,22,378,39,362.456241,19.931991,5.759162,10.31746,5.499144
72136,72,229.534884,14.651163,221.018519,9.166667,205.466204,13.28051,6.382979,4.147465,6.463598
72137,72,1429.185607,87.359706,1370.922131,62.361111,1248.71965,62.940294,6.112551,4.548844,5.040386
72138,72,1761.866007,169.468888,1648.324353,219.707715,1500.60345,150.408345,9.618716,13.329155,10.023191
72139,72,651.021153,32.252846,652.40918,32.44234,587.194231,41.113949,4.954193,4.972698,7.001763
72141,72,602,35,611,56,571.94505,44.747304,5.813953,9.165303,7.823707
72142,72,109,7,100,4,88.506849,8.753425,6.422018,4,9.89011
72143,72,1100.575436,40.743931,1003.477687,80.977151,959.237364,98.09773,3.702057,8.069651,10.226638
72144,72,207.753846,7.876923,191.036923,13.895413,177.397971,14.640631,3.791469,7.273679,8.252987
72145,72,257.321375,17.088066,250.362944,22.941624,232.845026,18.755845,6.640749,9.163347,8.055077
72146,72,1816.977623,90.739191,1855.707895,116.46149,1843.073883,60.704703,4.993963,6.275852,3.293666
72147,72,715.910615,34.379888,743.160352,37.753502,793.077774,42.227257,4.80226,5.080129,5.324479
72148,72,61.978022,7.230769,57.333333,4.095238,52.65,3.0375,11.666667,7.142857,5.769231
72149,72,409,23,402,23,403.898844,21.920396,5.623472,5.721393,5.4272
72150,72,815.269504,35.489362,829.399689,50.388802,793.140199,27.921703,4.353083,6.075334,3.520399
72151,72,826,40,779,47,749.25774,40.314936,4.842615,6.033376,5.38065
72152,72,295,19,269,21,235.091521,9.642771,6.440678,7.806691,4.10171
72153,72,352.538995,24.82669,348.218763,31.113106,319.624771,44.413513,7.042254,8.934931,13.895517
72154,72,9335.273686,865.278795,9302.984769,1089.695447,8965.486645,832.527222,9.268917,11.713396,9.285912
72155,72,1474.877197,85.79351,1435.889439,86.683666,1324.388809,58.731457,5.816993,6.036932,4.434608
72156,72,579.259912,20.396476,598.451668,33.306683,588.378436,41.302496,3.521127,5.565476,7.019716
72157,72,461,12,431,22,415.989955,23.85449,2.603037,5.104408,5.734391
72158,72,493,36,483,52,509.824786,38.807368,7.302231,10.766046,7.611903
72160,72,408.831512,36.864467,379.554455,37.549505,363.140225,23.861414,9.017032,9.893048,6.570854
72161,72,493.646659,25.764439,472.55814,39.379845,497.088941,38.187096,5.219207,8.333333,7.682146
72163,72,297.235908,23.096033,311,31,306.088582,23.731156,7.77027,9.967846,7.753035
72164,72,46.444444,1.055556,43.614286,6.085714,42.095238,0,2.272727,13.953488,0
72165,72,1267.353721,61.9684,1258.019622,83.020396,1170.031104,62.981267,4.88959,6.599293,5.382871
72166,72,236.571429,15.428571,227.446154,8.270769,202.327087,9.471783,6.521739,3.636364,4.681421
72167,72,495.442688,26.342556,472.611379,29.880808,468.421786,27.89625,5.316973,6.32249,5.95537
72168,72,1205.219047,55.754025,1245.835929,101.139483,1123.469146,107.091264,4.626049,8.118202,9.532195
72169,72,963.823259,41.862024,950.838854,49.586651,952.856835,45.258407,4.34333,5.215043,4.749759
72170,72,112.252577,5.659794,112.755682,8.590909,102.426966,8.696629,5.042017,7.619048,8.490566
72171,72,58.568627,3.029412,61.386139,6.930693,54.471154,3.961538,5.172414,11.290323,7.272727
72172,72,845.940846,47.434322,846.419064,52.483681,878.445552,47.749943,5.607286,6.200673,5.435732
72173,72,799,49,718,56,702.804597,41.829892,6.132666,7.799443,5.951852
72174,72,70.702703,6.873874,74.057143,9.257143,68.666667,6.675926,9.722222,12.5,9.722222
72175,72,930.966867,58.641765,918.185124,73.775215,863.69633,67.425615,6.299017,8.034896,7.806634
72176,72,2814.658701,265.9308,2522.282138,280.923017,2098.305905,188.182298,9.448066,11.137652,8.968297
72177,72,227.33913,21.936232,228.696884,22.478754,230.557525,12.364838,9.649123,9.82906,5.363016
72178,72,117.708791,9.543956,110.658031,14.689119,119.681592,8.686567,8.108108,13.274336,7.258065
72179,72,1160.713558,98.399592,1102.929209,81.846515,1065.673391,96.995373,8.477509,7.420831,9.101792
72180,72,3142,319,2886,411,2708.633916,363.319902,10.152769,14.241164,13.4134
72181,72,92593.045686,10317.54183,89155.398228,12370.878347,88540.769612,10840.414116,11.142891,13.875636,12.243415
72182,72,897.17713,84.545517,882.769415,72.031408,899.314981,48.397397,9.423503,8.159708,5.381585
72183,72,621.366467,44.40069,612.033965,59.57286,630.744679,53.249159,7.145653,9.733587,8.442268
72184,72,215.341463,14.954268,231.83727,17.244094,227.1306,10.440097,6.944444,7.438017,4.596517
72185,72,401.839937,30.606973,405.910876,33.743202,408.151191,29.039608,7.616708,8.312958,7.114915
72186,72,549.500554,41.380952,539.571106,38.68623,518.735352,26.428141,7.530648,7.169811,5.094725
72187,72,1014.970085,70.137847,1063.620039,77.702726,976.317838,72.228076,6.910336,7.305497,7.398008
72188,72,103.489209,5.913669,94.273973,5.068493,94.615894,5.198675,5.714286,5.376344,5.494505
72189,72,1186.631579,84.067669,1140.690647,101.014388,1085.029753,99.260218,7.084564,8.855546,9.148156
72190,72,199.726277,10.036496,189,9,169.521856,11.171027,5.025126,4.761905,6.589726
72191,72,1754.727772,149.806014,1696.171649,181.840915,1731.499572,94.158776,8.537279,10.720667,5.43799
72192,72,63.72549,1.960784,69.669903,6.058252,55.371429,0.971429,3.076923,8.695652,1.754386
72193,72,266.645022,7.348485,249.511574,15.659722,253.420367,7.207289,2.755906,6.276151,2.844006
72194,72,196.603053,21.973282,171.412639,16.747212,170.898465,9.751985,11.176471,9.770115,5.706304
72195,72,1112,72,1159,103,1125.37862,80.095948,6.47482,8.886972,7.117244
72196,72,416.619048,32.047619,430.099884,41.296467,453.043454,34.23344,7.692308,9.601599,7.556326
72197,72,417.767181,20.333801,438.271944,31.670001,432.803912,18.931363,4.867257,7.226107,4.37412
72198,72,1610,69,1676,120,1603.709394,76.219486,4.285714,7.159905,4.752699
72199,72,130.025424,6.792373,156.812977,13.305344,165.437303,8.891521,5.223881,8.484848,5.374556
72200,72,2259,148,2306,173,2292.553397,110.394501,6.551571,7.502168,4.815351
72201,72,172.540541,25.675676,166.702703,22.822394,154.739745,10.490148,14.880952,13.690476,6.77922
72202,72,133.424107,8.397321,142.173913,9.478261,128.037383,2.803738,6.293706,6.666667,2.189781
72204,72,357,30,324,30,312.773687,30.816841,8.403361,9.259259,9.85276
72205,72,1042.454833,45.019731,1124.965177,81.667102,1143.277136,63.311155,4.318626,7.259523,5.537691
72208,72,203.387374,9.776179,206.098358,17.161522,181.336549,10.753954,4.806679,8.32686,5.930384
72209,72,182.345277,16.208469,190,21,195.399954,14.591446,8.888889,11.052632,7.467477
72210,72,168.64536,7.112938,193.532533,20.266489,188.475906,20.895427,4.21769,10.471877,11.086524
72211,72,384.675,26.563235,365.965785,34.951788,376.751963,29.107222,6.905371,9.550562,7.725832
72212,72,461.482517,40.839161,413.268293,40.516499,416.053903,29.977131,8.849558,9.803922,7.205108
72213,72,2975.566332,159.466511,3196.26451,264.558413,3125.732657,264.211565,5.359199,8.277113,8.452788
72214,72,11.538462,0,7,0,7.333333,0,0,0,0
72215,72,587.65299,35.058516,605.393654,54.579754,612.608903,65.280455,5.965853,9.015581,10.656139
72216,72,354.115993,11.193322,358.748756,23.312405,389.152255,32.715671,3.16092,6.498254,8.406908
72217,72,1626.791626,79.514006,1578.167284,75.228392,1442.639525,69.081031,4.887781,4.76682,4.788516
72218,72,171.32646,8.357388,180.221498,17.824104,180.413261,8.2048,4.878049,9.89011,4.547781
72219,72,527.824622,35.49772,570.829989,39.281794,516.294313,27.882745,6.725287,6.881523,5.400552
72220,72,520.697204,40.560456,531.520403,38.288024,484.083008,22.749807,7.789643,7.203491,4.699567
72221,72,249.605531,24.055672,223.414868,16.950412,213.340752,30.306631,9.637476,7.586967,14.205739
72222,72,184,26,169,15,154.952168,12.799319,14.130435,8.87574,8.260174
72223,72,1548.681373,108.299397,1523.68671,124.009192,1511.231749,86.539199,6.993007,8.138759,5.726402
72224,72,321,30,341,31,310.760781,12.900164,9.345794,9.090909,4.151156
72225,72,441,30,396,40,401.248255,27.895474,6.802721,10.10101,6.952173
72226,72,709.854721,47.369956,793.993351,67.25415,839.829761,46.178354,6.67319,8.470367,5.498537
72227,72,20.9,0,28.7,2.05,25.090909,1.090909,0,7.142857,4.347826
72228,72,1231.942806,64.992086,1278.070974,82.425664,1248.59273,54.104515,5.275577,6.449224,4.33324
72229,72,317.858439,29.263158,308.164297,34.780455,265.846282,18.240519,9.206349,11.286335,6.861303
72230,72,726.539827,28.825975,717.438513,57.084991,672.810034,53.098389,3.96757,7.956778,7.892033
72231,72,3058.913444,108.209272,3008.617824,186.761385,3190.036358,187.691531,3.537507,6.207548,5.88368
72232,72,361.172185,19.470199,397.243328,20.062794,471.453484,32.199871,5.390836,5.050505,6.829915
72233,72,36.132353,2.779412,37.142857,4.126984,38.690141,2.830986,7.692308,11.111111,7.317073
72234,72,235.708447,12.929155,225.561497,22.754011,215.298521,15.049673,5.485232,10.087719,6.990143
72235,72,248,16,240,30,226.110862,13.208907,6.451613,12.5,5.841784
72236,72,138.294416,7.959391,134.311224,8.954082,124.680628,7.91623,5.755396,6.666667,6.349206
72237,72,311.173246,25.315789,344.531845,25.035707,310.029426,18.638926,8.135593,7.266587,6.011986
72238,72,65.258427,2.966292,57.283951,0,47.295775,0,4.545455,0,0
72239,72,402.225179,20.062036,397.100109,34.837033,398.689694,26.562762,4.987762,8.772859,6.662515
72241,72,1961.351953,135.826928,1830.600739,125.272493,1705.893649,97.566266,6.925168,6.843245,5.719364
72243,72,933.483205,75.519765,996.639557,98.951151,919.269214,57.358,8.090104,9.928479,6.239522
72244,72,1972.541015,97.486539,1819.807963,104.529278,1806.312779,106.194932,4.942181,5.743973,5.8791
72245,72,459.522835,30.566929,463.322726,44.507758,428.209354,30.80245,6.651885,9.606211,7.193316
72246,72,142,8,139,7,136.832512,5.82266,5.633803,5.035971,4.255319
72247,72,880,44,892,45,846.421882,42.285076,5,5.044843,4.995745
72248,72,476.342105,21.800554,501.112763,44.855127,515.735815,50.301594,4.576659,8.951105,9.753365
72249,72,545.173594,21.359413,523.431886,24.834331,537.185964,26.29975,3.91791,4.74452,4.895837
72250,72,129.675,15.6,116.64557,7.21519,97.748503,8.299401,12.030075,6.185567,8.490566
72251,72,244.063361,27.002755,226.998334,24.592565,237.367186,23.240826,11.06383,10.833809,9.791086
72252,72,764.363318,50.900635,748.038767,69.18663,681.438167,57.816906,6.65922,9.24907,8.484542
72253,72,1739.333167,96.11872,1651.486258,97.12894,1650.857086,96.171694,5.526182,5.881305,5.825561
72254,72,167,9,178,22,163.253601,8.998148,5.389222,12.359551,5.511761
72255,72,500.117942,37.23212,493.108887,34.877699,453.353329,49.321521,7.444668,7.073022,10.879268
72256,72,469.804627,27.104113,478.230968,35.090323,475.441691,30.782628,5.769231,7.337526,6.474533
72257,72,1430.13896,57.269717,1374.353809,73.066643,1260.889364,42.864024,4.004486,5.316436,3.399507
72259,72,218.415335,10.351438,210.358621,14.57931,177.719948,10.881472,4.739336,6.930693,6.12282
72260,72,2197.238874,107.495281,2067.415735,139.029806,1982.17746,98.593497,4.892289,6.724811,4.973999
72261,72,199.680982,5.815951,212.968544,17.33201,206.287569,9.481636,2.912621,8.138296,4.596319
72262,72,1235.661505,88.825928,1119.495453,93.927026,1045.239092,76.619914,7.188532,8.390121,7.330372
72264,72,7791.702874,951.654081,7561.167072,1124.312976,7249.115229,787.72229,12.213685,14.869569,10.866461
72265,72,166.674797,10.04065,172.783582,19.425373,136.004492,14.26395,6.024096,11.242604,10.487852
72266,72,423.803419,29.123932,406.430275,28.223803,429.589227,44.059424,6.872038,6.944316,10.256175
72267,72,622.118626,43.587929,593.195104,37.774086,569.640911,36.059784,7.006369,6.367903,6.330266
72268,72,459.663324,23.75788,447.932766,48.50545,447.311169,34.097547,5.168539,10.828735,7.62278
72269,72,1899.52149,162.787865,1714.329461,192.725,1531.080389,147.610479,8.569941,11.242005,9.640936
72270,72,119.101796,11.197605,109.352941,9.941176,98.715084,0,9.401709,9.090909,0
72271,72,471.200971,34.436643,540.090069,42.20664,571.381842,31.260789,7.308271,7.814741,5.471086
72272,72,208,7,211.566428,9.809398,200.492134,8.096804,3.365385,4.636557,4.038465
72273,72,126,8,140,22,136,15,6.349206,15.714286,11.029412
72274,72,121.305419,8.73399,125.023923,6.732057,131.972477,7.706422,7.2,5.384615,5.839416
72275,72,714.488588,33.431953,838.557692,39.230769,953.886761,31.960767,4.679144,4.678363,3.350583
72276,72,1147.288856,96.191904,1137.20864,99.936551,1056.148156,83.110964,8.384279,8.787882,7.869252
72277,72,82.258065,4.83871,73.842105,3.210526,76,1,5.882353,4.347826,1.315789
72278,72,491.977972,47.609266,443.964984,36.026767,418.52403,34.53044,9.677113,8.114777,8.250527
72279,72,113.197531,5.339506,99.72956,2.962264,84.502762,8.005525,4.716981,2.970297,9.473684
72280,72,1209.91945,43.657346,1378.791185,68.635367,1326.204777,58.848528,3.608285,4.977938,4.437364
72281,72,298,21,271,23,270.241376,29.140441,7.04698,8.487085,10.783116
72282,72,314.587452,22.543726,303.537594,40.537594,309.642033,19.581294,7.166124,13.355049,6.323849
72283,72,236.145455,23.812987,209.203957,23.790732,214.216565,30.664746,10.084034,11.372028,14.314834
72286,72,247.942105,24.189474,255.14494,17.015991,233.257672,14.085905,9.756098,6.669147,6.038775
72287,72,1362.527707,62.501271,1375.885734,82.665715,1242.331083,57.279157,4.587156,6.008182,4.610619
72289,72,1206.225017,63.905452,1191.437585,92.495355,1182.958294,65.744386,5.297971,7.76334,5.557625
72290,72,893.45545,51.572759,1042.546902,54.708095,1193.902511,60.863011,5.772281,5.247543,5.097821
72291,72,554.044068,32.650847,565.869792,54.541667,569.566691,42.353656,5.893186,9.638554,7.436119
72292,72,152,14,154,11,135.863733,2.999934,9.210526,7.142857,2.208047
72293,72,357.685387,14.35135,366.785723,32.320896,353.509214,19.572402,4.012283,8.811929,5.536603
72294,72,332.756052,24.90689,284.033621,29.756369,295.891207,39.230635,7.48503,10.476354,13.258466
72295,72,334.44697,11.909091,303.152778,16.222222,281.921829,8.941664,3.560831,5.351171,3.171682
72296,72,478.598693,24.596078,453.987881,34.153441,460.337155,45.586038,5.139186,7.522985,9.90275
72297,72,311,21,329,27,321.291432,10.027659,6.752412,8.206687,3.121048
72298,72,324.054282,19.949156,336.906801,32.462235,348.63625,15.3964,6.156116,9.635376,4.416179
72299,72,1404,99,1476,116,1522.073082,102.214341,7.051282,7.859079,6.715469
72300,72,1638.670279,72.844093,1751.792524,143.096432,1649.590784,119.023482,4.445317,8.168572,7.215334
72302,72,119.310345,3.977011,124,10.333333,108.788571,4.771429,3.333333,8.333333,4.385965
72303,72,466.067925,31.272956,461.305482,41.831165,437.824452,39.781982,6.709957,9.067996,9.086286
72305,72,593,20,611,62,532.200783,36.431138,3.372681,10.1473,6.845375
72306,72,812.48565,49.333082,802.569522,53.752811,854.210442,44.052252,6.071871,6.697589,5.157073
72307,72,121,4,139,18,149.628692,7.029536,3.305785,12.94964,4.697987
72308,72,1488.681225,74.594501,1342.430279,93.512913,1251.121938,73.871021,5.010777,6.965942,5.904382
72309,72,194.648276,6.082759,192.964019,18.959319,182.061622,14.744156,3.125,9.825313,8.098442
72310,72,1252.343226,42.045821,1235.707959,53.054931,1126.076467,52.8655,3.357372,4.293485,4.694663
72311,72,221,13,226,33,205.894106,16.597957,5.882353,14.60177,8.061404
72312,72,124.705882,4.156863,137.465517,10.258621,128.32618,6.909871,3.333333,7.462687,5.384615
72313,72,136.582609,8.843478,134.59292,4.017699,130.165049,4.23301,6.47482,2.985075,3.252033
72314,72,231.588712,8.023009,233.409477,14.956467,244.23422,20.751108,3.464335,6.407823,8.496397
72315,72,491,26,514.502014,52.678828,484.415065,50.649059,5.295316,10.238799,10.455715
72316,72,425.250737,33.097345,420.544267,29.825835,406.476653,21.789193,7.783019,7.092199,5.360503
72317,72,346.084532,18.161871,321.880309,29.727799,289.02323,12.039078,5.247813,9.235669,4.165436
72319,72,442.509804,17.333333,506.457306,42.772459,469.950115,26.910704,3.917051,8.445422,5.726289
72320,72,1737.059078,60.140355,1646.385355,94.784416,1665.704846,62.650986,3.462194,5.757122,3.76123
72321,72,359.717584,17.936057,364.419313,28.956772,325.202086,18.477111,4.98615,7.946004,5.681732
72322,72,151,13,134,13,126.424411,9.956063,8.609272,9.701493,7.875111
72323,72,269.73913,18.173913,295.850549,21.276923,283.627765,15.291385,6.737589,7.191781,5.391357
72324,72,308,29,319,40,321.396909,29.905095,9.415584,12.539185,9.304724
72325,72,508.350865,32.277369,476.200388,25.956412,457.041969,32.883406,6.349427,5.450733,7.194833
72326,72,143.466346,10.735577,137.175355,12.28436,131.169725,6.90367,7.482993,8.955224,5.263158
72327,72,178.936027,13.76431,181.771812,14.899329,175.243386,10.589789,7.692308,8.196721,6.042904
72328,72,2284.545141,122.874066,2214.890972,125.617682,2116.443613,107.314892,5.378491,5.671506,5.070529
72329,72,2590.790208,124.965958,2438.134101,129.645484,2303.065102,95.422452,4.823469,5.317406,4.143281
72330,72,278.422871,24.769014,274.638695,22.051282,295.404563,16.887269,8.896185,8.029197,5.716658
72331,72,385.340171,24.957265,374.086247,33.81182,395.16549,42.37319,6.476684,9.038509,10.722897
72332,72,384.906156,19.095335,378.333907,19.965401,335.399958,34.521058,4.961037,5.277191,10.292505
72333,72,298,25,264,25,268.256193,25.5668,8.389262,9.469697,9.53074
72334,72,1273,140,1192,148,1099.900873,142.002139,10.997643,12.416107,12.910449
72335,72,709.866667,24.2,694.338761,43.886803,660.839472,35.956583,3.409091,6.320661,5.441047
72336,72,788.196456,30.049111,678.812297,36.023751,645.032214,40.850417,3.812389,5.30688,6.333082
72337,72,521,44,541,47,511.962118,47.423752,8.445298,8.687616,9.263137
72338,72,449.716952,19.091757,422.592161,28.981389,508.475146,26.099373,4.245283,6.858004,5.132871
72339,72,510,29,452,34,414.019615,26.022047,5.686275,7.522124,6.285221
72340,72,750.487065,40.348767,746.335177,48.118978,774.494301,35.967743,5.376344,6.447368,4.644029
72341,72,434.94038,13.212809,423.476531,25.426373,401.7228,24.602726,3.037844,6.004199,6.124304
72342,72,123,4,123.245902,6.846995,110.1138,9.401272,3.252033,5.555556,8.537778
72343,72,411.674877,20.032841,406.057143,19.904762,369.146198,23.273504,4.86618,4.901961,6.304685
72344,72,1963.019112,92.297011,1891.700877,102.719674,1744.992183,69.980569,4.701789,5.430017,4.010366
72345,72,217.395349,13.348837,214.494118,14.164706,213.492072,10.827429,6.140351,6.603774,5.071584
72346,72,2471.801164,162.773092,2550.284562,176.881022,2695.771596,137.288741,6.585202,6.935737,5.092744
72347,72,192,7,195.26436,15.193175,178.351242,12.301434,3.645833,7.780823,6.897308
72348,72,93.673913,2.014493,86.395833,9.930556,87.323077,7.938462,2.150538,11.494253,9.090909
72349,72,333.284314,15.382353,319.55,22.825,322.50599,17.4995,4.615385,7.142857,5.426101
72350,72,1956,116,1949,141,1925.585796,93.793971,5.93047,7.234479,4.870932
72351,72,597.546032,39.124305,621.288278,50.207137,593.73038,25.067793,6.547496,8.081134,4.222084
72352,72,83.354331,3.165354,85,1,83.769784,3.064748,3.797468,1.176471,3.658537
72353,72,131.692308,7.746606,136.746479,7.197183,138,5,5.882353,5.263158,3.623188
72354,72,101,6,97.406061,9.939394,104.363636,5.963636,5.940594,10.204082,5.714286
72355,72,56.078431,4.078431,49.431818,1.977273,69.292453,8.528302,7.272727,4,12.307692
72356,72,257.906832,13.158205,273.320214,18.767154,224.944168,11.252572,5.101922,6.866362,5.002384
72357,72,440.822995,25.869894,461.544827,31.835306,456.035513,24.405236,5.868545,6.897555,5.351609
72358,72,976.874257,67.415075,966.47617,68.882854,967.904891,80.499005,6.901101,7.127217,8.31683
72359,72,800.798658,43.053691,828.344496,62.481165,864.671174,57.458768,5.376344,7.542896,6.645158
72360,72,939.567766,51.747253,899.011038,51.88521,1015.457723,47.657113,5.507559,5.771365,4.693166
72361,72,277.839917,33.858628,262,24,301.431099,27.685679,12.18638,9.160305,9.184745
72362,72,80.84,4.7,85.030675,4.723926,106.729412,10.870588,5.813953,5.555556,10.185185
72363,72,1002,67,952,101,943.043336,70.977696,6.686627,10.609244,7.526451
72364,72,889,70,873,113,806.225819,75.292089,7.874016,12.943872,9.338834
72366,72,208,16.64,195.164596,6.934783,182.883976,11.146457,8,3.553299,6.094824
72367,72,485.819756,26.708654,457.108143,39.576463,440.927083,29.261515,5.497647,8.658009,6.636361
72368,72,204.342071,20.299347,199.832533,15.138828,168.764026,10.219233,9.934003,7.575758,6.055338
72369,72,385,35,406,27,386.335505,36.96297,9.090909,6.650246,9.567583
72370,72,214.534091,13.840909,211.337288,25.903626,210.13363,15.348295,6.451613,12.257007,7.304064
72372,72,45,5,43.2,2.88,48,2,11.111111,6.666667,4.166667
72373,72,1474.509909,74.958803,1461.403301,129.713012,1342.418541,99.790839,5.083642,8.875922,7.433661
72374,72,103.858896,12.588957,82.638158,5.230263,76.909091,6.409091,12.121212,6.329114,8.333333
72375,72,341,15,354,19,327.611761,10.897785,4.398827,5.367232,3.326433
72376,72,411.429421,15.200594,431.175637,24.610482,428.954484,22.656848,3.694581,5.707763,5.281877
72377,72,600.393701,41.338583,615.193392,41.079689,673.863505,32.872992,6.885246,6.677524,4.878286
72378,72,967.393914,56.828286,982.760779,70.340751,951.433319,29.765825,5.874369,7.157464,3.128525
72379,72,147.275109,12.104803,135.386139,11.544554,122.167488,10.837438,8.219178,8.527132,8.870968
72380,72,593.080527,36.370897,577.711579,41.690526,532.213885,33.52065,6.132539,7.216495,6.298342
72381,72,849.784189,40.427072,872.762582,55.120167,860.314307,35.221108,4.757334,6.315597,4.093981
72382,72,514,30,541,39,584.133501,34.258765,5.836576,7.208872,5.864886
72383,72,93.424658,4.246575,78.72,4.8,97,8,4.545455,6.097561,8.247423
72385,72,1162.109486,67.136087,1026.982331,75.63273,1037.937137,48.14322,5.777088,7.36456,4.638356
72386,72,2770.681399,152.013089,2536.885214,150.630497,2282.399468,109.666638,5.486488,5.937616,4.804884
85001,85,1553.49727,127.755594,1210.266038,152.437911,1163.916561,144.646967,8.223741,12.595405,12.427606
85002,85,961.512094,80.04753,1061.172116,93.628972,1208.402061,78.722502,8.325171,8.823165,6.514595
85003,85,5179,317,5774,466,6250.177869,393.286837,6.120873,8.070662,6.29241
85004,85,1239.510723,106.696029,1362.487937,172.213017,1283.398411,160.509771,8.607915,12.639599,12.506621
85005,85,628.223653,44.171976,604.17355,39.945851,576.419824,33.577273,7.03125,6.611652,5.825142
85006,85,983.240952,84.781989,1068.139281,116.059971,1150.559762,82.413641,8.622707,10.865621,7.162917
85008,85,3711.34954,180.938759,3955.485149,287.879441,4322.245709,308.645376,4.875282,7.277981,7.140857
85009,85,678.859813,45.996885,704.742008,58.255176,664.948353,43.537503,6.775609,8.266171,6.547501
85010,85,732,70,762,84,731.727384,55.588108,9.562842,11.023622,7.596833
85011,85,951.858391,83.657436,900.792665,90.876006,844.334855,59.038399,8.788853,10.088449,6.992297
85012,85,1271.204775,123.345307,1200.047361,117.710381,1220.664362,88.048311,9.703024,9.808811,7.213147
85013,85,737,50,874,49,987.88509,27.841072,6.784261,5.606407,2.81825
85014,85,677.892999,35.521455,700.91956,46.170083,691.037485,49.73925,5.23998,6.587073,7.197764
85015,85,788.406412,39.777296,927.104901,60.179339,979.684955,50.734232,5.045278,6.491104,5.178627
85016,85,1332.945858,63.834481,1366.095926,117.045327,1395.835536,93.319097,4.788978,8.56787,6.685537
85017,85,1360.20054,60.236714,1447.097198,87.433959,1552.339699,55.575461,4.428517,6.042024,3.580109
85018,85,2280.935942,104.659259,2184.875064,212.317392,1974.528032,159.927457,4.588435,9.717599,8.099528
85019,85,3722.876441,146.002988,3761.644002,236.831008,3988.719962,218.510635,3.921779,6.295944,5.478214
85020,85,2313.597622,80.889316,2410.242103,158.01431,2362.203282,142.263426,3.496257,6.555952,6.022489
85021,85,1107.265922,43.46411,1185.292916,69.603184,1228.278433,46.185805,3.925354,5.872235,3.760206
85022,85,618.870536,43.330357,680.359801,74.367246,702.179448,76.87367,7.001522,10.930576,10.947867
85023,85,267.35109,19.951574,263.457094,24.880571,249.249984,11.882451,7.462687,9.44388,4.767283
85024,85,1006.972942,62.455383,1123.395279,85.732798,1286.746447,80.344628,6.20229,7.631579,6.244014
85025,85,1350.352793,74.806503,1433.447025,101.737173,1477.362526,63.68251,5.539775,7.097379,4.310554
85026,85,872,78,902,82,876.599214,68.821068,8.944954,9.090909,7.850916
85028,85,301,21,353,34,351.947772,18.92664,6.976744,9.631728,5.377684
85029,85,1313.44575,58.735964,1246.79766,76.434918,1174.287007,74.290471,4.471899,6.130499,6.326432
85031,85,1830.68441,94.100123,1841.887876,111.389317,1909.940398,68.785792,5.140161,6.047562,3.601463
85033,85,505.422136,23.29601,485.733124,49.165173,453.061371,39.615001,4.609218,10.121849,8.743849
85034,85,1935.625387,114.534504,2016.830772,133.115937,2124.306599,100.257868,5.917183,6.600253,4.719557
85035,85,2339.908834,176.138841,2248.393664,236.535509,2362.317845,223.321713,7.527594,10.5202,9.4535
85036,85,387.256158,42.689655,361.293814,38.457045,352.158294,21.920253,11.023622,10.644258,6.224545
85038,85,1609.183335,86.793837,1678.149317,90.446351,1804.960166,78.958403,5.393657,5.389649,4.374523
85039,85,2291.505574,140.762675,2395.003247,136.470473,2505.244835,93.1844,6.142803,5.698133,3.719573
85040,85,589.122629,40.479681,574.965412,48.828681,575.648865,37.644738,6.871181,8.492455,6.539531
85042,85,1152.202695,83.074839,1152.785879,107.031815,1094.489364,113.968999,7.210089,9.284622,10.412984
85045,85,582.864465,65.238041,585.259208,55.496749,571.772228,40.363643,11.192661,9.482422,7.059392
85046,85,2152.669902,120.100177,2294.531665,140.280372,2396.115915,127.713902,5.579126,6.113682,5.330039
85047,85,11134.681345,904.025929,11721.29666,1273.22571,12347.451435,1097.828445,8.11901,10.862499,8.891134
85049,85,1037.281602,93.942485,1029.602278,121.952891,1031.925978,78.722138,9.056604,11.84466,7.628661
85050,85,960.104432,93.943682,993.314875,104.13785,1060.380397,70.772317,9.784736,10.483871,6.674239
85051,85,5219,442,5047,435,5043.521983,365.716933,8.469055,8.618982,7.251221
85054,85,542.004459,43.435897,563.641488,46.116122,608.076665,52.003799,8.013937,8.181818,8.552178
85055,85,576.737916,36.602578,582.498208,42.742187,658.671732,30.458198,6.346484,7.337737,4.624185
85056,85,180.04298,11.189112,188.024219,14.065154,217.542041,11.012312,6.214689,7.480501,5.062154
85058,85,420.987034,21.102107,465.443084,28.44833,474.996645,34.754045,5.012531,6.112096,7.316693
85059,85,1562.311538,132.966348,1412.819365,165.766596,1364.884652,129.686795,8.510873,11.733035,9.501667
85061,85,875.465051,25.720424,920.606459,47.699235,896.991093,62.796017,2.937916,5.181284,7.00074
85062,85,562.458381,44.752566,621.140693,56.075066,699.422697,42.802513,7.9566,9.027756,6.119692
85064,85,1469.409785,53.472529,1609.104125,83.060054,1564.127388,52.066594,3.639048,5.161882,3.328795
85065,85,2019.406703,56.593384,2106.823588,140.537346,2120.585397,125.884123,2.802476,6.67058,5.936291
85066,85,476.797484,13.96478,475.379327,26.588537,493.514786,27.564947,2.92887,5.59312,5.585435
85067,85,611,32,599,42,617.17971,24.934834,5.237316,7.011686,4.040125
85070,85,1778,150,1831,233,1914.98954,165.230525,8.436445,12.725287,8.628273
85071,85,1813,147,1997,193,2076.209874,173.724434,8.108108,9.664497,8.367383
85072,85,578.597444,28.785942,609.633634,35.171171,661.934184,21.759741,4.975124,5.769231,3.287297
85073,85,602.864865,25.675676,682.160667,40.121101,642.921498,53.609957,4.258944,5.881474,8.338492
85074,85,122,15,134.372998,17.916075,128.977273,10.318182,12.295082,13.333092,8
85076,85,1990.631403,95.51636,2084.4019,118.112701,2209.411477,100.585735,4.798295,5.666503,4.552603
85077,85,248.376623,33.779221,268.552684,49.986083,296.359439,30.459207,13.6,18.613139,10.277792
85078,85,492.391377,36.99076,435.015639,42.168265,410.664346,33.171147,7.512471,9.693506,8.077435
85080,85,1030.287194,70.490289,979.700229,90.039063,962.579486,72.361514,6.84181,9.190471,7.517459
85081,85,2731,139,2783,177,2865.089727,113.899633,5.089711,6.360043,3.97543
85082,85,1721.718535,57.706824,1760.080922,116.904029,1777.99859,109.267678,3.351699,6.641969,6.145544
85083,85,1022.748177,59.17083,930.982623,77.674033,864.399343,74.344216,5.785474,8.343231,8.600679
85084,85,5226.597805,261.272681,5517.650257,336.803928,5884.067693,293.280532,4.998905,6.104119,4.984316
85086,85,979.923132,81.76984,973.883008,74.914488,1037.957377,78.11496,8.344516,7.69235,7.525835
85087,85,134.709677,13.898618,125.009901,12.712871,120.361361,10.879342,10.31746,10.169492,9.038899
85088,85,2617.390668,161.359561,2580.809769,193.928021,2608.515766,153.725982,6.164902,7.514231,5.893236
85089,85,3260.685944,164.70913,3269.864157,225.794144,3210.763873,187.460602,5.051364,6.905307,5.838505
85090,85,3963.743825,178.769806,3978.264439,268.757681,3897.449276,247.539525,4.510125,6.755651,6.351321
85092,85,8718.18119,945.539898,7952.543268,1068.327692,7377.143214,685.373391,10.84561,13.433787,9.290499
85093,85,716.231173,44.119089,751.725888,51.912014,787.635331,30.810877,6.159895,6.90571,3.91182
85094,85,722.924115,42.885329,634.657042,65.774634,675.683622,64.790367,5.932203,10.363807,9.588862
85095,85,970.257938,75.870985,1141.791045,79.925373,1309.152456,57.9499,7.819672,7,4.42652
85096,85,2868.782917,195.195539,2950.470662,247.031672,3215.191798,171.264394,6.804124,8.372619,5.326724
85097,85,1963.41318,73.131134,1922.394107,118.51927,1949.983162,88.948167,3.724694,6.165191,4.561484
85098,85,1140.69624,60.143948,1218.426193,72.390613,1250.733908,61.035334,5.272565,5.941321,4.879962
85099,85,578.926056,42.010563,632.512324,51.44891,696.79245,45.105463,7.256637,8.134056,6.4733
85100,85,1198.466098,66.356589,1233.517844,96.320202,1260.104916,90.618775,5.536793,7.808578,7.191367
85101,85,274.561574,20.19062,275.757008,31.36903,286.776242,31.711842,7.353768,11.375606,11.058044
85102,85,312.332013,20.854698,393.871686,53.257201,452.056963,55.268877,6.677093,13.52146,12.226087
85103,85,1286.657785,113.239409,1336.755927,137.871688,1388.80485,85.706791,8.801051,10.313901,6.171262
85104,85,444.937656,34.381546,447.53178,46.632917,471.718462,51.183331,7.727273,10.420024,10.850398
85105,85,343.411765,27.595588,347.494279,34.400715,309.076961,27.123459,8.035714,9.899649,8.775633
85106,85,846.167057,58.593144,749.682965,68.690467,708.826121,78.618919,6.924536,9.162602,11.091425
85108,85,1769.658739,69.630267,1946.034255,134.126531,2111.065474,129.541067,3.934672,6.892301,6.136288
85109,85,10022.924364,587.306384,10125.877635,829.602504,10283.135797,598.687992,5.859631,8.192895,5.822037
85110,85,438.875234,14.961445,445.165894,39.55137,474.792841,56.372682,3.409043,8.884636,11.873111
85111,85,901.409836,50.536707,946.281077,101.279973,883.11418,98.695501,5.606407,10.702948,11.175848
85112,85,1717,146,1684,153,1688.023475,114.947869,8.503203,9.085511,6.809613
85113,85,2823,284,2826,296,2698.266043,244.398597,10.06022,10.474168,9.057617
85114,85,1143.136245,91.566563,1024.61351,105.547684,1004.739746,91.141878,8.010118,10.301219,9.071193
85115,85,369.392447,26.246305,375.059406,31.767327,359.26809,17.051967,7.105263,8.469945,4.746307
85116,85,230.574803,10.15748,245.859008,28.458003,249.100561,28.485068,4.405286,11.574928,11.435168
85117,85,376.881881,31.155948,364.231018,33.560582,345.335254,18.187972,8.266767,9.214092,5.266758
85118,85,1477.206453,102.349191,1495.971708,103.136136,1438.425964,71.488075,6.928564,6.894257,4.969882
85119,85,1425.977336,55.424692,1419.075121,83.810676,1492.703116,60.215798,3.886786,5.906007,4.03401
85120,85,711,49,792,78,865.215341,76.202316,6.891702,9.848485,8.807324
85121,85,668.933549,55.49593,659.384321,67.892925,624.415627,48.088741,8.29618,10.296412,7.701399
85123,85,168.136882,16.304183,164.597122,14.784173,181.787911,14.192666,9.69697,8.982036,7.807266
85125,85,244.904,17.424,235.03876,15.669251,227.309763,14.682887,7.114625,6.666667,6.459418
85126,85,774.535132,51.741109,800.517007,55.619048,795.085551,43.887652,6.680279,6.947891,5.519865
85127,85,1282.593777,102.930421,1234.838609,127.846454,1067.043474,85.362839,8.025177,10.353293,7.99994
85128,85,5693.012821,581.021883,5333.374894,701.192866,5115.817338,411.312238,10.205877,13.147264,8.04001
85129,85,2029.939076,82.317182,2081.540522,155.599768,2235.636002,112.715763,4.055155,7.475222,5.041776
85130,85,912.136754,83.034131,894.617476,94.8,1070.206725,74.508891,9.103255,10.596708,6.962103
85131,85,1014.698667,60.16,1037.749365,89.666744,895.880288,71.513422,5.928854,8.640501,7.982475
85132,85,461.270074,33.727274,431.792495,49.324043,414.74956,29.093617,7.311828,11.42309,7.014743
85133,85,540.57849,38.330744,507.998561,52.911907,448.812455,30.312445,7.09069,10.415759,6.753922
85134,85,149.238494,8.066946,155.572656,11.003597,142.151507,11.928366,5.405405,7.072963,8.391305
85135,85,1601.951413,135.478643,1646.91,163.649801,1525.823833,143.51395,8.457101,9.936779,9.40567
85136,85,71.37931,14.87069,58.473214,10.901786,66,11,20.833333,18.644068,16.666667
85137,85,308.307263,19.329609,317.079755,23.889571,288.16388,13.458836,6.269592,7.534247,4.670549
85138,85,539.52109,38.168796,662.224831,61.851308,736.162495,57.850012,7.07457,9.339926,7.858321
85139,85,248.293023,15.702326,269.154521,31.549232,240.34147,20.126044,6.324111,11.721606,8.373937
85140,85,961.134146,36.54878,935.80965,54.927958,898.869359,46.048305,3.802672,5.869565,5.122914
85141,85,387.086538,21.504808,371.791541,36.10574,414.570261,29.927264,5.555556,9.711286,7.218864
85142,85,600.361396,28.899384,634.713852,43.911021,658.133399,28.202828,4.813665,6.918239,4.285275
85143,85,659.945252,61.461283,624.551954,63.360343,622.068779,50.544565,9.313088,10.144928,8.125237
85144,85,856.17286,23.168039,905.883452,52.985066,989.088945,45.46213,2.706,5.848994,4.596364
85145,85,598.419753,30.740741,601.462552,42.249136,606.512406,33.49756,5.136986,7.0244,5.52298
85146,85,12296.174502,673.957895,12752.89292,830.588071,13089.590591,736.97539,5.481037,6.512938,5.63024
85147,85,1060,64,1058,97,1006.501342,59.841997,6.037736,9.168242,5.945546
85148,85,518,39,490,40,519.987531,44.005488,7.528958,8.163265,8.462797
85149,85,235.081967,31.47541,232.933649,24.760664,250.492729,18.296769,13.389121,10.629921,7.304311
85151,85,3895.55931,198.813204,3737.349129,253.471667,3776.052577,178.635382,5.103586,6.782124,4.730744
85152,85,2703.517069,209.404453,2966.268339,281.650923,3233.584259,181.781001,7.745631,9.495126,5.621657
85153,85,1651.666093,80.93253,1743.662227,93.58162,1797.946763,78.349078,4.900054,5.366958,4.357697
85154,85,1078.709091,68.981818,1071.852273,91.795455,1001.866603,60.116176,6.394849,8.564189,6.000417
85155,85,3096,140,3033,162,2959.184857,129.899358,4.521964,5.341246,4.389701
85156,85,1040.711869,83.487815,1155.90395,111.446237,1247.741841,84.248709,8.022183,9.641479,6.752095
85157,85,388.35336,17.718724,414.990704,30.341301,463.742789,22.856115,4.562526,7.311321,4.928619
85158,85,687.211014,41.072378,750.180658,75.025406,694.997544,56.516647,5.976676,10.000978,8.13192
85159,85,1311.185789,107.701018,1349.001559,126.000146,1355.959357,100.205708,8.214017,9.340252,7.390023
85160,85,1700.131195,106.734694,1751.569718,119.514591,1828.994773,71.356525,6.278027,6.823285,3.901407
85161,85,1389.933249,93.549504,1469.287348,125.325649,1526.621083,72.831141,6.730503,8.52969,4.770741
85162,85,1160.582773,73.720654,1238.653281,83.462857,1245.598171,69.848517,6.352038,6.738194,5.607628
85163,85,2662,193,2495,250,2307.476615,196.815833,7.250188,10.02004,8.529483
85164,85,1064.454559,77.529692,1114.042955,98.481295,1101.675279,110.855688,7.283514,8.839991,10.062465
85165,85,,,,,,,,,
85167,85,579.702101,23.682324,509.435383,25.219573,456.390184,32.637821,4.085258,4.950495,7.151298
85169,85,648,59,639,78,687.041571,56.368565,9.104938,12.206573,8.204535
85171,85,313.956274,24.228137,358.683286,30.510973,373.839596,26.12702,7.717042,8.506383,6.988832
85172,85,1143.584951,86.062449,1165.527754,104.19832,1250.454743,77.11353,7.525672,8.940012,6.166839
85174,85,375.389078,22.750853,430.213174,38.302329,425.422384,33.5785,6.060606,8.903105,7.892979
85175,85,365.89274,16.443067,374.746835,24.525316,420.885135,22.554251,4.493958,6.544503,5.358766
85176,85,699.983988,28.780546,619.959114,39.22741,597.743695,27.934204,4.111601,6.327419,4.673275
85177,85,708.590426,62.696809,782.833566,104.355245,798.345722,66.180407,8.848103,13.330451,8.289693
85178,85,5070.915138,265.434551,5264.993093,344.624236,5370.441988,219.032247,5.234451,6.545578,4.078477
85179,85,579,54,631,54,703.785499,48.889707,9.326425,8.557845,6.946677
85181,85,372.809113,24.661628,361.053781,36.074036,375.336423,32.661104,6.615082,9.991319,8.701821
85182,85,3366,224,3326,261,3386.805008,244.510779,6.654783,7.847264,7.219512
85184,85,182.81,10.1,191.449318,20.968376,187.862392,21.684753,5.524862,10.952442,11.542892
85185,85,376.529388,34.935716,404.048536,28.865022,378.430454,33.319337,9.278351,7.143949,8.804613
85186,85,533.704238,30.752163,586.809436,33.531175,649.257743,18.452672,5.762023,5.714151,2.842118
85187,85,508,25,501,30,519.1673,31.14044,4.92126,5.988024,5.998151
85188,85,644.507031,39.546871,659.394136,55.198927,672.987471,41.056016,6.135987,8.371158,6.100562
85189,85,1209.255065,84.087273,1246.280809,110.691733,1256.285692,113.554026,6.953642,8.881765,9.03887
85190,85,1828.429187,90.629268,1917.292898,123.125972,2140.228378,96.553112,4.956674,6.421866,4.511346
85191,85,35231.856693,3086.303122,34740.425866,4270.755263,34604.041826,3269.4919,8.759979,12.29333,9.448295
85192,85,566.358343,15.569989,564.106157,35.503185,596.501492,19.772157,2.749141,6.293706,3.314687
85193,85,323,16,339,31,403.865442,27.334532,4.95356,9.144543,6.768228
85194,85,23100.788237,1953.683748,21996.177452,2352.15277,23927.281996,2183.818012,8.457217,10.693462,9.126895
85196,85,1097.763354,46.711073,1132.065345,57.18999,1237.148464,37.781102,4.255113,5.051828,3.053886
85197,85,2099.034311,133.872277,2215.868164,138.546875,2347.26145,92.387259,6.377803,6.252487,3.935959
85198,85,863.252974,27.81364,889.977963,50.208278,888.9651,39.190794,3.221957,5.641519,4.408586
85199,85,301.740812,27.852998,316.411215,42.517757,343.221916,21.331435,9.230769,13.4375,6.215056
85200,85,608.400301,64.897502,643.997069,69.879493,671.334922,56.973012,10.666908,10.850902,8.486526
85201,85,187.218659,4.069971,248.64115,14.687262,261.847537,25.202382,2.173913,5.907012,9.624831
85202,85,924,62,979,81,967.421936,77.709972,6.709957,8.273749,8.032687
85204,85,1526.659179,125.618688,1491.572849,143.927282,1596.317025,142.534442,8.228339,9.649363,8.928956
85205,85,335,17,331.071537,36.338731,324.636027,31.645868,5.074627,10.976096,9.748107
85206,85,204,16,214,24,225.995346,23.625242,7.843137,11.214953,10.453862
85207,85,228.641626,17.510982,228.627066,30.100841,206.323183,23.38885,7.658702,13.165913,11.336026
85208,85,1338.239619,87.981121,1408.210649,95.309351,1504.675941,54.720029,6.574392,6.768117,3.636665
85209,85,315.121771,31.416974,348.547855,40.891089,388.615769,26.928207,9.969789,11.731844,6.929263
85210,85,1136.021954,98.986115,1224.6603,120.26128,1316.959136,70.359778,8.713398,9.81997,5.342594
85211,85,1410.452935,104.092468,1491.964448,118.43978,1549.960655,99.448029,7.380074,7.938512,6.416165
85212,85,,,,,,,,,
85213,85,2509.20378,106.311666,2628.82914,159.673005,2569.909403,138.33784,4.236869,6.073921,5.382985
85214,85,1189.203324,63.383934,1366.238508,99.303473,1621.662904,104.632346,5.329949,7.268385,6.452164
85215,85,2238.062385,105.368323,2325.828317,178.463823,2357.167271,122.364173,4.708015,7.67313,5.191154
85216,85,1253.221434,74.917605,1267.272678,79.397153,1238.463081,57.007543,5.978002,6.265199,4.603088
85218,85,1019.829922,63.020409,1039.318345,63.791966,1151.370468,59.71608,6.179502,6.137866,5.186522
85220,85,1017.747484,52.4685,976.77822,67.29922,1001.028683,49.302868,5.155355,6.889918,4.92522
85221,85,1385.700252,97.056675,1520.277632,137.856501,1621.923795,88.561201,7.004161,9.06785,5.460257
85222,85,3808.776289,344.014619,3713.112291,454.868892,3563.729245,363.78676,9.032156,12.25034,10.208036
85223,85,1514,120,1651,185,1671.990843,133.976029,7.926024,11.20533,8.012964
85226,85,5966.744172,459.576576,5789.607567,608.968203,6097.518513,540.048123,7.702301,10.518298,8.856851
85227,85,1134.983353,87.389826,1100.989837,107.198976,1066.888465,76.300251,7.699657,9.7366,7.151661
85229,85,354.332829,29.364599,335.681818,19.181818,321.788184,12.289608,8.287293,5.714286,3.819161
85231,85,393.26,25.44,474.871234,34.832687,414.743519,45.230087,6.469003,7.335186,10.905556
85232,85,638.867147,54.500515,675.283143,63.137013,690.673084,52.821013,8.530806,9.34971,7.647759
85233,85,374.749568,35.502591,378.731219,27.906511,372.659564,13.784686,9.473684,7.368421,3.699002
85234,85,4593,486,4606,623,4212.704112,427.334546,10.581319,13.525836,10.143949
85235,85,261,19,241,21,259.558979,23.011713,7.279693,8.713693,8.865697
85236,85,846.886785,32.257073,1018.060277,74.872644,1122.889643,85.145682,3.8089,7.354441,7.582729
85237,85,229,12,219,15,221.646446,21.980466,5.240175,6.849315,9.916904
85238,85,2025.321587,95.008809,2047.414945,131.04937,2076.669347,97.31101,4.691048,6.400724,4.685917
85239,85,617.922551,40.207289,661.917723,54.590784,695.695156,63.059738,6.506849,8.247367,9.064277
85240,85,925.845534,28.74681,1006.937072,60.277882,1046.350866,35.7662,3.104925,5.986261,3.418184
85242,85,613,37,603,44,623.489317,37.486956,6.035889,7.296849,6.012446
85243,85,1436.826842,117.595237,1349.307781,137.801365,1412.442644,156.602774,8.184371,10.212745,11.087372
85244,85,575.086138,61.09529,534.036899,48.291011,499.429951,26.583332,10.623676,9.042636,5.322735
85245,85,105.695122,11.853659,115.6,10.685714,99.585799,4.023669,11.214953,9.243697,4.040404
85246,85,1409.490118,78.863631,1410.944982,88.747001,1504.483603,85.274699,5.595189,6.289898,5.668038
85247,85,636.341799,33.279365,684.255101,47.924011,710.818263,23.995152,5.229794,7.003822,3.375708
85248,85,244,16,249,21,240.007273,12.949428,6.557377,8.433735,5.395432
85250,85,1203.701562,62.704453,1395.830855,109.630521,1484.74743,83.302439,5.209302,7.854141,5.610546
85251,85,389.52381,35.238095,386.450617,36.611111,359.37223,15.847473,9.046455,9.473684,4.409766
85252,85,353,23,353,26,355.374194,25.136647,6.515581,7.365439,7.07329
85254,85,1107,75,1041,82,1025.321589,62.107879,6.775068,7.877041,6.057405
85255,85,1250,97,1220,144,1068.763873,100.172444,7.76,11.803279,9.372739
85256,85,799.834677,43.402424,752.992632,53.366297,702.064151,40.09271,5.426424,7.087227,5.71069
85259,85,802,35,880,46,841.304787,36.823272,4.36409,5.227273,4.376924
85260,85,423.315626,25.567952,485.180941,48.70579,508.367606,48.307222,6.039926,10.038686,9.502419
85261,85,139.157261,14.110051,151.46281,20.330579,186.895467,22.212522,10.139644,13.422819,11.884998
85262,85,1897.802349,66.515279,2105.721445,106.170835,2200.302866,105.335532,3.504858,5.042017,4.78732
85264,85,771.811804,19.85135,732.89077,57.312927,722.370372,46.708009,2.572045,7.820119,6.465936
85265,85,596,54,598,55,575.488443,60.555834,9.060403,9.197324,10.522511
85266,85,918.637745,50.539941,934.053055,70.819596,991.003553,41.553914,5.501618,7.581967,4.193115
85267,85,534.969231,52.569231,550.888663,49.850495,607.022142,53.011161,9.82659,9.049105,8.732986
85268,85,815,58,868,94,886.770239,59.151385,7.116564,10.829493,6.67043
85269,85,255.225964,25.121704,225.575446,20.098899,226.736445,26.180044,9.842926,8.910056,11.546465
85273,85,1052.252212,78.840076,1118.155753,97.330798,1200.683897,102.439105,7.492507,8.704583,8.53173
85274,85,302.039755,24.353883,296.86692,25.901141,312.809615,19.860214,8.063138,8.724832,6.348978
85276,85,466,28,505,46,483.941828,30.188579,6.008584,9.108911,6.238059
85277,85,829,48,874,83,937.52411,55.530018,5.790109,9.496568,5.92305
85278,85,629.790824,64.030327,608.110169,73.618644,624.513404,56.82628,10.16692,12.106136,9.099289
85280,85,1735.891812,69.575885,1804.201043,153.70539,1903.005922,146.784366,4.008077,8.519305,7.71329
85281,85,637.492567,29.344896,629.601592,49.419672,598.507644,45.005874,4.603175,7.849356,7.519682
85282,85,536.436108,37.198124,526.138393,37.998884,564.789148,23.587426,6.934307,7.222222,4.176324
85284,85,2469.593225,173.304788,2419.854432,240.786506,2488.938336,145.373363,7.017544,9.950454,5.840778
85285,85,434.048443,19.930796,503.171638,35.960909,480.976241,26.11904,4.591837,7.146847,5.430422
85286,85,330,35,332,30,335.638053,28.068834,10.606061,9.036145,8.362828
85287,85,307.861563,13.340668,300.942664,23.339479,286.419483,16.685426,4.333333,7.755457,5.825521
85288,85,4233.079372,340.372006,4099.797483,424.839352,4304.158813,301.466509,8.040766,10.362447,7.004075
85289,85,1411.640301,74.614599,1370.871911,102.783686,1297.075037,83.749179,5.285667,7.497687,6.456772
85290,85,331,21,323,29,308.580075,22.733819,6.344411,8.978328,7.367235
85291,85,717.8699,45.455233,799.392583,61.974983,783.581773,52.113507,6.33196,7.752759,6.650679
85292,85,869.994839,59.052395,892.944867,76.683596,883.765166,56.992328,6.787672,8.587719,6.448809
85293,85,906.884566,61.725128,1000.598237,67.717254,1001.390565,36.567328,6.806283,6.767677,3.651655
85294,85,1460.267624,149.311136,1361.168182,188.118827,1335.539271,138.105153,10.224916,13.820396,10.340778
85295,85,1899.997849,82.678915,1940.146189,128.181004,2047.240436,101.28293,4.351527,6.60677,4.94729
85296,85,744.572963,39.942704,777.910117,58.541224,709.023065,53.184437,5.364512,7.525448,7.501087
85297,85,665.097781,61.339038,616.018646,66.403337,586.386579,41.165242,9.222559,10.779436,7.020154
85298,85,890.47951,70.609716,935.063994,89.475104,1108.943497,63.673279,7.929404,9.568875,5.741796
85300,85,2982.761549,134.950035,2998.151511,199.819718,2952.934219,135.15285,4.524332,6.664764,4.5769
85301,85,933.471354,49.539062,1052.485293,65.46922,1148.641255,43.598341,5.306972,6.22044,3.795645
85302,85,3435.237982,134.826604,3489.300335,186.902803,3300.048513,169.092329,3.924811,5.356455,5.123935
85303,85,1012,95,1029,99,1022.44971,59.014131,9.387352,9.620991,5.771837
85304,85,390.540499,27.676098,423.249265,56.895093,426.930111,42.942037,7.086614,13.442455,10.058329
85305,85,482.26874,27.363844,472.40337,34.850994,433.881782,29.483991,5.673982,7.37738,6.795397
85306,85,466,31,458,38,428.060929,30.293159,6.652361,8.296943,7.076833
