id_election,annee,code_commune,population_totale,revenu_median,taux_pauvrete,taux_chomage,nb_entreprises,taux_faits_securite_pour_mille
2012_legi_t1,2012,44001,2052,24080,,8.601216,57,2.671859
2012_legi_t1,2012,44002,4121,27630,,4.668675,140,4.168135
2012_legi_t1,2012,44003,11346,26100,13,5.501921,720,7.185765
2012_legi_t1,2012,44004,,,,,,
2012_legi_t1,2012,44005,7288,25870,8,6.683179,177,1.564088
2012_legi_t1,2012,44006,1881,25700,,7.001795,47,3.996996
2012_legi_t1,2012,44007,2451,22940,,7.733692,75,0
2012_legi_t1,2012,44008,,,,,,
2012_legi_t1,2012,44009,9617,32310,6,4.749005,360,14.525764
2012_legi_t1,2012,44010,2799,27730,,8.404273,128,1.1107
2012_legi_t1,2012,44011,,,,,,
2012_legi_t1,2012,44012,3523,28490,,8.558113,113,1.204174
2012_legi_t1,2012,44013,3317,26930,,6.725664,48,0
2012_legi_t1,2012,44014,3967,28650,,4.381301,155,5.618942
2012_legi_t1,2012,44015,10352,25370,10,6.196048,303,6.982349
2012_legi_t1,2012,44016,1114,25500,,5.163511,25,0
2012_legi_t1,2012,44017,,,,,,
2012_legi_t1,2012,44018,8281,28660,7,4.653515,247,7.749524
2012_legi_t1,2012,44019,1100,27720,,7.57315,17,0
2012_legi_t1,2012,44020,20590,26590,13.8,6.621815,598,9.795333
2012_legi_t1,2012,44021,5004,25470,,7.896679,143,3.953073
2012_legi_t1,2012,44022,2814,25720,,4.804805,59,0
2012_legi_t1,2012,44023,3067,25630,,4.877648,74,0
2012_legi_t1,2012,44024,2760,29020,,4.360465,44,0
2012_legi_t1,2012,44025,4031,26710,,5.015085,135,0
2012_legi_t1,2012,44026,20535,30820,7.4,4.426602,990,4.978964
2012_legi_t1,2012,44027,2600,28050,,5.08982,41,0
2012_legi_t1,2012,44028,4011,29370,,5.04046,124,9.212297
2012_legi_t1,2012,44029,7158,27150,,5.701704,211,2.313521
2012_legi_t1,2012,44030,4424,25090,,5.636173,56,2.648223
2012_legi_t1,2012,44031,811,23880,,6.517312,26,0
2012_legi_t1,2012,44032,3443,28350,,5.452675,85,3.421895
2012_legi_t1,2012,44033,3246,28930,,4.888647,47,3.055743
2012_legi_t1,2012,44034,,,,,,
2012_legi_t1,2012,44035,20483,31490,7,5.173821,637,7.384482
2012_legi_t1,2012,44036,12231,23000,19,9.656253,623,2.70318
2012_legi_t1,2012,44037,3138,28380,,5.859505,97,1.330141
2012_legi_t1,2012,44038,3035,25200,,5.291261,69,0
2012_legi_t1,2012,44039,1172,28080,,3.677758,50,0
2012_legi_t1,2012,44040,,,,,,
2012_legi_t1,2012,44041,6342,27850,,4.217429,206,2.37109
2012_legi_t1,2012,44043,7459,28020,9,7.020645,392,3.06604
2012_legi_t1,2012,44044,1072,22940,,9.984152,21,0
2012_legi_t1,2012,44045,3954,27730,,4.23101,89,0
2012_legi_t1,2012,44046,2615,27300,,4.171495,41,0
2012_legi_t1,2012,44047,23541,27510,9.6,4.400591,588,10.635247
2012_legi_t1,2012,44048,2534,26740,,5.245232,62,0
2012_legi_t1,2012,44049,4081,28540,,6.373585,193,
2012_legi_t1,2012,44050,2985,26490,,5.970722,29,0
2012_legi_t1,2012,44051,3578,24310,,7.287866,142,1.056071
2012_legi_t1,2012,44052,8117,25630,9,7.35716,176,5.563689
2012_legi_t1,2012,44053,2288,26660,,7.341577,31,0
2012_legi_t1,2012,44054,3062,25280,,4.374297,72,0
2012_legi_t1,2012,44055,16613,32440,8,7.326042,989,3.74798
2012_legi_t1,2012,44056,3852,26570,,7.661888,75,8.489945
2012_legi_t1,2012,44057,2257,23570,,8.42411,46,0
2012_legi_t1,2012,44058,502,23250,,8.562691,13,0
2012_legi_t1,2012,44059,,,,,,
2012_legi_t1,2012,44060,,,,,,
2012_legi_t1,2012,44061,3289,25360,,7.11861,69,0
2012_legi_t1,2012,44062,1880,25120,,8.111107,29,0
2012_legi_t1,2012,44063,3794,27430,,6.325581,124,0
2012_legi_t1,2012,44064,5090,27630,,5.313093,82,1.671278
2012_legi_t1,2012,44065,770,23110,,9.978769,20,0
2012_legi_t1,2012,44066,6910,29730,,5.269329,192,8.243587
2012_legi_t1,2012,44067,5242,23280,15,11.063065,165,4.010298
2012_legi_t1,2012,44068,3577,24450,,7.493883,63,0
2012_legi_t1,2012,44069,16684,28630,8,6.316467,913,3.21349
2012_legi_t1,2012,44070,4734,29150,,4.391602,148,1.492847
2012_legi_t1,2012,44071,5992,30880,,4.408874,268,5.124794
2012_legi_t1,2012,44072,7178,25730,9,7.189003,203,1.711596
2012_legi_t1,2012,44073,6528,27820,,5.34188,204,7.696764
2012_legi_t1,2012,44074,4172,27770,,7.073901,62,14.830509
2012_legi_t1,2012,44075,1825,23980,,4.77911,46,4.447532
2012_legi_t1,2012,44076,1381,24170,,7.697816,25,0
2012_legi_t1,2012,44077,2753,25450,,5.911772,57,
2012_legi_t1,2012,44078,327,21560,,1.851852,9,0
2012_legi_t1,2012,44079,3214,26850,,5.637212,87,0
2012_legi_t1,2012,44080,769,26990,,7.214429,12,0
2012_legi_t1,2012,44081,4769,24680,,5.595634,155,1.654065
2012_legi_t1,2012,44082,5593,27020,,5.226722,104,1.30869
2012_legi_t1,2012,44083,2468,26010,,5.134206,40,0
2012_legi_t1,2012,44084,8595,27370,8,3.534911,240,1.330636
2012_legi_t1,2012,44085,949,24400,,5.414552,23,0
2012_legi_t1,2012,44086,1064,23610,,4.465815,25,0
2012_legi_t1,2012,44087,7665,25310,10,5.415069,341,2.110323
2012_legi_t1,2012,44088,3071,27280,,4.141689,60,0
2012_legi_t1,2012,44089,3689,28030,,5.770126,136,7.8392
2012_legi_t1,2012,44090,1578,25200,,5.345241,37,0
2012_legi_t1,2012,44091,1529,24310,,6.813187,40,0
2012_legi_t1,2012,44092,670,22530,,11.970075,9,0
2012_legi_t1,2012,44093,,,,,,
2012_legi_t1,2012,44094,3393,29420,,5.624355,58,5.108137
2012_legi_t1,2012,44095,1587,23920,,6.926826,28,0
2012_legi_t1,2012,44096,4681,26450,,4.656011,113,0
2012_legi_t1,2012,44097,2156,28570,,7.249255,75,1.469012
2012_legi_t1,2012,44098,5619,26010,,6.591154,119,2.810922
2012_legi_t1,2012,44099,1964,24330,,6.531041,63,3.18277
2012_legi_t1,2012,44100,2341,27170,,4.468413,46,0
2012_legi_t1,2012,44101,6523,27090,10,5.762749,157,2.935246
2012_legi_t1,2012,44102,3346,26650,,2.700299,98,4.691308
2012_legi_t1,2012,44103,7289,25290,11,9.964492,325,14.821823
2012_legi_t1,2012,44104,843,25360,,3.001876,13,0
2012_legi_t1,2012,44105,356,22530,,9.205021,11,0
2012_legi_t1,2012,44106,1846,27460,,6.405229,50,4.00479
2012_legi_t1,2012,44107,2004,26250,,6.086957,40,0
2012_legi_t1,2012,44108,2903,27450,,3.710589,84,0
2012_legi_t1,2012,44109,325070,26720,19.1,10.019699,11718,4.415539
2012_legi_t1,2012,44110,9448,26520,8,5.81633,288,2.782018
2012_legi_t1,2012,44111,2335,26520,,4.753008,33,0
2012_legi_t1,2012,44112,579,24010,,5.405405,9,0
2012_legi_t1,2012,44113,4280,25220,,6.478261,167,4.505046
2012_legi_t1,2012,44114,28341,30410,11.3,6.249184,963,9.288042
2012_legi_t1,2012,44115,3915,28380,,4.822521,75,1.853878
2012_legi_t1,2012,44116,3030,23620,,9.483358,52,0
2012_legi_t1,2012,44117,3374,27870,,6.089875,102,0
2012_legi_t1,2012,44118,1454,24420,,8.854167,27,0
2012_legi_t1,2012,44119,2042,25020,,6.543624,47,0
2012_legi_t1,2012,44120,5335,26610,,7.5418,110,2.029273
2012_legi_t1,2012,44121,437,23210,,6.227106,13,0
2012_legi_t1,2012,44122,3865,27740,,3.877996,71,0
2012_legi_t1,2012,44123,1011,24300,,6.468531,26,0
2012_legi_t1,2012,44124,829,24490,,8.112648,22,0
2012_legi_t1,2012,44125,2663,29320,,7.629434,110,1.661554
2012_legi_t1,2012,44126,4617,27060,,5.304123,127,0.868403
2012_legi_t1,2012,44127,2802,25440,,3.681498,77,0
2012_legi_t1,2012,44128,5281,24720,12,7.133924,146,1.864796
2012_legi_t1,2012,44129,11249,26570,8,7.357479,358,4.017135
2012_legi_t1,2012,44130,6942,29240,,3.737342,202,6.977065
2012_legi_t1,2012,44131,18382,29470,7,5.945211,871,2.657202
2012_legi_t1,2012,44132,12530,31310,8,7.915198,501,6.011625
2012_legi_t1,2012,44133,3046,27910,,4.777346,67,3.466872
2012_legi_t1,2012,44134,1050,26210,,4.84375,23,0
2012_legi_t1,2012,44135,4007,29460,11,7.051075,240,1.104125
2012_legi_t1,2012,44136,1246,30360,,7.391925,64,2.354699
2012_legi_t1,2012,44137,3557,27680,,5.078201,73,4.633363
2012_legi_t1,2012,44138,1124,25930,,5.960265,55,0
2012_legi_t1,2012,44139,1541,25720,,7.524272,20,0
2012_legi_t1,2012,44140,1559,25890,,4.235537,31,0
2012_legi_t1,2012,44141,1288,25480,,3.960396,27,0
2012_legi_t1,2012,44142,1932,25910,,4.578097,42,0
2012_legi_t1,2012,44143,43349,26580,14.1,7.98531,1241,8.568104
2012_legi_t1,2012,44144,2358,24390,,6.472686,64,
2012_legi_t1,2012,44145,3272,26650,,4.907271,57,0
2012_legi_t1,2012,44146,2152,24350,,6.642599,55,2.373233
2012_legi_t1,2012,44147,,,,,,
2012_legi_t1,2012,44148,705,23410,,4.510153,11,0
2012_legi_t1,2012,44149,4075,25830,,5.860523,76,2.636462
2012_legi_t1,2012,44150,3991,28420,,5.155168,195,4.192449
2012_legi_t1,2012,44151,6949,29840,,5.021868,140,2.166065
2012_legi_t1,2012,44152,3014,26120,,5.377332,65,0
2012_legi_t1,2012,44153,1749,23860,,8.93401,29,0
2012_legi_t1,2012,44154,14645,28760,8,6.766102,414,2.470146
2012_legi_t1,2012,44155,3499,26570,,5.610948,70,0
2012_legi_t1,2012,44156,3209,25110,,4.350107,59,2.459312
2012_legi_t1,2012,44157,1764,24260,,6.571742,38,0
2012_legi_t1,2012,44158,7739,30120,,3.936023,240,5.245347
2012_legi_t1,2012,44159,1246,30640,,6.594886,27,0
2012_legi_t1,2012,44160,,,,,,
2012_legi_t1,2012,44161,3790,25050,,5.537651,91,0
2012_legi_t1,2012,44162,50561,25940,16.9,8.08508,2754,6.324863
2012_legi_t1,2012,44163,4890,26250,,5.849304,89,0
2012_legi_t1,2012,44164,2376,25390,,4.541614,71,0
2012_legi_t1,2012,44165,2405,27060,,4.37452,55,0
2012_legi_t1,2012,44166,6024,27230,,3.966511,77,2.110968
2012_legi_t1,2012,44168,4125,24840,,5.460702,53,
2012_legi_t1,2012,44169,7768,28760,,5.399261,244,7.87744
2012_legi_t1,2012,44170,963,23510,,8.31793,28,0
2012_legi_t1,2012,44171,2114,29400,,4.770992,31,3.492812
2012_legi_t1,2012,44172,16227,28980,9,5.837489,554,7.324295
2012_legi_t1,2012,44173,2118,26700,,3.722685,37,0
2012_legi_t1,2012,44174,2390,26340,,4.383788,48,2.847693
2012_legi_t1,2012,44175,5246,27420,,5.918441,100,0
2012_legi_t1,2012,44176,3221,26080,,7.839388,35,2.511508
2012_legi_t1,2012,44178,2644,27000,,5.123361,56,7.291804
2012_legi_t1,2012,44179,5435,27990,,3.487824,120,3.583962
2012_legi_t1,2012,44180,6625,23960,12,5.722197,188,1.142189
2012_legi_t1,2012,44181,,,,,,
2012_legi_t1,2012,44182,5520,27960,,4.876504,158,1.245264
2012_legi_t1,2012,44183,2859,26550,,5.983971,70,0
2012_legi_t1,2012,44184,73111,24750,18,9.887284,2203,5.208554
2012_legi_t1,2012,44185,3304,24480,,7.923356,96,2.747515
2012_legi_t1,2012,44186,7209,26790,,3.96733,180,0
2012_legi_t1,2012,44187,4701,25240,,6.214832,154,0.807459
2012_legi_t1,2012,44188,9392,27410,7,4.414647,312,3.425862
2012_legi_t1,2012,44189,2447,25540,,6.283525,39,0
2012_legi_t1,2012,44190,28373,28930,9.7,5.399392,590,6.594886
2012_legi_t1,2012,44191,,,,,,
2012_legi_t1,2012,44192,2846,26080,,4.719764,71,0
2012_legi_t1,2012,44193,1527,23440,,7.182772,34,5.925926
2012_legi_t1,2012,44194,8534,33610,7,5.379177,280,4.563854
2012_legi_t1,2012,44195,9465,28290,9,6.324102,291,4.124603
2012_legi_t1,2012,44196,1693,24330,,6.744637,18,0
2012_legi_t1,2012,44197,1658,22950,,7.723577,50,3.931712
2012_legi_t1,2012,44198,9163,28200,8,5.134137,383,7.409603
2012_legi_t1,2012,44199,1965,24390,,5.980923,48,0
2012_legi_t1,2012,44200,339,23470,,10.619469,6,0
2012_legi_t1,2012,44201,7457,33610,,3.107433,179,7.516416
2012_legi_t1,2012,44202,1820,25740,,2.662626,44,
2012_legi_t1,2012,44203,2005,27440,,2.97278,33,0
2012_legi_t1,2012,44204,10956,29430,8,6.093405,297,4.26816
2012_legi_t1,2012,44205,2619,25400,,7.150887,57,0
2012_legi_t1,2012,44206,1936,24660,,7.416538,45,0
2012_legi_t1,2012,44207,1124,24540,,9.172662,24,0
2012_legi_t1,2012,44208,976,22750,,5.819297,25,0
2012_legi_t1,2012,44209,10414,31030,6,3.554725,338,8.186454
2012_legi_t1,2012,44210,8234,24200,13,7.222572,379,8.183981
2012_legi_t1,2012,44211,4862,27900,10,6.905278,198,1.025875
2012_legi_t1,2012,44212,9524,26770,8,5.74203,334,1.84356
2012_legi_t1,2012,44213,7509,24540,11,6.352913,228,1.63098
2012_legi_t1,2012,44214,2084,24970,,4.381443,51,0
2012_legi_t1,2012,44215,26048,31190,6.6,4.721488,845,4.664278
2012_legi_t1,2012,44216,4110,26060,,3.889975,134,
2012_legi_t1,2012,44217,6633,31380,,4.166076,261,7.960413
2012_legi_t1,2012,44218,687,25100,,7.276995,17,0
2012_legi_t1,2012,44219,,,,,,
2012_legi_t1,2012,44220,1716,26690,,4.994571,32,0
2012_legi_t1,2012,44221,1559,26740,,4.182042,27,0
2012_legi_t1,2012,44222,1258,26490,,9.139785,17,0
2012_legi_t1,2012,44223,3691,27620,,5.28995,104,2.107116
2012_legi_t1,2012,44224,1815,25070,,3.546099,35,0
2012_legi_t1,2012,49001,,,,,,
2012_legi_t1,2012,49002,2925,24540,,7.182941,101,3.132482
2012_legi_t1,2012,49003,1734,24260,,8.265699,59,0
2012_legi_t1,2012,49004,,,,,,
2012_legi_t1,2012,49005,,,,,,
2012_legi_t1,2012,49006,,,,,,
2012_legi_t1,2012,49007,157555,23930,22,10.537502,5368,2.457946
2012_legi_t1,2012,49008,917,23970,,8.545455,30,0
2012_legi_t1,2012,49009,450,25070,,4.827586,6,0
2012_legi_t1,2012,49010,317,26330,,7.106599,14,0
2012_legi_t1,2012,49011,410,27510,,6.734007,4,0
2012_legi_t1,2012,49012,349,23920,,4.824561,8,0
2012_legi_t1,2012,49013,,,,,,
2012_legi_t1,2012,49014,,,,,,
2012_legi_t1,2012,49015,15225,28520,10,7.789767,369,11.180975
2012_legi_t1,2012,49017,629,24930,,6.601483,11,0
2012_legi_t1,2012,49018,11747,24110,13,7.30065,382,4.201279
2012_legi_t1,2012,49019,,,,,,
2012_legi_t1,2012,49020,5618,28980,,5.518156,631,12.176495
2012_legi_t1,2012,49021,6893,25190,8,7.350064,234,4.252953
2012_legi_t1,2012,49022,1346,27030,,4.392993,50,0
2012_legi_t1,2012,49023,23887,25400,7.2,5.178643,708,2.20695
2012_legi_t1,2012,49024,,,,,,
2012_legi_t1,2012,49025,,,,,,
2012_legi_t1,2012,49026,2781,26270,,5.475572,96,0
2012_legi_t1,2012,49027,2115,25980,,5.894731,41,0
2012_legi_t1,2012,49028,119,25600,,7.594937,8,0
2012_legi_t1,2012,49029,1317,28740,,4.4331,32,0
2012_legi_t1,2012,49030,938,26080,,7.401575,19,0
2012_legi_t1,2012,49031,,,,,,
2012_legi_t1,2012,49032,,,,,,
2012_legi_t1,2012,49033,,,,,,
2012_legi_t1,2012,49034,,,,,,
2012_legi_t1,2012,49035,6635,32260,,5.647276,156,3.69289
2012_legi_t1,2012,49036,775,23780,,5.952381,11,0
2012_legi_t1,2012,49037,,,,,,
2012_legi_t1,2012,49038,236,22170,,4.477612,5,0
2012_legi_t1,2012,49039,,,,,,
2012_legi_t1,2012,49040,,,,,,
2012_legi_t1,2012,49041,2078,23430,,10.716876,44,3.097157
2012_legi_t1,2012,49042,,,,,,
2012_legi_t1,2012,49043,,,,,,
2012_legi_t1,2012,49044,,,,,,
2012_legi_t1,2012,49045,617,23320,,10.975893,16,0
2012_legi_t1,2012,49046,,,,,,
2012_legi_t1,2012,49047,,,,,,
2012_legi_t1,2012,49048,3193,28100,,3.588339,59,0
2012_legi_t1,2012,49049,,,,,,
2012_legi_t1,2012,49050,11000,27020,6,5.084907,325,4.326632
2012_legi_t1,2012,49051,,,,,,
2012_legi_t1,2012,49052,,,,,,
2012_legi_t1,2012,49053,348,24580,,6.989247,8,0
2012_legi_t1,2012,49054,2815,24000,,8.56745,102,0
2012_legi_t1,2012,49055,2397,29100,,5.834564,60,0
2012_legi_t1,2012,49056,276,25550,,10.365854,9,0
2012_legi_t1,2012,49057,329,23600,,7.253886,7,0
2012_legi_t1,2012,49058,892,24130,,6.896552,26,0
2012_legi_t1,2012,49059,,,,,,
2012_legi_t1,2012,49060,3450,24450,,9.472607,97,0
2012_legi_t1,2012,49061,811,23480,,3.968254,36,0
2012_legi_t1,2012,49062,,,,,,
2012_legi_t1,2012,49063,6541,26540,8,6.126939,240,1.099182
2012_legi_t1,2012,49064,409,25660,,6.542056,18,0
2012_legi_t1,2012,49065,,,,,,
2012_legi_t1,2012,49066,,,,,,
2012_legi_t1,2012,49067,341,24940,,7.475942,13,0
2012_legi_t1,2012,49068,1837,25350,,6.305419,64,0
2012_legi_t1,2012,49069,,,,5.165568,,
2012_legi_t1,2012,49070,712,24860,,2.927928,12,0
2012_legi_t1,2012,49071,,,,,,
2012_legi_t1,2012,49072,,,,,,
2012_legi_t1,2012,49073,,,,,,
2012_legi_t1,2012,49074,,,,,,
2012_legi_t1,2012,49075,,,,,,
2012_legi_t1,2012,49076,820,26100,,7.857143,11,0
2012_legi_t1,2012,49077,,,,,,
2012_legi_t1,2012,49078,,,,,,
2012_legi_t1,2012,49079,,,,,,
2012_legi_t1,2012,49080,8712,24680,10,7.806827,217,0.646307
2012_legi_t1,2012,49081,,,,,,
2012_legi_t1,2012,49082,941,25130,,4.692557,21,0
2012_legi_t1,2012,49083,,,,,,
2012_legi_t1,2012,49084,,,,,,
2012_legi_t1,2012,49085,,,,,,
2012_legi_t1,2012,49086,3885,25620,,5.471725,129,0
2012_legi_t1,2012,49087,,,,,,
2012_legi_t1,2012,49088,,,,,,
2012_legi_t1,2012,49089,1067,25030,,2.838063,30,0
2012_legi_t1,2012,49090,1036,25160,,9.853521,13,0
2012_legi_t1,2012,49091,,,,,,
2012_legi_t1,2012,49092,21550,25430,8.9,4.679782,761,1.207844
2012_legi_t1,2012,49093,,,,,,
2012_legi_t1,2012,49094,,,,,,
2012_legi_t1,2012,49095,,,,,,
2012_legi_t1,2012,49096,,,,,,
2012_legi_t1,2012,49097,,,,,,
2012_legi_t1,2012,49098,,,,,,
2012_legi_t1,2012,49099,54074,25020,15.8,9.128339,2246,3.375415
2012_legi_t1,2012,49100,473,25000,,6.410256,21,0
2012_legi_t1,2012,49101,,,,,,
2012_legi_t1,2012,49102,345,24250,,7.865169,12,0
2012_legi_t1,2012,49103,,,,,,
2012_legi_t1,2012,49104,,,,,,
2012_legi_t1,2012,49105,,,,,,
2012_legi_t1,2012,49106,,,,,,
2012_legi_t1,2012,49107,481,27420,,4.316547,18,0
2012_legi_t1,2012,49108,,,,,,
2012_legi_t1,2012,49109,1575,25420,,3.783141,37,0
2012_legi_t1,2012,49110,1982,25770,,6.29771,53,0
2012_legi_t1,2012,49111,,,,,,
2012_legi_t1,2012,49112,935,26540,,7.321429,21,0
2012_legi_t1,2012,49113,530,25700,,6.734007,9,0
2012_legi_t1,2012,49114,140,21740,,4.950495,3,0
2012_legi_t1,2012,49115,,,,,,
2012_legi_t1,2012,49116,,,,,,
2012_legi_t1,2012,49117,,,,,,
2012_legi_t1,2012,49119,,,,,,
2012_legi_t1,2012,49120,1448,27290,,4.343105,26,0
2012_legi_t1,2012,49121,442,24620,,6.859206,13,0
2012_legi_t1,2012,49122,,,,,,
2012_legi_t1,2012,49123,1812,27090,,5.562352,143,0
2012_legi_t1,2012,49125,11227,24540,12,8.195183,391,5.049087
2012_legi_t1,2012,49126,16975,25770,7,,385,1.811286
2012_legi_t1,2012,49127,3376,24600,,9.030949,137,4.070128
2012_legi_t1,2012,49128,,,,,,
2012_legi_t1,2012,49129,4614,26690,,4.733964,220,3.734656
2012_legi_t1,2012,49130,661,27430,,6.25,12,0
2012_legi_t1,2012,49131,719,24460,,8.409091,6,0
2012_legi_t1,2012,49132,1567,25460,,6.006803,29,0
2012_legi_t1,2012,49133,,,,,,
2012_legi_t1,2012,49134,,,,,,
2012_legi_t1,2012,49135,2216,27780,,3.498675,45,0
2012_legi_t1,2012,49136,,,,,,
2012_legi_t1,2012,49137,,,,,,
2012_legi_t1,2012,49138,2531,24960,,6.423841,64,1.455445
2012_legi_t1,2012,49139,,,,,,
2012_legi_t1,2012,49140,1477,23460,,7.673735,27,0
2012_legi_t1,2012,49141,,,,,,
2012_legi_t1,2012,49142,,,,,,
2012_legi_t1,2012,49143,,,,,,
2012_legi_t1,2012,49144,,,,,,
2012_legi_t1,2012,49145,,,,,,
2012_legi_t1,2012,49147,,,,,,
2012_legi_t1,2012,49148,,,,,,
2012_legi_t1,2012,49149,,,,,,
2012_legi_t1,2012,49150,,,,,,
2012_legi_t1,2012,49151,,,,,,
2012_legi_t1,2012,49153,,,,,,
2012_legi_t1,2012,49154,,,,,,
2012_legi_t1,2012,49155,1437,29340,,3.958333,58,0
2012_legi_t1,2012,49156,,,,,,
2012_legi_t1,2012,49157,,,,,,
2012_legi_t1,2012,49158,,,,,,
2012_legi_t1,2012,49159,,,,,,
2012_legi_t1,2012,49160,3069,24760,,6.448435,75,0
2012_legi_t1,2012,49161,343,26210,,5.970149,8,0
2012_legi_t1,2012,49162,,,,,,
2012_legi_t1,2012,49163,2792,25100,,6.89795,61,0
2012_legi_t1,2012,49165,,,,,,
2012_legi_t1,2012,49167,4670,31910,,4.541193,145,2.660655
2012_legi_t1,2012,49169,,,,,,
2012_legi_t1,2012,49170,828,26390,,6.706114,14,0
2012_legi_t1,2012,49171,119,24130,,3.125,2,0
2012_legi_t1,2012,49172,,,,,,
2012_legi_t1,2012,49173,,,,,,
2012_legi_t1,2012,49174,1304,24430,,7.174709,26,0
2012_legi_t1,2012,49175,,,,,,
2012_legi_t1,2012,49176,5343,25990,,7.33116,178,
2012_legi_t1,2012,49177,,,,,,
2012_legi_t1,2012,49178,884,24740,,7.100592,34,0
2012_legi_t1,2012,49179,,,,,,
2012_legi_t1,2012,49180,6583,23720,15,9.066904,234,2.979738
2012_legi_t1,2012,49181,,,,,,
2012_legi_t1,2012,49182,895,25930,,4.868154,31,0
2012_legi_t1,2012,49183,4967,25470,,7.251108,106,1.30656
2012_legi_t1,2012,49184,,,,,,
2012_legi_t1,2012,49185,,,,,,
2012_legi_t1,2012,49186,,,,,,
2012_legi_t1,2012,49187,,,,,,
2012_legi_t1,2012,49188,846,26020,,5.366726,21,0
2012_legi_t1,2012,49189,,,,,,
2012_legi_t1,2012,49190,,,,,,
2012_legi_t1,2012,49191,,,,,,
2012_legi_t1,2012,49192,3206,25980,,5.499937,125,2.261649
2012_legi_t1,2012,49193,3878,25250,,6.193601,81,0
2012_legi_t1,2012,49194,5770,26840,,6.498162,121,2.402535
2012_legi_t1,2012,49195,1257,26290,,2.564103,29,0
2012_legi_t1,2012,49196,,,,,,
2012_legi_t1,2012,49197,,,,,,
2012_legi_t1,2012,49198,,,,,,
2012_legi_t1,2012,49199,,,,,,
2012_legi_t1,2012,49200,6453,27970,,5.190333,113,2.285336
2012_legi_t1,2012,49201,2057,25480,,5.915311,41,0
2012_legi_t1,2012,49202,,,,,,
2012_legi_t1,2012,49204,,,,,,
2012_legi_t1,2012,49205,1050,23600,,7.627246,37,0
2012_legi_t1,2012,49206,,,,,,
2012_legi_t1,2012,49207,,,,,,
2012_legi_t1,2012,49208,,,,,,
2012_legi_t1,2012,49209,433,25200,,6.745311,6,0
2012_legi_t1,2012,49211,1229,25200,,4.447512,42,0
2012_legi_t1,2012,49212,,,,,,
2012_legi_t1,2012,49213,,,,,,
2012_legi_t1,2012,49214,7811,27720,7,5.096835,135,4.328405
2012_legi_t1,2012,49215,3716,24190,,8.782121,132,
2012_legi_t1,2012,49216,565,28200,,4.804805,9,0
2012_legi_t1,2012,49217,792,26240,,4.081633,14,0
2012_legi_t1,2012,49218,15684,24680,8,5.366308,407,0.852465
2012_legi_t1,2012,49219,416,27820,,11.888112,32,0
2012_legi_t1,2012,49220,3694,24670,,7.421036,100,1.88437
2012_legi_t1,2012,49221,800,21640,,8.285164,21,0
2012_legi_t1,2012,49222,2033,27430,,5.243722,66,0
2012_legi_t1,2012,49223,6172,27750,8,7.197275,158,3.137818
2012_legi_t1,2012,49224,1011,24490,,9.508716,28,0
2012_legi_t1,2012,49225,,,,,,
2012_legi_t1,2012,49226,,,,,,
2012_legi_t1,2012,49227,,,,,,
2012_legi_t1,2012,49228,5473,22210,19,9.955212,173,2.326518
2012_legi_t1,2012,49229,,,,,,
2012_legi_t1,2012,49230,,,,,,
2012_legi_t1,2012,49231,1454,26350,,4.356846,40,0
2012_legi_t1,2012,49232,,,,,,
2012_legi_t1,2012,49233,,,,,,
2012_legi_t1,2012,49234,,,,,,
2012_legi_t1,2012,49235,377,27400,,10.091743,21,0
2012_legi_t1,2012,49236,128,24530,,9.756098,6,0
2012_legi_t1,2012,49237,137,22880,,11.458333,1,0
2012_legi_t1,2012,49238,,,,,,
2012_legi_t1,2012,49239,,,,,,
2012_legi_t1,2012,49240,1016,24290,,4.347826,24,0
2012_legi_t1,2012,49241,2649,29110,,5.650358,75,0
2012_legi_t1,2012,49242,,,,,,
2012_legi_t1,2012,49243,,,,,,
2012_legi_t1,2012,49244,18514,25020,9,5.435785,543,0.85289
2012_legi_t1,2012,49245,,,,,,
2012_legi_t1,2012,49246,12863,26690,12,6.146832,498,2.055086
2012_legi_t1,2012,49247,2478,27480,,3.018982,50,
2012_legi_t1,2012,49248,8811,23850,13,7.319832,283,1.361352
2012_legi_t1,2012,49249,,,,,,
2012_legi_t1,2012,49250,,,,,,
2012_legi_t1,2012,49251,,,,,,
2012_legi_t1,2012,49252,,,,,,
2012_legi_t1,2012,49253,1089,23700,,7.776472,45,0
2012_legi_t1,2012,49254,,,,,,
2012_legi_t1,2012,49256,,,,,,
2012_legi_t1,2012,49257,1043,24760,,6.122449,17,0
2012_legi_t1,2012,49258,,,,,,
2012_legi_t1,2012,49259,2332,26130,,8.520179,64,0
2012_legi_t1,2012,49260,2012,26320,,4.691793,51,0
2012_legi_t1,2012,49261,8452,25150,10,8.799304,235,2.352834
2012_legi_t1,2012,49262,644,26900,,4.408353,9,0
2012_legi_t1,2012,49263,,,,,,
2012_legi_t1,2012,49264,,,,,,
2012_legi_t1,2012,49265,,,,,,
2012_legi_t1,2012,49266,1283,26200,,3.475596,20,0
2012_legi_t1,2012,49267,9496,26190,13,7.40234,551,5.833932
2012_legi_t1,2012,49268,,,,,,
2012_legi_t1,2012,49269,2843,26920,,4.648526,83,0
2012_legi_t1,2012,49270,,,,,,
2012_legi_t1,2012,49271,2139,27740,,4.248366,40,0
2012_legi_t1,2012,49272,1127,24170,,7.293181,15,0
2012_legi_t1,2012,49273,,,,,,
2012_legi_t1,2012,49274,,,,,,
2012_legi_t1,2012,49276,,,,,,
2012_legi_t1,2012,49277,,,,,,
2012_legi_t1,2012,49278,3617,30130,,4.372087,170,2.137827
2012_legi_t1,2012,49279,,,,,,
2012_legi_t1,2012,49280,,,,,,
2012_legi_t1,2012,49281,,,,,,
2012_legi_t1,2012,49282,,,,,,
2012_legi_t1,2012,49283,3787,26180,,3.597446,134,0
2012_legi_t1,2012,49284,1396,25550,,2.610975,41,0
2012_legi_t1,2012,49285,,,,,,
2012_legi_t1,2012,49288,225,26620,,1.886792,3,0
2012_legi_t1,2012,49289,,,,,,
2012_legi_t1,2012,49290,,,,,,
2012_legi_t1,2012,49291,386,23920,,7.116105,8,0
2012_legi_t1,2012,49292,3508,26040,,5.88723,91,0
2012_legi_t1,2012,49294,2961,28980,,5.548926,59,0
2012_legi_t1,2012,49295,,,,,,
2012_legi_t1,2012,49296,,,,,,
2012_legi_t1,2012,49297,,,,,,
2012_legi_t1,2012,49298,3860,29560,,4.592524,175,1.663237
2012_legi_t1,2012,49299,3099,26950,,5.269321,78,0
2012_legi_t1,2012,49300,,,,,,
2012_legi_t1,2012,49301,25764,26070,6.2,5.045572,702,2.905786
2012_legi_t1,2012,49302,442,22920,,7.88401,11,0
2012_legi_t1,2012,49303,,,,,,
2012_legi_t1,2012,49304,,,,,,
2012_legi_t1,2012,49305,,,,,,
2012_legi_t1,2012,49306,1693,28630,,5.499068,66,0
2012_legi_t1,2012,49307,16588,27910,5,5.369509,407,4.702786
2012_legi_t1,2012,49308,2209,31470,,3.664911,53,0
2012_legi_t1,2012,49309,,,,,,
2012_legi_t1,2012,49310,600,23100,,7.486631,17,0
2012_legi_t1,2012,49311,1319,25090,,6.143198,20,0
2012_legi_t1,2012,49312,,,,,,
2012_legi_t1,2012,49313,,,,,,
2012_legi_t1,2012,49314,,,,,,
2012_legi_t1,2012,49315,,,,,,
2012_legi_t1,2012,49316,,,,,,
2012_legi_t1,2012,49317,,,,,,
2012_legi_t1,2012,49318,,,,,,
2012_legi_t1,2012,49319,,,,,,
2012_legi_t1,2012,49320,,,,,,
2012_legi_t1,2012,49321,,,,,,
2012_legi_t1,2012,49322,,,,,,
2012_legi_t1,2012,49323,7946,27010,9,5.510893,368,5.072784
2012_legi_t1,2012,49324,,,,,,
2012_legi_t1,2012,49325,,,,,,
2012_legi_t1,2012,49326,891,29400,,2.131467,11,0
2012_legi_t1,2012,49327,,,,,,
2012_legi_t1,2012,49328,26074,23990,18.8,11.223895,1155,3.923458
2012_legi_t1,2012,49329,1351,28690,,4.501217,48,0
2012_legi_t1,2012,49330,1161,26410,,5.555556,14,0
2012_legi_t1,2012,49331,17617,24390,12,6.865733,579,3.416929
2012_legi_t1,2012,49332,4199,27320,,4.794247,223,0
2012_legi_t1,2012,49333,2853,24710,,6.595864,113,2.017865
2012_legi_t1,2012,49334,341,25000,,10.614525,7,0
2012_legi_t1,2012,49335,,,,,,
2012_legi_t1,2012,49336,875,24970,,2.994242,37,0
2012_legi_t1,2012,49337,,,,,,
2012_legi_t1,2012,49338,1344,28720,,4.419192,17,0
2012_legi_t1,2012,49339,1477,27750,,5.57377,23,0
2012_legi_t1,2012,49341,691,25080,,6.639839,16,0
2012_legi_t1,2012,49342,,,,,,
2012_legi_t1,2012,49343,3178,26960,,3.93896,89,
2012_legi_t1,2012,49344,1238,26660,,4.810496,20,0
2012_legi_t1,2012,49345,5874,25780,,5.357726,195,0
2012_legi_t1,2012,49346,,,,,,
2012_legi_t1,2012,49347,4498,26990,,6.050268,176,3.10024
2012_legi_t1,2012,49348,,,,,,
2012_legi_t1,2012,49349,,,,,,
2012_legi_t1,2012,49350,,,,,,
2012_legi_t1,2012,49351,,,,,,
2012_legi_t1,2012,49352,1316,25800,,4.200542,23,0
2012_legi_t1,2012,49353,15620,23960,17,10.56916,431,2.867875
2012_legi_t1,2012,49354,,,,,,
2012_legi_t1,2012,49355,3078,26280,,4.578858,75,0
2012_legi_t1,2012,49356,,,,,,
2012_legi_t1,2012,49358,569,23910,,9.627329,27,0
2012_legi_t1,2012,49359,553,27500,,6.592584,18,0
2012_legi_t1,2012,49360,,,,,,
2012_legi_t1,2012,49361,1924,23800,,7.382358,39,0
2012_legi_t1,2012,49362,1282,27620,,7.702836,34,0
2012_legi_t1,2012,49363,,,,,,
2012_legi_t1,2012,49364,1122,24740,,5.235853,35,0
2012_legi_t1,2012,49365,,,,,,
2012_legi_t1,2012,49366,,,,,,
2012_legi_t1,2012,49367,5784,25210,,5.805901,120,0.73912
2012_legi_t1,2012,49368,2006,22870,,9.527825,63,0
2012_legi_t1,2012,49369,1330,22660,,8.293059,42,0
2012_legi_t1,2012,49370,459,25750,,5,10,0
2012_legi_t1,2012,49371,1750,25110,,4.277567,32,0
2012_legi_t1,2012,49372,,,,,,
2012_legi_t1,2012,49373,7722,23890,11,7.334858,282,0
2012_legi_t1,2012,49374,1462,23700,,6.680878,19,0
2012_legi_t1,2012,49375,,,,,,
2012_legi_t1,2012,49376,,,,,,
2012_legi_t1,2012,49377,5642,28150,,3.764351,114,3.579519
2012_legi_t1,2012,49378,2599,24320,,6.025297,60,0
2012_legi_t1,2012,49380,,,,,,
2012_legi_t1,2012,49381,1829,25350,,3.873874,55,0
2012_legi_t1,2012,53001,1864,26540,,3.88601,35,0
2012_legi_t1,2012,53002,612,25350,,4.702194,16,0
2012_legi_t1,2012,53003,2603,24800,,3.749088,104,0
2012_legi_t1,2012,53004,,,,,,
2012_legi_t1,2012,53005,2324,25370,,4.484412,76,0
2012_legi_t1,2012,53006,,,,,,
2012_legi_t1,2012,53007,2908,26370,,4.250431,66,0
2012_legi_t1,2012,53008,1830,25970,,4.856906,39,0
2012_legi_t1,2012,53009,672,26650,,4.522613,23,0
2012_legi_t1,2012,53010,419,25500,,8.208472,8,0
2012_legi_t1,2012,53011,887,25720,,6.55106,25,0
2012_legi_t1,2012,53012,453,25350,,3.71517,14,0
2012_legi_t1,2012,53013,555,25130,,3.589744,20,0
2012_legi_t1,2012,53014,,,,,,
2012_legi_t1,2012,53015,1964,25810,,3.444611,34,0
2012_legi_t1,2012,53016,1220,23270,,5.412371,45,0
2012_legi_t1,2012,53017,971,23230,,6.785669,31,0
2012_legi_t1,2012,53018,1298,24480,,4.447853,47,0
2012_legi_t1,2012,53019,119,25940,,6.17284,4,0
2012_legi_t1,2012,53021,966,27810,,3.747871,12,0
2012_legi_t1,2012,53022,495,25810,,6.727829,17,0
2012_legi_t1,2012,53023,550,26550,,2.777194,6,0
2012_legi_t1,2012,53025,1086,25390,,5.232494,29,0
2012_legi_t1,2012,53026,500,26380,,4.72973,15,0
2012_legi_t1,2012,53027,203,24970,,6.298541,7,0
2012_legi_t1,2012,53028,560,25800,,6.741573,8,0
2012_legi_t1,2012,53029,1280,23330,,6.339917,41,0
2012_legi_t1,2012,53030,320,26990,,1.826484,7,0
2012_legi_t1,2012,53031,490,25540,,1.760563,15,0
2012_legi_t1,2012,53032,,,,,,
2012_legi_t1,2012,53033,116,24250,,1.219512,5,0
2012_legi_t1,2012,53034,6294,28150,,4.451879,230,1.82989
2012_legi_t1,2012,53035,611,24600,,5.042017,20,0
2012_legi_t1,2012,53036,1066,24070,,4.293538,26,0
2012_legi_t1,2012,53037,718,25240,,4.928131,11,0
2012_legi_t1,2012,53038,136,25820,,3.030303,7,0
2012_legi_t1,2012,53039,1726,24600,,4.622251,54,0
2012_legi_t1,2012,53040,618,24100,,4.324324,12,0
2012_legi_t1,2012,53041,276,25870,,6.081081,8,0
2012_legi_t1,2012,53042,833,25300,,4.878049,23,0
2012_legi_t1,2012,53043,584,24870,,7.430341,13,0
2012_legi_t1,2012,53045,674,25970,,3.498312,15,0
2012_legi_t1,2012,53046,313,25410,,7.027027,8,0
2012_legi_t1,2012,53047,254,24250,,1.851852,11,0
2012_legi_t1,2012,53048,1173,24830,,4.353933,47,0
2012_legi_t1,2012,53049,691,26880,,3.971963,6,0
2012_legi_t1,2012,53050,,,,,,
2012_legi_t1,2012,53051,624,23130,,3.519062,10,0
2012_legi_t1,2012,53052,282,25830,,6.382979,7,0
2012_legi_t1,2012,53053,495,24250,,4.907975,8,0
2012_legi_t1,2012,53054,6482,28990,,3.980776,466,1.749718
2012_legi_t1,2012,53055,599,24960,,2.97619,24,0
2012_legi_t1,2012,53056,963,27430,,5.582137,16,0
2012_legi_t1,2012,53057,503,22830,,7.840878,12,0
2012_legi_t1,2012,53058,315,25890,,3.902439,8,0
2012_legi_t1,2012,53059,413,25890,,2.371542,13,0
2012_legi_t1,2012,53061,455,24260,,2.758621,11,0
2012_legi_t1,2012,53062,16539,25180,11,6.44934,705,5.505096
2012_legi_t1,2012,53063,464,23810,,5.333333,10,0
2012_legi_t1,2012,53064,960,24540,,2.961672,31,0
2012_legi_t1,2012,53065,,,,,,
2012_legi_t1,2012,53066,1363,25080,,3.386317,29,0
2012_legi_t1,2012,53067,433,23590,,8.99664,10,0
2012_legi_t1,2012,53068,155,23720,,5.825243,8,0
2012_legi_t1,2012,53069,152,21580,,7.207207,5,0
2012_legi_t1,2012,53071,477,23180,,2.702703,17,0
2012_legi_t1,2012,53072,1289,26020,,5.288462,22,0
2012_legi_t1,2012,53073,919,22980,,7.394958,24,0
2012_legi_t1,2012,53074,840,26970,,3.103448,20,0
2012_legi_t1,2012,53075,298,23770,,2.808989,6,0
2012_legi_t1,2012,53076,307,24720,,4.166667,11,0
2012_legi_t1,2012,53077,3208,25160,,2.780772,124,0
2012_legi_t1,2012,53078,867,24740,,4.90566,21,0
2012_legi_t1,2012,53079,377,22100,,3.669725,10,0
2012_legi_t1,2012,53080,114,20910,,13.114754,7,0
2012_legi_t1,2012,53082,633,24840,,2.926829,15,0
2012_legi_t1,2012,53083,808,23610,,5.482042,26,0
2012_legi_t1,2012,53084,4415,24560,13,5.938649,210,0.993331
2012_legi_t1,2012,53085,197,26950,,2.439024,3,0
2012_legi_t1,2012,53086,633,24570,,5.626598,24,0
2012_legi_t1,2012,53087,226,26420,,3.821656,9,0
2012_legi_t1,2012,53088,853,24090,,3.479853,27,0
2012_legi_t1,2012,53089,533,24440,,5.862069,15,0
2012_legi_t1,2012,53090,184,26970,,4.166667,6,0
2012_legi_t1,2012,53091,461,24520,,5.802048,21,0
2012_legi_t1,2012,53092,,,,,,
2012_legi_t1,2012,53093,288,21980,,3.428571,3,0
2012_legi_t1,2012,53094,2278,26100,,3.395022,60,0
2012_legi_t1,2012,53095,,,,,,
2012_legi_t1,2012,53096,5511,24330,10,6.346852,220,0
2012_legi_t1,2012,53097,8380,24550,13,6.260147,281,0.901235
2012_legi_t1,2012,53098,423,24250,,4.1841,15,0
2012_legi_t1,2012,53099,1096,27590,,4.444444,23,0
2012_legi_t1,2012,53100,1186,23500,,4.364269,44,0
2012_legi_t1,2012,53101,838,24910,,4.950495,12,0
2012_legi_t1,2012,53102,166,23360,,9.473684,6,0
2012_legi_t1,2012,53103,2127,25680,,3.058104,43,0
2012_legi_t1,2012,53104,1351,25380,,4.377454,30,0
2012_legi_t1,2012,53105,238,26980,,4.137931,5,0
2012_legi_t1,2012,53106,541,22980,,4.791594,14,0
2012_legi_t1,2012,53107,2475,22790,,6.317369,130,0
2012_legi_t1,2012,53108,570,24770,,4.242424,27,0
2012_legi_t1,2012,53109,626,25740,,4.74934,14,0
2012_legi_t1,2012,53110,977,23710,,6.543857,39,0
2012_legi_t1,2012,53111,466,25380,,2.547771,16,0
2012_legi_t1,2012,53112,343,22120,,3.773585,15,0
2012_legi_t1,2012,53113,625,24570,,6.43136,18,0
2012_legi_t1,2012,53114,172,22320,,5.042017,1,0
2012_legi_t1,2012,53115,305,23790,,3.301887,7,0
2012_legi_t1,2012,53116,721,24300,,4.0547,29,0
2012_legi_t1,2012,53117,496,25630,,3.691275,11,0
2012_legi_t1,2012,53118,228,22210,,5.932203,8,0
2012_legi_t1,2012,53119,4554,27360,,2.784072,77,0
2012_legi_t1,2012,53120,458,24920,,5.387012,16,0
2012_legi_t1,2012,53121,1343,23870,,4.034168,60,0
2012_legi_t1,2012,53122,756,25500,,4.54638,20,0
2012_legi_t1,2012,53123,1332,24540,,4.810127,35,0
2012_legi_t1,2012,53124,1392,24910,,5.105173,44,0
2012_legi_t1,2012,53125,1100,23290,,4.21877,36,0
2012_legi_t1,2012,53126,1012,23990,,3.980892,33,0
2012_legi_t1,2012,53127,2243,25190,,5.540327,114,0
2012_legi_t1,2012,53128,322,24190,,2.649007,14,0
2012_legi_t1,2012,53129,358,26160,,6.425703,8,0
2012_legi_t1,2012,53130,49474,24120,20.3,8.801809,2292,1.776941
2012_legi_t1,2012,53131,184,24470,,4.878049,7,0
2012_legi_t1,2012,53132,274,25530,,7.446809,13,0
2012_legi_t1,2012,53133,710,22580,,5.099778,11,0
2012_legi_t1,2012,53134,187,24700,,4.210526,3,0
2012_legi_t1,2012,53135,728,25660,,4.665314,19,0
2012_legi_t1,2012,53136,1227,27030,,2.60716,20,0
2012_legi_t1,2012,53137,2724,26550,,3.776659,68,0
2012_legi_t1,2012,53138,,,,,,
2012_legi_t1,2012,53139,410,23510,,3.404255,12,0
2012_legi_t1,2012,53140,4345,26750,,4.51249,121,0
2012_legi_t1,2012,53141,1182,26550,,3.892216,22,0
2012_legi_t1,2012,53142,284,25520,,6.320787,10,0
2012_legi_t1,2012,53143,510,26710,,3.438395,11,0
2012_legi_t1,2012,53144,750,25420,,2.469136,20,0
2012_legi_t1,2012,53145,543,25050,,5.714286,15,0
2012_legi_t1,2012,53146,1884,27080,,3.434236,54,0
2012_legi_t1,2012,53147,12854,24830,15,7.961563,556,2.192961
2012_legi_t1,2012,53148,230,23760,,3.875969,10,0
2012_legi_t1,2012,53150,907,26600,,5.203252,26,0
2012_legi_t1,2012,53151,1075,24570,,3.865546,26,0
2012_legi_t1,2012,53152,2784,23330,,5.953161,122,0
2012_legi_t1,2012,53153,625,24880,,3.818616,11,0
2012_legi_t1,2012,53154,883,24040,,4.967603,32,0
2012_legi_t1,2012,53155,1307,25320,,5.160496,34,0
2012_legi_t1,2012,53156,250,27530,,4.907975,10,0
2012_legi_t1,2012,53157,1342,27480,,2.160864,22,0
2012_legi_t1,2012,53158,1030,25180,,4.559748,32,0
2012_legi_t1,2012,53159,,,,,,
2012_legi_t1,2012,53160,374,24270,,5.952381,14,0
2012_legi_t1,2012,53161,3192,24680,,5.517043,104,0
2012_legi_t1,2012,53162,977,27330,,4.097156,20,0
2012_legi_t1,2012,53163,757,24060,,6,14,0
2012_legi_t1,2012,53164,345,23570,,5.627706,14,0
2012_legi_t1,2012,53165,347,27460,,6.751055,1,0
2012_legi_t1,2012,53168,1250,25200,,3.988085,28,0
2012_legi_t1,2012,53169,406,26280,,3.942652,8,0
2012_legi_t1,2012,53170,1124,25420,,4.431441,25,0
2012_legi_t1,2012,53172,394,27690,,3.358209,9,0
2012_legi_t1,2012,53173,177,25010,,8.823529,4,0
2012_legi_t1,2012,53174,841,26960,,3.838384,20,0
2012_legi_t1,2012,53175,1384,27440,,4.708798,29,0
2012_legi_t1,2012,53176,522,24150,,3.610108,17,0
2012_legi_t1,2012,53177,296,24750,,6.315789,11,0
2012_legi_t1,2012,53178,228,26730,,3.703704,9,0
2012_legi_t1,2012,53179,354,24670,,5.820106,7,0
2012_legi_t1,2012,53180,659,25530,,5.882259,31,0
2012_legi_t1,2012,53181,808,23480,,4.162964,28,0
2012_legi_t1,2012,53182,1816,24100,,7.248806,36,0
2012_legi_t1,2012,53184,161,28640,,4.807692,6,0
2012_legi_t1,2012,53185,2300,23140,,6.84986,89,0
2012_legi_t1,2012,53186,2141,24480,,3.766816,73,0
2012_legi_t1,2012,53187,230,25070,,1.587302,7,0
2012_legi_t1,2012,53188,2506,23090,,7.970027,56,0
2012_legi_t1,2012,53189,111,25370,,2.777778,6,0
2012_legi_t1,2012,53190,464,23970,,4.779412,14,0
2012_legi_t1,2012,53191,250,22560,,6.666667,8,0
2012_legi_t1,2012,53192,311,22110,,7.425743,6,0
2012_legi_t1,2012,53193,575,26060,,3.951368,9,0
2012_legi_t1,2012,53194,,,,,,
2012_legi_t1,2012,53195,484,27430,,4.946996,9,0
2012_legi_t1,2012,53196,350,24210,,5.309735,16,0
2012_legi_t1,2012,53197,934,22440,,4.336284,37,0
2012_legi_t1,2012,53198,223,23780,,10.126582,6,0
2012_legi_t1,2012,53199,212,23360,,2.142857,4,0
2012_legi_t1,2012,53200,1181,27620,,3.984576,14,0
2012_legi_t1,2012,53201,7384,26720,10,5.852496,476,2.98603
2012_legi_t1,2012,53202,294,24170,,5.555556,14,0
2012_legi_t1,2012,53203,524,24760,,5.607477,6,0
2012_legi_t1,2012,53204,399,24750,,11.73913,8,0
2012_legi_t1,2012,53205,,,,,,
2012_legi_t1,2012,53206,219,26530,,7.042254,4,0
2012_legi_t1,2012,53207,,,,,,
2012_legi_t1,2012,53208,502,24350,,5.154639,10,0
2012_legi_t1,2012,53209,559,26170,,3.988604,13,0
2012_legi_t1,2012,53210,1512,24730,,6.107746,38,0
2012_legi_t1,2012,53211,1440,24620,,3.409096,54,0
2012_legi_t1,2012,53212,456,27900,,2.746184,8,0
2012_legi_t1,2012,53213,496,22430,,5.16129,11,0
2012_legi_t1,2012,53214,154,24840,,7.54717,5,0
2012_legi_t1,2012,53215,,,,,,
2012_legi_t1,2012,53216,946,25120,,4.559847,20,0
2012_legi_t1,2012,53218,770,25000,,5.740741,23,0
2012_legi_t1,2012,53219,1381,26250,,3.837719,38,0
2012_legi_t1,2012,53220,378,25020,,6.666667,8,0
2012_legi_t1,2012,53221,394,23240,,6.826529,10,0
2012_legi_t1,2012,53222,365,25040,,3.888889,5,0
2012_legi_t1,2012,53223,329,22500,,7.81893,16,0
2012_legi_t1,2012,53224,1179,26630,,2.799378,16,0
2012_legi_t1,2012,53225,513,25200,,5.376344,13,0
2012_legi_t1,2012,53226,808,25350,,3.968254,22,0
2012_legi_t1,2012,53228,556,23890,,4.502188,16,0
2012_legi_t1,2012,53229,1689,28550,,2.603037,25,0
2012_legi_t1,2012,53230,257,24340,,5.806452,6,0
2012_legi_t1,2012,53231,,,,,,
2012_legi_t1,2012,53232,323,24850,,6.951872,10,0
2012_legi_t1,2012,53233,335,23420,,7.488987,9,0
2012_legi_t1,2012,53234,321,26260,,3.587444,8,0
2012_legi_t1,2012,53235,228,24010,,5.263158,8,0
2012_legi_t1,2012,53236,166,22860,,5.504587,9,0
2012_legi_t1,2012,53237,440,23740,,5.179029,13,0
2012_legi_t1,2012,53238,521,24400,,1.570681,14,0
2012_legi_t1,2012,53239,,,,,,
2012_legi_t1,2012,53240,425,23970,,4.95356,10,0
2012_legi_t1,2012,53241,,,,,,
2012_legi_t1,2012,53242,255,26100,,5.369128,8,0
2012_legi_t1,2012,53243,1782,26650,,5.375348,41,0
2012_legi_t1,2012,53244,,,,,,
2012_legi_t1,2012,53245,927,24850,,2.241379,40,0
2012_legi_t1,2012,53246,1761,24420,,6.689835,40,0
2012_legi_t1,2012,53247,2313,25620,,5.233034,50,0
2012_legi_t1,2012,53248,132,23290,,5.494505,5,0
2012_legi_t1,2012,53249,1107,23440,,7.006348,42,0
2012_legi_t1,2012,53250,391,23510,,5.652174,10,0
2012_legi_t1,2012,53251,475,25640,,5.15873,16,0
2012_legi_t1,2012,53252,,,,,,
2012_legi_t1,2012,53253,518,22690,,4.126984,10,0
2012_legi_t1,2012,53254,,,,,,
2012_legi_t1,2012,53255,1197,25270,,4.147392,32,0
2012_legi_t1,2012,53256,162,25070,,8.917197,10,0
2012_legi_t1,2012,53257,328,25280,,8.988764,18,0
2012_legi_t1,2012,53258,901,25120,,4.715048,36,0
2012_legi_t1,2012,53259,376,23580,,2.272727,23,0
2012_legi_t1,2012,53260,386,24650,,5.990783,15,0
2012_legi_t1,2012,53261,149,24920,,8.421053,7,0
2012_legi_t1,2012,53262,1060,25000,,4.427416,31,0
2012_legi_t1,2012,53263,270,23970,,4.494382,9,0
2012_legi_t1,2012,53264,190,23070,,8.108108,7,0
2012_legi_t1,2012,53265,770,23840,,5.963626,16,0
2012_legi_t1,2012,53266,227,25190,,4.794521,4,0
2012_legi_t1,2012,53267,1164,24120,,6.456954,60,0
2012_legi_t1,2012,53269,612,24410,,2.832861,21,0
2012_legi_t1,2012,53270,110,25040,,3.278689,3,0
2012_legi_t1,2012,53271,2682,23640,,7.135991,111,0
2012_legi_t1,2012,53272,192,21900,,10.92437,6,0
2012_legi_t1,2012,53273,1080,26060,,4.6784,34,0
2012_legi_t1,2012,53274,,,,,,
2012_legi_t1,2012,53276,905,23090,,6.788991,17,0
2012_legi_t1,2012,72001,1681,27990,,4.583723,26,0
2012_legi_t1,2012,72002,199,24850,,4.72973,5,0
2012_legi_t1,2012,72003,10740,20890,27,12.245126,239,3.296086
2012_legi_t1,2012,72004,569,26440,,4,12,0
2012_legi_t1,2012,72005,917,24560,,2.946274,17,0
2012_legi_t1,2012,72006,1897,26810,,6.212277,123,
2012_legi_t1,2012,72007,499,26570,,9.324759,10,0
2012_legi_t1,2012,72008,5463,25890,11,7.569999,235,4.477107
2012_legi_t1,2012,72009,351,24400,,7.723577,5,0
2012_legi_t1,2012,72010,337,25320,,6.692913,8,0
2012_legi_t1,2012,72011,898,24120,,6.072106,21,0
2012_legi_t1,2012,72012,478,25870,,4.290429,13,0
2012_legi_t1,2012,72013,2131,23090,,8.217732,42,0
2012_legi_t1,2012,72015,107,24770,,10.294118,3,0
2012_legi_t1,2012,72016,1458,24330,,7.666665,31,0
2012_legi_t1,2012,72017,229,27200,,3.246753,9,0
2012_legi_t1,2012,72018,88,,,2.666667,2,0
2012_legi_t1,2012,72019,335,25580,,2.845528,14,0
2012_legi_t1,2012,72020,692,25880,,5.179283,15,0
2012_legi_t1,2012,72021,572,24350,,7.670455,13,
2012_legi_t1,2012,72022,1217,23910,,9.366391,36,0
2012_legi_t1,2012,72023,2270,24620,,4.63204,51,0
2012_legi_t1,2012,72024,3748,28010,,5.002156,82,0
2012_legi_t1,2012,72025,1946,25020,,7.043238,42,2.509498
2012_legi_t1,2012,72026,1523,26320,,3.860523,24,0
2012_legi_t1,2012,72027,329,25140,,9.134615,6,0
2012_legi_t1,2012,72028,476,24810,,7.861635,18,0
2012_legi_t1,2012,72029,1974,23110,,7.830536,73,0
2012_legi_t1,2012,72031,543,24620,,7.236412,15,0
2012_legi_t1,2012,72032,334,25250,,6.808511,6,0
2012_legi_t1,2012,72033,,,,,,
2012_legi_t1,2012,72034,434,28460,,4.195804,13,0
2012_legi_t1,2012,72035,2025,24030,,6.561086,58,0
2012_legi_t1,2012,72036,306,25350,,3.259231,6,0
2012_legi_t1,2012,72037,129,23500,,13.461538,1,0
2012_legi_t1,2012,72038,534,24980,,9.927361,7,0
2012_legi_t1,2012,72039,3721,23060,,7.811765,90,0
2012_legi_t1,2012,72040,153,22850,,5.194805,5,0
2012_legi_t1,2012,72041,352,25620,,4.891304,11,0
2012_legi_t1,2012,72042,2121,24280,,8.450557,86,0
2012_legi_t1,2012,72043,335,25970,,4.123997,3,0
2012_legi_t1,2012,72044,431,24940,,7.368421,9,0
2012_legi_t1,2012,72045,781,26420,,5.217391,9,0
2012_legi_t1,2012,72046,1562,24720,,5.02924,23,0
2012_legi_t1,2012,72047,2127,26250,,5.601817,28,2.361088
2012_legi_t1,2012,72048,537,25290,,2.12766,8,0
2012_legi_t1,2012,72049,250,22810,,5.806452,13,0
2012_legi_t1,2012,72050,1525,24140,,5.902541,79,0
2012_legi_t1,2012,72051,3365,26370,,5.179053,83,0
2012_legi_t1,2012,72052,668,26200,,3.282828,14,0
2012_legi_t1,2012,72053,1161,26330,,5.853051,13,0
2012_legi_t1,2012,72054,3680,25470,,7.709751,111,0
2012_legi_t1,2012,72056,1303,25700,,3.108413,15,0
2012_legi_t1,2012,72057,68,,,3.389831,0,0
2012_legi_t1,2012,72058,6803,28860,7,5.309514,183,5.952381
2012_legi_t1,2012,72059,816,24720,,4.878049,36,0
2012_legi_t1,2012,72060,282,22860,,8.823529,7,0
2012_legi_t1,2012,72061,1725,24860,,7.55102,24,0
2012_legi_t1,2012,72062,779,25730,,6.902357,22,0
2012_legi_t1,2012,72063,,,,,,
2012_legi_t1,2012,72064,517,26080,,4.705882,16,0
2012_legi_t1,2012,72065,2252,29750,,3.530592,287,0
2012_legi_t1,2012,72066,421,27040,,4.561404,4,0
2012_legi_t1,2012,72067,998,25130,,6.055363,15,0
2012_legi_t1,2012,72068,1370,23120,,10.643966,78,0
2012_legi_t1,2012,72069,,,,,,
2012_legi_t1,2012,72070,250,24410,,6.896552,3,0
2012_legi_t1,2012,72071,5707,22730,21,12.057333,198,2.787287
2012_legi_t1,2012,72072,255,26170,,9.550562,4,0
2012_legi_t1,2012,72073,1164,27040,,3.916449,23,0
2012_legi_t1,2012,72074,213,26180,,7.092199,4,0
2012_legi_t1,2012,72075,996,26100,,5.608974,17,0
2012_legi_t1,2012,72076,259,27170,,4.918033,1,0
2012_legi_t1,2012,72077,436,24150,,5.108824,16,0
2012_legi_t1,2012,72078,353,23620,,8.196721,15,0
2012_legi_t1,2012,72079,308,25730,,4.022989,5,0
2012_legi_t1,2012,72080,2746,26610,,5.292007,101,0
2012_legi_t1,2012,72081,,,,,,
2012_legi_t1,2012,72082,,,,,,
2012_legi_t1,2012,72083,357,26050,,9.811321,10,0
2012_legi_t1,2012,72084,1276,25500,,7.008761,18,0
2012_legi_t1,2012,72085,177,25690,,2.479339,6,0
2012_legi_t1,2012,72086,138,27210,,6.741573,3,0
2012_legi_t1,2012,72087,460,26120,,5.867347,16,0
2012_legi_t1,2012,72088,320,25140,,10.454545,9,0
2012_legi_t1,2012,72089,1828,24300,,7.403846,72,0
2012_legi_t1,2012,72090,2838,24270,,9.985873,95,5.79682
2012_legi_t1,2012,72091,135,25150,,7.54717,4,0
2012_legi_t1,2012,72093,886,26650,,6.219313,19,0
2012_legi_t1,2012,72094,638,23620,,8.311688,14,0
2012_legi_t1,2012,72095,8049,21320,28,12.178034,139,4.092913
2012_legi_t1,2012,72096,1619,27030,,4.417074,45,0
2012_legi_t1,2012,72097,,,,,,
2012_legi_t1,2012,72098,512,24070,,11.144541,10,0
2012_legi_t1,2012,72099,641,25210,,4.071247,10,0
2012_legi_t1,2012,72100,403,24400,,7.608696,13,0
2012_legi_t1,2012,72101,670,24290,,5.348837,16,0
2012_legi_t1,2012,72102,83,,,10.344828,2,0
2012_legi_t1,2012,72103,614,23660,,8.743169,21,0
2012_legi_t1,2012,72104,585,23220,,8.943089,10,0
2012_legi_t1,2012,72105,460,28090,,5.647841,7,0
2012_legi_t1,2012,72106,910,26580,,5.405405,8,0
2012_legi_t1,2012,72107,341,27990,,5.381873,8,0
2012_legi_t1,2012,72108,,,,,,
2012_legi_t1,2012,72109,544,25610,,9.119497,12,0
2012_legi_t1,2012,72110,993,24520,,7.342269,24,0
2012_legi_t1,2012,72111,490,26630,,2.071006,12,0
2012_legi_t1,2012,72112,482,23670,,11.147541,20,0
2012_legi_t1,2012,72113,746,28160,,3.474903,15,0
2012_legi_t1,2012,72114,250,25820,,6.010929,12,0
2012_legi_t1,2012,72115,942,24280,,3.85289,26,0
2012_legi_t1,2012,72116,,,,,,
2012_legi_t1,2012,72117,,,,,,
2012_legi_t1,2012,72118,1433,24670,,6.698002,31,0
2012_legi_t1,2012,72119,1062,28120,,4.819277,14,0
2012_legi_t1,2012,72120,225,25660,,5,7,0
2012_legi_t1,2012,72121,318,25090,,2.73224,10,0
2012_legi_t1,2012,72122,1076,25760,,4.991681,16,0
2012_legi_t1,2012,72123,61,,,5.128205,1,0
2012_legi_t1,2012,72124,4818,24770,11,6.716642,143,1.541096
2012_legi_t1,2012,72125,304,24740,,3.652968,10,0
2012_legi_t1,2012,72126,290,24330,,4.41989,11,0
2012_legi_t1,2012,72127,1852,27840,,4.026354,16,3.180661
2012_legi_t1,2012,72128,526,24390,,6.87467,10,0
2012_legi_t1,2012,72129,905,26830,,4.690432,14,0
2012_legi_t1,2012,72130,736,29030,,3.412073,13,0
2012_legi_t1,2012,72131,577,25100,,4.975124,10,0
2012_legi_t1,2012,72132,8769,23720,18,10.261669,401,2.320196
2012_legi_t1,2012,72133,1543,28910,,6.143001,22,0
2012_legi_t1,2012,72134,525,24260,,6.267045,12,0
2012_legi_t1,2012,72135,600,24670,,5.759162,6,0
2012_legi_t1,2012,72136,309,26510,,6.382979,8,0
2012_legi_t1,2012,72137,2189,26010,,6.112551,36,0
2012_legi_t1,2012,72138,2909,23250,,9.618716,104,0
2012_legi_t1,2012,72139,995,24100,,4.954193,25,0
2012_legi_t1,2012,72141,889,25040,,5.813953,16,0
2012_legi_t1,2012,72142,141,23940,,6.422018,6,0
2012_legi_t1,2012,72143,1941,23840,,3.702057,64,0
2012_legi_t1,2012,72144,339,23710,,3.791469,11,0
2012_legi_t1,2012,72145,384,23830,,6.640749,10,0
2012_legi_t1,2012,72146,3200,27470,,4.993963,56,2.076412
2012_legi_t1,2012,72147,1285,26700,,4.80226,24,0
2012_legi_t1,2012,72148,80,,,11.666667,5,0
2012_legi_t1,2012,72149,597,25210,,5.623472,24,0
2012_legi_t1,2012,72150,1275,27340,,4.353083,36,0
2012_legi_t1,2012,72151,1142,25320,,4.842615,21,0
2012_legi_t1,2012,72152,412,26330,,6.440678,5,0
2012_legi_t1,2012,72153,552,22820,,7.042254,15,0
2012_legi_t1,2012,72154,15081,24300,16,9.268917,555,2.833061
2012_legi_t1,2012,72155,4260,27340,,5.816993,80,2.346052
2012_legi_t1,2012,72156,920,25110,,3.521127,14,0
2012_legi_t1,2012,72157,695,28000,,2.603037,7,0
2012_legi_t1,2012,72158,817,24280,,7.302231,19,0
2012_legi_t1,2012,72159,,,,,,
2012_legi_t1,2012,72160,585,25400,,9.017032,13,0
2012_legi_t1,2012,72161,938,24260,,5.219207,16,0
2012_legi_t1,2012,72162,,,,,,
2012_legi_t1,2012,72163,484,25590,,7.77027,9,0
2012_legi_t1,2012,72164,65,,,2.272727,1,0
2012_legi_t1,2012,72165,1937,26120,,4.88959,19,0
2012_legi_t1,2012,72166,295,25470,,6.521739,10,0
2012_legi_t1,2012,72167,703,25990,,5.316973,20,0
2012_legi_t1,2012,72168,2100,23680,,4.626049,74,0
2012_legi_t1,2012,72169,1496,27340,,4.34333,30,0
2012_legi_t1,2012,72170,175,22920,,5.042017,8,0
2012_legi_t1,2012,72171,104,,,5.172414,4,0
2012_legi_t1,2012,72172,1454,24680,,5.607286,30,0
2012_legi_t1,2012,72173,1233,25610,,6.132666,42,0
2012_legi_t1,2012,72174,105,,,9.722222,7,0
2012_legi_t1,2012,72175,1524,24070,,6.299017,48,0
2012_legi_t1,2012,72176,4016,22820,17,9.448066,157,1.412017
2012_legi_t1,2012,72177,336,25040,,9.649123,8,0
2012_legi_t1,2012,72178,197,22890,,8.108108,7,0
2012_legi_t1,2012,72179,1881,22980,,8.477509,40,0
2012_legi_t1,2012,72180,5080,21870,23,10.152769,199,
2012_legi_t1,2012,72181,145182,23610,22.9,11.142891,4806,2.408789
2012_legi_t1,2012,72182,1550,24440,,9.423503,36,3.457134
2012_legi_t1,2012,72183,1063,23230,,7.145653,34,0
2012_legi_t1,2012,72184,346,26440,,6.944444,21,0
2012_legi_t1,2012,72185,658,24610,,7.616708,8,0
2012_legi_t1,2012,72186,879,24910,,7.530648,32,0
2012_legi_t1,2012,72187,1618,24200,,6.910336,22,0
2012_legi_t1,2012,72188,159,26270,,5.714286,3,0
2012_legi_t1,2012,72189,2038,22490,,7.084564,80,0
2012_legi_t1,2012,72190,287,26770,,5.025126,9,0
2012_legi_t1,2012,72191,3186,24330,,8.537279,67,0
2012_legi_t1,2012,72192,105,24730,,3.076923,2,0
2012_legi_t1,2012,72193,446,25940,,2.755906,14,0
2012_legi_t1,2012,72194,272,23940,,11.176471,7,0
2012_legi_t1,2012,72195,1853,25110,,6.47482,27,0
2012_legi_t1,2012,72196,735,24280,,7.692308,13,0
2012_legi_t1,2012,72197,679,25340,,4.867257,11,0
2012_legi_t1,2012,72198,2631,29340,,4.285714,65,0
2012_legi_t1,2012,72199,266,26090,,5.223881,14,0
2012_legi_t1,2012,72200,3699,26990,,6.551571,79,
2012_legi_t1,2012,72201,234,23150,,14.880952,5,0
2012_legi_t1,2012,72202,207,23580,,6.293706,7,0
2012_legi_t1,2012,72203,,,,,,
2012_legi_t1,2012,72204,517,25280,,8.403361,21,0
2012_legi_t1,2012,72205,1833,25750,,4.318626,33,0
2012_legi_t1,2012,72207,,,,,,
2012_legi_t1,2012,72208,369,25160,,4.806679,28,0
2012_legi_t1,2012,72209,313,23670,,8.888889,8,0
2012_legi_t1,2012,72210,299,24850,,4.21769,8,0
2012_legi_t1,2012,72211,633,22740,,6.905371,22,0
2012_legi_t1,2012,72212,697,23920,,8.849558,15,0
2012_legi_t1,2012,72213,5299,25520,,5.359199,112,1.396401
2012_legi_t1,2012,72214,12,,,0,1,0
2012_legi_t1,2012,72215,1023,24270,,5.965853,22,0
2012_legi_t1,2012,72216,593,24970,,3.16092,12,0
2012_legi_t1,2012,72217,2463,29610,,4.887781,70,0
2012_legi_t1,2012,72218,302,25420,,4.878049,5,0
2012_legi_t1,2012,72219,768,26080,,6.725287,29,0
2012_legi_t1,2012,72220,876,24550,,7.789643,12,0
2012_legi_t1,2012,72221,361,23270,,9.637476,7,0
2012_legi_t1,2012,72222,255,24770,,14.130435,7,0
2012_legi_t1,2012,72223,2585,24530,,6.993007,78,0
2012_legi_t1,2012,72224,529,25250,,9.345794,6,0
2012_legi_t1,2012,72225,671,24730,,6.802721,16,0
2012_legi_t1,2012,72226,1325,25420,,6.67319,22,0
2012_legi_t1,2012,72227,33,,,0,4,0
2012_legi_t1,2012,72228,1998,25950,,5.275577,45,2.01451
2012_legi_t1,2012,72229,449,22340,,9.206349,8,0
2012_legi_t1,2012,72230,1038,27060,,3.96757,16,0
2012_legi_t1,2012,72231,5367,26780,,3.537507,101,0
2012_legi_t1,2012,72232,707,26150,,5.390836,5,0
2012_legi_t1,2012,72233,71,,,7.692308,1,0
2012_legi_t1,2012,72234,346,24520,,5.485232,7,0
2012_legi_t1,2012,72235,373,23660,,6.451613,17,0
2012_legi_t1,2012,72236,191,29700,,5.755396,5,0
2012_legi_t1,2012,72237,505,25230,,8.135593,7,0
2012_legi_t1,2012,72238,74,,,4.545455,1,0
2012_legi_t1,2012,72239,597,26150,,4.987762,20,0
2012_legi_t1,2012,72240,,,,,,
2012_legi_t1,2012,72241,2928,25880,,6.925168,87,4.862896
2012_legi_t1,2012,72243,1614,24430,,8.090104,34,0
2012_legi_t1,2012,72244,2900,25340,,4.942181,53,0
2012_legi_t1,2012,72245,669,24390,,6.651885,7,0
2012_legi_t1,2012,72246,193,25310,,5.633803,3,0
2012_legi_t1,2012,72247,1333,29410,,5,27,0
2012_legi_t1,2012,72248,808,24110,,4.576659,16,0
2012_legi_t1,2012,72249,805,26710,,3.91791,13,0
2012_legi_t1,2012,72250,160,26740,,12.030075,7,0
2012_legi_t1,2012,72251,390,25670,,11.06383,8,0
2012_legi_t1,2012,72252,1108,24300,,6.65922,28,0
2012_legi_t1,2012,72253,2546,27540,,5.526182,74,0
2012_legi_t1,2012,72254,263,25030,,5.389222,9,0
2012_legi_t1,2012,72255,791,23740,,7.444668,16,0
2012_legi_t1,2012,72256,808,23950,,5.769231,20,0
2012_legi_t1,2012,72257,2352,32460,,4.004486,72,2.642162
2012_legi_t1,2012,72258,,,,,,
2012_legi_t1,2012,72259,270,25880,,4.739336,14,0
2012_legi_t1,2012,72260,3492,27920,,4.892289,181,5.391805
2012_legi_t1,2012,72261,301,27010,,2.912621,9,0
2012_legi_t1,2012,72262,2052,24130,,7.188532,70,0
2012_legi_t1,2012,72264,12194,21680,23,12.213685,441,1.313731
2012_legi_t1,2012,72265,246,22280,,6.024096,9,0
2012_legi_t1,2012,72266,764,25590,,6.872038,14,0
2012_legi_t1,2012,72267,916,25670,,7.006369,18,0
2012_legi_t1,2012,72268,709,24930,,5.168539,3,0
2012_legi_t1,2012,72269,2969,23240,,8.569941,129,0
2012_legi_t1,2012,72270,185,26880,,9.401709,4,0
2012_legi_t1,2012,72271,881,24600,,7.308271,10,0
2012_legi_t1,2012,72272,326,24680,,3.365385,5,0
2012_legi_t1,2012,72273,231,24640,,6.349206,4,0
2012_legi_t1,2012,72274,214,25500,,7.2,8,0
2012_legi_t1,2012,72275,1517,27190,,4.679144,24,0
2012_legi_t1,2012,72276,1884,24020,,8.384279,47,0
2012_legi_t1,2012,72277,113,26450,,5.882353,1,0
2012_legi_t1,2012,72278,750,23170,,9.677113,24,0
2012_legi_t1,2012,72279,171,23220,,4.716981,5,0
2012_legi_t1,2012,72280,2228,28730,,3.608285,24,0
2012_legi_t1,2012,72281,450,24510,,7.04698,10,0
2012_legi_t1,2012,72282,519,22970,,7.166124,17,0
2012_legi_t1,2012,72283,346,22590,,10.084034,16,0
2012_legi_t1,2012,72284,,,,,,
2012_legi_t1,2012,72286,392,26070,,9.756098,5,0
2012_legi_t1,2012,72287,,,,4.587156,,
2012_legi_t1,2012,72288,,,,,,
2012_legi_t1,2012,72289,1964,25660,,5.297971,52,0
2012_legi_t1,2012,72290,1810,25430,,5.772281,23,0
2012_legi_t1,2012,72291,955,23600,,5.893186,20,0
2012_legi_t1,2012,72292,225,27420,,9.210526,4,0
2012_legi_t1,2012,72293,612,25970,,4.012283,5,0
2012_legi_t1,2012,72294,474,24870,,7.48503,24,0
2012_legi_t1,2012,72295,511,26210,,3.560831,15,0
2012_legi_t1,2012,72296,741,25700,,5.139186,9,0
2012_legi_t1,2012,72297,536,25440,,6.752412,8,0
2012_legi_t1,2012,72298,,,,6.156116,,
2012_legi_t1,2012,72299,2471,25350,,7.051282,33,3.787298
2012_legi_t1,2012,72300,2712,26070,,4.445317,63,0
2012_legi_t1,2012,72301,,,,,,
2012_legi_t1,2012,72302,172,26460,,3.333333,3,0
2012_legi_t1,2012,72303,740,23830,,6.709957,17,0
2012_legi_t1,2012,72304,,,,,,
2012_legi_t1,2012,72305,914,24310,,3.372681,21,0
2012_legi_t1,2012,72306,1325,26370,,6.071871,18,0
2012_legi_t1,2012,72307,238,26650,,3.305785,3,0
2012_legi_t1,2012,72308,2090,26480,,5.010777,41,
2012_legi_t1,2012,72309,276,24040,,3.125,4,0
2012_legi_t1,2012,72310,2002,31410,,3.357372,67,0
2012_legi_t1,2012,72311,339,22090,,5.882353,6,0
2012_legi_t1,2012,72312,225,24380,,3.333333,7,0
2012_legi_t1,2012,72313,212,26140,,6.47482,2,0
2012_legi_t1,2012,72314,363,24020,,3.464335,11,0
2012_legi_t1,2012,72315,832,24430,,5.295316,15,0
2012_legi_t1,2012,72316,705,24150,,7.783019,17,0
2012_legi_t1,2012,72317,498,24670,,5.247813,14,0
2012_legi_t1,2012,72318,,,,,,
2012_legi_t1,2012,72319,729,26210,,3.917051,13,0
2012_legi_t1,2012,72320,2773,30250,,3.462194,175,0
2012_legi_t1,2012,72321,499,25700,,4.98615,10,0
2012_legi_t1,2012,72322,223,27490,,8.609272,10,0
2012_legi_t1,2012,72323,438,25640,,6.737589,12,0
2012_legi_t1,2012,72324,503,23910,,9.415584,9,0
2012_legi_t1,2012,72325,822,24010,,6.349427,24,0
2012_legi_t1,2012,72326,218,25620,,7.482993,6,0
2012_legi_t1,2012,72327,268,25540,,7.692308,8,0
2012_legi_t1,2012,72328,3865,29840,,5.378491,126,3.213367
2012_legi_t1,2012,72329,4042,27980,,4.823469,98,0
2012_legi_t1,2012,72330,447,22110,,8.896185,14,0
2012_legi_t1,2012,72331,584,24650,,6.476684,11,0
2012_legi_t1,2012,72332,599,24390,,4.961037,16,0
2012_legi_t1,2012,72333,432,23250,,8.389262,7,0
2012_legi_t1,2012,72334,2192,22320,,10.997643,112,0
2012_legi_t1,2012,72335,1080,26890,,3.409091,23,0
2012_legi_t1,2012,72336,1229,27470,,3.812389,108,0
2012_legi_t1,2012,72337,832,23240,,8.445298,18,0
2012_legi_t1,2012,72338,822,27320,,4.245283,8,0
2012_legi_t1,2012,72339,646,27920,,5.686275,8,0
2012_legi_t1,2012,72340,1237,26330,,5.376344,13,0
2012_legi_t1,2012,72341,604,27150,,3.037844,18,0
2012_legi_t1,2012,72342,160,29690,,3.252033,6,0
2012_legi_t1,2012,72343,606,24430,,4.86618,16,0
2012_legi_t1,2012,72344,2821,28110,,4.701789,74,0
2012_legi_t1,2012,72345,339,26670,,6.140351,3,0
2012_legi_t1,2012,72346,4628,25460,,6.585202,111,1.977812
2012_legi_t1,2012,72347,289,26050,,3.645833,8,0
2012_legi_t1,2012,72348,132,23990,,2.150538,2,0
2012_legi_t1,2012,72349,521,25830,,4.615385,9,0
2012_legi_t1,2012,72350,3043,26590,,5.93047,69,1.338914
2012_legi_t1,2012,72351,1017,25010,,6.547496,34,0
2012_legi_t1,2012,72352,143,23270,,3.797468,3,0
2012_legi_t1,2012,72353,215,27360,,5.882353,5,0
2012_legi_t1,2012,72354,165,24670,,5.940594,9,0
2012_legi_t1,2012,72355,119,,,7.272727,1,0
2012_legi_t1,2012,72356,398,23360,,5.101922,9,0
2012_legi_t1,2012,72357,741,24570,,5.868545,23,0
2012_legi_t1,2012,72358,1653,24170,,6.901101,43,0
2012_legi_t1,2012,72359,1412,26270,,5.376344,20,0
2012_legi_t1,2012,72360,1639,30000,,5.507559,42,0
2012_legi_t1,2012,72361,510,23770,,12.18638,15,0
2012_legi_t1,2012,72362,169,26470,,5.813953,3,0
2012_legi_t1,2012,72363,1669,24560,,6.686627,53,0
2012_legi_t1,2012,72364,1383,24520,,7.874016,42,0
2012_legi_t1,2012,72366,304,25300,,8,13,0
2012_legi_t1,2012,72367,778,24250,,5.497647,13,0
2012_legi_t1,2012,72368,287,25010,,9.934003,9,0
2012_legi_t1,2012,72369,586,24500,,9.090909,15,0
2012_legi_t1,2012,72370,339,22820,,6.451613,8,0
2012_legi_t1,2012,72372,77,,,11.111111,3,0
2012_legi_t1,2012,72373,2508,24840,,5.083642,101,1.545173
2012_legi_t1,2012,72374,137,24310,,12.121212,4,0
2012_legi_t1,2012,72375,517,26050,,4.398827,16,0
2012_legi_t1,2012,72376,651,26210,,3.694581,19,0
2012_legi_t1,2012,72377,1035,25490,,6.885246,37,0
2012_legi_t1,2012,72378,1383,26070,,5.874369,33,0
2012_legi_t1,2012,72379,203,24660,,8.219178,10,0
2012_legi_t1,2012,72380,899,26080,,6.132539,23,0
2012_legi_t1,2012,72381,1350,26260,,4.757334,33,0
2012_legi_t1,2012,72382,1526,25580,,5.836576,30,0
2012_legi_t1,2012,72383,131,27000,,4.545455,2,0
2012_legi_t1,2012,72384,,,,,,
2012_legi_t1,2012,72385,1734,25590,,5.777088,23,0
2012_legi_t1,2012,72386,4187,29910,,5.486488,92,5.098583
2012_legi_t1,2012,85001,2808,25770,,8.223741,165,7.921736
2012_legi_t1,2012,85002,2207,26180,,8.325171,66,0
2012_legi_t1,2012,85003,10218,26220,7,6.120873,392,3.973956
2012_legi_t1,2012,85004,2966,25740,,8.607915,76,
2012_legi_t1,2012,85005,1035,25310,,7.03125,47,0
2012_legi_t1,2012,85006,2028,24780,,8.622707,55,0
2012_legi_t1,2012,85008,7129,26810,7,4.875282,164,3.264988
2012_legi_t1,2012,85009,1118,24350,,6.775609,17,0
2012_legi_t1,2012,85010,1408,25080,,9.562842,36,0
2012_legi_t1,2012,85011,1790,27310,,8.788853,58,0
2012_legi_t1,2012,85012,2356,25590,,9.703024,112,1.277839
2012_legi_t1,2012,85013,1551,26070,,6.784261,26,0
2012_legi_t1,2012,85014,1161,24160,,5.23998,29,0
2012_legi_t1,2012,85015,1654,26120,,5.045278,35,0
2012_legi_t1,2012,85016,2366,26040,,4.788978,66,0
2012_legi_t1,2012,85017,2406,25700,,4.428517,58,0
2012_legi_t1,2012,85018,3955,24610,,4.588435,149,1.233499
2012_legi_t1,2012,85019,6239,26810,,3.921779,193,6.098392
2012_legi_t1,2012,85020,4059,26570,,3.496257,91,0
2012_legi_t1,2012,85021,,,,3.925354,,
2012_legi_t1,2012,85022,1320,25030,,7.001522,28,0
2012_legi_t1,2012,85023,449,25070,,7.462687,12,0
2012_legi_t1,2012,85024,2215,25020,,6.20229,39,0
2012_legi_t1,2012,85025,2295,25770,,5.539775,70,0
2012_legi_t1,2012,85026,1465,24990,,8.944954,53,0
2012_legi_t1,2012,85027,,,,,,
2012_legi_t1,2012,85028,595,26280,,6.976744,11,0
2012_legi_t1,2012,85029,2169,24540,,4.471899,138,1.70775
2012_legi_t1,2012,85030,,,,,,
2012_legi_t1,2012,85031,3170,24570,,5.140161,83,0
2012_legi_t1,2012,85033,717,23840,,4.609218,16,0
2012_legi_t1,2012,85034,3471,25500,,5.917183,105,0
2012_legi_t1,2012,85035,5139,28160,,7.527594,204,1.155806
2012_legi_t1,2012,85036,587,24790,,11.023622,12,0
2012_legi_t1,2012,85037,,,,,,
2012_legi_t1,2012,85038,2916,26670,,5.393657,62,0
2012_legi_t1,2012,85039,4015,25600,,6.142803,70,0
2012_legi_t1,2012,85040,1100,23790,,6.871181,21,0
2012_legi_t1,2012,85041,,,,,,
2012_legi_t1,2012,85042,1909,24010,,7.210089,54,2.818015
2012_legi_t1,2012,85043,,,,,,
2012_legi_t1,2012,85044,,,,,,
2012_legi_t1,2012,85045,1103,25210,,11.192661,29,0
2012_legi_t1,2012,85046,3883,26420,,5.579126,125,3.551899
2012_legi_t1,2012,85047,22890,25830,10.4,8.11901,1078,1.622099
2012_legi_t1,2012,85048,,,,,,
2012_legi_t1,2012,85049,1816,24330,,9.056604,33,0
2012_legi_t1,2012,85050,2041,23860,,9.784736,32,0
2012_legi_t1,2012,85051,8518,24630,11,8.469055,346,3.811967
2012_legi_t1,2012,85052,,,,,,
2012_legi_t1,2012,85053,,,,,,
2012_legi_t1,2012,85054,1083,23930,,8.013937,14,0
2012_legi_t1,2012,85055,1108,25210,,6.346484,10,0
2012_legi_t1,2012,85056,394,24440,,6.214689,11,0
2012_legi_t1,2012,85058,792,27120,,5.012531,20,0
2012_legi_t1,2012,85059,2590,22720,,8.510873,124,0
2012_legi_t1,2012,85060,,,,,,
2012_legi_t1,2012,85061,1550,25950,,2.937916,23,0
2012_legi_t1,2012,85062,1144,24560,,7.9566,27,0
2012_legi_t1,2012,85063,,,,,,
2012_legi_t1,2012,85064,2559,25850,,3.639048,71,0
2012_legi_t1,2012,85065,3648,25150,,2.802476,104,0
2012_legi_t1,2012,85066,847,24180,,2.92887,10,0
2012_legi_t1,2012,85067,1002,25610,,5.237316,46,0
2012_legi_t1,2012,85069,,,,,,
2012_legi_t1,2012,85070,3416,25180,,8.436445,116,0
2012_legi_t1,2012,85071,3708,24800,,8.108108,83,0
2012_legi_t1,2012,85072,1047,24870,,4.975124,21,0
2012_legi_t1,2012,85073,1025,25320,,4.258944,26,0
2012_legi_t1,2012,85074,229,24260,,12.295082,3,0
2012_legi_t1,2012,85076,5659,27940,,4.798295,144,0
2012_legi_t1,2012,85077,492,23010,,13.6,8,0
2012_legi_t1,2012,85078,731,24460,,7.512471,24,0
2012_legi_t1,2012,85080,1757,25000,,6.84181,36,0
2012_legi_t1,2012,85081,4535,27360,,5.089711,163,0
2012_legi_t1,2012,85082,2984,25420,,3.351699,95,0
2012_legi_t1,2012,85083,1643,24800,,5.785474,66,0
2012_legi_t1,2012,85084,6835,25780,7,4.998905,377,1.292653
2012_legi_t1,2012,85086,1704,24630,,8.344516,42,0
2012_legi_t1,2012,85087,205,20510,,10.31746,5,0
2012_legi_t1,2012,85088,4978,28060,,6.164902,78,0
2012_legi_t1,2012,85089,5411,26360,,5.051364,132,0
2012_legi_t1,2012,85090,6401,24910,,4.510125,194,0.59023
2012_legi_t1,2012,85091,,,,,,
2012_legi_t1,2012,85092,13806,24230,17,10.84561,674,4.27899
2012_legi_t1,2012,85093,1242,25140,,6.159895,28,0
2012_legi_t1,2012,85094,1176,24430,,5.932203,41,0
2012_legi_t1,2012,85095,2128,24400,,7.819672,44,0
2012_legi_t1,2012,85096,5413,25600,,6.804124,161,2.431477
2012_legi_t1,2012,85097,3223,25760,,3.724694,78,0
2012_legi_t1,2012,85098,1963,26660,,5.272565,29,2.46837
2012_legi_t1,2012,85099,1144,25220,,7.256637,15,0
2012_legi_t1,2012,85100,2216,27060,,5.536793,62,0
2012_legi_t1,2012,85101,484,24470,,7.353768,8,0
2012_legi_t1,2012,85102,725,23410,,6.677093,6,0
2012_legi_t1,2012,85103,2216,25540,,8.801051,39,0
2012_legi_t1,2012,85104,910,25290,,7.727273,26,0
2012_legi_t1,2012,85105,516,22680,,8.035714,9,0
2012_legi_t1,2012,85106,1335,26470,,6.924536,111,0
2012_legi_t1,2012,85107,,,,,,
2012_legi_t1,2012,85108,3437,26870,,3.934672,87,0
2012_legi_t1,2012,85109,16589,26010,8,5.859631,837,1.390861
2012_legi_t1,2012,85110,903,23270,,3.409043,27,0
2012_legi_t1,2012,85111,1505,23570,,5.606407,34,0
2012_legi_t1,2012,85112,2805,26850,,8.503203,80,0
2012_legi_t1,2012,85113,4887,26500,,10.06022,308,0
2012_legi_t1,2012,85114,3046,28440,,8.010118,146,2.206576
2012_legi_t1,2012,85115,647,24390,,7.105263,21,0
2012_legi_t1,2012,85116,483,25200,,4.405286,15,0
2012_legi_t1,2012,85117,601,25300,,8.266767,17,0
2012_legi_t1,2012,85118,2285,27090,,6.928564,44,0
2012_legi_t1,2012,85119,2572,26170,,3.886786,68,0
2012_legi_t1,2012,85120,1512,25400,,6.891702,36,0
2012_legi_t1,2012,85121,1050,23070,,8.29618,25,0
2012_legi_t1,2012,85123,296,24930,,9.69697,4,0
2012_legi_t1,2012,85125,383,23820,,7.114625,10,0
2012_legi_t1,2012,85126,1360,26360,,6.680279,27,0
2012_legi_t1,2012,85127,2442,27200,,8.025177,118,0
2012_legi_t1,2012,85128,9450,24440,15,10.205877,424,7.190614
2012_legi_t1,2012,85129,3671,25760,,4.055155,88,0
2012_legi_t1,2012,85130,1754,25090,,9.103255,47,0
2012_legi_t1,2012,85131,1461,25220,,5.928854,26,0
2012_legi_t1,2012,85132,757,24960,,7.311828,21,0
2012_legi_t1,2012,85133,895,24100,,7.09069,48,0
2012_legi_t1,2012,85134,240,26070,,5.405405,3,0
2012_legi_t1,2012,85135,2773,24760,,8.457101,99,2.098468
2012_legi_t1,2012,85136,124,21910,,20.833333,2,0
2012_legi_t1,2012,85137,526,25830,,6.269592,11,0
2012_legi_t1,2012,85138,1199,25350,,7.07457,14,0
2012_legi_t1,2012,85139,457,24130,,6.324111,13,0
2012_legi_t1,2012,85140,1489,25100,,3.802672,37,0
2012_legi_t1,2012,85141,681,23850,,5.555556,13,0
2012_legi_t1,2012,85142,1010,25460,,4.813665,16,0
2012_legi_t1,2012,85143,1073,24070,,9.313088,28,0
2012_legi_t1,2012,85144,1560,25940,,2.706,26,0
2012_legi_t1,2012,85145,989,23520,,5.136986,20,0
2012_legi_t1,2012,85146,20754,27250,6.4,5.481037,908,1.343186
2012_legi_t1,2012,85147,1626,24750,,6.037736,31,0
2012_legi_t1,2012,85148,820,25470,,7.528958,11,0
2012_legi_t1,2012,85149,408,22620,,13.389121,10,0
2012_legi_t1,2012,85150,,,,,,
2012_legi_t1,2012,85151,6065,26260,,5.103586,191,
2012_legi_t1,2012,85152,5451,25800,,7.745631,251,
2012_legi_t1,2012,85153,2986,24890,,4.900054,94,0
2012_legi_t1,2012,85154,1749,23830,,6.394849,52,0
2012_legi_t1,2012,85155,5209,28350,,4.521964,200,2.234407
2012_legi_t1,2012,85156,2341,24420,,8.022183,92,0
2012_legi_t1,2012,85157,823,25080,,4.562526,20,0
2012_legi_t1,2012,85158,1211,23570,,5.976676,22,0
2012_legi_t1,2012,85159,2372,24510,,8.214017,70,0
2012_legi_t1,2012,85160,3056,26570,,6.278027,78,0
2012_legi_t1,2012,85161,2546,25880,,6.730503,61,0
2012_legi_t1,2012,85162,2054,25570,,6.352038,68,0
2012_legi_t1,2012,85163,4502,27310,,7.250188,413,0
2012_legi_t1,2012,85164,2293,26430,,7.283514,104,0
2012_legi_t1,2012,85165,1264,,,,0,0
2012_legi_t1,2012,85166,,,,,,
2012_legi_t1,2012,85167,801,26970,,4.085258,9,0
2012_legi_t1,2012,85168,,,,,,
2012_legi_t1,2012,85169,1110,24140,,9.104938,32,0
2012_legi_t1,2012,85171,618,26390,,7.717042,15,0
2012_legi_t1,2012,85172,2210,25110,,7.525672,63,0
2012_legi_t1,2012,85174,684,24150,,6.060606,14,0
2012_legi_t1,2012,85175,678,25380,,4.493958,9,0
2012_legi_t1,2012,85176,1144,26740,,4.111601,23,
2012_legi_t1,2012,85177,1366,23420,,8.848103,28,0
2012_legi_t1,2012,85178,8637,26700,,5.234451,290,0
2012_legi_t1,2012,85179,1234,24740,,9.326425,30,0
2012_legi_t1,2012,85180,,,,,,
2012_legi_t1,2012,85181,643,24220,,6.615082,10,0
2012_legi_t1,2012,85182,5641,24930,10,6.654783,235,0
2012_legi_t1,2012,85184,318,23590,,5.524862,7,0
2012_legi_t1,2012,85185,646,25000,,9.278351,12,0
2012_legi_t1,2012,85186,1018,26220,,5.762023,22,0
2012_legi_t1,2012,85187,861,25280,,4.92126,21,0
2012_legi_t1,2012,85188,1157,24990,,6.135987,23,0
2012_legi_t1,2012,85189,2179,26080,,6.953642,51,0
2012_legi_t1,2012,85190,3571,24980,,4.956674,99,1.180359
2012_legi_t1,2012,85191,54699,25090,15.6,8.759979,2633,2.703001
2012_legi_t1,2012,85192,980,25260,,2.749141,18,0
2012_legi_t1,2012,85193,664,23740,,4.95356,14,0
2012_legi_t1,2012,85194,48740,28010,9.2,8.457217,2168,1.046777
2012_legi_t1,2012,85196,1942,25960,,4.255113,34,0
2012_legi_t1,2012,85197,3833,26180,,6.377803,84,0
2012_legi_t1,2012,85198,1382,26230,,3.221957,27,0
2012_legi_t1,2012,85199,533,23810,,9.230769,12,0
2012_legi_t1,2012,85200,1166,24860,,10.666908,17,0
2012_legi_t1,2012,85201,511,25190,,2.173913,13,0
2012_legi_t1,2012,85202,1587,25140,,6.709957,43,0
2012_legi_t1,2012,85204,2653,24610,,8.228339,82,0
2012_legi_t1,2012,85205,543,23500,,5.074627,8,0
2012_legi_t1,2012,85206,400,22990,,7.843137,9,0
2012_legi_t1,2012,85207,413,24670,,7.658702,4,0
2012_legi_t1,2012,85208,2425,26610,,6.574392,63,0
2012_legi_t1,2012,85209,613,24640,,9.969789,19,0
2012_legi_t1,2012,85210,2251,24000,,8.713398,52,0
2012_legi_t1,2012,85211,2547,26180,,7.380074,51,0
2012_legi_t1,2012,85212,1338,,,,0,0
2012_legi_t1,2012,85213,4285,25930,,4.236869,125,0
2012_legi_t1,2012,85214,2592,26730,,5.329949,71,0
2012_legi_t1,2012,85215,3924,25530,,4.708015,127,0
2012_legi_t1,2012,85216,2074,25600,,5.978002,90,0
2012_legi_t1,2012,85217,,,,,,
2012_legi_t1,2012,85218,1820,26250,,6.179502,29,0
2012_legi_t1,2012,85219,,,,,,
2012_legi_t1,2012,85220,1629,25240,,5.155355,32,0
2012_legi_t1,2012,85221,2752,24790,,7.004161,58,0
2012_legi_t1,2012,85222,8140,27450,8,9.032156,621,0.709774
2012_legi_t1,2012,85223,3593,24380,,7.926024,182,8.984533
2012_legi_t1,2012,85224,,,,,,
2012_legi_t1,2012,85226,12923,27070,10,7.702301,427,0.636946
2012_legi_t1,2012,85227,1904,24390,,7.699657,44,0
2012_legi_t1,2012,85229,628,23240,,8.287293,18,0
2012_legi_t1,2012,85231,824,25470,,6.469003,18,0
2012_legi_t1,2012,85232,1095,25000,,8.530806,27,0
2012_legi_t1,2012,85233,,,,9.473684,,
2012_legi_t1,2012,85234,8809,26700,12,10.581319,588,1.150388
2012_legi_t1,2012,85235,427,24480,,7.279693,10,0
2012_legi_t1,2012,85236,2018,25360,,3.8089,48,0
2012_legi_t1,2012,85237,394,24250,,5.240175,11,0
2012_legi_t1,2012,85238,3613,26260,,4.691048,106,0
2012_legi_t1,2012,85239,1196,25340,,6.506849,20,0
2012_legi_t1,2012,85240,1619,26990,,3.104925,53,0
2012_legi_t1,2012,85242,1033,24650,,6.035889,29,0
2012_legi_t1,2012,85243,2933,26260,,8.184371,61,0
2012_legi_t1,2012,85244,802,25340,,10.623676,17,0
2012_legi_t1,2012,85245,169,22110,,11.214953,7,0
2012_legi_t1,2012,85246,2540,25850,,5.595189,69,0
2012_legi_t1,2012,85247,1144,25470,,5.229794,27,0
2012_legi_t1,2012,85248,421,24740,,6.557377,13,0
2012_legi_t1,2012,85250,2443,26270,,5.209302,43,0
2012_legi_t1,2012,85251,637,23380,,9.046455,24,0
2012_legi_t1,2012,85252,598,24260,,6.515581,17,0
2012_legi_t1,2012,85254,1771,24890,,6.775068,41,0
2012_legi_t1,2012,85255,2347,24770,,7.76,58,0
2012_legi_t1,2012,85256,1263,24900,,5.426424,16,0
2012_legi_t1,2012,85257,,,,,,
2012_legi_t1,2012,85259,1382,26500,,4.36409,34,0
2012_legi_t1,2012,85260,857,23920,,6.039926,15,0
2012_legi_t1,2012,85261,297,24990,,10.139644,10,0
2012_legi_t1,2012,85262,3622,25240,,3.504858,73,0
2012_legi_t1,2012,85264,1340,23000,,2.572045,36,0
2012_legi_t1,2012,85265,924,23440,,9.060403,17,0
2012_legi_t1,2012,85266,1671,25020,,5.501618,45,0
2012_legi_t1,2012,85267,982,25340,,9.82659,18,0
2012_legi_t1,2012,85268,1526,24780,,7.116564,45,0
2012_legi_t1,2012,85269,424,25960,,9.842926,6,0
2012_legi_t1,2012,85271,,,,,,
2012_legi_t1,2012,85272,,,,,,
2012_legi_t1,2012,85273,1996,25740,,7.492507,41,0
2012_legi_t1,2012,85274,549,24070,,8.063138,11,0
2012_legi_t1,2012,85276,753,23840,,6.008584,10,0
2012_legi_t1,2012,85277,1592,25000,,5.790109,34,0
2012_legi_t1,2012,85278,1602,27430,,10.16692,38,0
2012_legi_t1,2012,85279,,,,,,
2012_legi_t1,2012,85280,3390,25480,,4.008077,124,0
2012_legi_t1,2012,85281,1029,24570,,4.603175,16,0
2012_legi_t1,2012,85282,972,24660,,6.934307,23,0
2012_legi_t1,2012,85284,4535,26550,,7.017544,120,0
2012_legi_t1,2012,85285,756,24790,,4.591837,16,0
2012_legi_t1,2012,85286,551,23910,,10.606061,17,0
2012_legi_t1,2012,85287,447,24640,,4.333333,11,0
2012_legi_t1,2012,85288,8327,27910,7,8.040766,354,1.762114
2012_legi_t1,2012,85289,2173,24020,,5.285667,73,0
2012_legi_t1,2012,85290,538,24740,,6.344411,15,0
2012_legi_t1,2012,85291,1255,25200,,6.33196,23,0
2012_legi_t1,2012,85292,1504,23940,,6.787672,37,0
2012_legi_t1,2012,85293,1556,26200,,6.806283,39,0
2012_legi_t1,2012,85294,3129,28330,,10.224916,294,
2012_legi_t1,2012,85295,3361,25840,,4.351527,86,0
2012_legi_t1,2012,85296,1240,24150,,5.364512,31,0
2012_legi_t1,2012,85297,1061,24500,,9.222559,29,0
2012_legi_t1,2012,85298,1951,25130,,7.929404,48,0
2012_legi_t1,2012,85299,,,,,,
2012_legi_t1,2012,85300,4743,27080,,4.524332,127,
2012_legi_t1,2012,85301,1802,26120,,5.306972,43,0
2012_legi_t1,2012,85302,5580,25850,,3.924811,208,0
2012_legi_t1,2012,85303,1829,24060,,9.387352,52,0
2012_legi_t1,2012,85304,782,23390,,7.086614,17,0
2012_legi_t1,2012,85305,823,24800,,5.673982,25,0
2012_legi_t1,2012,85306,743,24800,,6.652361,9,0
2012_legi_t1,2012,85307,,,,,,
2012_pres_t1,2012,44001,2052,24080,,8.601216,57,2.671859
2012_pres_t1,2012,44002,4121,27630,,4.668675,140,4.168135
2012_pres_t1,2012,44003,11346,26100,13,5.501921,720,7.185765
2012_pres_t1,2012,44004,,,,,,
2012_pres_t1,2012,44005,7288,25870,8,6.683179,177,1.564088
2012_pres_t1,2012,44006,1881,25700,,7.001795,47,3.996996
2012_pres_t1,2012,44007,2451,22940,,7.733692,75,0
2012_pres_t1,2012,44008,,,,,,
2012_pres_t1,2012,44009,9617,32310,6,4.749005,360,14.525764
2012_pres_t1,2012,44010,2799,27730,,8.404273,128,1.1107
2012_pres_t1,2012,44011,,,,,,
2012_pres_t1,2012,44012,3523,28490,,8.558113,113,1.204174
2012_pres_t1,2012,44013,3317,26930,,6.725664,48,0
2012_pres_t1,2012,44014,3967,28650,,4.381301,155,5.618942
2012_pres_t1,2012,44015,10352,25370,10,6.196048,303,6.982349
2012_pres_t1,2012,44016,1114,25500,,5.163511,25,0
2012_pres_t1,2012,44017,,,,,,
2012_pres_t1,2012,44018,8281,28660,7,4.653515,247,7.749524
2012_pres_t1,2012,44019,1100,27720,,7.57315,17,0
2012_pres_t1,2012,44020,20590,26590,13.8,6.621815,598,9.795333
2012_pres_t1,2012,44021,5004,25470,,7.896679,143,3.953073
2012_pres_t1,2012,44022,2814,25720,,4.804805,59,0
2012_pres_t1,2012,44023,3067,25630,,4.877648,74,0
2012_pres_t1,2012,44024,2760,29020,,4.360465,44,0
2012_pres_t1,2012,44025,4031,26710,,5.015085,135,0
2012_pres_t1,2012,44026,20535,30820,7.4,4.426602,990,4.978964
2012_pres_t1,2012,44027,2600,28050,,5.08982,41,0
2012_pres_t1,2012,44028,4011,29370,,5.04046,124,9.212297
2012_pres_t1,2012,44029,7158,27150,,5.701704,211,2.313521
2012_pres_t1,2012,44030,4424,25090,,5.636173,56,2.648223
2012_pres_t1,2012,44031,811,23880,,6.517312,26,0
2012_pres_t1,2012,44032,3443,28350,,5.452675,85,3.421895
2012_pres_t1,2012,44033,3246,28930,,4.888647,47,3.055743
2012_pres_t1,2012,44034,,,,,,
2012_pres_t1,2012,44035,20483,31490,7,5.173821,637,7.384482
2012_pres_t1,2012,44036,12231,23000,19,9.656253,623,2.70318
2012_pres_t1,2012,44037,3138,28380,,5.859505,97,1.330141
2012_pres_t1,2012,44038,3035,25200,,5.291261,69,0
2012_pres_t1,2012,44039,1172,28080,,3.677758,50,0
2012_pres_t1,2012,44040,,,,,,
2012_pres_t1,2012,44041,6342,27850,,4.217429,206,2.37109
2012_pres_t1,2012,44043,7459,28020,9,7.020645,392,3.06604
2012_pres_t1,2012,44044,1072,22940,,9.984152,21,0
2012_pres_t1,2012,44045,3954,27730,,4.23101,89,0
2012_pres_t1,2012,44046,2615,27300,,4.171495,41,0
2012_pres_t1,2012,44047,23541,27510,9.6,4.400591,588,10.635247
2012_pres_t1,2012,44048,2534,26740,,5.245232,62,0
2012_pres_t1,2012,44049,4081,28540,,6.373585,193,
2012_pres_t1,2012,44050,2985,26490,,5.970722,29,0
2012_pres_t1,2012,44051,3578,24310,,7.287866,142,1.056071
2012_pres_t1,2012,44052,8117,25630,9,7.35716,176,5.563689
2012_pres_t1,2012,44053,2288,26660,,7.341577,31,0
2012_pres_t1,2012,44054,3062,25280,,4.374297,72,0
2012_pres_t1,2012,44055,16613,32440,8,7.326042,989,3.74798
2012_pres_t1,2012,44056,3852,26570,,7.661888,75,8.489945
2012_pres_t1,2012,44057,2257,23570,,8.42411,46,0
2012_pres_t1,2012,44058,502,23250,,8.562691,13,0
2012_pres_t1,2012,44059,,,,,,
2012_pres_t1,2012,44060,,,,,,
2012_pres_t1,2012,44061,3289,25360,,7.11861,69,0
2012_pres_t1,2012,44062,1880,25120,,8.111107,29,0
2012_pres_t1,2012,44063,3794,27430,,6.325581,124,0
2012_pres_t1,2012,44064,5090,27630,,5.313093,82,1.671278
2012_pres_t1,2012,44065,770,23110,,9.978769,20,0
2012_pres_t1,2012,44066,6910,29730,,5.269329,192,8.243587
2012_pres_t1,2012,44067,5242,23280,15,11.063065,165,4.010298
2012_pres_t1,2012,44068,3577,24450,,7.493883,63,0
2012_pres_t1,2012,44069,16684,28630,8,6.316467,913,3.21349
2012_pres_t1,2012,44070,4734,29150,,4.391602,148,1.492847
2012_pres_t1,2012,44071,5992,30880,,4.408874,268,5.124794
2012_pres_t1,2012,44072,7178,25730,9,7.189003,203,1.711596
2012_pres_t1,2012,44073,6528,27820,,5.34188,204,7.696764
2012_pres_t1,2012,44074,4172,27770,,7.073901,62,14.830509
2012_pres_t1,2012,44075,1825,23980,,4.77911,46,4.447532
2012_pres_t1,2012,44076,1381,24170,,7.697816,25,0
2012_pres_t1,2012,44077,2753,25450,,5.911772,57,
2012_pres_t1,2012,44078,327,21560,,1.851852,9,0
2012_pres_t1,2012,44079,3214,26850,,5.637212,87,0
2012_pres_t1,2012,44080,769,26990,,7.214429,12,0
2012_pres_t1,2012,44081,4769,24680,,5.595634,155,1.654065
2012_pres_t1,2012,44082,5593,27020,,5.226722,104,1.30869
2012_pres_t1,2012,44083,2468,26010,,5.134206,40,0
2012_pres_t1,2012,44084,8595,27370,8,3.534911,240,1.330636
2012_pres_t1,2012,44085,949,24400,,5.414552,23,0
2012_pres_t1,2012,44086,1064,23610,,4.465815,25,0
2012_pres_t1,2012,44087,7665,25310,10,5.415069,341,2.110323
2012_pres_t1,2012,44088,3071,27280,,4.141689,60,0
2012_pres_t1,2012,44089,3689,28030,,5.770126,136,7.8392
2012_pres_t1,2012,44090,1578,25200,,5.345241,37,0
2012_pres_t1,2012,44091,1529,24310,,6.813187,40,0
2012_pres_t1,2012,44092,670,22530,,11.970075,9,0
2012_pres_t1,2012,44093,,,,,,
2012_pres_t1,2012,44094,3393,29420,,5.624355,58,5.108137
2012_pres_t1,2012,44095,1587,23920,,6.926826,28,0
2012_pres_t1,2012,44096,4681,26450,,4.656011,113,0
2012_pres_t1,2012,44097,2156,28570,,7.249255,75,1.469012
2012_pres_t1,2012,44098,5619,26010,,6.591154,119,2.810922
2012_pres_t1,2012,44099,1964,24330,,6.531041,63,3.18277
2012_pres_t1,2012,44100,2341,27170,,4.468413,46,0
2012_pres_t1,2012,44101,6523,27090,10,5.762749,157,2.935246
2012_pres_t1,2012,44102,3346,26650,,2.700299,98,4.691308
2012_pres_t1,2012,44103,7289,25290,11,9.964492,325,14.821823
2012_pres_t1,2012,44104,843,25360,,3.001876,13,0
2012_pres_t1,2012,44105,356,22530,,9.205021,11,0
2012_pres_t1,2012,44106,1846,27460,,6.405229,50,4.00479
2012_pres_t1,2012,44107,2004,26250,,6.086957,40,0
2012_pres_t1,2012,44108,2903,27450,,3.710589,84,0
2012_pres_t1,2012,44109,325070,26720,19.1,10.019699,11718,4.415539
2012_pres_t1,2012,44110,9448,26520,8,5.81633,288,2.782018
2012_pres_t1,2012,44111,2335,26520,,4.753008,33,0
2012_pres_t1,2012,44112,579,24010,,5.405405,9,0
2012_pres_t1,2012,44113,4280,25220,,6.478261,167,4.505046
2012_pres_t1,2012,44114,28341,30410,11.3,6.249184,963,9.288042
2012_pres_t1,2012,44115,3915,28380,,4.822521,75,1.853878
2012_pres_t1,2012,44116,3030,23620,,9.483358,52,0
2012_pres_t1,2012,44117,3374,27870,,6.089875,102,0
2012_pres_t1,2012,44118,1454,24420,,8.854167,27,0
2012_pres_t1,2012,44119,2042,25020,,6.543624,47,0
2012_pres_t1,2012,44120,5335,26610,,7.5418,110,2.029273
2012_pres_t1,2012,44121,437,23210,,6.227106,13,0
2012_pres_t1,2012,44122,3865,27740,,3.877996,71,0
2012_pres_t1,2012,44123,1011,24300,,6.468531,26,0
2012_pres_t1,2012,44124,829,24490,,8.112648,22,0
2012_pres_t1,2012,44125,2663,29320,,7.629434,110,1.661554
2012_pres_t1,2012,44126,4617,27060,,5.304123,127,0.868403
2012_pres_t1,2012,44127,2802,25440,,3.681498,77,0
2012_pres_t1,2012,44128,5281,24720,12,7.133924,146,1.864796
2012_pres_t1,2012,44129,11249,26570,8,7.357479,358,4.017135
2012_pres_t1,2012,44130,6942,29240,,3.737342,202,6.977065
2012_pres_t1,2012,44131,18382,29470,7,5.945211,871,2.657202
2012_pres_t1,2012,44132,12530,31310,8,7.915198,501,6.011625
2012_pres_t1,2012,44133,3046,27910,,4.777346,67,3.466872
2012_pres_t1,2012,44134,1050,26210,,4.84375,23,0
2012_pres_t1,2012,44135,4007,29460,11,7.051075,240,1.104125
2012_pres_t1,2012,44136,1246,30360,,7.391925,64,2.354699
2012_pres_t1,2012,44137,3557,27680,,5.078201,73,4.633363
2012_pres_t1,2012,44138,1124,25930,,5.960265,55,0
2012_pres_t1,2012,44139,1541,25720,,7.524272,20,0
2012_pres_t1,2012,44140,1559,25890,,4.235537,31,0
2012_pres_t1,2012,44141,1288,25480,,3.960396,27,0
2012_pres_t1,2012,44142,1932,25910,,4.578097,42,0
2012_pres_t1,2012,44143,43349,26580,14.1,7.98531,1241,8.568104
2012_pres_t1,2012,44144,2358,24390,,6.472686,64,
2012_pres_t1,2012,44145,3272,26650,,4.907271,57,0
2012_pres_t1,2012,44146,2152,24350,,6.642599,55,2.373233
2012_pres_t1,2012,44147,,,,,,
2012_pres_t1,2012,44148,705,23410,,4.510153,11,0
2012_pres_t1,2012,44149,4075,25830,,5.860523,76,2.636462
2012_pres_t1,2012,44150,3991,28420,,5.155168,195,4.192449
2012_pres_t1,2012,44151,6949,29840,,5.021868,140,2.166065
2012_pres_t1,2012,44152,3014,26120,,5.377332,65,0
2012_pres_t1,2012,44153,1749,23860,,8.93401,29,0
2012_pres_t1,2012,44154,14645,28760,8,6.766102,414,2.470146
2012_pres_t1,2012,44155,3499,26570,,5.610948,70,0
2012_pres_t1,2012,44156,3209,25110,,4.350107,59,2.459312
2012_pres_t1,2012,44157,1764,24260,,6.571742,38,0
2012_pres_t1,2012,44158,7739,30120,,3.936023,240,5.245347
2012_pres_t1,2012,44159,1246,30640,,6.594886,27,0
2012_pres_t1,2012,44160,,,,,,
2012_pres_t1,2012,44161,3790,25050,,5.537651,91,0
2012_pres_t1,2012,44162,50561,25940,16.9,8.08508,2754,6.324863
2012_pres_t1,2012,44163,4890,26250,,5.849304,89,0
2012_pres_t1,2012,44164,2376,25390,,4.541614,71,0
2012_pres_t1,2012,44165,2405,27060,,4.37452,55,0
2012_pres_t1,2012,44166,6024,27230,,3.966511,77,2.110968
2012_pres_t1,2012,44168,4125,24840,,5.460702,53,
2012_pres_t1,2012,44169,7768,28760,,5.399261,244,7.87744
2012_pres_t1,2012,44170,963,23510,,8.31793,28,0
2012_pres_t1,2012,44171,2114,29400,,4.770992,31,3.492812
2012_pres_t1,2012,44172,16227,28980,9,5.837489,554,7.324295
2012_pres_t1,2012,44173,2118,26700,,3.722685,37,0
2012_pres_t1,2012,44174,2390,26340,,4.383788,48,2.847693
2012_pres_t1,2012,44175,5246,27420,,5.918441,100,0
2012_pres_t1,2012,44176,3221,26080,,7.839388,35,2.511508
2012_pres_t1,2012,44178,2644,27000,,5.123361,56,7.291804
2012_pres_t1,2012,44179,5435,27990,,3.487824,120,3.583962
2012_pres_t1,2012,44180,6625,23960,12,5.722197,188,1.142189
2012_pres_t1,2012,44181,,,,,,
2012_pres_t1,2012,44182,5520,27960,,4.876504,158,1.245264
2012_pres_t1,2012,44183,2859,26550,,5.983971,70,0
2012_pres_t1,2012,44184,73111,24750,18,9.887284,2203,5.208554
2012_pres_t1,2012,44185,3304,24480,,7.923356,96,2.747515
2012_pres_t1,2012,44186,7209,26790,,3.96733,180,0
2012_pres_t1,2012,44187,4701,25240,,6.214832,154,0.807459
2012_pres_t1,2012,44188,9392,27410,7,4.414647,312,3.425862
2012_pres_t1,2012,44189,2447,25540,,6.283525,39,0
2012_pres_t1,2012,44190,28373,28930,9.7,5.399392,590,6.594886
2012_pres_t1,2012,44191,,,,,,
2012_pres_t1,2012,44192,2846,26080,,4.719764,71,0
2012_pres_t1,2012,44193,1527,23440,,7.182772,34,5.925926
2012_pres_t1,2012,44194,8534,33610,7,5.379177,280,4.563854
2012_pres_t1,2012,44195,9465,28290,9,6.324102,291,4.124603
2012_pres_t1,2012,44196,1693,24330,,6.744637,18,0
2012_pres_t1,2012,44197,1658,22950,,7.723577,50,3.931712
2012_pres_t1,2012,44198,9163,28200,8,5.134137,383,7.409603
2012_pres_t1,2012,44199,1965,24390,,5.980923,48,0
2012_pres_t1,2012,44200,339,23470,,10.619469,6,0
2012_pres_t1,2012,44201,7457,33610,,3.107433,179,7.516416
2012_pres_t1,2012,44202,1820,25740,,2.662626,44,
2012_pres_t1,2012,44203,2005,27440,,2.97278,33,0
2012_pres_t1,2012,44204,10956,29430,8,6.093405,297,4.26816
2012_pres_t1,2012,44205,2619,25400,,7.150887,57,0
2012_pres_t1,2012,44206,1936,24660,,7.416538,45,0
2012_pres_t1,2012,44207,1124,24540,,9.172662,24,0
2012_pres_t1,2012,44208,976,22750,,5.819297,25,0
2012_pres_t1,2012,44209,10414,31030,6,3.554725,338,8.186454
2012_pres_t1,2012,44210,8234,24200,13,7.222572,379,8.183981
2012_pres_t1,2012,44211,4862,27900,10,6.905278,198,1.025875
2012_pres_t1,2012,44212,9524,26770,8,5.74203,334,1.84356
2012_pres_t1,2012,44213,7509,24540,11,6.352913,228,1.63098
2012_pres_t1,2012,44214,2084,24970,,4.381443,51,0
2012_pres_t1,2012,44215,26048,31190,6.6,4.721488,845,4.664278
2012_pres_t1,2012,44216,4110,26060,,3.889975,134,
2012_pres_t1,2012,44217,6633,31380,,4.166076,261,7.960413
2012_pres_t1,2012,44218,687,25100,,7.276995,17,0
2012_pres_t1,2012,44219,,,,,,
2012_pres_t1,2012,44220,1716,26690,,4.994571,32,0
2012_pres_t1,2012,44221,1559,26740,,4.182042,27,0
2012_pres_t1,2012,44222,1258,26490,,9.139785,17,0
2012_pres_t1,2012,44223,3691,27620,,5.28995,104,2.107116
2012_pres_t1,2012,44224,1815,25070,,3.546099,35,0
2012_pres_t1,2012,49001,,,,,,
2012_pres_t1,2012,49002,2925,24540,,7.182941,101,3.132482
2012_pres_t1,2012,49003,1734,24260,,8.265699,59,0
2012_pres_t1,2012,49004,,,,,,
2012_pres_t1,2012,49005,,,,,,
2012_pres_t1,2012,49006,,,,,,
2012_pres_t1,2012,49007,157555,23930,22,10.537502,5368,2.457946
2012_pres_t1,2012,49008,917,23970,,8.545455,30,0
2012_pres_t1,2012,49009,450,25070,,4.827586,6,0
2012_pres_t1,2012,49010,317,26330,,7.106599,14,0
2012_pres_t1,2012,49011,410,27510,,6.734007,4,0
2012_pres_t1,2012,49012,349,23920,,4.824561,8,0
2012_pres_t1,2012,49013,,,,,,
2012_pres_t1,2012,49014,,,,,,
2012_pres_t1,2012,49015,15225,28520,10,7.789767,369,11.180975
2012_pres_t1,2012,49017,629,24930,,6.601483,11,0
2012_pres_t1,2012,49018,11747,24110,13,7.30065,382,4.201279
2012_pres_t1,2012,49019,,,,,,
2012_pres_t1,2012,49020,5618,28980,,5.518156,631,12.176495
2012_pres_t1,2012,49021,6893,25190,8,7.350064,234,4.252953
2012_pres_t1,2012,49022,1346,27030,,4.392993,50,0
2012_pres_t1,2012,49023,23887,25400,7.2,5.178643,708,2.20695
2012_pres_t1,2012,49024,,,,,,
2012_pres_t1,2012,49025,,,,,,
2012_pres_t1,2012,49026,2781,26270,,5.475572,96,0
2012_pres_t1,2012,49027,2115,25980,,5.894731,41,0
2012_pres_t1,2012,49028,119,25600,,7.594937,8,0
2012_pres_t1,2012,49029,1317,28740,,4.4331,32,0
2012_pres_t1,2012,49030,938,26080,,7.401575,19,0
2012_pres_t1,2012,49031,,,,,,
2012_pres_t1,2012,49032,,,,,,
2012_pres_t1,2012,49033,,,,,,
2012_pres_t1,2012,49034,,,,,,
2012_pres_t1,2012,49035,6635,32260,,5.647276,156,3.69289
2012_pres_t1,2012,49036,775,23780,,5.952381,11,0
2012_pres_t1,2012,49037,,,,,,
2012_pres_t1,2012,49038,236,22170,,4.477612,5,0
2012_pres_t1,2012,49039,,,,,,
2012_pres_t1,2012,49040,,,,,,
2012_pres_t1,2012,49041,2078,23430,,10.716876,44,3.097157
2012_pres_t1,2012,49042,,,,,,
2012_pres_t1,2012,49043,,,,,,
2012_pres_t1,2012,49044,,,,,,
2012_pres_t1,2012,49045,617,23320,,10.975893,16,0
2012_pres_t1,2012,49046,,,,,,
2012_pres_t1,2012,49047,,,,,,
2012_pres_t1,2012,49048,3193,28100,,3.588339,59,0
2012_pres_t1,2012,49049,,,,,,
2012_pres_t1,2012,49050,11000,27020,6,5.084907,325,4.326632
2012_pres_t1,2012,49051,,,,,,
2012_pres_t1,2012,49052,,,,,,
2012_pres_t1,2012,49053,348,24580,,6.989247,8,0
2012_pres_t1,2012,49054,2815,24000,,8.56745,102,0
2012_pres_t1,2012,49055,2397,29100,,5.834564,60,0
2012_pres_t1,2012,49056,276,25550,,10.365854,9,0
2012_pres_t1,2012,49057,329,23600,,7.253886,7,0
2012_pres_t1,2012,49058,892,24130,,6.896552,26,0
2012_pres_t1,2012,49059,,,,,,
2012_pres_t1,2012,49060,3450,24450,,9.472607,97,0
2012_pres_t1,2012,49061,811,23480,,3.968254,36,0
2012_pres_t1,2012,49062,,,,,,
2012_pres_t1,2012,49063,6541,26540,8,6.126939,240,1.099182
2012_pres_t1,2012,49064,409,25660,,6.542056,18,0
2012_pres_t1,2012,49065,,,,,,
2012_pres_t1,2012,49066,,,,,,
2012_pres_t1,2012,49067,341,24940,,7.475942,13,0
2012_pres_t1,2012,49068,1837,25350,,6.305419,64,0
2012_pres_t1,2012,49069,,,,5.165568,,
2012_pres_t1,2012,49070,712,24860,,2.927928,12,0
2012_pres_t1,2012,49071,,,,,,
2012_pres_t1,2012,49072,,,,,,
2012_pres_t1,2012,49073,,,,,,
2012_pres_t1,2012,49074,,,,,,
2012_pres_t1,2012,49075,,,,,,
2012_pres_t1,2012,49076,820,26100,,7.857143,11,0
2012_pres_t1,2012,49077,,,,,,
2012_pres_t1,2012,49078,,,,,,
2012_pres_t1,2012,49079,,,,,,
2012_pres_t1,2012,49080,8712,24680,10,7.806827,217,0.646307
2012_pres_t1,2012,49081,,,,,,
2012_pres_t1,2012,49082,941,25130,,4.692557,21,0
2012_pres_t1,2012,49083,,,,,,
2012_pres_t1,2012,49084,,,,,,
2012_pres_t1,2012,49085,,,,,,
2012_pres_t1,2012,49086,3885,25620,,5.471725,129,0
2012_pres_t1,2012,49087,,,,,,
2012_pres_t1,2012,49088,,,,,,
2012_pres_t1,2012,49089,1067,25030,,2.838063,30,0
2012_pres_t1,2012,49090,1036,25160,,9.853521,13,0
2012_pres_t1,2012,49091,,,,,,
2012_pres_t1,2012,49092,21550,25430,8.9,4.679782,761,1.207844
2012_pres_t1,2012,49093,,,,,,
2012_pres_t1,2012,49094,,,,,,
2012_pres_t1,2012,49095,,,,,,
2012_pres_t1,2012,49096,,,,,,
2012_pres_t1,2012,49097,,,,,,
2012_pres_t1,2012,49098,,,,,,
2012_pres_t1,2012,49099,54074,25020,15.8,9.128339,2246,3.375415
2012_pres_t1,2012,49100,473,25000,,6.410256,21,0
2012_pres_t1,2012,49101,,,,,,
2012_pres_t1,2012,49102,345,24250,,7.865169,12,0
2012_pres_t1,2012,49103,,,,,,
2012_pres_t1,2012,49104,,,,,,
2012_pres_t1,2012,49105,,,,,,
2012_pres_t1,2012,49106,,,,,,
2012_pres_t1,2012,49107,481,27420,,4.316547,18,0
2012_pres_t1,2012,49108,,,,,,
2012_pres_t1,2012,49109,1575,25420,,3.783141,37,0
2012_pres_t1,2012,49110,1982,25770,,6.29771,53,0
2012_pres_t1,2012,49111,,,,,,
2012_pres_t1,2012,49112,935,26540,,7.321429,21,0
2012_pres_t1,2012,49113,530,25700,,6.734007,9,0
2012_pres_t1,2012,49114,140,21740,,4.950495,3,0
2012_pres_t1,2012,49115,,,,,,
2012_pres_t1,2012,49116,,,,,,
2012_pres_t1,2012,49117,,,,,,
2012_pres_t1,2012,49119,,,,,,
2012_pres_t1,2012,49120,1448,27290,,4.343105,26,0
2012_pres_t1,2012,49121,442,24620,,6.859206,13,0
2012_pres_t1,2012,49122,,,,,,
2012_pres_t1,2012,49123,1812,27090,,5.562352,143,0
2012_pres_t1,2012,49125,11227,24540,12,8.195183,391,5.049087
2012_pres_t1,2012,49126,16975,25770,7,,385,1.811286
2012_pres_t1,2012,49127,3376,24600,,9.030949,137,4.070128
2012_pres_t1,2012,49128,,,,,,
2012_pres_t1,2012,49129,4614,26690,,4.733964,220,3.734656
2012_pres_t1,2012,49130,661,27430,,6.25,12,0
2012_pres_t1,2012,49131,719,24460,,8.409091,6,0
2012_pres_t1,2012,49132,1567,25460,,6.006803,29,0
2012_pres_t1,2012,49133,,,,,,
2012_pres_t1,2012,49134,,,,,,
2012_pres_t1,2012,49135,2216,27780,,3.498675,45,0
2012_pres_t1,2012,49136,,,,,,
2012_pres_t1,2012,49137,,,,,,
2012_pres_t1,2012,49138,2531,24960,,6.423841,64,1.455445
2012_pres_t1,2012,49139,,,,,,
2012_pres_t1,2012,49140,1477,23460,,7.673735,27,0
2012_pres_t1,2012,49141,,,,,,
2012_pres_t1,2012,49142,,,,,,
2012_pres_t1,2012,49143,,,,,,
2012_pres_t1,2012,49144,,,,,,
2012_pres_t1,2012,49145,,,,,,
2012_pres_t1,2012,49147,,,,,,
2012_pres_t1,2012,49148,,,,,,
2012_pres_t1,2012,49149,,,,,,
2012_pres_t1,2012,49150,,,,,,
2012_pres_t1,2012,49151,,,,,,
2012_pres_t1,2012,49153,,,,,,
2012_pres_t1,2012,49154,,,,,,
2012_pres_t1,2012,49155,1437,29340,,3.958333,58,0
2012_pres_t1,2012,49156,,,,,,
2012_pres_t1,2012,49157,,,,,,
2012_pres_t1,2012,49158,,,,,,
2012_pres_t1,2012,49159,,,,,,
2012_pres_t1,2012,49160,3069,24760,,6.448435,75,0
2012_pres_t1,2012,49161,343,26210,,5.970149,8,0
2012_pres_t1,2012,49162,,,,,,
2012_pres_t1,2012,49163,2792,25100,,6.89795,61,0
2012_pres_t1,2012,49165,,,,,,
2012_pres_t1,2012,49167,4670,31910,,4.541193,145,2.660655
2012_pres_t1,2012,49169,,,,,,
2012_pres_t1,2012,49170,828,26390,,6.706114,14,0
2012_pres_t1,2012,49171,119,24130,,3.125,2,0
2012_pres_t1,2012,49172,,,,,,
2012_pres_t1,2012,49173,,,,,,
2012_pres_t1,2012,49174,1304,24430,,7.174709,26,0
2012_pres_t1,2012,49175,,,,,,
2012_pres_t1,2012,49176,5343,25990,,7.33116,178,
2012_pres_t1,2012,49177,,,,,,
2012_pres_t1,2012,49178,884,24740,,7.100592,34,0
2012_pres_t1,2012,49179,,,,,,
2012_pres_t1,2012,49180,6583,23720,15,9.066904,234,2.979738
2012_pres_t1,2012,49181,,,,,,
2012_pres_t1,2012,49182,895,25930,,4.868154,31,0
2012_pres_t1,2012,49183,4967,25470,,7.251108,106,1.30656
2012_pres_t1,2012,49184,,,,,,
2012_pres_t1,2012,49185,,,,,,
2012_pres_t1,2012,49186,,,,,,
2012_pres_t1,2012,49187,,,,,,
2012_pres_t1,2012,49188,846,26020,,5.366726,21,0
2012_pres_t1,2012,49189,,,,,,
2012_pres_t1,2012,49190,,,,,,
2012_pres_t1,2012,49191,,,,,,
2012_pres_t1,2012,49192,3206,25980,,5.499937,125,2.261649
2012_pres_t1,2012,49193,3878,25250,,6.193601,81,0
2012_pres_t1,2012,49194,5770,26840,,6.498162,121,2.402535
2012_pres_t1,2012,49195,1257,26290,,2.564103,29,0
2012_pres_t1,2012,49196,,,,,,
2012_pres_t1,2012,49197,,,,,,
2012_pres_t1,2012,49198,,,,,,
2012_pres_t1,2012,49199,,,,,,
2012_pres_t1,2012,49200,6453,27970,,5.190333,113,2.285336
2012_pres_t1,2012,49201,2057,25480,,5.915311,41,0
2012_pres_t1,2012,49202,,,,,,
2012_pres_t1,2012,49204,,,,,,
2012_pres_t1,2012,49205,1050,23600,,7.627246,37,0
2012_pres_t1,2012,49206,,,,,,
2012_pres_t1,2012,49207,,,,,,
2012_pres_t1,2012,49208,,,,,,
2012_pres_t1,2012,49209,433,25200,,6.745311,6,0
2012_pres_t1,2012,49211,1229,25200,,4.447512,42,0
2012_pres_t1,2012,49212,,,,,,
2012_pres_t1,2012,49213,,,,,,
2012_pres_t1,2012,49214,7811,27720,7,5.096835,135,4.328405
2012_pres_t1,2012,49215,3716,24190,,8.782121,132,
2012_pres_t1,2012,49216,565,28200,,4.804805,9,0
2012_pres_t1,2012,49217,792,26240,,4.081633,14,0
2012_pres_t1,2012,49218,15684,24680,8,5.366308,407,0.852465
2012_pres_t1,2012,49219,416,27820,,11.888112,32,0
2012_pres_t1,2012,49220,3694,24670,,7.421036,100,1.88437
2012_pres_t1,2012,49221,800,21640,,8.285164,21,0
2012_pres_t1,2012,49222,2033,27430,,5.243722,66,0
2012_pres_t1,2012,49223,6172,27750,8,7.197275,158,3.137818
2012_pres_t1,2012,49224,1011,24490,,9.508716,28,0
2012_pres_t1,2012,49225,,,,,,
2012_pres_t1,2012,49226,,,,,,
2012_pres_t1,2012,49227,,,,,,
2012_pres_t1,2012,49228,5473,22210,19,9.955212,173,2.326518
2012_pres_t1,2012,49229,,,,,,
2012_pres_t1,2012,49230,,,,,,
2012_pres_t1,2012,49231,1454,26350,,4.356846,40,0
2012_pres_t1,2012,49232,,,,,,
2012_pres_t1,2012,49233,,,,,,
2012_pres_t1,2012,49234,,,,,,
2012_pres_t1,2012,49235,377,27400,,10.091743,21,0
2012_pres_t1,2012,49236,128,24530,,9.756098,6,0
2012_pres_t1,2012,49237,137,22880,,11.458333,1,0
2012_pres_t1,2012,49238,,,,,,
2012_pres_t1,2012,49239,,,,,,
2012_pres_t1,2012,49240,1016,24290,,4.347826,24,0
2012_pres_t1,2012,49241,2649,29110,,5.650358,75,0
2012_pres_t1,2012,49242,,,,,,
2012_pres_t1,2012,49243,,,,,,
2012_pres_t1,2012,49244,18514,25020,9,5.435785,543,0.85289
2012_pres_t1,2012,49245,,,,,,
2012_pres_t1,2012,49246,12863,26690,12,6.146832,498,2.055086
2012_pres_t1,2012,49247,2478,27480,,3.018982,50,
2012_pres_t1,2012,49248,8811,23850,13,7.319832,283,1.361352
2012_pres_t1,2012,49249,,,,,,
2012_pres_t1,2012,49250,,,,,,
2012_pres_t1,2012,49251,,,,,,
2012_pres_t1,2012,49252,,,,,,
2012_pres_t1,2012,49253,1089,23700,,7.776472,45,0
2012_pres_t1,2012,49254,,,,,,
2012_pres_t1,2012,49256,,,,,,
2012_pres_t1,2012,49257,1043,24760,,6.122449,17,0
2012_pres_t1,2012,49258,,,,,,
2012_pres_t1,2012,49259,2332,26130,,8.520179,64,0
2012_pres_t1,2012,49260,2012,26320,,4.691793,51,0
2012_pres_t1,2012,49261,8452,25150,10,8.799304,235,2.352834
2012_pres_t1,2012,49262,644,26900,,4.408353,9,0
2012_pres_t1,2012,49263,,,,,,
2012_pres_t1,2012,49264,,,,,,
2012_pres_t1,2012,49265,,,,,,
2012_pres_t1,2012,49266,1283,26200,,3.475596,20,0
2012_pres_t1,2012,49267,9496,26190,13,7.40234,551,5.833932
2012_pres_t1,2012,49268,,,,,,
2012_pres_t1,2012,49269,2843,26920,,4.648526,83,0
2012_pres_t1,2012,49270,,,,,,
2012_pres_t1,2012,49271,2139,27740,,4.248366,40,0
2012_pres_t1,2012,49272,1127,24170,,7.293181,15,0
2012_pres_t1,2012,49273,,,,,,
2012_pres_t1,2012,49274,,,,,,
2012_pres_t1,2012,49276,,,,,,
2012_pres_t1,2012,49277,,,,,,
2012_pres_t1,2012,49278,3617,30130,,4.372087,170,2.137827
2012_pres_t1,2012,49279,,,,,,
2012_pres_t1,2012,49280,,,,,,
2012_pres_t1,2012,49281,,,,,,
2012_pres_t1,2012,49282,,,,,,
2012_pres_t1,2012,49283,3787,26180,,3.597446,134,0
2012_pres_t1,2012,49284,1396,25550,,2.610975,41,0
2012_pres_t1,2012,49285,,,,,,
2012_pres_t1,2012,49288,225,26620,,1.886792,3,0
2012_pres_t1,2012,49289,,,,,,
2012_pres_t1,2012,49290,,,,,,
2012_pres_t1,2012,49291,386,23920,,7.116105,8,0
2012_pres_t1,2012,49292,3508,26040,,5.88723,91,0
2012_pres_t1,2012,49294,2961,28980,,5.548926,59,0
2012_pres_t1,2012,49295,,,,,,
2012_pres_t1,2012,49296,,,,,,
2012_pres_t1,2012,49297,,,,,,
2012_pres_t1,2012,49298,3860,29560,,4.592524,175,1.663237
2012_pres_t1,2012,49299,3099,26950,,5.269321,78,0
2012_pres_t1,2012,49300,,,,,,
2012_pres_t1,2012,49301,25764,26070,6.2,5.045572,702,2.905786
2012_pres_t1,2012,49302,442,22920,,7.88401,11,0
2012_pres_t1,2012,49303,,,,,,
2012_pres_t1,2012,49304,,,,,,
2012_pres_t1,2012,49305,,,,,,
2012_pres_t1,2012,49306,1693,28630,,5.499068,66,0
2012_pres_t1,2012,49307,16588,27910,5,5.369509,407,4.702786
2012_pres_t1,2012,49308,2209,31470,,3.664911,53,0
2012_pres_t1,2012,49309,,,,,,
2012_pres_t1,2012,49310,600,23100,,7.486631,17,0
2012_pres_t1,2012,49311,1319,25090,,6.143198,20,0
2012_pres_t1,2012,49312,,,,,,
2012_pres_t1,2012,49313,,,,,,
2012_pres_t1,2012,49314,,,,,,
2012_pres_t1,2012,49315,,,,,,
2012_pres_t1,2012,49316,,,,,,
2012_pres_t1,2012,49317,,,,,,
2012_pres_t1,2012,49318,,,,,,
2012_pres_t1,2012,49319,,,,,,
2012_pres_t1,2012,49320,,,,,,
2012_pres_t1,2012,49321,,,,,,
2012_pres_t1,2012,49322,,,,,,
2012_pres_t1,2012,49323,7946,27010,9,5.510893,368,5.072784
2012_pres_t1,2012,49324,,,,,,
2012_pres_t1,2012,49325,,,,,,
2012_pres_t1,2012,49326,891,29400,,2.131467,11,0
2012_pres_t1,2012,49327,,,,,,
2012_pres_t1,2012,49328,26074,23990,18.8,11.223895,1155,3.923458
2012_pres_t1,2012,49329,1351,28690,,4.501217,48,0
2012_pres_t1,2012,49330,1161,26410,,5.555556,14,0
2012_pres_t1,2012,49331,17617,24390,12,6.865733,579,3.416929
2012_pres_t1,2012,49332,4199,27320,,4.794247,223,0
2012_pres_t1,2012,49333,2853,24710,,6.595864,113,2.017865
2012_pres_t1,2012,49334,341,25000,,10.614525,7,0
2012_pres_t1,2012,49335,,,,,,
2012_pres_t1,2012,49336,875,24970,,2.994242,37,0
2012_pres_t1,2012,49337,,,,,,
2012_pres_t1,2012,49338,1344,28720,,4.419192,17,0
2012_pres_t1,2012,49339,1477,27750,,5.57377,23,0
2012_pres_t1,2012,49341,691,25080,,6.639839,16,0
2012_pres_t1,2012,49342,,,,,,
2012_pres_t1,2012,49343,3178,26960,,3.93896,89,
2012_pres_t1,2012,49344,1238,26660,,4.810496,20,0
2012_pres_t1,2012,49345,5874,25780,,5.357726,195,0
2012_pres_t1,2012,49346,,,,,,
2012_pres_t1,2012,49347,4498,26990,,6.050268,176,3.10024
2012_pres_t1,2012,49348,,,,,,
2012_pres_t1,2012,49349,,,,,,
2012_pres_t1,2012,49350,,,,,,
2012_pres_t1,2012,49351,,,,,,
2012_pres_t1,2012,49352,1316,25800,,4.200542,23,0
2012_pres_t1,2012,49353,15620,23960,17,10.56916,431,2.867875
2012_pres_t1,2012,49354,,,,,,
2012_pres_t1,2012,49355,3078,26280,,4.578858,75,0
2012_pres_t1,2012,49356,,,,,,
2012_pres_t1,2012,49358,569,23910,,9.627329,27,0
2012_pres_t1,2012,49359,553,27500,,6.592584,18,0
2012_pres_t1,2012,49360,,,,,,
2012_pres_t1,2012,49361,1924,23800,,7.382358,39,0
2012_pres_t1,2012,49362,1282,27620,,7.702836,34,0
2012_pres_t1,2012,49363,,,,,,
2012_pres_t1,2012,49364,1122,24740,,5.235853,35,0
2012_pres_t1,2012,49365,,,,,,
2012_pres_t1,2012,49366,,,,,,
2012_pres_t1,2012,49367,5784,25210,,5.805901,120,0.73912
2012_pres_t1,2012,49368,2006,22870,,9.527825,63,0
2012_pres_t1,2012,49369,1330,22660,,8.293059,42,0
2012_pres_t1,2012,49370,459,25750,,5,10,0
2012_pres_t1,2012,49371,1750,25110,,4.277567,32,0
2012_pres_t1,2012,49372,,,,,,
2012_pres_t1,2012,49373,7722,23890,11,7.334858,282,0
2012_pres_t1,2012,49374,1462,23700,,6.680878,19,0
2012_pres_t1,2012,49375,,,,,,
2012_pres_t1,2012,49376,,,,,,
2012_pres_t1,2012,49377,5642,28150,,3.764351,114,3.579519
2012_pres_t1,2012,49378,2599,24320,,6.025297,60,0
2012_pres_t1,2012,49380,,,,,,
2012_pres_t1,2012,49381,1829,25350,,3.873874,55,0
2012_pres_t1,2012,53001,1864,26540,,3.88601,35,0
2012_pres_t1,2012,53002,612,25350,,4.702194,16,0
2012_pres_t1,2012,53003,2603,24800,,3.749088,104,0
2012_pres_t1,2012,53004,,,,,,
2012_pres_t1,2012,53005,2324,25370,,4.484412,76,0
2012_pres_t1,2012,53006,,,,,,
2012_pres_t1,2012,53007,2908,26370,,4.250431,66,0
2012_pres_t1,2012,53008,1830,25970,,4.856906,39,0
2012_pres_t1,2012,53009,672,26650,,4.522613,23,0
2012_pres_t1,2012,53010,419,25500,,8.208472,8,0
2012_pres_t1,2012,53011,887,25720,,6.55106,25,0
2012_pres_t1,2012,53012,453,25350,,3.71517,14,0
2012_pres_t1,2012,53013,555,25130,,3.589744,20,0
2012_pres_t1,2012,53014,,,,,,
2012_pres_t1,2012,53015,1964,25810,,3.444611,34,0
2012_pres_t1,2012,53016,1220,23270,,5.412371,45,0
2012_pres_t1,2012,53017,971,23230,,6.785669,31,0
2012_pres_t1,2012,53018,1298,24480,,4.447853,47,0
2012_pres_t1,2012,53019,119,25940,,6.17284,4,0
2012_pres_t1,2012,53021,966,27810,,3.747871,12,0
2012_pres_t1,2012,53022,495,25810,,6.727829,17,0
2012_pres_t1,2012,53023,550,26550,,2.777194,6,0
2012_pres_t1,2012,53025,1086,25390,,5.232494,29,0
2012_pres_t1,2012,53026,500,26380,,4.72973,15,0
2012_pres_t1,2012,53027,203,24970,,6.298541,7,0
2012_pres_t1,2012,53028,560,25800,,6.741573,8,0
2012_pres_t1,2012,53029,1280,23330,,6.339917,41,0
2012_pres_t1,2012,53030,320,26990,,1.826484,7,0
2012_pres_t1,2012,53031,490,25540,,1.760563,15,0
2012_pres_t1,2012,53032,,,,,,
2012_pres_t1,2012,53033,116,24250,,1.219512,5,0
2012_pres_t1,2012,53034,6294,28150,,4.451879,230,1.82989
2012_pres_t1,2012,53035,611,24600,,5.042017,20,0
2012_pres_t1,2012,53036,1066,24070,,4.293538,26,0
2012_pres_t1,2012,53037,718,25240,,4.928131,11,0
2012_pres_t1,2012,53038,136,25820,,3.030303,7,0
2012_pres_t1,2012,53039,1726,24600,,4.622251,54,0
2012_pres_t1,2012,53040,618,24100,,4.324324,12,0
2012_pres_t1,2012,53041,276,25870,,6.081081,8,0
2012_pres_t1,2012,53042,833,25300,,4.878049,23,0
2012_pres_t1,2012,53043,584,24870,,7.430341,13,0
2012_pres_t1,2012,53045,674,25970,,3.498312,15,0
2012_pres_t1,2012,53046,313,25410,,7.027027,8,0
2012_pres_t1,2012,53047,254,24250,,1.851852,11,0
2012_pres_t1,2012,53048,1173,24830,,4.353933,47,0
2012_pres_t1,2012,53049,691,26880,,3.971963,6,0
2012_pres_t1,2012,53050,,,,,,
2012_pres_t1,2012,53051,624,23130,,3.519062,10,0
2012_pres_t1,2012,53052,282,25830,,6.382979,7,0
2012_pres_t1,2012,53053,495,24250,,4.907975,8,0
2012_pres_t1,2012,53054,6482,28990,,3.980776,466,1.749718
2012_pres_t1,2012,53055,599,24960,,2.97619,24,0
2012_pres_t1,2012,53056,963,27430,,5.582137,16,0
2012_pres_t1,2012,53057,503,22830,,7.840878,12,0
2012_pres_t1,2012,53058,315,25890,,3.902439,8,0
2012_pres_t1,2012,53059,413,25890,,2.371542,13,0
2012_pres_t1,2012,53061,455,24260,,2.758621,11,0
2012_pres_t1,2012,53062,16539,25180,11,6.44934,705,5.505096
2012_pres_t1,2012,53063,464,23810,,5.333333,10,0
2012_pres_t1,2012,53064,960,24540,,2.961672,31,0
2012_pres_t1,2012,53065,,,,,,
2012_pres_t1,2012,53066,1363,25080,,3.386317,29,0
2012_pres_t1,2012,53067,433,23590,,8.99664,10,0
2012_pres_t1,2012,53068,155,23720,,5.825243,8,0
2012_pres_t1,2012,53069,152,21580,,7.207207,5,0
2012_pres_t1,2012,53071,477,23180,,2.702703,17,0
2012_pres_t1,2012,53072,1289,26020,,5.288462,22,0
2012_pres_t1,2012,53073,919,22980,,7.394958,24,0
2012_pres_t1,2012,53074,840,26970,,3.103448,20,0
2012_pres_t1,2012,53075,298,23770,,2.808989,6,0
2012_pres_t1,2012,53076,307,24720,,4.166667,11,0
2012_pres_t1,2012,53077,3208,25160,,2.780772,124,0
2012_pres_t1,2012,53078,867,24740,,4.90566,21,0
2012_pres_t1,2012,53079,377,22100,,3.669725,10,0
2012_pres_t1,2012,53080,114,20910,,13.114754,7,0
2012_pres_t1,2012,53082,633,24840,,2.926829,15,0
2012_pres_t1,2012,53083,808,23610,,5.482042,26,0
2012_pres_t1,2012,53084,4415,24560,13,5.938649,210,0.993331
2012_pres_t1,2012,53085,197,26950,,2.439024,3,0
2012_pres_t1,2012,53086,633,24570,,5.626598,24,0
2012_pres_t1,2012,53087,226,26420,,3.821656,9,0
2012_pres_t1,2012,53088,853,24090,,3.479853,27,0
2012_pres_t1,2012,53089,533,24440,,5.862069,15,0
2012_pres_t1,2012,53090,184,26970,,4.166667,6,0
2012_pres_t1,2012,53091,461,24520,,5.802048,21,0
2012_pres_t1,2012,53092,,,,,,
2012_pres_t1,2012,53093,288,21980,,3.428571,3,0
2012_pres_t1,2012,53094,2278,26100,,3.395022,60,0
2012_pres_t1,2012,53095,,,,,,
2012_pres_t1,2012,53096,5511,24330,10,6.346852,220,0
2012_pres_t1,2012,53097,8380,24550,13,6.260147,281,0.901235
2012_pres_t1,2012,53098,423,24250,,4.1841,15,0
2012_pres_t1,2012,53099,1096,27590,,4.444444,23,0
2012_pres_t1,2012,53100,1186,23500,,4.364269,44,0
2012_pres_t1,2012,53101,838,24910,,4.950495,12,0
2012_pres_t1,2012,53102,166,23360,,9.473684,6,0
2012_pres_t1,2012,53103,2127,25680,,3.058104,43,0
2012_pres_t1,2012,53104,1351,25380,,4.377454,30,0
2012_pres_t1,2012,53105,238,26980,,4.137931,5,0
2012_pres_t1,2012,53106,541,22980,,4.791594,14,0
2012_pres_t1,2012,53107,2475,22790,,6.317369,130,0
2012_pres_t1,2012,53108,570,24770,,4.242424,27,0
2012_pres_t1,2012,53109,626,25740,,4.74934,14,0
2012_pres_t1,2012,53110,977,23710,,6.543857,39,0
2012_pres_t1,2012,53111,466,25380,,2.547771,16,0
2012_pres_t1,2012,53112,343,22120,,3.773585,15,0
2012_pres_t1,2012,53113,625,24570,,6.43136,18,0
2012_pres_t1,2012,53114,172,22320,,5.042017,1,0
2012_pres_t1,2012,53115,305,23790,,3.301887,7,0
2012_pres_t1,2012,53116,721,24300,,4.0547,29,0
2012_pres_t1,2012,53117,496,25630,,3.691275,11,0
2012_pres_t1,2012,53118,228,22210,,5.932203,8,0
2012_pres_t1,2012,53119,4554,27360,,2.784072,77,0
2012_pres_t1,2012,53120,458,24920,,5.387012,16,0
2012_pres_t1,2012,53121,1343,23870,,4.034168,60,0
2012_pres_t1,2012,53122,756,25500,,4.54638,20,0
2012_pres_t1,2012,53123,1332,24540,,4.810127,35,0
2012_pres_t1,2012,53124,1392,24910,,5.105173,44,0
2012_pres_t1,2012,53125,1100,23290,,4.21877,36,0
2012_pres_t1,2012,53126,1012,23990,,3.980892,33,0
2012_pres_t1,2012,53127,2243,25190,,5.540327,114,0
2012_pres_t1,2012,53128,322,24190,,2.649007,14,0
2012_pres_t1,2012,53129,358,26160,,6.425703,8,0
2012_pres_t1,2012,53130,49474,24120,20.3,8.801809,2292,1.776941
2012_pres_t1,2012,53131,184,24470,,4.878049,7,0
2012_pres_t1,2012,53132,274,25530,,7.446809,13,0
2012_pres_t1,2012,53133,710,22580,,5.099778,11,0
2012_pres_t1,2012,53134,187,24700,,4.210526,3,0
2012_pres_t1,2012,53135,728,25660,,4.665314,19,0
2012_pres_t1,2012,53136,1227,27030,,2.60716,20,0
2012_pres_t1,2012,53137,2724,26550,,3.776659,68,0
2012_pres_t1,2012,53138,,,,,,
2012_pres_t1,2012,53139,410,23510,,3.404255,12,0
2012_pres_t1,2012,53140,4345,26750,,4.51249,121,0
2012_pres_t1,2012,53141,1182,26550,,3.892216,22,0
2012_pres_t1,2012,53142,284,25520,,6.320787,10,0
2012_pres_t1,2012,53143,510,26710,,3.438395,11,0
2012_pres_t1,2012,53144,750,25420,,2.469136,20,0
2012_pres_t1,2012,53145,543,25050,,5.714286,15,0
2012_pres_t1,2012,53146,1884,27080,,3.434236,54,0
2012_pres_t1,2012,53147,12854,24830,15,7.961563,556,2.192961
2012_pres_t1,2012,53148,230,23760,,3.875969,10,0
2012_pres_t1,2012,53150,907,26600,,5.203252,26,0
2012_pres_t1,2012,53151,1075,24570,,3.865546,26,0
2012_pres_t1,2012,53152,2784,23330,,5.953161,122,0
2012_pres_t1,2012,53153,625,24880,,3.818616,11,0
2012_pres_t1,2012,53154,883,24040,,4.967603,32,0
2012_pres_t1,2012,53155,1307,25320,,5.160496,34,0
2012_pres_t1,2012,53156,250,27530,,4.907975,10,0
2012_pres_t1,2012,53157,1342,27480,,2.160864,22,0
2012_pres_t1,2012,53158,1030,25180,,4.559748,32,0
2012_pres_t1,2012,53159,,,,,,
2012_pres_t1,2012,53160,374,24270,,5.952381,14,0
2012_pres_t1,2012,53161,3192,24680,,5.517043,104,0
2012_pres_t1,2012,53162,977,27330,,4.097156,20,0
2012_pres_t1,2012,53163,757,24060,,6,14,0
2012_pres_t1,2012,53164,345,23570,,5.627706,14,0
2012_pres_t1,2012,53165,347,27460,,6.751055,1,0
2012_pres_t1,2012,53168,1250,25200,,3.988085,28,0
2012_pres_t1,2012,53169,406,26280,,3.942652,8,0
2012_pres_t1,2012,53170,1124,25420,,4.431441,25,0
2012_pres_t1,2012,53172,394,27690,,3.358209,9,0
2012_pres_t1,2012,53173,177,25010,,8.823529,4,0
2012_pres_t1,2012,53174,841,26960,,3.838384,20,0
2012_pres_t1,2012,53175,1384,27440,,4.708798,29,0
2012_pres_t1,2012,53176,522,24150,,3.610108,17,0
2012_pres_t1,2012,53177,296,24750,,6.315789,11,0
2012_pres_t1,2012,53178,228,26730,,3.703704,9,0
2012_pres_t1,2012,53179,354,24670,,5.820106,7,0
2012_pres_t1,2012,53180,659,25530,,5.882259,31,0
2012_pres_t1,2012,53181,808,23480,,4.162964,28,0
2012_pres_t1,2012,53182,1816,24100,,7.248806,36,0
2012_pres_t1,2012,53184,161,28640,,4.807692,6,0
2012_pres_t1,2012,53185,2300,23140,,6.84986,89,0
2012_pres_t1,2012,53186,2141,24480,,3.766816,73,0
2012_pres_t1,2012,53187,230,25070,,1.587302,7,0
2012_pres_t1,2012,53188,2506,23090,,7.970027,56,0
2012_pres_t1,2012,53189,111,25370,,2.777778,6,0
2012_pres_t1,2012,53190,464,23970,,4.779412,14,0
2012_pres_t1,2012,53191,250,22560,,6.666667,8,0
2012_pres_t1,2012,53192,311,22110,,7.425743,6,0
2012_pres_t1,2012,53193,575,26060,,3.951368,9,0
2012_pres_t1,2012,53194,,,,,,
2012_pres_t1,2012,53195,484,27430,,4.946996,9,0
2012_pres_t1,2012,53196,350,24210,,5.309735,16,0
2012_pres_t1,2012,53197,934,22440,,4.336284,37,0
2012_pres_t1,2012,53198,223,23780,,10.126582,6,0
2012_pres_t1,2012,53199,212,23360,,2.142857,4,0
2012_pres_t1,2012,53200,1181,27620,,3.984576,14,0
2012_pres_t1,2012,53201,7384,26720,10,5.852496,476,2.98603
2012_pres_t1,2012,53202,294,24170,,5.555556,14,0
2012_pres_t1,2012,53203,524,24760,,5.607477,6,0
2012_pres_t1,2012,53204,399,24750,,11.73913,8,0
2012_pres_t1,2012,53205,,,,,,
2012_pres_t1,2012,53206,219,26530,,7.042254,4,0
2012_pres_t1,2012,53207,,,,,,
2012_pres_t1,2012,53208,502,24350,,5.154639,10,0
2012_pres_t1,2012,53209,559,26170,,3.988604,13,0
2012_pres_t1,2012,53210,1512,24730,,6.107746,38,0
2012_pres_t1,2012,53211,1440,24620,,3.409096,54,0
2012_pres_t1,2012,53212,456,27900,,2.746184,8,0
2012_pres_t1,2012,53213,496,22430,,5.16129,11,0
2012_pres_t1,2012,53214,154,24840,,7.54717,5,0
2012_pres_t1,2012,53215,,,,,,
2012_pres_t1,2012,53216,946,25120,,4.559847,20,0
2012_pres_t1,2012,53218,770,25000,,5.740741,23,0
2012_pres_t1,2012,53219,1381,26250,,3.837719,38,0
2012_pres_t1,2012,53220,378,25020,,6.666667,8,0
2012_pres_t1,2012,53221,394,23240,,6.826529,10,0
2012_pres_t1,2012,53222,365,25040,,3.888889,5,0
2012_pres_t1,2012,53223,329,22500,,7.81893,16,0
2012_pres_t1,2012,53224,1179,26630,,2.799378,16,0
2012_pres_t1,2012,53225,513,25200,,5.376344,13,0
2012_pres_t1,2012,53226,808,25350,,3.968254,22,0
2012_pres_t1,2012,53228,556,23890,,4.502188,16,0
2012_pres_t1,2012,53229,1689,28550,,2.603037,25,0
2012_pres_t1,2012,53230,257,24340,,5.806452,6,0
2012_pres_t1,2012,53231,,,,,,
2012_pres_t1,2012,53232,323,24850,,6.951872,10,0
2012_pres_t1,2012,53233,335,23420,,7.488987,9,0
2012_pres_t1,2012,53234,321,26260,,3.587444,8,0
2012_pres_t1,2012,53235,228,24010,,5.263158,8,0
2012_pres_t1,2012,53236,166,22860,,5.504587,9,0
2012_pres_t1,2012,53237,440,23740,,5.179029,13,0
2012_pres_t1,2012,53238,521,24400,,1.570681,14,0
2012_pres_t1,2012,53239,,,,,,
2012_pres_t1,2012,53240,425,23970,,4.95356,10,0
2012_pres_t1,2012,53241,,,,,,
2012_pres_t1,2012,53242,255,26100,,5.369128,8,0
2012_pres_t1,2012,53243,1782,26650,,5.375348,41,0
2012_pres_t1,2012,53244,,,,,,
2012_pres_t1,2012,53245,927,24850,,2.241379,40,0
2012_pres_t1,2012,53246,1761,24420,,6.689835,40,0
2012_pres_t1,2012,53247,2313,25620,,5.233034,50,0
2012_pres_t1,2012,53248,132,23290,,5.494505,5,0
2012_pres_t1,2012,53249,1107,23440,,7.006348,42,0
2012_pres_t1,2012,53250,391,23510,,5.652174,10,0
2012_pres_t1,2012,53251,475,25640,,5.15873,16,0
2012_pres_t1,2012,53252,,,,,,
2012_pres_t1,2012,53253,518,22690,,4.126984,10,0
2012_pres_t1,2012,53254,,,,,,
2012_pres_t1,2012,53255,1197,25270,,4.147392,32,0
2012_pres_t1,2012,53256,162,25070,,8.917197,10,0
2012_pres_t1,2012,53257,328,25280,,8.988764,18,0
2012_pres_t1,2012,53258,901,25120,,4.715048,36,0
2012_pres_t1,2012,53259,376,23580,,2.272727,23,0
2012_pres_t1,2012,53260,386,24650,,5.990783,15,0
2012_pres_t1,2012,53261,149,24920,,8.421053,7,0
2012_pres_t1,2012,53262,1060,25000,,4.427416,31,0
2012_pres_t1,2012,53263,270,23970,,4.494382,9,0
2012_pres_t1,2012,53264,190,23070,,8.108108,7,0
2012_pres_t1,2012,53265,770,23840,,5.963626,16,0
2012_pres_t1,2012,53266,227,25190,,4.794521,4,0
2012_pres_t1,2012,53267,1164,24120,,6.456954,60,0
2012_pres_t1,2012,53269,612,24410,,2.832861,21,0
2012_pres_t1,2012,53270,110,25040,,3.278689,3,0
2012_pres_t1,2012,53271,2682,23640,,7.135991,111,0
2012_pres_t1,2012,53272,192,21900,,10.92437,6,0
2012_pres_t1,2012,53273,1080,26060,,4.6784,34,0
2012_pres_t1,2012,53274,,,,,,
2012_pres_t1,2012,53276,905,23090,,6.788991,17,0
2012_pres_t1,2012,72001,1681,27990,,4.583723,26,0
2012_pres_t1,2012,72002,199,24850,,4.72973,5,0
2012_pres_t1,2012,72003,10740,20890,27,12.245126,239,3.296086
2012_pres_t1,2012,72004,569,26440,,4,12,0
2012_pres_t1,2012,72005,917,24560,,2.946274,17,0
2012_pres_t1,2012,72006,1897,26810,,6.212277,123,
2012_pres_t1,2012,72007,499,26570,,9.324759,10,0
2012_pres_t1,2012,72008,5463,25890,11,7.569999,235,4.477107
2012_pres_t1,2012,72009,351,24400,,7.723577,5,0
2012_pres_t1,2012,72010,337,25320,,6.692913,8,0
2012_pres_t1,2012,72011,898,24120,,6.072106,21,0
2012_pres_t1,2012,72012,478,25870,,4.290429,13,0
2012_pres_t1,2012,72013,2131,23090,,8.217732,42,0
2012_pres_t1,2012,72015,107,24770,,10.294118,3,0
2012_pres_t1,2012,72016,1458,24330,,7.666665,31,0
2012_pres_t1,2012,72017,229,27200,,3.246753,9,0
2012_pres_t1,2012,72018,88,,,2.666667,2,0
2012_pres_t1,2012,72019,335,25580,,2.845528,14,0
2012_pres_t1,2012,72020,692,25880,,5.179283,15,0
2012_pres_t1,2012,72021,572,24350,,7.670455,13,
2012_pres_t1,2012,72022,1217,23910,,9.366391,36,0
2012_pres_t1,2012,72023,2270,24620,,4.63204,51,0
2012_pres_t1,2012,72024,3748,28010,,5.002156,82,0
2012_pres_t1,2012,72025,1946,25020,,7.043238,42,2.509498
2012_pres_t1,2012,72026,1523,26320,,3.860523,24,0
2012_pres_t1,2012,72027,329,25140,,9.134615,6,0
2012_pres_t1,2012,72028,476,24810,,7.861635,18,0
2012_pres_t1,2012,72029,1974,23110,,7.830536,73,0
2012_pres_t1,2012,72031,543,24620,,7.236412,15,0
2012_pres_t1,2012,72032,334,25250,,6.808511,6,0
2012_pres_t1,2012,72033,,,,,,
2012_pres_t1,2012,72034,434,28460,,4.195804,13,0
2012_pres_t1,2012,72035,2025,24030,,6.561086,58,0
2012_pres_t1,2012,72036,306,25350,,3.259231,6,0
2012_pres_t1,2012,72037,129,23500,,13.461538,1,0
2012_pres_t1,2012,72038,534,24980,,9.927361,7,0
2012_pres_t1,2012,72039,3721,23060,,7.811765,90,0
2012_pres_t1,2012,72040,153,22850,,5.194805,5,0
2012_pres_t1,2012,72041,352,25620,,4.891304,11,0
2012_pres_t1,2012,72042,2121,24280,,8.450557,86,0
2012_pres_t1,2012,72043,335,25970,,4.123997,3,0
2012_pres_t1,2012,72044,431,24940,,7.368421,9,0
2012_pres_t1,2012,72045,781,26420,,5.217391,9,0
2012_pres_t1,2012,72046,1562,24720,,5.02924,23,0
2012_pres_t1,2012,72047,2127,26250,,5.601817,28,2.361088
2012_pres_t1,2012,72048,537,25290,,2.12766,8,0
2012_pres_t1,2012,72049,250,22810,,5.806452,13,0
2012_pres_t1,2012,72050,1525,24140,,5.902541,79,0
2012_pres_t1,2012,72051,3365,26370,,5.179053,83,0
2012_pres_t1,2012,72052,668,26200,,3.282828,14,0
2012_pres_t1,2012,72053,1161,26330,,5.853051,13,0
2012_pres_t1,2012,72054,3680,25470,,7.709751,111,0
2012_pres_t1,2012,72056,1303,25700,,3.108413,15,0
2012_pres_t1,2012,72057,68,,,3.389831,0,0
2012_pres_t1,2012,72058,6803,28860,7,5.309514,183,5.952381
2012_pres_t1,2012,72059,816,24720,,4.878049,36,0
2012_pres_t1,2012,72060,282,22860,,8.823529,7,0
2012_pres_t1,2012,72061,1725,24860,,7.55102,24,0
2012_pres_t1,2012,72062,779,25730,,6.902357,22,0
2012_pres_t1,2012,72063,,,,,,
2012_pres_t1,2012,72064,517,26080,,4.705882,16,0
2012_pres_t1,2012,72065,2252,29750,,3.530592,287,0
2012_pres_t1,2012,72066,421,27040,,4.561404,4,0
2012_pres_t1,2012,72067,998,25130,,6.055363,15,0
2012_pres_t1,2012,72068,1370,23120,,10.643966,78,0
2012_pres_t1,2012,72069,,,,,,
2012_pres_t1,2012,72070,250,24410,,6.896552,3,0
2012_pres_t1,2012,72071,5707,22730,21,12.057333,198,2.787287
2012_pres_t1,2012,72072,255,26170,,9.550562,4,0
2012_pres_t1,2012,72073,1164,27040,,3.916449,23,0
2012_pres_t1,2012,72074,213,26180,,7.092199,4,0
2012_pres_t1,2012,72075,996,26100,,5.608974,17,0
2012_pres_t1,2012,72076,259,27170,,4.918033,1,0
2012_pres_t1,2012,72077,436,24150,,5.108824,16,0
2012_pres_t1,2012,72078,353,23620,,8.196721,15,0
2012_pres_t1,2012,72079,308,25730,,4.022989,5,0
2012_pres_t1,2012,72080,2746,26610,,5.292007,101,0
2012_pres_t1,2012,72081,,,,,,
2012_pres_t1,2012,72082,,,,,,
2012_pres_t1,2012,72083,357,26050,,9.811321,10,0
2012_pres_t1,2012,72084,1276,25500,,7.008761,18,0
2012_pres_t1,2012,72085,177,25690,,2.479339,6,0
2012_pres_t1,2012,72086,138,27210,,6.741573,3,0
2012_pres_t1,2012,72087,460,26120,,5.867347,16,0
2012_pres_t1,2012,72088,320,25140,,10.454545,9,0
2012_pres_t1,2012,72089,1828,24300,,7.403846,72,0
2012_pres_t1,2012,72090,2838,24270,,9.985873,95,5.79682
2012_pres_t1,2012,72091,135,25150,,7.54717,4,0
2012_pres_t1,2012,72093,886,26650,,6.219313,19,0
2012_pres_t1,2012,72094,638,23620,,8.311688,14,0
2012_pres_t1,2012,72095,8049,21320,28,12.178034,139,4.092913
2012_pres_t1,2012,72096,1619,27030,,4.417074,45,0
2012_pres_t1,2012,72097,,,,,,
2012_pres_t1,2012,72098,512,24070,,11.144541,10,0
2012_pres_t1,2012,72099,641,25210,,4.071247,10,0
2012_pres_t1,2012,72100,403,24400,,7.608696,13,0
2012_pres_t1,2012,72101,670,24290,,5.348837,16,0
2012_pres_t1,2012,72102,83,,,10.344828,2,0
2012_pres_t1,2012,72103,614,23660,,8.743169,21,0
2012_pres_t1,2012,72104,585,23220,,8.943089,10,0
2012_pres_t1,2012,72105,460,28090,,5.647841,7,0
2012_pres_t1,2012,72106,910,26580,,5.405405,8,0
2012_pres_t1,2012,72107,341,27990,,5.381873,8,0
2012_pres_t1,2012,72108,,,,,,
2012_pres_t1,2012,72109,544,25610,,9.119497,12,0
2012_pres_t1,2012,72110,993,24520,,7.342269,24,0
2012_pres_t1,2012,72111,490,26630,,2.071006,12,0
2012_pres_t1,2012,72112,482,23670,,11.147541,20,0
2012_pres_t1,2012,72113,746,28160,,3.474903,15,0
2012_pres_t1,2012,72114,250,25820,,6.010929,12,0
2012_pres_t1,2012,72115,942,24280,,3.85289,26,0
2012_pres_t1,2012,72116,,,,,,
2012_pres_t1,2012,72117,,,,,,
2012_pres_t1,2012,72118,1433,24670,,6.698002,31,0
2012_pres_t1,2012,72119,1062,28120,,4.819277,14,0
2012_pres_t1,2012,72120,225,25660,,5,7,0
2012_pres_t1,2012,72121,318,25090,,2.73224,10,0
2012_pres_t1,2012,72122,1076,25760,,4.991681,16,0
2012_pres_t1,2012,72123,61,,,5.128205,1,0
2012_pres_t1,2012,72124,4818,24770,11,6.716642,143,1.541096
2012_pres_t1,2012,72125,304,24740,,3.652968,10,0
2012_pres_t1,2012,72126,290,24330,,4.41989,11,0
2012_pres_t1,2012,72127,1852,27840,,4.026354,16,3.180661
2012_pres_t1,2012,72128,526,24390,,6.87467,10,0
2012_pres_t1,2012,72129,905,26830,,4.690432,14,0
2012_pres_t1,2012,72130,736,29030,,3.412073,13,0
2012_pres_t1,2012,72131,577,25100,,4.975124,10,0
2012_pres_t1,2012,72132,8769,23720,18,10.261669,401,2.320196
2012_pres_t1,2012,72133,1543,28910,,6.143001,22,0
2012_pres_t1,2012,72134,525,24260,,6.267045,12,0
2012_pres_t1,2012,72135,600,24670,,5.759162,6,0
2012_pres_t1,2012,72136,309,26510,,6.382979,8,0
2012_pres_t1,2012,72137,2189,26010,,6.112551,36,0
2012_pres_t1,2012,72138,2909,23250,,9.618716,104,0
2012_pres_t1,2012,72139,995,24100,,4.954193,25,0
2012_pres_t1,2012,72141,889,25040,,5.813953,16,0
2012_pres_t1,2012,72142,141,23940,,6.422018,6,0
2012_pres_t1,2012,72143,1941,23840,,3.702057,64,0
2012_pres_t1,2012,72144,339,23710,,3.791469,11,0
2012_pres_t1,2012,72145,384,23830,,6.640749,10,0
2012_pres_t1,2012,72146,3200,27470,,4.993963,56,2.076412
2012_pres_t1,2012,72147,1285,26700,,4.80226,24,0
2012_pres_t1,2012,72148,80,,,11.666667,5,0
2012_pres_t1,2012,72149,597,25210,,5.623472,24,0
2012_pres_t1,2012,72150,1275,27340,,4.353083,36,0
2012_pres_t1,2012,72151,1142,25320,,4.842615,21,0
2012_pres_t1,2012,72152,412,26330,,6.440678,5,0
2012_pres_t1,2012,72153,552,22820,,7.042254,15,0
2012_pres_t1,2012,72154,15081,24300,16,9.268917,555,2.833061
2012_pres_t1,2012,72155,4260,27340,,5.816993,80,2.346052
2012_pres_t1,2012,72156,920,25110,,3.521127,14,0
2012_pres_t1,2012,72157,695,28000,,2.603037,7,0
2012_pres_t1,2012,72158,817,24280,,7.302231,19,0
2012_pres_t1,2012,72159,,,,,,
2012_pres_t1,2012,72160,585,25400,,9.017032,13,0
2012_pres_t1,2012,72161,938,24260,,5.219207,16,0
2012_pres_t1,2012,72162,,,,,,
2012_pres_t1,2012,72163,484,25590,,7.77027,9,0
2012_pres_t1,2012,72164,65,,,2.272727,1,0
2012_pres_t1,2012,72165,1937,26120,,4.88959,19,0
2012_pres_t1,2012,72166,295,25470,,6.521739,10,0
2012_pres_t1,2012,72167,703,25990,,5.316973,20,0
2012_pres_t1,2012,72168,2100,23680,,4.626049,74,0
2012_pres_t1,2012,72169,1496,27340,,4.34333,30,0
2012_pres_t1,2012,72170,175,22920,,5.042017,8,0
2012_pres_t1,2012,72171,104,,,5.172414,4,0
2012_pres_t1,2012,72172,1454,24680,,5.607286,30,0
2012_pres_t1,2012,72173,1233,25610,,6.132666,42,0
2012_pres_t1,2012,72174,105,,,9.722222,7,0
2012_pres_t1,2012,72175,1524,24070,,6.299017,48,0
2012_pres_t1,2012,72176,4016,22820,17,9.448066,157,1.412017
2012_pres_t1,2012,72177,336,25040,,9.649123,8,0
2012_pres_t1,2012,72178,197,22890,,8.108108,7,0
2012_pres_t1,2012,72179,1881,22980,,8.477509,40,0
2012_pres_t1,2012,72180,5080,21870,23,10.152769,199,
2012_pres_t1,2012,72181,145182,23610,22.9,11.142891,4806,2.408789
2012_pres_t1,2012,72182,1550,24440,,9.423503,36,3.457134
2012_pres_t1,2012,72183,1063,23230,,7.145653,34,0
2012_pres_t1,2012,72184,346,26440,,6.944444,21,0
2012_pres_t1,2012,72185,658,24610,,7.616708,8,0
2012_pres_t1,2012,72186,879,24910,,7.530648,32,0
2012_pres_t1,2012,72187,1618,24200,,6.910336,22,0
2012_pres_t1,2012,72188,159,26270,,5.714286,3,0
2012_pres_t1,2012,72189,2038,22490,,7.084564,80,0
2012_pres_t1,2012,72190,287,26770,,5.025126,9,0
2012_pres_t1,2012,72191,3186,24330,,8.537279,67,0
2012_pres_t1,2012,72192,105,24730,,3.076923,2,0
2012_pres_t1,2012,72193,446,25940,,2.755906,14,0
2012_pres_t1,2012,72194,272,23940,,11.176471,7,0
2012_pres_t1,2012,72195,1853,25110,,6.47482,27,0
2012_pres_t1,2012,72196,735,24280,,7.692308,13,0
2012_pres_t1,2012,72197,679,25340,,4.867257,11,0
2012_pres_t1,2012,72198,2631,29340,,4.285714,65,0
2012_pres_t1,2012,72199,266,26090,,5.223881,14,0
2012_pres_t1,2012,72200,3699,26990,,6.551571,79,
2012_pres_t1,2012,72201,234,23150,,14.880952,5,0
2012_pres_t1,2012,72202,207,23580,,6.293706,7,0
2012_pres_t1,2012,72203,,,,,,
2012_pres_t1,2012,72204,517,25280,,8.403361,21,0
2012_pres_t1,2012,72205,1833,25750,,4.318626,33,0
2012_pres_t1,2012,72207,,,,,,
2012_pres_t1,2012,72208,369,25160,,4.806679,28,0
2012_pres_t1,2012,72209,313,23670,,8.888889,8,0
2012_pres_t1,2012,72210,299,24850,,4.21769,8,0
2012_pres_t1,2012,72211,633,22740,,6.905371,22,0
2012_pres_t1,2012,72212,697,23920,,8.849558,15,0
2012_pres_t1,2012,72213,5299,25520,,5.359199,112,1.396401
2012_pres_t1,2012,72214,12,,,0,1,0
2012_pres_t1,2012,72215,1023,24270,,5.965853,22,0
2012_pres_t1,2012,72216,593,24970,,3.16092,12,0
2012_pres_t1,2012,72217,2463,29610,,4.887781,70,0
2012_pres_t1,2012,72218,302,25420,,4.878049,5,0
2012_pres_t1,2012,72219,768,26080,,6.725287,29,0
2012_pres_t1,2012,72220,876,24550,,7.789643,12,0
2012_pres_t1,2012,72221,361,23270,,9.637476,7,0
2012_pres_t1,2012,72222,255,24770,,14.130435,7,0
2012_pres_t1,2012,72223,2585,24530,,6.993007,78,0
2012_pres_t1,2012,72224,529,25250,,9.345794,6,0
2012_pres_t1,2012,72225,671,24730,,6.802721,16,0
2012_pres_t1,2012,72226,1325,25420,,6.67319,22,0
2012_pres_t1,2012,72227,33,,,0,4,0
2012_pres_t1,2012,72228,1998,25950,,5.275577,45,2.01451
2012_pres_t1,2012,72229,449,22340,,9.206349,8,0
2012_pres_t1,2012,72230,1038,27060,,3.96757,16,0
2012_pres_t1,2012,72231,5367,26780,,3.537507,101,0
2012_pres_t1,2012,72232,707,26150,,5.390836,5,0
2012_pres_t1,2012,72233,71,,,7.692308,1,0
2012_pres_t1,2012,72234,346,24520,,5.485232,7,0
2012_pres_t1,2012,72235,373,23660,,6.451613,17,0
2012_pres_t1,2012,72236,191,29700,,5.755396,5,0
2012_pres_t1,2012,72237,505,25230,,8.135593,7,0
2012_pres_t1,2012,72238,74,,,4.545455,1,0
2012_pres_t1,2012,72239,597,26150,,4.987762,20,0
2012_pres_t1,2012,72240,,,,,,
2012_pres_t1,2012,72241,2928,25880,,6.925168,87,4.862896
2012_pres_t1,2012,72243,1614,24430,,8.090104,34,0
2012_pres_t1,2012,72244,2900,25340,,4.942181,53,0
2012_pres_t1,2012,72245,669,24390,,6.651885,7,0
2012_pres_t1,2012,72246,193,25310,,5.633803,3,0
2012_pres_t1,2012,72247,1333,29410,,5,27,0
2012_pres_t1,2012,72248,808,24110,,4.576659,16,0
2012_pres_t1,2012,72249,805,26710,,3.91791,13,0
2012_pres_t1,2012,72250,160,26740,,12.030075,7,0
2012_pres_t1,2012,72251,390,25670,,11.06383,8,0
2012_pres_t1,2012,72252,1108,24300,,6.65922,28,0
2012_pres_t1,2012,72253,2546,27540,,5.526182,74,0
2012_pres_t1,2012,72254,263,25030,,5.389222,9,0
2012_pres_t1,2012,72255,791,23740,,7.444668,16,0
2012_pres_t1,2012,72256,808,23950,,5.769231,20,0
2012_pres_t1,2012,72257,2352,32460,,4.004486,72,2.642162
2012_pres_t1,2012,72258,,,,,,
2012_pres_t1,2012,72259,270,25880,,4.739336,14,0
2012_pres_t1,2012,72260,3492,27920,,4.892289,181,5.391805
2012_pres_t1,2012,72261,301,27010,,2.912621,9,0
2012_pres_t1,2012,72262,2052,24130,,7.188532,70,0
2012_pres_t1,2012,72264,12194,21680,23,12.213685,441,1.313731
2012_pres_t1,2012,72265,246,22280,,6.024096,9,0
2012_pres_t1,2012,72266,764,25590,,6.872038,14,0
2012_pres_t1,2012,72267,916,25670,,7.006369,18,0
2012_pres_t1,2012,72268,709,24930,,5.168539,3,0
2012_pres_t1,2012,72269,2969,23240,,8.569941,129,0
2012_pres_t1,2012,72270,185,26880,,9.401709,4,0
2012_pres_t1,2012,72271,881,24600,,7.308271,10,0
2012_pres_t1,2012,72272,326,24680,,3.365385,5,0
2012_pres_t1,2012,72273,231,24640,,6.349206,4,0
2012_pres_t1,2012,72274,214,25500,,7.2,8,0
2012_pres_t1,2012,72275,1517,27190,,4.679144,24,0
2012_pres_t1,2012,72276,1884,24020,,8.384279,47,0
2012_pres_t1,2012,72277,113,26450,,5.882353,1,0
2012_pres_t1,2012,72278,750,23170,,9.677113,24,0
2012_pres_t1,2012,72279,171,23220,,4.716981,5,0
2012_pres_t1,2012,72280,2228,28730,,3.608285,24,0
2012_pres_t1,2012,72281,450,24510,,7.04698,10,0
2012_pres_t1,2012,72282,519,22970,,7.166124,17,0
2012_pres_t1,2012,72283,346,22590,,10.084034,16,0
2012_pres_t1,2012,72284,,,,,,
2012_pres_t1,2012,72286,392,26070,,9.756098,5,0
2012_pres_t1,2012,72287,,,,4.587156,,
2012_pres_t1,2012,72288,,,,,,
2012_pres_t1,2012,72289,1964,25660,,5.297971,52,0
2012_pres_t1,2012,72290,1810,25430,,5.772281,23,0
2012_pres_t1,2012,72291,955,23600,,5.893186,20,0
2012_pres_t1,2012,72292,225,27420,,9.210526,4,0
2012_pres_t1,2012,72293,612,25970,,4.012283,5,0
2012_pres_t1,2012,72294,474,24870,,7.48503,24,0
2012_pres_t1,2012,72295,511,26210,,3.560831,15,0
2012_pres_t1,2012,72296,741,25700,,5.139186,9,0
2012_pres_t1,2012,72297,536,25440,,6.752412,8,0
2012_pres_t1,2012,72298,,,,6.156116,,
2012_pres_t1,2012,72299,2471,25350,,7.051282,33,3.787298
2012_pres_t1,2012,72300,2712,26070,,4.445317,63,0
2012_pres_t1,2012,72301,,,,,,
2012_pres_t1,2012,72302,172,26460,,3.333333,3,0
2012_pres_t1,2012,72303,740,23830,,6.709957,17,0
2012_pres_t1,2012,72304,,,,,,
2012_pres_t1,2012,72305,914,24310,,3.372681,21,0
2012_pres_t1,2012,72306,1325,26370,,6.071871,18,0
2012_pres_t1,2012,72307,238,26650,,3.305785,3,0
2012_pres_t1,2012,72308,2090,26480,,5.010777,41,
2012_pres_t1,2012,72309,276,24040,,3.125,4,0
2012_pres_t1,2012,72310,2002,31410,,3.357372,67,0
2012_pres_t1,2012,72311,339,22090,,5.882353,6,0
2012_pres_t1,2012,72312,225,24380,,3.333333,7,0
2012_pres_t1,2012,72313,212,26140,,6.47482,2,0
2012_pres_t1,2012,72314,363,24020,,3.464335,11,0
2012_pres_t1,2012,72315,832,24430,,5.295316,15,0
2012_pres_t1,2012,72316,705,24150,,7.783019,17,0
2012_pres_t1,2012,72317,498,24670,,5.247813,14,0
2012_pres_t1,2012,72318,,,,,,
2012_pres_t1,2012,72319,729,26210,,3.917051,13,0
2012_pres_t1,2012,72320,2773,30250,,3.462194,175,0
2012_pres_t1,2012,72321,499,25700,,4.98615,10,0
2012_pres_t1,2012,72322,223,27490,,8.609272,10,0
2012_pres_t1,2012,72323,438,25640,,6.737589,12,0
2012_pres_t1,2012,72324,503,23910,,9.415584,9,0
2012_pres_t1,2012,72325,822,24010,,6.349427,24,0
2012_pres_t1,2012,72326,218,25620,,7.482993,6,0
2012_pres_t1,2012,72327,268,25540,,7.692308,8,0
2012_pres_t1,2012,72328,3865,29840,,5.378491,126,3.213367
2012_pres_t1,2012,72329,4042,27980,,4.823469,98,0
2012_pres_t1,2012,72330,447,22110,,8.896185,14,0
2012_pres_t1,2012,72331,584,24650,,6.476684,11,0
2012_pres_t1,2012,72332,599,24390,,4.961037,16,0
2012_pres_t1,2012,72333,432,23250,,8.389262,7,0
2012_pres_t1,2012,72334,2192,22320,,10.997643,112,0
2012_pres_t1,2012,72335,1080,26890,,3.409091,23,0
2012_pres_t1,2012,72336,1229,27470,,3.812389,108,0
2012_pres_t1,2012,72337,832,23240,,8.445298,18,0
2012_pres_t1,2012,72338,822,27320,,4.245283,8,0
2012_pres_t1,2012,72339,646,27920,,5.686275,8,0
2012_pres_t1,2012,72340,1237,26330,,5.376344,13,0
2012_pres_t1,2012,72341,604,27150,,3.037844,18,0
2012_pres_t1,2012,72342,160,29690,,3.252033,6,0
2012_pres_t1,2012,72343,606,24430,,4.86618,16,0
2012_pres_t1,2012,72344,2821,28110,,4.701789,74,0
2012_pres_t1,2012,72345,339,26670,,6.140351,3,0
2012_pres_t1,2012,72346,4628,25460,,6.585202,111,1.977812
2012_pres_t1,2012,72347,289,26050,,3.645833,8,0
2012_pres_t1,2012,72348,132,23990,,2.150538,2,0
2012_pres_t1,2012,72349,521,25830,,4.615385,9,0
2012_pres_t1,2012,72350,3043,26590,,5.93047,69,1.338914
2012_pres_t1,2012,72351,1017,25010,,6.547496,34,0
2012_pres_t1,2012,72352,143,23270,,3.797468,3,0
2012_pres_t1,2012,72353,215,27360,,5.882353,5,0
2012_pres_t1,2012,72354,165,24670,,5.940594,9,0
2012_pres_t1,2012,72355,119,,,7.272727,1,0
2012_pres_t1,2012,72356,398,23360,,5.101922,9,0
2012_pres_t1,2012,72357,741,24570,,5.868545,23,0
2012_pres_t1,2012,72358,1653,24170,,6.901101,43,0
2012_pres_t1,2012,72359,1412,26270,,5.376344,20,0
2012_pres_t1,2012,72360,1639,30000,,5.507559,42,0
2012_pres_t1,2012,72361,510,23770,,12.18638,15,0
2012_pres_t1,2012,72362,169,26470,,5.813953,3,0
2012_pres_t1,2012,72363,1669,24560,,6.686627,53,0
2012_pres_t1,2012,72364,1383,24520,,7.874016,42,0
2012_pres_t1,2012,72366,304,25300,,8,13,0
2012_pres_t1,2012,72367,778,24250,,5.497647,13,0
2012_pres_t1,2012,72368,287,25010,,9.934003,9,0
2012_pres_t1,2012,72369,586,24500,,9.090909,15,0
2012_pres_t1,2012,72370,339,22820,,6.451613,8,0
2012_pres_t1,2012,72372,77,,,11.111111,3,0
2012_pres_t1,2012,72373,2508,24840,,5.083642,101,1.545173
2012_pres_t1,2012,72374,137,24310,,12.121212,4,0
2012_pres_t1,2012,72375,517,26050,,4.398827,16,0
2012_pres_t1,2012,72376,651,26210,,3.694581,19,0
2012_pres_t1,2012,72377,1035,25490,,6.885246,37,0
2012_pres_t1,2012,72378,1383,26070,,5.874369,33,0
2012_pres_t1,2012,72379,203,24660,,8.219178,10,0
2012_pres_t1,2012,72380,899,26080,,6.132539,23,0
2012_pres_t1,2012,72381,1350,26260,,4.757334,33,0
2012_pres_t1,2012,72382,1526,25580,,5.836576,30,0
2012_pres_t1,2012,72383,131,27000,,4.545455,2,0
2012_pres_t1,2012,72384,,,,,,
2012_pres_t1,2012,72385,1734,25590,,5.777088,23,0
2012_pres_t1,2012,72386,4187,29910,,5.486488,92,5.098583
2012_pres_t1,2012,85001,2808,25770,,8.223741,165,7.921736
2012_pres_t1,2012,85002,2207,26180,,8.325171,66,0
2012_pres_t1,2012,85003,10218,26220,7,6.120873,392,3.973956
2012_pres_t1,2012,85004,2966,25740,,8.607915,76,
2012_pres_t1,2012,85005,1035,25310,,7.03125,47,0
2012_pres_t1,2012,85006,2028,24780,,8.622707,55,0
2012_pres_t1,2012,85008,7129,26810,7,4.875282,164,3.264988
2012_pres_t1,2012,85009,1118,24350,,6.775609,17,0
2012_pres_t1,2012,85010,1408,25080,,9.562842,36,0
2012_pres_t1,2012,85011,1790,27310,,8.788853,58,0
2012_pres_t1,2012,85012,2356,25590,,9.703024,112,1.277839
2012_pres_t1,2012,85013,1551,26070,,6.784261,26,0
2012_pres_t1,2012,85014,1161,24160,,5.23998,29,0
2012_pres_t1,2012,85015,1654,26120,,5.045278,35,0
2012_pres_t1,2012,85016,2366,26040,,4.788978,66,0
2012_pres_t1,2012,85017,2406,25700,,4.428517,58,0
2012_pres_t1,2012,85018,3955,24610,,4.588435,149,1.233499
2012_pres_t1,2012,85019,6239,26810,,3.921779,193,6.098392
2012_pres_t1,2012,85020,4059,26570,,3.496257,91,0
2012_pres_t1,2012,85021,,,,3.925354,,
2012_pres_t1,2012,85022,1320,25030,,7.001522,28,0
2012_pres_t1,2012,85023,449,25070,,7.462687,12,0
2012_pres_t1,2012,85024,2215,25020,,6.20229,39,0
2012_pres_t1,2012,85025,2295,25770,,5.539775,70,0
2012_pres_t1,2012,85026,1465,24990,,8.944954,53,0
2012_pres_t1,2012,85027,,,,,,
2012_pres_t1,2012,85028,595,26280,,6.976744,11,0
2012_pres_t1,2012,85029,2169,24540,,4.471899,138,1.70775
2012_pres_t1,2012,85030,,,,,,
2012_pres_t1,2012,85031,3170,24570,,5.140161,83,0
2012_pres_t1,2012,85033,717,23840,,4.609218,16,0
2012_pres_t1,2012,85034,3471,25500,,5.917183,105,0
2012_pres_t1,2012,85035,5139,28160,,7.527594,204,1.155806
2012_pres_t1,2012,85036,587,24790,,11.023622,12,0
2012_pres_t1,2012,85037,,,,,,
2012_pres_t1,2012,85038,2916,26670,,5.393657,62,0
2012_pres_t1,2012,85039,4015,25600,,6.142803,70,0
2012_pres_t1,2012,85040,1100,23790,,6.871181,21,0
2012_pres_t1,2012,85041,,,,,,
2012_pres_t1,2012,85042,1909,24010,,7.210089,54,2.818015
2012_pres_t1,2012,85043,,,,,,
2012_pres_t1,2012,85044,,,,,,
2012_pres_t1,2012,85045,1103,25210,,11.192661,29,0
2012_pres_t1,2012,85046,3883,26420,,5.579126,125,3.551899
2012_pres_t1,2012,85047,22890,25830,10.4,8.11901,1078,1.622099
2012_pres_t1,2012,85048,,,,,,
2012_pres_t1,2012,85049,1816,24330,,9.056604,33,0
2012_pres_t1,2012,85050,2041,23860,,9.784736,32,0
2012_pres_t1,2012,85051,8518,24630,11,8.469055,346,3.811967
2012_pres_t1,2012,85052,,,,,,
2012_pres_t1,2012,85053,,,,,,
2012_pres_t1,2012,85054,1083,23930,,8.013937,14,0
2012_pres_t1,2012,85055,1108,25210,,6.346484,10,0
2012_pres_t1,2012,85056,394,24440,,6.214689,11,0
2012_pres_t1,2012,85058,792,27120,,5.012531,20,0
2012_pres_t1,2012,85059,2590,22720,,8.510873,124,0
2012_pres_t1,2012,85060,,,,,,
2012_pres_t1,2012,85061,1550,25950,,2.937916,23,0
2012_pres_t1,2012,85062,1144,24560,,7.9566,27,0
2012_pres_t1,2012,85063,,,,,,
2012_pres_t1,2012,85064,2559,25850,,3.639048,71,0
2012_pres_t1,2012,85065,3648,25150,,2.802476,104,0
2012_pres_t1,2012,85066,847,24180,,2.92887,10,0
2012_pres_t1,2012,85067,1002,25610,,5.237316,46,0
2012_pres_t1,2012,85069,,,,,,
2012_pres_t1,2012,85070,3416,25180,,8.436445,116,0
2012_pres_t1,2012,85071,3708,24800,,8.108108,83,0
2012_pres_t1,2012,85072,1047,24870,,4.975124,21,0
2012_pres_t1,2012,85073,1025,25320,,4.258944,26,0
2012_pres_t1,2012,85074,229,24260,,12.295082,3,0
2012_pres_t1,2012,85076,5659,27940,,4.798295,144,0
2012_pres_t1,2012,85077,492,23010,,13.6,8,0
2012_pres_t1,2012,85078,731,24460,,7.512471,24,0
2012_pres_t1,2012,85080,1757,25000,,6.84181,36,0
2012_pres_t1,2012,85081,4535,27360,,5.089711,163,0
2012_pres_t1,2012,85082,2984,25420,,3.351699,95,0
2012_pres_t1,2012,85083,1643,24800,,5.785474,66,0
2012_pres_t1,2012,85084,6835,25780,7,4.998905,377,1.292653
2012_pres_t1,2012,85086,1704,24630,,8.344516,42,0
2012_pres_t1,2012,85087,205,20510,,10.31746,5,0
2012_pres_t1,2012,85088,4978,28060,,6.164902,78,0
2012_pres_t1,2012,85089,5411,26360,,5.051364,132,0
2012_pres_t1,2012,85090,6401,24910,,4.510125,194,0.59023
2012_pres_t1,2012,85091,,,,,,
2012_pres_t1,2012,85092,13806,24230,17,10.84561,674,4.27899
2012_pres_t1,2012,85093,1242,25140,,6.159895,28,0
2012_pres_t1,2012,85094,1176,24430,,5.932203,41,0
2012_pres_t1,2012,85095,2128,24400,,7.819672,44,0
2012_pres_t1,2012,85096,5413,25600,,6.804124,161,2.431477
2012_pres_t1,2012,85097,3223,25760,,3.724694,78,0
2012_pres_t1,2012,85098,1963,26660,,5.272565,29,2.46837
2012_pres_t1,2012,85099,1144,25220,,7.256637,15,0
2012_pres_t1,2012,85100,2216,27060,,5.536793,62,0
2012_pres_t1,2012,85101,484,24470,,7.353768,8,0
2012_pres_t1,2012,85102,725,23410,,6.677093,6,0
2012_pres_t1,2012,85103,2216,25540,,8.801051,39,0
2012_pres_t1,2012,85104,910,25290,,7.727273,26,0
2012_pres_t1,2012,85105,516,22680,,8.035714,9,0
2012_pres_t1,2012,85106,1335,26470,,6.924536,111,0
2012_pres_t1,2012,85107,,,,,,
2012_pres_t1,2012,85108,3437,26870,,3.934672,87,0
2012_pres_t1,2012,85109,16589,26010,8,5.859631,837,1.390861
2012_pres_t1,2012,85110,903,23270,,3.409043,27,0
2012_pres_t1,2012,85111,1505,23570,,5.606407,34,0
2012_pres_t1,2012,85112,2805,26850,,8.503203,80,0
2012_pres_t1,2012,85113,4887,26500,,10.06022,308,0
2012_pres_t1,2012,85114,3046,28440,,8.010118,146,2.206576
2012_pres_t1,2012,85115,647,24390,,7.105263,21,0
2012_pres_t1,2012,85116,483,25200,,4.405286,15,0
2012_pres_t1,2012,85117,601,25300,,8.266767,17,0
2012_pres_t1,2012,85118,2285,27090,,6.928564,44,0
2012_pres_t1,2012,85119,2572,26170,,3.886786,68,0
2012_pres_t1,2012,85120,1512,25400,,6.891702,36,0
2012_pres_t1,2012,85121,1050,23070,,8.29618,25,0
2012_pres_t1,2012,85123,296,24930,,9.69697,4,0
2012_pres_t1,2012,85125,383,23820,,7.114625,10,0
2012_pres_t1,2012,85126,1360,26360,,6.680279,27,0
2012_pres_t1,2012,85127,2442,27200,,8.025177,118,0
2012_pres_t1,2012,85128,9450,24440,15,10.205877,424,7.190614
2012_pres_t1,2012,85129,3671,25760,,4.055155,88,0
2012_pres_t1,2012,85130,1754,25090,,9.103255,47,0
2012_pres_t1,2012,85131,1461,25220,,5.928854,26,0
2012_pres_t1,2012,85132,757,24960,,7.311828,21,0
2012_pres_t1,2012,85133,895,24100,,7.09069,48,0
2012_pres_t1,2012,85134,240,26070,,5.405405,3,0
2012_pres_t1,2012,85135,2773,24760,,8.457101,99,2.098468
2012_pres_t1,2012,85136,124,21910,,20.833333,2,0
2012_pres_t1,2012,85137,526,25830,,6.269592,11,0
2012_pres_t1,2012,85138,1199,25350,,7.07457,14,0
2012_pres_t1,2012,85139,457,24130,,6.324111,13,0
2012_pres_t1,2012,85140,1489,25100,,3.802672,37,0
2012_pres_t1,2012,85141,681,23850,,5.555556,13,0
2012_pres_t1,2012,85142,1010,25460,,4.813665,16,0
2012_pres_t1,2012,85143,1073,24070,,9.313088,28,0
2012_pres_t1,2012,85144,1560,25940,,2.706,26,0
2012_pres_t1,2012,85145,989,23520,,5.136986,20,0
2012_pres_t1,2012,85146,20754,27250,6.4,5.481037,908,1.343186
2012_pres_t1,2012,85147,1626,24750,,6.037736,31,0
2012_pres_t1,2012,85148,820,25470,,7.528958,11,0
2012_pres_t1,2012,85149,408,22620,,13.389121,10,0
2012_pres_t1,2012,85150,,,,,,
2012_pres_t1,2012,85151,6065,26260,,5.103586,191,
2012_pres_t1,2012,85152,5451,25800,,7.745631,251,
2012_pres_t1,2012,85153,2986,24890,,4.900054,94,0
2012_pres_t1,2012,85154,1749,23830,,6.394849,52,0
2012_pres_t1,2012,85155,5209,28350,,4.521964,200,2.234407
2012_pres_t1,2012,85156,2341,24420,,8.022183,92,0
2012_pres_t1,2012,85157,823,25080,,4.562526,20,0
2012_pres_t1,2012,85158,1211,23570,,5.976676,22,0
2012_pres_t1,2012,85159,2372,24510,,8.214017,70,0
2012_pres_t1,2012,85160,3056,26570,,6.278027,78,0
2012_pres_t1,2012,85161,2546,25880,,6.730503,61,0
2012_pres_t1,2012,85162,2054,25570,,6.352038,68,0
2012_pres_t1,2012,85163,4502,27310,,7.250188,413,0
2012_pres_t1,2012,85164,2293,26430,,7.283514,104,0
2012_pres_t1,2012,85165,1264,,,,0,0
2012_pres_t1,2012,85166,,,,,,
2012_pres_t1,2012,85167,801,26970,,4.085258,9,0
2012_pres_t1,2012,85168,,,,,,
2012_pres_t1,2012,85169,1110,24140,,9.104938,32,0
2012_pres_t1,2012,85171,618,26390,,7.717042,15,0
2012_pres_t1,2012,85172,2210,25110,,7.525672,63,0
2012_pres_t1,2012,85174,684,24150,,6.060606,14,0
2012_pres_t1,2012,85175,678,25380,,4.493958,9,0
2012_pres_t1,2012,85176,1144,26740,,4.111601,23,
2012_pres_t1,2012,85177,1366,23420,,8.848103,28,0
2012_pres_t1,2012,85178,8637,26700,,5.234451,290,0
2012_pres_t1,2012,85179,1234,24740,,9.326425,30,0
2012_pres_t1,2012,85180,,,,,,
2012_pres_t1,2012,85181,643,24220,,6.615082,10,0
2012_pres_t1,2012,85182,5641,24930,10,6.654783,235,0
2012_pres_t1,2012,85184,318,23590,,5.524862,7,0
2012_pres_t1,2012,85185,646,25000,,9.278351,12,0
2012_pres_t1,2012,85186,1018,26220,,5.762023,22,0
2012_pres_t1,2012,85187,861,25280,,4.92126,21,0
2012_pres_t1,2012,85188,1157,24990,,6.135987,23,0
2012_pres_t1,2012,85189,2179,26080,,6.953642,51,0
2012_pres_t1,2012,85190,3571,24980,,4.956674,99,1.180359
2012_pres_t1,2012,85191,54699,25090,15.6,8.759979,2633,2.703001
2012_pres_t1,2012,85192,980,25260,,2.749141,18,0
2012_pres_t1,2012,85193,664,23740,,4.95356,14,0
2012_pres_t1,2012,85194,48740,28010,9.2,8.457217,2168,1.046777
2012_pres_t1,2012,85196,1942,25960,,4.255113,34,0
2012_pres_t1,2012,85197,3833,26180,,6.377803,84,0
2012_pres_t1,2012,85198,1382,26230,,3.221957,27,0
2012_pres_t1,2012,85199,533,23810,,9.230769,12,0
2012_pres_t1,2012,85200,1166,24860,,10.666908,17,0
2012_pres_t1,2012,85201,511,25190,,2.173913,13,0
2012_pres_t1,2012,85202,1587,25140,,6.709957,43,0
2012_pres_t1,2012,85204,2653,24610,,8.228339,82,0
2012_pres_t1,2012,85205,543,23500,,5.074627,8,0
2012_pres_t1,2012,85206,400,22990,,7.843137,9,0
2012_pres_t1,2012,85207,413,24670,,7.658702,4,0
2012_pres_t1,2012,85208,2425,26610,,6.574392,63,0
2012_pres_t1,2012,85209,613,24640,,9.969789,19,0
2012_pres_t1,2012,85210,2251,24000,,8.713398,52,0
2012_pres_t1,2012,85211,2547,26180,,7.380074,51,0
2012_pres_t1,2012,85212,1338,,,,0,0
2012_pres_t1,2012,85213,4285,25930,,4.236869,125,0
2012_pres_t1,2012,85214,2592,26730,,5.329949,71,0
2012_pres_t1,2012,85215,3924,25530,,4.708015,127,0
2012_pres_t1,2012,85216,2074,25600,,5.978002,90,0
2012_pres_t1,2012,85217,,,,,,
2012_pres_t1,2012,85218,1820,26250,,6.179502,29,0
2012_pres_t1,2012,85219,,,,,,
2012_pres_t1,2012,85220,1629,25240,,5.155355,32,0
2012_pres_t1,2012,85221,2752,24790,,7.004161,58,0
2012_pres_t1,2012,85222,8140,27450,8,9.032156,621,0.709774
2012_pres_t1,2012,85223,3593,24380,,7.926024,182,8.984533
2012_pres_t1,2012,85224,,,,,,
2012_pres_t1,2012,85226,12923,27070,10,7.702301,427,0.636946
2012_pres_t1,2012,85227,1904,24390,,7.699657,44,0
2012_pres_t1,2012,85229,628,23240,,8.287293,18,0
2012_pres_t1,2012,85231,824,25470,,6.469003,18,0
2012_pres_t1,2012,85232,1095,25000,,8.530806,27,0
2012_pres_t1,2012,85233,,,,9.473684,,
2012_pres_t1,2012,85234,8809,26700,12,10.581319,588,1.150388
2012_pres_t1,2012,85235,427,24480,,7.279693,10,0
2012_pres_t1,2012,85236,2018,25360,,3.8089,48,0
2012_pres_t1,2012,85237,394,24250,,5.240175,11,0
2012_pres_t1,2012,85238,3613,26260,,4.691048,106,0
2012_pres_t1,2012,85239,1196,25340,,6.506849,20,0
2012_pres_t1,2012,85240,1619,26990,,3.104925,53,0
2012_pres_t1,2012,85242,1033,24650,,6.035889,29,0
2012_pres_t1,2012,85243,2933,26260,,8.184371,61,0
2012_pres_t1,2012,85244,802,25340,,10.623676,17,0
2012_pres_t1,2012,85245,169,22110,,11.214953,7,0
2012_pres_t1,2012,85246,2540,25850,,5.595189,69,0
2012_pres_t1,2012,85247,1144,25470,,5.229794,27,0
2012_pres_t1,2012,85248,421,24740,,6.557377,13,0
2012_pres_t1,2012,85250,2443,26270,,5.209302,43,0
2012_pres_t1,2012,85251,637,23380,,9.046455,24,0
2012_pres_t1,2012,85252,598,24260,,6.515581,17,0
2012_pres_t1,2012,85254,1771,24890,,6.775068,41,0
2012_pres_t1,2012,85255,2347,24770,,7.76,58,0
2012_pres_t1,2012,85256,1263,24900,,5.426424,16,0
2012_pres_t1,2012,85257,,,,,,
2012_pres_t1,2012,85259,1382,26500,,4.36409,34,0
2012_pres_t1,2012,85260,857,23920,,6.039926,15,0
2012_pres_t1,2012,85261,297,24990,,10.139644,10,0
2012_pres_t1,2012,85262,3622,25240,,3.504858,73,0
2012_pres_t1,2012,85264,1340,23000,,2.572045,36,0
2012_pres_t1,2012,85265,924,23440,,9.060403,17,0
2012_pres_t1,2012,85266,1671,25020,,5.501618,45,0
2012_pres_t1,2012,85267,982,25340,,9.82659,18,0
2012_pres_t1,2012,85268,1526,24780,,7.116564,45,0
2012_pres_t1,2012,85269,424,25960,,9.842926,6,0
2012_pres_t1,2012,85271,,,,,,
2012_pres_t1,2012,85272,,,,,,
2012_pres_t1,2012,85273,1996,25740,,7.492507,41,0
2012_pres_t1,2012,85274,549,24070,,8.063138,11,0
2012_pres_t1,2012,85276,753,23840,,6.008584,10,0
2012_pres_t1,2012,85277,1592,25000,,5.790109,34,0
2012_pres_t1,2012,85278,1602,27430,,10.16692,38,0
2012_pres_t1,2012,85279,,,,,,
2012_pres_t1,2012,85280,3390,25480,,4.008077,124,0
2012_pres_t1,2012,85281,1029,24570,,4.603175,16,0
2012_pres_t1,2012,85282,972,24660,,6.934307,23,0
2012_pres_t1,2012,85284,4535,26550,,7.017544,120,0
2012_pres_t1,2012,85285,756,24790,,4.591837,16,0
2012_pres_t1,2012,85286,551,23910,,10.606061,17,0
2012_pres_t1,2012,85287,447,24640,,4.333333,11,0
2012_pres_t1,2012,85288,8327,27910,7,8.040766,354,1.762114
2012_pres_t1,2012,85289,2173,24020,,5.285667,73,0
2012_pres_t1,2012,85290,538,24740,,6.344411,15,0
2012_pres_t1,2012,85291,1255,25200,,6.33196,23,0
2012_pres_t1,2012,85292,1504,23940,,6.787672,37,0
2012_pres_t1,2012,85293,1556,26200,,6.806283,39,0
2012_pres_t1,2012,85294,3129,28330,,10.224916,294,
2012_pres_t1,2012,85295,3361,25840,,4.351527,86,0
2012_pres_t1,2012,85296,1240,24150,,5.364512,31,0
2012_pres_t1,2012,85297,1061,24500,,9.222559,29,0
2012_pres_t1,2012,85298,1951,25130,,7.929404,48,0
2012_pres_t1,2012,85299,,,,,,
2012_pres_t1,2012,85300,4743,27080,,4.524332,127,
2012_pres_t1,2012,85301,1802,26120,,5.306972,43,0
2012_pres_t1,2012,85302,5580,25850,,3.924811,208,0
2012_pres_t1,2012,85303,1829,24060,,9.387352,52,0
2012_pres_t1,2012,85304,782,23390,,7.086614,17,0
2012_pres_t1,2012,85305,823,24800,,5.673982,25,0
2012_pres_t1,2012,85306,743,24800,,6.652361,9,0
2012_pres_t1,2012,85307,,,,,,
2017_legi_t1,2017,44001,2052,24080,,7,57,2.665389
2017_legi_t1,2017,44002,4121,27630,,5.70676,140,4.643288
2017_legi_t1,2017,44003,11346,26100,13,8.252788,720,5.370603
2017_legi_t1,2017,44005,7288,25870,8,7.378905,177,2.989317
2017_legi_t1,2017,44006,1881,25700,,9.266055,47,3.655236
2017_legi_t1,2017,44007,2451,22940,,8.932432,75,0
2017_legi_t1,2017,44009,9617,32310,6,6.072366,360,6.437768
2017_legi_t1,2017,44010,2799,27730,,10.221989,128,1.584237
2017_legi_t1,2017,44012,3523,28490,,10.164961,113,2.253802
2017_legi_t1,2017,44013,3317,26930,,8.624454,48,0
2017_legi_t1,2017,44014,3967,28650,,5.352186,155,6.761107
2017_legi_t1,2017,44015,10352,25370,10,8.278419,303,5.67494
2017_legi_t1,2017,44016,1114,25500,,6.553372,25,0
2017_legi_t1,2017,44017,,,,,,
2017_legi_t1,2017,44018,8281,28660,7,7.025059,247,6.887899
2017_legi_t1,2017,44019,1100,27720,,6.310264,17,0
2017_legi_t1,2017,44020,20590,26590,13.8,8.824352,598,12.649657
2017_legi_t1,2017,44021,5004,25470,,9.387177,143,3.515197
2017_legi_t1,2017,44022,2814,25720,,6.388206,59,0
2017_legi_t1,2017,44023,3067,25630,,6.721023,74,0
2017_legi_t1,2017,44024,2760,29020,,5.164067,44,0
2017_legi_t1,2017,44025,4031,26710,,6.403727,135,0
2017_legi_t1,2017,44026,20535,30820,7.4,6.827714,990,7.59615
2017_legi_t1,2017,44027,2600,28050,,5.971174,41,0
2017_legi_t1,2017,44028,4011,29370,,6.576109,124,6.512148
2017_legi_t1,2017,44029,7158,27150,,5.907826,211,1.395599
2017_legi_t1,2017,44030,4424,25090,,7.6025,56,1.280673
2017_legi_t1,2017,44031,811,23880,,8.951965,26,0
2017_legi_t1,2017,44032,3443,28350,,5.255226,85,4.913076
2017_legi_t1,2017,44033,3246,28930,,5.188069,47,2.160994
2017_legi_t1,2017,44035,20483,31490,7,6.347465,637,7.72611
2017_legi_t1,2017,44036,12231,23000,19,12.179655,623,4.643082
2017_legi_t1,2017,44037,3138,28380,,6.864966,97,1.324392
2017_legi_t1,2017,44038,3035,25200,,8.191107,69,0
2017_legi_t1,2017,44039,1172,28080,,5.377907,50,0
2017_legi_t1,2017,44041,6342,27850,,5.683924,206,3.385091
2017_legi_t1,2017,44043,7459,28020,9,8.19752,392,2.715902
2017_legi_t1,2017,44044,1072,22940,,11.128527,21,0
2017_legi_t1,2017,44045,3954,27730,,4.612335,89,0
2017_legi_t1,2017,44046,2615,27300,,6.593725,41,0
2017_legi_t1,2017,44047,23541,27510,9.6,6.598806,588,15.442959
2017_legi_t1,2017,44048,2534,26740,,5.995056,62,0
2017_legi_t1,2017,44049,4081,28540,,8.83411,193,
2017_legi_t1,2017,44050,2985,26490,,7.062636,29,0
2017_legi_t1,2017,44051,3578,24310,,8.05026,142,1.4862
2017_legi_t1,2017,44052,8117,25630,9,9.840241,176,2.457311
2017_legi_t1,2017,44053,2288,26660,,6.934307,31,0
2017_legi_t1,2017,44054,3062,25280,,6.273667,72,0
2017_legi_t1,2017,44055,16613,32440,8,9.144791,989,3.123637
2017_legi_t1,2017,44056,3852,26570,,6.642402,75,3.90693
2017_legi_t1,2017,44057,2257,23570,,10.628019,46,0
2017_legi_t1,2017,44058,502,23250,,7.291667,13,0
2017_legi_t1,2017,44060,,,,,,
2017_legi_t1,2017,44061,3289,25360,,7.478609,69,0
2017_legi_t1,2017,44062,1880,25120,,8.3459,29,0
2017_legi_t1,2017,44063,3794,27430,,6.148441,124,0
2017_legi_t1,2017,44064,5090,27630,,6.190476,82,2.1721
2017_legi_t1,2017,44065,770,23110,,8.225108,20,0
2017_legi_t1,2017,44066,6910,29730,,5.273347,192,8.078995
2017_legi_t1,2017,44067,5242,23280,15,10.225534,165,2.596054
2017_legi_t1,2017,44068,3577,24450,,7.672199,63,0
2017_legi_t1,2017,44069,16684,28630,8,8.486351,913,2.107858
2017_legi_t1,2017,44070,4734,29150,,6.000739,148,1.612295
2017_legi_t1,2017,44071,5992,30880,,5.983146,268,3.733251
2017_legi_t1,2017,44072,7178,25730,9,8.830523,203,1.369296
2017_legi_t1,2017,44073,6528,27820,,6.490319,204,11.742301
2017_legi_t1,2017,44074,4172,27770,,8.569357,62,11.990398
2017_legi_t1,2017,44075,1825,23980,,9.070559,46,3.348309
2017_legi_t1,2017,44076,1381,24170,,6.369537,25,0
2017_legi_t1,2017,44077,2753,25450,,8.721386,57,
2017_legi_t1,2017,44078,327,21560,,10.503094,9,0
2017_legi_t1,2017,44079,3214,26850,,5.999805,87,0
2017_legi_t1,2017,44080,769,26990,,9.288538,12,0
2017_legi_t1,2017,44081,4769,24680,,8.713282,155,2.578458
2017_legi_t1,2017,44082,5593,27020,,5.684755,104,1.560831
2017_legi_t1,2017,44083,2468,26010,,7.039585,40,0
2017_legi_t1,2017,44084,8595,27370,8,6.247982,240,1.172637
2017_legi_t1,2017,44085,949,24400,,7.244094,23,0
2017_legi_t1,2017,44086,1064,23610,,8.339683,25,0
2017_legi_t1,2017,44087,7665,25310,10,7.800232,341,3.196683
2017_legi_t1,2017,44088,3071,27280,,5.757591,60,0
2017_legi_t1,2017,44089,3689,28030,,6.95922,136,6.342495
2017_legi_t1,2017,44090,1578,25200,,7.604167,37,0
2017_legi_t1,2017,44091,1529,24310,,8.552632,40,0
2017_legi_t1,2017,44092,670,22530,,13.164557,9,0
2017_legi_t1,2017,44093,,,,,,
2017_legi_t1,2017,44094,3393,29420,,6.739346,58,3.903325
2017_legi_t1,2017,44095,1587,23920,,8.884972,28,0
2017_legi_t1,2017,44096,4681,26450,,6.009615,113,0
2017_legi_t1,2017,44097,2156,28570,,11.798839,75,1.567293
2017_legi_t1,2017,44098,5619,26010,,8.207063,119,0.995619
2017_legi_t1,2017,44099,1964,24330,,7.706829,63,5.157806
2017_legi_t1,2017,44100,2341,27170,,6.731488,46,0
2017_legi_t1,2017,44101,6523,27090,10,7.679873,157,4.90633
2017_legi_t1,2017,44102,3346,26650,,4.482709,98,3.106843
2017_legi_t1,2017,44103,7289,25290,11,9.442607,325,11.280797
2017_legi_t1,2017,44104,843,25360,,7.040147,13,0
2017_legi_t1,2017,44105,356,22530,,10.638298,11,0
2017_legi_t1,2017,44106,1846,27460,,7.662475,50,3.879862
2017_legi_t1,2017,44107,2004,26250,,8.187135,40,0
2017_legi_t1,2017,44108,2903,27450,,6.428884,84,0
2017_legi_t1,2017,44109,325070,26720,19.1,12.15272,11718,4.485272
2017_legi_t1,2017,44110,9448,26520,8,6.640565,288,2.741515
2017_legi_t1,2017,44111,2335,26520,,6.47535,33,0
2017_legi_t1,2017,44112,579,24010,,6.749649,9,0
2017_legi_t1,2017,44113,4280,25220,,8.947149,167,3.954409
2017_legi_t1,2017,44114,28341,30410,11.3,7.935357,963,8.679913
2017_legi_t1,2017,44115,3915,28380,,6.951844,75,3.046922
2017_legi_t1,2017,44116,3030,23620,,12.797373,52,0
2017_legi_t1,2017,44117,3374,27870,,6.708467,102,0
2017_legi_t1,2017,44118,1454,24420,,8.051926,27,0
2017_legi_t1,2017,44119,2042,25020,,7.556675,47,0
2017_legi_t1,2017,44120,5335,26610,,9.278351,110,1.561338
2017_legi_t1,2017,44121,437,23210,,10.146934,13,0
2017_legi_t1,2017,44122,3865,27740,,5.52017,71,0
2017_legi_t1,2017,44123,1011,24300,,8.333333,26,0
2017_legi_t1,2017,44124,829,24490,,8.510638,22,0
2017_legi_t1,2017,44125,2663,29320,,9.672727,110,0.635122
2017_legi_t1,2017,44126,4617,27060,,8.7846,127,1.336944
2017_legi_t1,2017,44127,2802,25440,,5.831695,77,0
2017_legi_t1,2017,44128,5281,24720,12,10.528677,146,1.200881
2017_legi_t1,2017,44129,11249,26570,8,8.911197,358,5.236083
2017_legi_t1,2017,44130,6942,29240,,5.144155,202,7.773649
2017_legi_t1,2017,44131,18382,29470,7,8.01689,871,2.54166
2017_legi_t1,2017,44132,12530,31310,8,8.155129,501,5.49956
2017_legi_t1,2017,44133,3046,27910,,6.518251,67,2.675775
2017_legi_t1,2017,44134,1050,26210,,5.873494,23,0
2017_legi_t1,2017,44135,4007,29460,11,11.68162,240,2.717996
2017_legi_t1,2017,44136,1246,30360,,10.39354,64,2.271877
2017_legi_t1,2017,44137,3557,27680,,5.509416,73,2.860342
2017_legi_t1,2017,44138,1124,25930,,7.331378,55,0
2017_legi_t1,2017,44139,1541,25720,,9.492241,20,0
2017_legi_t1,2017,44140,1559,25890,,6.688325,31,0
2017_legi_t1,2017,44141,1288,25480,,7.070392,27,0
2017_legi_t1,2017,44142,1932,25910,,5.716653,42,0
2017_legi_t1,2017,44143,43349,26580,14.1,9.087705,1241,7.293348
2017_legi_t1,2017,44144,2358,24390,,8.45481,64,
2017_legi_t1,2017,44145,3272,26650,,7.024324,57,0
2017_legi_t1,2017,44146,2152,24350,,7.912088,55,2.838306
2017_legi_t1,2017,44148,705,23410,,10.348339,11,0
2017_legi_t1,2017,44149,4075,25830,,5.921601,76,2.008032
2017_legi_t1,2017,44150,3991,28420,,6.526083,195,2.063983
2017_legi_t1,2017,44151,6949,29840,,6.993398,140,2.28747
2017_legi_t1,2017,44152,3014,26120,,7.476594,65,0
2017_legi_t1,2017,44153,1749,23860,,9.317343,29,0
2017_legi_t1,2017,44154,14645,28760,8,8.114062,414,3.371087
2017_legi_t1,2017,44155,3499,26570,,6.899421,70,0
2017_legi_t1,2017,44156,3209,25110,,6.340746,59,4.855399
2017_legi_t1,2017,44157,1764,24260,,9.959759,38,0
2017_legi_t1,2017,44158,7739,30120,,6.026758,240,4.60323
2017_legi_t1,2017,44159,1246,30640,,5.490196,27,0
2017_legi_t1,2017,44160,,,,,,
2017_legi_t1,2017,44161,3790,25050,,7.20231,91,0
2017_legi_t1,2017,44162,50561,25940,16.9,11.049622,2754,6.140166
2017_legi_t1,2017,44163,4890,26250,,6.499173,89,0
2017_legi_t1,2017,44164,2376,25390,,6.880083,71,0
2017_legi_t1,2017,44165,2405,27060,,4.513194,55,0
2017_legi_t1,2017,44166,6024,27230,,6.164843,77,3.509513
2017_legi_t1,2017,44168,4125,24840,,8.331409,53,
2017_legi_t1,2017,44169,7768,28760,,6.398933,244,7.16479
2017_legi_t1,2017,44170,963,23510,,7.326007,28,0
2017_legi_t1,2017,44171,2114,29400,,6.403941,31,4.704301
2017_legi_t1,2017,44172,16227,28980,9,6.722112,554,9.19942
2017_legi_t1,2017,44173,2118,26700,,6.226863,37,0
2017_legi_t1,2017,44174,2390,26340,,7.698958,48,4.410075
2017_legi_t1,2017,44175,5246,27420,,7.337526,100,0
2017_legi_t1,2017,44176,3221,26080,,8.16944,35,2.852852
2017_legi_t1,2017,44178,2644,27000,,6.626005,56,2.786992
2017_legi_t1,2017,44179,5435,27990,,5.174991,120,2.481851
2017_legi_t1,2017,44180,6625,23960,12,7.380805,188,1.657158
2017_legi_t1,2017,44182,5520,27960,,7.948246,158,1.127269
2017_legi_t1,2017,44183,2859,26550,,7.707418,70,0
2017_legi_t1,2017,44184,73111,24750,18,12.72384,2203,5.174367
2017_legi_t1,2017,44185,3304,24480,,10.047847,96,3.922401
2017_legi_t1,2017,44186,7209,26790,,5.909101,180,0
2017_legi_t1,2017,44187,4701,25240,,8.334299,154,2.966955
2017_legi_t1,2017,44188,9392,27410,7,6.904041,312,1.900181
2017_legi_t1,2017,44189,2447,25540,,8.242159,39,0
2017_legi_t1,2017,44190,28373,28930,9.7,8.349553,590,8.78912
2017_legi_t1,2017,44191,,,,,,
2017_legi_t1,2017,44192,2846,26080,,6.087964,71,0
2017_legi_t1,2017,44193,1527,23440,,8.74571,34,3.432916
2017_legi_t1,2017,44194,8534,33610,7,6.435749,280,5.750064
2017_legi_t1,2017,44195,9465,28290,9,7.595077,291,4.007943
2017_legi_t1,2017,44196,1693,24330,,9.430052,18,0
2017_legi_t1,2017,44197,1658,22950,,9.324759,50,4.487348
2017_legi_t1,2017,44198,9163,28200,8,6.575666,383,7.374562
2017_legi_t1,2017,44199,1965,24390,,9.068856,48,0
2017_legi_t1,2017,44200,339,23470,,8.333333,6,0
2017_legi_t1,2017,44201,7457,33610,,5.714494,179,3.539049
2017_legi_t1,2017,44202,1820,25740,,6.449835,44,
2017_legi_t1,2017,44203,2005,27440,,7.010268,33,0
2017_legi_t1,2017,44204,10956,29430,8,7.931207,297,4.834345
2017_legi_t1,2017,44205,2619,25400,,8.220109,57,0
2017_legi_t1,2017,44206,1936,24660,,8.686839,45,0
2017_legi_t1,2017,44207,1124,24540,,7.241379,24,0
2017_legi_t1,2017,44208,976,22750,,7.517363,25,0
2017_legi_t1,2017,44209,10414,31030,6,5.334985,338,7.684066
2017_legi_t1,2017,44210,8234,24200,13,10.176735,379,5.455497
2017_legi_t1,2017,44211,4862,27900,10,9.834025,198,1.483067
2017_legi_t1,2017,44212,9524,26770,8,6.815042,334,1.434821
2017_legi_t1,2017,44213,7509,24540,11,8.053468,228,1.225548
2017_legi_t1,2017,44214,2084,24970,,7.984278,51,0
2017_legi_t1,2017,44215,26048,31190,6.6,6.644872,845,3.788029
2017_legi_t1,2017,44216,4110,26060,,6.301505,134,
2017_legi_t1,2017,44217,6633,31380,,6.169393,261,4.202532
2017_legi_t1,2017,44218,687,25100,,8.177907,17,0
2017_legi_t1,2017,44219,,,,,,
2017_legi_t1,2017,44220,1716,26690,,7.712228,32,0
2017_legi_t1,2017,44221,1559,26740,,5.288293,27,0
2017_legi_t1,2017,44222,1258,26490,,7.448276,17,0
2017_legi_t1,2017,44223,3691,27620,,6.251195,104,2.114165
2017_legi_t1,2017,44224,1815,25070,,6.232587,35,0
2017_legi_t1,2017,49002,2925,24540,,12.304251,101,1.914971
2017_legi_t1,2017,49003,1734,24260,,9.620616,59,0
2017_legi_t1,2017,49007,157555,23930,22,13.93158,5368,1.658407
2017_legi_t1,2017,49008,917,23970,,10.47619,30,0
2017_legi_t1,2017,49009,450,25070,,6.050563,6,0
2017_legi_t1,2017,49010,317,26330,,5.624447,14,0
2017_legi_t1,2017,49011,410,27510,,9.183673,4,0
2017_legi_t1,2017,49012,349,23920,,7.76699,8,0
2017_legi_t1,2017,49015,15225,28520,10,8.659943,369,5.327584
2017_legi_t1,2017,49017,629,24930,,9.669804,11,0
2017_legi_t1,2017,49018,11747,24110,13,9.623743,382,5.533266
2017_legi_t1,2017,49020,5618,28980,,6.979971,631,3.506274
2017_legi_t1,2017,49021,6893,25190,8,7.734073,234,3.244075
2017_legi_t1,2017,49022,1346,27030,,5.34873,50,0
2017_legi_t1,2017,49023,23887,25400,7.2,7.045149,708,3.092682
2017_legi_t1,2017,49026,2781,26270,,7.060326,96,0
2017_legi_t1,2017,49027,2115,25980,,5.81529,41,0
2017_legi_t1,2017,49028,119,25600,,15.430319,8,0
2017_legi_t1,2017,49029,1317,28740,,7.340846,32,0
2017_legi_t1,2017,49030,938,26080,,9.344262,19,0
2017_legi_t1,2017,49035,6635,32260,,6.243808,156,4.524887
2017_legi_t1,2017,49036,775,23780,,10.25641,11,0
2017_legi_t1,2017,49038,236,22170,,9.032258,5,0
2017_legi_t1,2017,49041,2078,23430,,11.205415,44,2.575988
2017_legi_t1,2017,49045,617,23320,,9.490671,16,0
2017_legi_t1,2017,49046,,,,,,
2017_legi_t1,2017,49048,3193,28100,,6.634088,59,0
2017_legi_t1,2017,49050,11000,27020,6,6.518296,325,4.95575
2017_legi_t1,2017,49053,348,24580,,9.268293,8,0
2017_legi_t1,2017,49054,2815,24000,,11.71598,102,0
2017_legi_t1,2017,49055,2397,29100,,5.582694,60,0
2017_legi_t1,2017,49056,276,25550,,14.666667,9,0
2017_legi_t1,2017,49057,329,23600,,7.328655,7,0
2017_legi_t1,2017,49058,892,24130,,5.870841,26,0
2017_legi_t1,2017,49060,3450,24450,,10.005217,97,0
2017_legi_t1,2017,49061,811,23480,,8.842096,36,0
2017_legi_t1,2017,49063,6541,26540,8,7.678915,240,2.451586
2017_legi_t1,2017,49064,409,25660,,11.659193,18,0
2017_legi_t1,2017,49065,,,,,,
2017_legi_t1,2017,49067,341,24940,,6.071716,13,0
2017_legi_t1,2017,49068,1837,25350,,6.727065,64,0
2017_legi_t1,2017,49069,,,,5.942745,,
2017_legi_t1,2017,49070,712,24860,,7.487551,12,0
2017_legi_t1,2017,49076,820,26100,,5.172314,11,0
2017_legi_t1,2017,49080,8712,24680,10,8.991361,217,2.162657
2017_legi_t1,2017,49082,941,25130,,5.972923,21,0
2017_legi_t1,2017,49086,3885,25620,,7.0255,129,0
2017_legi_t1,2017,49089,1067,25030,,6.331907,30,0
2017_legi_t1,2017,49090,1036,25160,,8.5,13,0
2017_legi_t1,2017,49092,21550,25430,8.9,6.723372,761,1.474835
2017_legi_t1,2017,49099,54074,25020,15.8,12.495466,2246,2.350464
2017_legi_t1,2017,49100,473,25000,,10.231023,21,0
2017_legi_t1,2017,49102,345,24250,,10.315375,12,0
2017_legi_t1,2017,49107,481,27420,,5.938963,18,0
2017_legi_t1,2017,49109,1575,25420,,6.763601,37,0
2017_legi_t1,2017,49110,1982,25770,,7.288889,53,0
2017_legi_t1,2017,49112,935,26540,,6.214689,21,0
2017_legi_t1,2017,49113,530,25700,,8.150124,9,0
2017_legi_t1,2017,49114,140,21740,,11.956522,3,0
2017_legi_t1,2017,49120,1448,27290,,7.150715,26,0
2017_legi_t1,2017,49121,442,24620,,6.293843,13,0
2017_legi_t1,2017,49123,1812,27090,,7.636682,143,0
2017_legi_t1,2017,49125,11227,24540,12,9.37688,391,6.134951
2017_legi_t1,2017,49127,3376,24600,,9.994821,137,1.446704
2017_legi_t1,2017,49129,4614,26690,,7.548577,220,3.114532
2017_legi_t1,2017,49130,661,27430,,6.138107,12,0
2017_legi_t1,2017,49131,719,24460,,8.590308,6,0
2017_legi_t1,2017,49132,1567,25460,,7.735702,29,0
2017_legi_t1,2017,49135,2216,27780,,7.049063,45,0
2017_legi_t1,2017,49138,2531,24960,,8.051948,64,4.633316
2017_legi_t1,2017,49140,1477,23460,,8.753527,27,0
2017_legi_t1,2017,49144,,,,,,
2017_legi_t1,2017,49149,,,,,,
2017_legi_t1,2017,49155,1437,29340,,5.747594,58,0
2017_legi_t1,2017,49159,,,,,,
2017_legi_t1,2017,49160,3069,24760,,10.607383,75,0
2017_legi_t1,2017,49161,343,26210,,8.457711,8,0
2017_legi_t1,2017,49163,2792,25100,,7.360097,61,0
2017_legi_t1,2017,49167,4670,31910,,5.33259,145,1.768013
2017_legi_t1,2017,49170,828,26390,,8.461538,14,0
2017_legi_t1,2017,49171,119,24130,,11.267606,2,0
2017_legi_t1,2017,49174,1304,24430,,8.249065,26,0
2017_legi_t1,2017,49176,5343,25990,,7.617488,178,
2017_legi_t1,2017,49178,884,24740,,9.760956,34,0
2017_legi_t1,2017,49180,6583,23720,15,11.474258,234,4.607813
2017_legi_t1,2017,49182,895,25930,,6.19137,31,0
2017_legi_t1,2017,49183,4967,25470,,8.232006,106,0.972525
2017_legi_t1,2017,49188,846,26020,,4.821214,21,0
2017_legi_t1,2017,49192,3206,25980,,7.623184,125,2.969306
2017_legi_t1,2017,49193,3878,25250,,8.412425,81,0
2017_legi_t1,2017,49194,5770,26840,,6.937776,121,1.124431
2017_legi_t1,2017,49195,1257,26290,,5.529276,29,0
2017_legi_t1,2017,49200,6453,27970,,5.717229,113,1.664411
2017_legi_t1,2017,49201,2057,25480,,8.973134,41,0
2017_legi_t1,2017,49205,1050,23600,,10.775621,37,0
2017_legi_t1,2017,49209,433,25200,,7.175117,6,0
2017_legi_t1,2017,49211,1229,25200,,7.574378,42,0
2017_legi_t1,2017,49214,7811,27720,7,8.8088,135,3.700592
2017_legi_t1,2017,49215,3716,24190,,12.297555,132,
2017_legi_t1,2017,49216,565,28200,,3.2187,9,0
2017_legi_t1,2017,49217,792,26240,,4.81888,14,0
2017_legi_t1,2017,49218,15684,24680,8,6.860204,407,0.991445
2017_legi_t1,2017,49219,416,27820,,9.205021,32,0
2017_legi_t1,2017,49220,3694,24670,,7.38104,100,0.937162
2017_legi_t1,2017,49221,800,21640,,11.11768,21,0
2017_legi_t1,2017,49222,2033,27430,,6.767516,66,0
2017_legi_t1,2017,49223,6172,27750,8,8.224741,158,3.878976
2017_legi_t1,2017,49224,1011,24490,,10.662359,28,0
2017_legi_t1,2017,49228,5473,22210,19,11.751727,173,3.505491
2017_legi_t1,2017,49231,1454,26350,,6.113537,40,0
2017_legi_t1,2017,49235,377,27400,,10.367893,21,0
2017_legi_t1,2017,49236,128,24530,,15.714286,6,0
2017_legi_t1,2017,49237,137,22880,,8.988764,1,0
2017_legi_t1,2017,49240,1016,24290,,7.151779,24,0
2017_legi_t1,2017,49241,2649,29110,,6.496761,75,0
2017_legi_t1,2017,49244,18514,25020,9,7.167398,543,2.179651
2017_legi_t1,2017,49246,12863,26690,12,9.207352,498,2.024455
2017_legi_t1,2017,49247,2478,27480,,7.549314,50,
2017_legi_t1,2017,49248,8811,23850,13,11.165578,283,2.838731
2017_legi_t1,2017,49253,1089,23700,,11.690141,45,0
2017_legi_t1,2017,49257,1043,24760,,8.239095,17,0
2017_legi_t1,2017,49259,2332,26130,,7.244212,64,0
2017_legi_t1,2017,49260,2012,26320,,6.587361,51,0
2017_legi_t1,2017,49261,8452,25150,10,9.653803,235,3.118165
2017_legi_t1,2017,49262,644,26900,,5.445545,9,0
2017_legi_t1,2017,49266,1283,26200,,5.779056,20,0
2017_legi_t1,2017,49267,9496,26190,13,10.192523,551,6.452984
2017_legi_t1,2017,49269,2843,26920,,5.107832,83,0
2017_legi_t1,2017,49271,2139,27740,,5.8824,40,0
2017_legi_t1,2017,49272,1127,24170,,7.971454,15,0
2017_legi_t1,2017,49274,,,,,,
2017_legi_t1,2017,49278,3617,30130,,6.380952,170,3.350414
2017_legi_t1,2017,49283,3787,26180,,6.664216,134,0
2017_legi_t1,2017,49284,1396,25550,,7.919283,41,0
2017_legi_t1,2017,49288,225,26620,,6.289308,3,0
2017_legi_t1,2017,49289,,,,,,
2017_legi_t1,2017,49291,386,23920,,9.161721,8,0
2017_legi_t1,2017,49292,3508,26040,,6.542792,91,0
2017_legi_t1,2017,49294,2961,28980,,6.047032,59,0
2017_legi_t1,2017,49298,3860,29560,,5.9712,175,2.531725
2017_legi_t1,2017,49299,3099,26950,,4.691076,78,0
2017_legi_t1,2017,49301,25764,26070,6.2,6.320258,702,3.092339
2017_legi_t1,2017,49302,442,22920,,12.403101,11,0
2017_legi_t1,2017,49304,,,,,,
2017_legi_t1,2017,49306,1693,28630,,6.807287,66,0
2017_legi_t1,2017,49307,16588,27910,5,6.976931,407,11.974003
2017_legi_t1,2017,49308,2209,31470,,5.360811,53,0
2017_legi_t1,2017,49310,600,23100,,9.859155,17,0
2017_legi_t1,2017,49311,1319,25090,,7.170796,20,0
2017_legi_t1,2017,49321,,,,,,
2017_legi_t1,2017,49323,7946,27010,9,7.784863,368,3.742982
2017_legi_t1,2017,49326,891,29400,,4.755523,11,0
2017_legi_t1,2017,49328,26074,23990,18.8,14.301428,1155,2.696523
2017_legi_t1,2017,49329,1351,28690,,8.436725,48,0
2017_legi_t1,2017,49330,1161,26410,,4.840941,14,0
2017_legi_t1,2017,49331,17617,24390,12,8.681104,579,3.87843
2017_legi_t1,2017,49332,4199,27320,,6.690998,223,0
2017_legi_t1,2017,49333,2853,24710,,7.906216,113,1.758276
2017_legi_t1,2017,49334,341,25000,,12.857143,7,0
2017_legi_t1,2017,49336,875,24970,,7.149785,37,0
2017_legi_t1,2017,49337,,,,,,
2017_legi_t1,2017,49338,1344,28720,,7.935204,17,0
2017_legi_t1,2017,49339,1477,27750,,6.847826,23,0
2017_legi_t1,2017,49341,691,25080,,11.231102,16,0
2017_legi_t1,2017,49343,3178,26960,,5.472103,89,
2017_legi_t1,2017,49344,1238,26660,,5.152464,20,0
2017_legi_t1,2017,49345,5874,25780,,6.263426,195,0
2017_legi_t1,2017,49347,4498,26990,,6.809303,176,3.465942
2017_legi_t1,2017,49352,1316,25800,,6.968215,23,0
2017_legi_t1,2017,49353,15620,23960,17,12.449092,431,6.216564
2017_legi_t1,2017,49355,3078,26280,,6.21118,75,0
2017_legi_t1,2017,49358,569,23910,,9.645326,27,0
2017_legi_t1,2017,49359,553,27500,,6.90314,18,0
2017_legi_t1,2017,49361,1924,23800,,8.830935,39,0
2017_legi_t1,2017,49362,1282,27620,,8.984022,34,0
2017_legi_t1,2017,49364,1122,24740,,8.420901,35,0
2017_legi_t1,2017,49367,5784,25210,,6.888431,120,1.602948
2017_legi_t1,2017,49368,2006,22870,,10.995671,63,0
2017_legi_t1,2017,49369,1330,22660,,9.776254,42,0
2017_legi_t1,2017,49370,459,25750,,7.886435,10,0
2017_legi_t1,2017,49371,1750,25110,,6.509946,32,0
2017_legi_t1,2017,49373,7722,23890,11,7.978404,282,0
2017_legi_t1,2017,49374,1462,23700,,7.014595,19,0
2017_legi_t1,2017,49377,5642,28150,,5.991583,114,1.776609
2017_legi_t1,2017,49378,2599,24320,,9.723289,60,0
2017_legi_t1,2017,49381,1829,25350,,6.173118,55,0
2017_legi_t1,2017,53001,1864,26540,,4.446461,35,0
2017_legi_t1,2017,53002,612,25350,,5.215117,16,0
2017_legi_t1,2017,53003,2603,24800,,5.959794,104,0
2017_legi_t1,2017,53004,,,,,,
2017_legi_t1,2017,53005,2324,25370,,5.212211,76,0
2017_legi_t1,2017,53006,,,,,,
2017_legi_t1,2017,53007,2908,26370,,5.463859,66,0
2017_legi_t1,2017,53008,1830,25970,,4.57385,39,0
2017_legi_t1,2017,53009,672,26650,,5.651106,23,0
2017_legi_t1,2017,53010,419,25500,,8.62069,8,0
2017_legi_t1,2017,53011,887,25720,,7.706422,25,0
2017_legi_t1,2017,53012,453,25350,,5,14,0
2017_legi_t1,2017,53013,555,25130,,7.211517,20,0
2017_legi_t1,2017,53014,,,,,,
2017_legi_t1,2017,53015,1964,25810,,5.947316,34,0
2017_legi_t1,2017,53016,1220,23270,,5.769231,45,0
2017_legi_t1,2017,53017,971,23230,,7.431336,31,0
2017_legi_t1,2017,53018,1298,24480,,7.05875,47,0
2017_legi_t1,2017,53019,119,25940,,10.526316,4,0
2017_legi_t1,2017,53021,966,27810,,4.662379,12,0
2017_legi_t1,2017,53022,495,25810,,9.034268,17,0
2017_legi_t1,2017,53023,550,26550,,4.388715,6,0
2017_legi_t1,2017,53025,1086,25390,,7.899765,29,0
2017_legi_t1,2017,53026,500,26380,,4.601227,15,0
2017_legi_t1,2017,53027,203,24970,,3.250518,7,0
2017_legi_t1,2017,53028,560,25800,,4.935065,8,0
2017_legi_t1,2017,53029,1280,23330,,8.050146,41,0
2017_legi_t1,2017,53030,320,26990,,5.439331,7,0
2017_legi_t1,2017,53031,490,25540,,5.57377,15,0
2017_legi_t1,2017,53033,116,24250,,2.439024,5,0
2017_legi_t1,2017,53034,6294,28150,,5.528053,230,1.587154
2017_legi_t1,2017,53035,611,24600,,4.688758,20,0
2017_legi_t1,2017,53036,1066,24070,,7.444146,26,0
2017_legi_t1,2017,53037,718,25240,,6.896552,11,0
2017_legi_t1,2017,53038,136,25820,,1.960784,7,0
2017_legi_t1,2017,53039,1726,24600,,4.442553,54,0
2017_legi_t1,2017,53040,618,24100,,8.190326,12,0
2017_legi_t1,2017,53041,276,25870,,6.918239,8,0
2017_legi_t1,2017,53042,833,25300,,6.138292,23,0
2017_legi_t1,2017,53043,584,24870,,6.578947,13,0
2017_legi_t1,2017,53045,674,25970,,5.10449,15,0
2017_legi_t1,2017,53046,313,25410,,6.735751,8,0
2017_legi_t1,2017,53047,254,24250,,8,11,0
2017_legi_t1,2017,53048,1173,24830,,5.916306,47,0
2017_legi_t1,2017,53049,691,26880,,5.399061,6,0
2017_legi_t1,2017,53051,624,23130,,6.05394,10,0
2017_legi_t1,2017,53052,282,25830,,7.222222,7,0
2017_legi_t1,2017,53053,495,24250,,6.422018,8,0
2017_legi_t1,2017,53054,6482,28990,,5.079314,466,2.375611
2017_legi_t1,2017,53055,599,24960,,6.042296,24,0
2017_legi_t1,2017,53056,963,27430,,4.754358,16,0
2017_legi_t1,2017,53057,503,22830,,7.446809,12,0
2017_legi_t1,2017,53058,315,25890,,3.791469,8,0
2017_legi_t1,2017,53059,413,25890,,5.15873,13,0
2017_legi_t1,2017,53061,455,24260,,6.835255,11,0
2017_legi_t1,2017,53062,16539,25180,11,8.582213,705,6.532325
2017_legi_t1,2017,53063,464,23810,,7.348243,10,0
2017_legi_t1,2017,53064,960,24540,,4.486536,31,0
2017_legi_t1,2017,53065,,,,,,
2017_legi_t1,2017,53066,1363,25080,,4.761905,29,0
2017_legi_t1,2017,53067,433,23590,,7.520796,10,0
2017_legi_t1,2017,53068,155,23720,,2.12766,8,0
2017_legi_t1,2017,53069,152,21580,,10,5,0
2017_legi_t1,2017,53071,477,23180,,4.395604,17,0
2017_legi_t1,2017,53072,1289,26020,,7.27729,22,0
2017_legi_t1,2017,53073,919,22980,,7.746479,24,0
2017_legi_t1,2017,53074,840,26970,,3.838772,20,0
2017_legi_t1,2017,53075,298,23770,,7.058824,6,0
2017_legi_t1,2017,53076,307,24720,,4.975124,11,0
2017_legi_t1,2017,53077,3208,25160,,5.214016,124,0
2017_legi_t1,2017,53078,867,24740,,6.37931,21,0
2017_legi_t1,2017,53079,377,22100,,5.660377,10,0
2017_legi_t1,2017,53080,114,20910,,15.277778,7,0
2017_legi_t1,2017,53082,633,24840,,2.688172,15,0
2017_legi_t1,2017,53083,808,23610,,8.863198,26,0
2017_legi_t1,2017,53084,4415,24560,13,6.861342,210,1.128209
2017_legi_t1,2017,53085,197,26950,,5.607477,3,0
2017_legi_t1,2017,53086,633,24570,,5.764411,24,0
2017_legi_t1,2017,53087,226,26420,,9.774436,9,0
2017_legi_t1,2017,53088,853,24090,,4.097444,27,0
2017_legi_t1,2017,53089,533,24440,,5.882353,15,0
2017_legi_t1,2017,53090,184,26970,,5.769231,6,0
2017_legi_t1,2017,53091,461,24520,,6.498195,21,0
2017_legi_t1,2017,53092,,,,,,
2017_legi_t1,2017,53093,288,21980,,4.635762,3,0
2017_legi_t1,2017,53094,2278,26100,,4.268581,60,0
2017_legi_t1,2017,53096,5511,24330,10,7.952363,220,0
2017_legi_t1,2017,53097,8380,24550,13,8.145563,281,3.045669
2017_legi_t1,2017,53098,423,24250,,4.924242,15,0
2017_legi_t1,2017,53099,1096,27590,,6.017192,23,0
2017_legi_t1,2017,53100,1186,23500,,7.965558,44,0
2017_legi_t1,2017,53101,838,24910,,5.556976,12,0
2017_legi_t1,2017,53102,166,23360,,10.204082,6,0
2017_legi_t1,2017,53103,2127,25680,,5.270305,43,0
2017_legi_t1,2017,53104,1351,25380,,4.871931,30,0
2017_legi_t1,2017,53105,238,26980,,5,5,0
2017_legi_t1,2017,53106,541,22980,,9.116747,14,0
2017_legi_t1,2017,53107,2475,22790,,9.337068,130,0
2017_legi_t1,2017,53108,570,24770,,8.936679,27,0
2017_legi_t1,2017,53109,626,25740,,5.913978,14,0
2017_legi_t1,2017,53110,977,23710,,6.991101,39,0
2017_legi_t1,2017,53111,466,25380,,8.357619,16,0
2017_legi_t1,2017,53112,343,22120,,10.92437,15,0
2017_legi_t1,2017,53113,625,24570,,6.741537,18,0
2017_legi_t1,2017,53114,172,22320,,11.403509,1,0
2017_legi_t1,2017,53115,305,23790,,4.591601,7,0
2017_legi_t1,2017,53116,721,24300,,3.853161,29,0
2017_legi_t1,2017,53117,496,25630,,6.689666,11,0
2017_legi_t1,2017,53118,228,22210,,4.285714,8,0
2017_legi_t1,2017,53119,4554,27360,,4.384474,77,0
2017_legi_t1,2017,53120,458,24920,,6.10687,16,0
2017_legi_t1,2017,53121,1343,23870,,6.687199,60,0
2017_legi_t1,2017,53122,756,25500,,7.030331,20,0
2017_legi_t1,2017,53123,1332,24540,,4.853129,35,0
2017_legi_t1,2017,53124,1392,24910,,6.240455,44,0
2017_legi_t1,2017,53125,1100,23290,,7.641355,36,0
2017_legi_t1,2017,53126,1012,23990,,5.108359,33,0
2017_legi_t1,2017,53127,2243,25190,,6.712106,114,0
2017_legi_t1,2017,53128,322,24190,,6.485139,14,0
2017_legi_t1,2017,53129,358,26160,,7.659574,8,0
2017_legi_t1,2017,53130,49474,24120,20.3,10.724703,2292,1.563365
2017_legi_t1,2017,53131,184,24470,,1.904762,7,0
2017_legi_t1,2017,53132,274,25530,,7.936508,13,0
2017_legi_t1,2017,53133,710,22580,,7.815961,11,0
2017_legi_t1,2017,53134,187,24700,,10.344828,3,0
2017_legi_t1,2017,53135,728,25660,,5,19,0
2017_legi_t1,2017,53136,1227,27030,,3.270712,20,0
2017_legi_t1,2017,53137,2724,26550,,4.929378,68,0
2017_legi_t1,2017,53138,,,,,,
2017_legi_t1,2017,53139,410,23510,,7.627119,12,0
2017_legi_t1,2017,53140,4345,26750,,5.198413,121,0
2017_legi_t1,2017,53141,1182,26550,,4.491018,22,0
2017_legi_t1,2017,53142,284,25520,,4.763486,10,0
2017_legi_t1,2017,53143,510,26710,,4.179104,11,0
2017_legi_t1,2017,53144,750,25420,,3.805071,20,0
2017_legi_t1,2017,53145,543,25050,,6.666667,15,0
2017_legi_t1,2017,53146,1884,27080,,5.492032,54,0
2017_legi_t1,2017,53147,12854,24830,15,8.884853,556,2.390233
2017_legi_t1,2017,53148,230,23760,,6,10,0
2017_legi_t1,2017,53150,907,26600,,5.183815,26,0
2017_legi_t1,2017,53151,1075,24570,,5.546493,26,0
2017_legi_t1,2017,53152,2784,23330,,9.146881,122,0
2017_legi_t1,2017,53153,625,24880,,5.751388,11,0
2017_legi_t1,2017,53154,883,24040,,4.9217,32,0
2017_legi_t1,2017,53155,1307,25320,,4.93537,34,0
2017_legi_t1,2017,53156,250,27530,,6.060606,10,0
2017_legi_t1,2017,53157,1342,27480,,2.594803,22,0
2017_legi_t1,2017,53158,1030,25180,,3.846154,32,0
2017_legi_t1,2017,53159,,,,,,
2017_legi_t1,2017,53160,374,24270,,3.719008,14,0
2017_legi_t1,2017,53161,3192,24680,,7.314044,104,0
2017_legi_t1,2017,53162,977,27330,,6.937448,20,0
2017_legi_t1,2017,53163,757,24060,,6.439319,14,0
2017_legi_t1,2017,53164,345,23570,,4.295035,14,0
2017_legi_t1,2017,53165,347,27460,,6.161137,1,0
2017_legi_t1,2017,53168,1250,25200,,5.901346,28,0
2017_legi_t1,2017,53169,406,26280,,3.745318,8,0
2017_legi_t1,2017,53170,1124,25420,,6.046527,25,0
2017_legi_t1,2017,53172,394,27690,,5.776173,9,0
2017_legi_t1,2017,53173,177,25010,,8.928571,4,0
2017_legi_t1,2017,53174,841,26960,,4.227941,20,0
2017_legi_t1,2017,53175,1384,27440,,4.227053,29,0
2017_legi_t1,2017,53176,522,24150,,6.596769,17,0
2017_legi_t1,2017,53177,296,24750,,6.738038,11,0
2017_legi_t1,2017,53178,228,26730,,2.941176,9,0
2017_legi_t1,2017,53179,354,24670,,4.698661,7,0
2017_legi_t1,2017,53180,659,25530,,6.146572,31,0
2017_legi_t1,2017,53181,808,23480,,7.836847,28,0
2017_legi_t1,2017,53182,1816,24100,,7.067238,36,0
2017_legi_t1,2017,53184,161,28640,,4.761905,6,0
2017_legi_t1,2017,53185,2300,23140,,7.187783,89,0
2017_legi_t1,2017,53186,2141,24480,,5.17961,73,0
2017_legi_t1,2017,53187,230,25070,,3.90625,7,0
2017_legi_t1,2017,53188,2506,23090,,9.598214,56,0
2017_legi_t1,2017,53189,111,25370,,3.076923,6,0
2017_legi_t1,2017,53190,464,23970,,6.910569,14,0
2017_legi_t1,2017,53191,250,22560,,5.479452,8,0
2017_legi_t1,2017,53192,311,22110,,9.59596,6,0
2017_legi_t1,2017,53193,575,26060,,6.504065,9,0
2017_legi_t1,2017,53195,484,27430,,5.825243,9,0
2017_legi_t1,2017,53196,350,24210,,7.246377,16,0
2017_legi_t1,2017,53197,934,22440,,7.112031,37,0
2017_legi_t1,2017,53198,223,23780,,7.857143,6,0
2017_legi_t1,2017,53199,212,23360,,1.5625,4,0
2017_legi_t1,2017,53200,1181,27620,,3.97351,14,0
2017_legi_t1,2017,53201,7384,26720,10,6.586136,476,7.181955
2017_legi_t1,2017,53202,294,24170,,6.259312,14,0
2017_legi_t1,2017,53203,524,24760,,6.282954,6,0
2017_legi_t1,2017,53204,399,24750,,10.185185,8,0
2017_legi_t1,2017,53206,219,26530,,6.25,4,0
2017_legi_t1,2017,53207,,,,,,
2017_legi_t1,2017,53208,502,24350,,8.090615,10,0
2017_legi_t1,2017,53209,559,26170,,6.045205,13,0
2017_legi_t1,2017,53210,1512,24730,,8.939171,38,0
2017_legi_t1,2017,53211,1440,24620,,6.370641,54,0
2017_legi_t1,2017,53212,456,27900,,6.359685,8,0
2017_legi_t1,2017,53213,496,22430,,6.255134,11,0
2017_legi_t1,2017,53214,154,24840,,15.966387,5,0
2017_legi_t1,2017,53215,,,,,,
2017_legi_t1,2017,53216,946,25120,,4.098345,20,0
2017_legi_t1,2017,53218,770,25000,,5.243998,23,0
2017_legi_t1,2017,53219,1381,26250,,4.382022,38,0
2017_legi_t1,2017,53220,378,25020,,6.224066,8,0
2017_legi_t1,2017,53221,394,23240,,4.223987,10,0
2017_legi_t1,2017,53222,365,25040,,7.067099,5,0
2017_legi_t1,2017,53223,329,22500,,4.477612,16,0
2017_legi_t1,2017,53224,1179,26630,,4.296622,16,0
2017_legi_t1,2017,53225,513,25200,,4.830587,13,0
2017_legi_t1,2017,53226,808,25350,,6.358382,22,0
2017_legi_t1,2017,53228,556,23890,,10.36468,16,0
2017_legi_t1,2017,53229,1689,28550,,2.944014,25,0
2017_legi_t1,2017,53230,257,24340,,2.816901,6,0
2017_legi_t1,2017,53231,,,,,,
2017_legi_t1,2017,53232,323,24850,,8.673777,10,0
2017_legi_t1,2017,53233,335,23420,,6.961519,9,0
2017_legi_t1,2017,53234,321,26260,,4.072398,8,0
2017_legi_t1,2017,53235,228,24010,,5.072464,8,0
2017_legi_t1,2017,53236,166,22860,,8.695652,9,0
2017_legi_t1,2017,53237,440,23740,,5.328576,13,0
2017_legi_t1,2017,53238,521,24400,,5.359407,14,0
2017_legi_t1,2017,53239,,,,,,
2017_legi_t1,2017,53240,425,23970,,5.746867,10,0
2017_legi_t1,2017,53241,,,,,,
2017_legi_t1,2017,53242,255,26100,,5.031447,8,0
2017_legi_t1,2017,53243,1782,26650,,5.524345,41,0
2017_legi_t1,2017,53244,,,,,,
2017_legi_t1,2017,53245,927,24850,,4.309507,40,0
2017_legi_t1,2017,53246,1761,24420,,10.25641,40,0
2017_legi_t1,2017,53247,2313,25620,,4.928458,50,0
2017_legi_t1,2017,53248,132,23290,,7.291667,5,0
2017_legi_t1,2017,53249,1107,23440,,9.794575,42,0
2017_legi_t1,2017,53250,391,23510,,5.555556,10,0
2017_legi_t1,2017,53251,475,25640,,4.973552,16,0
2017_legi_t1,2017,53253,518,22690,,7.665505,10,0
2017_legi_t1,2017,53254,,,,,,
2017_legi_t1,2017,53255,1197,25270,,5.829104,32,0
2017_legi_t1,2017,53256,162,25070,,9.090909,10,0
2017_legi_t1,2017,53257,328,25280,,9.659091,18,0
2017_legi_t1,2017,53258,901,25120,,4.620496,36,0
2017_legi_t1,2017,53259,376,23580,,3.75,23,0
2017_legi_t1,2017,53260,386,24650,,8.661417,15,0
2017_legi_t1,2017,53261,149,24920,,10.091743,7,0
2017_legi_t1,2017,53262,1060,25000,,6.408919,31,0
2017_legi_t1,2017,53263,270,23970,,4.972376,9,0
2017_legi_t1,2017,53264,190,23070,,8.333333,7,0
2017_legi_t1,2017,53265,770,23840,,8.501155,16,0
2017_legi_t1,2017,53266,227,25190,,7.092199,4,0
2017_legi_t1,2017,53267,1164,24120,,5.901116,60,0
2017_legi_t1,2017,53269,612,24410,,5.399461,21,0
2017_legi_t1,2017,53270,110,25040,,9.097149,3,0
2017_legi_t1,2017,53271,2682,23640,,9.910683,111,0
2017_legi_t1,2017,53272,192,21900,,15.88785,6,0
2017_legi_t1,2017,53273,1080,26060,,5.014485,34,0
2017_legi_t1,2017,53274,,,,,,
2017_legi_t1,2017,53276,905,23090,,6.877402,17,0
2017_legi_t1,2017,72001,1681,27990,,7.226739,26,0
2017_legi_t1,2017,72002,199,24850,,7.857143,5,0
2017_legi_t1,2017,72003,10740,20890,27,14.134253,239,4.832359
2017_legi_t1,2017,72004,569,26440,,7.245971,12,0
2017_legi_t1,2017,72005,917,24560,,6.435792,17,0
2017_legi_t1,2017,72006,1897,26810,,5.737394,123,
2017_legi_t1,2017,72007,499,26570,,7.718121,10,0
2017_legi_t1,2017,72008,5463,25890,11,8.764395,235,3.009631
2017_legi_t1,2017,72009,351,24400,,8.683553,5,0
2017_legi_t1,2017,72010,337,25320,,7.45098,8,0
2017_legi_t1,2017,72011,898,24120,,10.169151,21,0
2017_legi_t1,2017,72012,478,25870,,7.760309,13,0
2017_legi_t1,2017,72013,2131,23090,,10.843364,42,0
2017_legi_t1,2017,72015,107,24770,,11.267606,3,0
2017_legi_t1,2017,72016,1458,24330,,5.682405,31,0
2017_legi_t1,2017,72017,229,27200,,6.25,9,0
2017_legi_t1,2017,72018,88,,,10.144928,2,0
2017_legi_t1,2017,72019,335,25580,,8.016878,14,0
2017_legi_t1,2017,72020,692,25880,,8.086989,15,0
2017_legi_t1,2017,72021,572,24350,,9.263986,13,
2017_legi_t1,2017,72022,1217,23910,,9.838275,36,0
2017_legi_t1,2017,72023,2270,24620,,7.059837,51,0
2017_legi_t1,2017,72024,3748,28010,,4.603807,82,0
2017_legi_t1,2017,72025,1946,25020,,8.186505,42,3.382581
2017_legi_t1,2017,72026,1523,26320,,6.492381,24,0
2017_legi_t1,2017,72027,329,25140,,9.574468,6,0
2017_legi_t1,2017,72028,476,24810,,9.621993,18,0
2017_legi_t1,2017,72029,1974,23110,,10.226547,73,0
2017_legi_t1,2017,72031,543,24620,,9.733862,15,0
2017_legi_t1,2017,72032,334,25250,,6.912442,6,0
2017_legi_t1,2017,72033,,,,,,
2017_legi_t1,2017,72034,434,28460,,3.688828,13,0
2017_legi_t1,2017,72035,2025,24030,,12.644628,58,0
2017_legi_t1,2017,72036,306,25350,,7.493777,6,0
2017_legi_t1,2017,72037,129,23500,,12.962963,1,0
2017_legi_t1,2017,72038,534,24980,,11.027569,7,0
2017_legi_t1,2017,72039,3721,23060,,11.429961,90,0
2017_legi_t1,2017,72040,153,22850,,5.813953,5,0
2017_legi_t1,2017,72041,352,25620,,5.164319,11,0
2017_legi_t1,2017,72042,2121,24280,,9.084142,86,0
2017_legi_t1,2017,72043,335,25970,,8.62962,3,0
2017_legi_t1,2017,72044,431,24940,,9.689922,9,0
2017_legi_t1,2017,72045,781,26420,,9.126984,9,0
2017_legi_t1,2017,72046,1562,24720,,6.324756,23,0
2017_legi_t1,2017,72047,2127,26250,,6.394052,28,1.960165
2017_legi_t1,2017,72048,537,25290,,8.353421,8,0
2017_legi_t1,2017,72049,250,22810,,10.56338,13,0
2017_legi_t1,2017,72050,1525,24140,,8.258884,79,0
2017_legi_t1,2017,72051,3365,26370,,7.382786,83,0
2017_legi_t1,2017,72052,668,26200,,10,14,0
2017_legi_t1,2017,72053,1161,26330,,7.114625,13,0
2017_legi_t1,2017,72054,3680,25470,,6.68693,111,0
2017_legi_t1,2017,72056,1303,25700,,7.136994,15,0
2017_legi_t1,2017,72057,68,,,5.454545,0,0
2017_legi_t1,2017,72058,6803,28860,7,6.125356,183,4.205169
2017_legi_t1,2017,72059,816,24720,,8.829175,36,0
2017_legi_t1,2017,72060,282,22860,,17.751479,7,0
2017_legi_t1,2017,72061,1725,24860,,7.783936,24,0
2017_legi_t1,2017,72062,779,25730,,8.858603,22,0
2017_legi_t1,2017,72064,517,26080,,5.730659,16,0
2017_legi_t1,2017,72065,2252,29750,,5.709229,287,0
2017_legi_t1,2017,72066,421,27040,,8.22446,4,0
2017_legi_t1,2017,72067,998,25130,,6.60066,15,0
2017_legi_t1,2017,72068,1370,23120,,12.261992,78,0
2017_legi_t1,2017,72070,250,24410,,9.580838,3,0
2017_legi_t1,2017,72071,5707,22730,21,15.171914,198,4.150632
2017_legi_t1,2017,72072,255,26170,,8.724832,4,0
2017_legi_t1,2017,72073,1164,27040,,4.732121,23,0
2017_legi_t1,2017,72074,213,26180,,9.401709,4,0
2017_legi_t1,2017,72075,996,26100,,5.915746,17,0
2017_legi_t1,2017,72076,259,27170,,3.007519,1,0
2017_legi_t1,2017,72077,436,24150,,8.541003,16,0
2017_legi_t1,2017,72078,353,23620,,12.616822,15,0
2017_legi_t1,2017,72079,308,25730,,7.920792,5,0
2017_legi_t1,2017,72080,2746,26610,,6.472526,101,0
2017_legi_t1,2017,72081,,,,,,
2017_legi_t1,2017,72083,357,26050,,6.463878,10,0
2017_legi_t1,2017,72084,1276,25500,,7.518832,18,0
2017_legi_t1,2017,72085,177,25690,,10.655738,6,0
2017_legi_t1,2017,72086,138,27210,,7.692308,3,0
2017_legi_t1,2017,72087,460,26120,,4.427172,16,0
2017_legi_t1,2017,72088,320,25140,,8.296943,9,0
2017_legi_t1,2017,72089,1828,24300,,10.810811,72,0
2017_legi_t1,2017,72090,2838,24270,,9.30612,95,7.069409
2017_legi_t1,2017,72091,135,25150,,5.050505,4,0
2017_legi_t1,2017,72093,886,26650,,6.31068,19,0
2017_legi_t1,2017,72094,638,23620,,10.354223,14,0
2017_legi_t1,2017,72095,8049,21320,28,15.077124,139,3.793504
2017_legi_t1,2017,72096,1619,27030,,5.294627,45,0
2017_legi_t1,2017,72097,,,,,,
2017_legi_t1,2017,72098,512,24070,,11.146631,10,0
2017_legi_t1,2017,72099,641,25210,,5.472637,10,0
2017_legi_t1,2017,72100,403,24400,,8.075892,13,0
2017_legi_t1,2017,72101,670,24290,,8.577643,16,0
2017_legi_t1,2017,72102,83,,,8.064516,2,0
2017_legi_t1,2017,72103,614,23660,,10.637908,21,0
2017_legi_t1,2017,72104,585,23220,,9.411765,10,0
2017_legi_t1,2017,72105,460,28090,,7.236842,7,0
2017_legi_t1,2017,72106,910,26580,,5.211726,8,0
2017_legi_t1,2017,72107,341,27990,,6.306306,8,0
2017_legi_t1,2017,72109,544,25610,,11.233945,12,0
2017_legi_t1,2017,72110,993,24520,,6.211219,24,0
2017_legi_t1,2017,72111,490,26630,,6.725146,12,0
2017_legi_t1,2017,72112,482,23670,,13.31058,20,0
2017_legi_t1,2017,72113,746,28160,,5.554254,15,0
2017_legi_t1,2017,72114,250,25820,,6.043956,12,0
2017_legi_t1,2017,72115,942,24280,,8.444639,26,0
2017_legi_t1,2017,72116,,,,,,
2017_legi_t1,2017,72117,,,,,,
2017_legi_t1,2017,72118,1433,24670,,9.62877,31,0
2017_legi_t1,2017,72119,1062,28120,,8.818513,14,0
2017_legi_t1,2017,72120,225,25660,,9.375,7,0
2017_legi_t1,2017,72121,318,25090,,7.270995,10,0
2017_legi_t1,2017,72122,1076,25760,,5.42966,16,0
2017_legi_t1,2017,72123,61,,,0,1,0
2017_legi_t1,2017,72124,4818,24770,11,11.002334,143,1.694227
2017_legi_t1,2017,72125,304,24740,,6.482114,10,0
2017_legi_t1,2017,72126,290,24330,,7.8125,11,0
2017_legi_t1,2017,72127,1852,27840,,5.124099,16,4.429697
2017_legi_t1,2017,72128,526,24390,,9.742462,10,0
2017_legi_t1,2017,72129,905,26830,,5.555556,14,0
2017_legi_t1,2017,72130,736,29030,,3.69822,13,0
2017_legi_t1,2017,72131,577,25100,,5.955725,10,0
2017_legi_t1,2017,72132,8769,23720,18,12.009483,401,1.721829
2017_legi_t1,2017,72133,1543,28910,,4.665314,22,0
2017_legi_t1,2017,72134,525,24260,,7.228224,12,0
2017_legi_t1,2017,72135,600,24670,,10.31746,6,0
2017_legi_t1,2017,72136,309,26510,,4.147465,8,0
2017_legi_t1,2017,72137,2189,26010,,4.548844,36,0
2017_legi_t1,2017,72138,2909,23250,,13.329155,104,0
2017_legi_t1,2017,72139,995,24100,,4.972698,25,0
2017_legi_t1,2017,72141,889,25040,,9.165303,16,0
2017_legi_t1,2017,72142,141,23940,,4,6,0
2017_legi_t1,2017,72143,1941,23840,,8.069651,64,0
2017_legi_t1,2017,72144,339,23710,,7.273679,11,0
2017_legi_t1,2017,72145,384,23830,,9.163347,10,0
2017_legi_t1,2017,72146,3200,27470,,6.275852,56,3.712089
2017_legi_t1,2017,72147,1285,26700,,5.080129,24,0
2017_legi_t1,2017,72148,80,,,7.142857,5,0
2017_legi_t1,2017,72149,597,25210,,5.721393,24,0
2017_legi_t1,2017,72150,1275,27340,,6.075334,36,0
2017_legi_t1,2017,72151,1142,25320,,6.033376,21,0
2017_legi_t1,2017,72152,412,26330,,7.806691,5,0
2017_legi_t1,2017,72153,552,22820,,8.934931,15,0
2017_legi_t1,2017,72154,15081,24300,16,11.713396,555,4.244737
2017_legi_t1,2017,72155,4260,27340,,6.036932,80,2.488317
2017_legi_t1,2017,72156,920,25110,,5.565476,14,0
2017_legi_t1,2017,72157,695,28000,,5.104408,7,0
2017_legi_t1,2017,72158,817,24280,,10.766046,19,0
2017_legi_t1,2017,72160,585,25400,,9.893048,13,0
2017_legi_t1,2017,72161,938,24260,,8.333333,16,0
2017_legi_t1,2017,72163,484,25590,,9.967846,9,0
2017_legi_t1,2017,72164,65,,,13.953488,1,0
2017_legi_t1,2017,72165,1937,26120,,6.599293,19,0
2017_legi_t1,2017,72166,295,25470,,3.636364,10,0
2017_legi_t1,2017,72167,703,25990,,6.32249,20,0
2017_legi_t1,2017,72168,2100,23680,,8.118202,74,0
2017_legi_t1,2017,72169,1496,27340,,5.215043,30,0
2017_legi_t1,2017,72170,175,22920,,7.619048,8,0
2017_legi_t1,2017,72171,104,,,11.290323,4,0
2017_legi_t1,2017,72172,1454,24680,,6.200673,30,0
2017_legi_t1,2017,72173,1233,25610,,7.799443,42,0
2017_legi_t1,2017,72174,105,,,12.5,7,0
2017_legi_t1,2017,72175,1524,24070,,8.034896,48,0
2017_legi_t1,2017,72176,4016,22820,17,11.137652,157,1.634561
2017_legi_t1,2017,72177,336,25040,,9.82906,8,0
2017_legi_t1,2017,72178,197,22890,,13.274336,7,0
2017_legi_t1,2017,72179,1881,22980,,7.420831,40,0
2017_legi_t1,2017,72180,5080,21870,23,14.241164,199,
2017_legi_t1,2017,72181,145182,23610,22.9,13.875636,4806,2.268078
2017_legi_t1,2017,72182,1550,24440,,8.159708,36,3.464203
2017_legi_t1,2017,72183,1063,23230,,9.733587,34,0
2017_legi_t1,2017,72184,346,26440,,7.438017,21,0
2017_legi_t1,2017,72185,658,24610,,8.312958,8,0
2017_legi_t1,2017,72186,879,24910,,7.169811,32,0
2017_legi_t1,2017,72187,1618,24200,,7.305497,22,0
2017_legi_t1,2017,72188,159,26270,,5.376344,3,0
2017_legi_t1,2017,72189,2038,22490,,8.855546,80,0
2017_legi_t1,2017,72190,287,26770,,4.761905,9,0
2017_legi_t1,2017,72191,3186,24330,,10.720667,67,0
2017_legi_t1,2017,72192,105,24730,,8.695652,2,0
2017_legi_t1,2017,72193,446,25940,,6.276151,14,0
2017_legi_t1,2017,72194,272,23940,,9.770115,7,0
2017_legi_t1,2017,72195,1853,25110,,8.886972,27,0
2017_legi_t1,2017,72196,735,24280,,9.601599,13,0
2017_legi_t1,2017,72197,679,25340,,7.226107,11,0
2017_legi_t1,2017,72198,2631,29340,,7.159905,65,0
2017_legi_t1,2017,72199,266,26090,,8.484848,14,0
2017_legi_t1,2017,72200,3699,26990,,7.502168,79,
2017_legi_t1,2017,72201,234,23150,,13.690476,5,0
2017_legi_t1,2017,72202,207,23580,,6.666667,7,0
2017_legi_t1,2017,72204,517,25280,,9.259259,21,0
2017_legi_t1,2017,72205,1833,25750,,7.259523,33,0
2017_legi_t1,2017,72208,369,25160,,8.32686,28,0
2017_legi_t1,2017,72209,313,23670,,11.052632,8,0
2017_legi_t1,2017,72210,299,24850,,10.471877,8,0
2017_legi_t1,2017,72211,633,22740,,9.550562,22,0
2017_legi_t1,2017,72212,697,23920,,9.803922,15,0
2017_legi_t1,2017,72213,5299,25520,,8.277113,112,2.037944
2017_legi_t1,2017,72214,12,,,0,1,0
2017_legi_t1,2017,72215,1023,24270,,9.015581,22,0
2017_legi_t1,2017,72216,593,24970,,6.498254,12,0
2017_legi_t1,2017,72217,2463,29610,,4.76682,70,0
2017_legi_t1,2017,72218,302,25420,,9.89011,5,0
2017_legi_t1,2017,72219,768,26080,,6.881523,29,0
2017_legi_t1,2017,72220,876,24550,,7.203491,12,0
2017_legi_t1,2017,72221,361,23270,,7.586967,7,0
2017_legi_t1,2017,72222,255,24770,,8.87574,7,0
2017_legi_t1,2017,72223,2585,24530,,8.138759,78,0
2017_legi_t1,2017,72224,529,25250,,9.090909,6,0
2017_legi_t1,2017,72225,671,24730,,10.10101,16,0
2017_legi_t1,2017,72226,1325,25420,,8.470367,22,0
2017_legi_t1,2017,72227,33,,,7.142857,4,0
2017_legi_t1,2017,72228,1998,25950,,6.449224,45,2.364066
2017_legi_t1,2017,72229,449,22340,,11.286335,8,0
2017_legi_t1,2017,72230,1038,27060,,7.956778,16,0
2017_legi_t1,2017,72231,5367,26780,,6.207548,101,0
2017_legi_t1,2017,72232,707,26150,,5.050505,5,0
2017_legi_t1,2017,72233,71,,,11.111111,1,0
2017_legi_t1,2017,72234,346,24520,,10.087719,7,0
2017_legi_t1,2017,72235,373,23660,,12.5,17,0
2017_legi_t1,2017,72236,191,29700,,6.666667,5,0
2017_legi_t1,2017,72237,505,25230,,7.266587,7,0
2017_legi_t1,2017,72238,74,,,0,1,0
2017_legi_t1,2017,72239,597,26150,,8.772859,20,0
2017_legi_t1,2017,72241,2928,25880,,6.843245,87,6.241332
2017_legi_t1,2017,72243,1614,24430,,9.928479,34,0
2017_legi_t1,2017,72244,2900,25340,,5.743973,53,0
2017_legi_t1,2017,72245,669,24390,,9.606211,7,0
2017_legi_t1,2017,72246,193,25310,,5.035971,3,0
2017_legi_t1,2017,72247,1333,29410,,5.044843,27,0
2017_legi_t1,2017,72248,808,24110,,8.951105,16,0
2017_legi_t1,2017,72249,805,26710,,4.74452,13,0
2017_legi_t1,2017,72250,160,26740,,6.185567,7,0
2017_legi_t1,2017,72251,390,25670,,10.833809,8,0
2017_legi_t1,2017,72252,1108,24300,,9.24907,28,0
2017_legi_t1,2017,72253,2546,27540,,5.881305,74,0
2017_legi_t1,2017,72254,263,25030,,12.359551,9,0
2017_legi_t1,2017,72255,791,23740,,7.073022,16,0
2017_legi_t1,2017,72256,808,23950,,7.337526,20,0
2017_legi_t1,2017,72257,2352,32460,,5.316436,72,10.582011
2017_legi_t1,2017,72259,270,25880,,6.930693,14,0
2017_legi_t1,2017,72260,3492,27920,,6.724811,181,3.5673
2017_legi_t1,2017,72261,301,27010,,8.138296,9,0
2017_legi_t1,2017,72262,2052,24130,,8.390121,70,0
2017_legi_t1,2017,72264,12194,21680,23,14.869569,441,3.764506
2017_legi_t1,2017,72265,246,22280,,11.242604,9,0
2017_legi_t1,2017,72266,764,25590,,6.944316,14,0
2017_legi_t1,2017,72267,916,25670,,6.367903,18,0
2017_legi_t1,2017,72268,709,24930,,10.828735,3,0
2017_legi_t1,2017,72269,2969,23240,,11.242005,129,0
2017_legi_t1,2017,72270,185,26880,,9.090909,4,0
2017_legi_t1,2017,72271,881,24600,,7.814741,10,0
2017_legi_t1,2017,72272,326,24680,,4.636557,5,0
2017_legi_t1,2017,72273,231,24640,,15.714286,4,0
2017_legi_t1,2017,72274,214,25500,,5.384615,8,0
2017_legi_t1,2017,72275,1517,27190,,4.678363,24,0
2017_legi_t1,2017,72276,1884,24020,,8.787882,47,0
2017_legi_t1,2017,72277,113,26450,,4.347826,1,0
2017_legi_t1,2017,72278,750,23170,,8.114777,24,0
2017_legi_t1,2017,72279,171,23220,,2.970297,5,0
2017_legi_t1,2017,72280,2228,28730,,4.977938,24,0
2017_legi_t1,2017,72281,450,24510,,8.487085,10,0
2017_legi_t1,2017,72282,519,22970,,13.355049,17,0
2017_legi_t1,2017,72283,346,22590,,11.372028,16,0
2017_legi_t1,2017,72284,,,,,,
2017_legi_t1,2017,72286,392,26070,,6.669147,5,0
2017_legi_t1,2017,72287,,,,6.008182,,
2017_legi_t1,2017,72289,1964,25660,,7.76334,52,0
2017_legi_t1,2017,72290,1810,25430,,5.247543,23,0
2017_legi_t1,2017,72291,955,23600,,9.638554,20,0
2017_legi_t1,2017,72292,225,27420,,7.142857,4,0
2017_legi_t1,2017,72293,612,25970,,8.811929,5,0
2017_legi_t1,2017,72294,474,24870,,10.476354,24,0
2017_legi_t1,2017,72295,511,26210,,5.351171,15,0
2017_legi_t1,2017,72296,741,25700,,7.522985,9,0
2017_legi_t1,2017,72297,536,25440,,8.206687,8,0
2017_legi_t1,2017,72298,,,,9.635376,,
2017_legi_t1,2017,72299,2471,25350,,7.859079,33,2.828035
2017_legi_t1,2017,72300,2712,26070,,8.168572,63,0
2017_legi_t1,2017,72302,172,26460,,8.333333,3,0
2017_legi_t1,2017,72303,740,23830,,9.067996,17,0
2017_legi_t1,2017,72304,,,,,,
2017_legi_t1,2017,72305,914,24310,,10.1473,21,0
2017_legi_t1,2017,72306,1325,26370,,6.697589,18,0
2017_legi_t1,2017,72307,238,26650,,12.94964,3,0
2017_legi_t1,2017,72308,2090,26480,,6.965942,41,
2017_legi_t1,2017,72309,276,24040,,9.825313,4,0
2017_legi_t1,2017,72310,2002,31410,,4.293485,67,0
2017_legi_t1,2017,72311,339,22090,,14.60177,6,0
2017_legi_t1,2017,72312,225,24380,,7.462687,7,0
2017_legi_t1,2017,72313,212,26140,,2.985075,2,0
2017_legi_t1,2017,72314,363,24020,,6.407823,11,0
2017_legi_t1,2017,72315,832,24430,,10.238799,15,0
2017_legi_t1,2017,72316,705,24150,,7.092199,17,0
2017_legi_t1,2017,72317,498,24670,,9.235669,14,0
2017_legi_t1,2017,72319,729,26210,,8.445422,13,0
2017_legi_t1,2017,72320,2773,30250,,5.757122,175,0
2017_legi_t1,2017,72321,499,25700,,7.946004,10,0
2017_legi_t1,2017,72322,223,27490,,9.701493,10,0
2017_legi_t1,2017,72323,438,25640,,7.191781,12,0
2017_legi_t1,2017,72324,503,23910,,12.539185,9,0
2017_legi_t1,2017,72325,822,24010,,5.450733,24,0
2017_legi_t1,2017,72326,218,25620,,8.955224,6,0
2017_legi_t1,2017,72327,268,25540,,8.196721,8,0
2017_legi_t1,2017,72328,3865,29840,,5.671506,126,5.641206
2017_legi_t1,2017,72329,4042,27980,,5.317406,98,0
2017_legi_t1,2017,72330,447,22110,,8.029197,14,0
2017_legi_t1,2017,72331,584,24650,,9.038509,11,0
2017_legi_t1,2017,72332,599,24390,,5.277191,16,0
2017_legi_t1,2017,72333,432,23250,,9.469697,7,0
2017_legi_t1,2017,72334,2192,22320,,12.416107,112,0
2017_legi_t1,2017,72335,1080,26890,,6.320661,23,0
2017_legi_t1,2017,72336,1229,27470,,5.30688,108,0
2017_legi_t1,2017,72337,832,23240,,8.687616,18,0
2017_legi_t1,2017,72338,822,27320,,6.858004,8,0
2017_legi_t1,2017,72339,646,27920,,7.522124,8,0
2017_legi_t1,2017,72340,1237,26330,,6.447368,13,0
2017_legi_t1,2017,72341,604,27150,,6.004199,18,0
2017_legi_t1,2017,72342,160,29690,,5.555556,6,0
2017_legi_t1,2017,72343,606,24430,,4.901961,16,0
2017_legi_t1,2017,72344,2821,28110,,5.430017,74,0
2017_legi_t1,2017,72345,339,26670,,6.603774,3,0
2017_legi_t1,2017,72346,4628,25460,,6.935737,111,2.408056
2017_legi_t1,2017,72347,289,26050,,7.780823,8,0
2017_legi_t1,2017,72348,132,23990,,11.494253,2,0
2017_legi_t1,2017,72349,521,25830,,7.142857,9,0
2017_legi_t1,2017,72350,3043,26590,,7.234479,69,2.626443
2017_legi_t1,2017,72351,1017,25010,,8.081134,34,0
2017_legi_t1,2017,72352,143,23270,,1.176471,3,0
2017_legi_t1,2017,72353,215,27360,,5.263158,5,0
2017_legi_t1,2017,72354,165,24670,,10.204082,9,0
2017_legi_t1,2017,72355,119,,,4,1,0
2017_legi_t1,2017,72356,398,23360,,6.866362,9,0
2017_legi_t1,2017,72357,741,24570,,6.897555,23,0
2017_legi_t1,2017,72358,1653,24170,,7.127217,43,0
2017_legi_t1,2017,72359,1412,26270,,7.542896,20,0
2017_legi_t1,2017,72360,1639,30000,,5.771365,42,0
2017_legi_t1,2017,72361,510,23770,,9.160305,15,0
2017_legi_t1,2017,72362,169,26470,,5.555556,3,0
2017_legi_t1,2017,72363,1669,24560,,10.609244,53,0
2017_legi_t1,2017,72364,1383,24520,,12.943872,42,0
2017_legi_t1,2017,72366,304,25300,,3.553299,13,0
2017_legi_t1,2017,72367,778,24250,,8.658009,13,0
2017_legi_t1,2017,72368,287,25010,,7.575758,9,0
2017_legi_t1,2017,72369,586,24500,,6.650246,15,0
2017_legi_t1,2017,72370,339,22820,,12.257007,8,0
2017_legi_t1,2017,72372,77,,,6.666667,3,0
2017_legi_t1,2017,72373,2508,24840,,8.875922,101,2.228469
2017_legi_t1,2017,72374,137,24310,,6.329114,4,0
2017_legi_t1,2017,72375,517,26050,,5.367232,16,0
2017_legi_t1,2017,72376,651,26210,,5.707763,19,0
2017_legi_t1,2017,72377,1035,25490,,6.677524,37,0
2017_legi_t1,2017,72378,1383,26070,,7.157464,33,0
2017_legi_t1,2017,72379,203,24660,,8.527132,10,0
2017_legi_t1,2017,72380,899,26080,,7.216495,23,0
2017_legi_t1,2017,72381,1350,26260,,6.315597,33,0
2017_legi_t1,2017,72382,1526,25580,,7.208872,30,0
2017_legi_t1,2017,72383,131,27000,,6.097561,2,0
2017_legi_t1,2017,72385,1734,25590,,7.36456,23,0
2017_legi_t1,2017,72386,4187,29910,,5.937616,92,3.759399
2017_legi_t1,2017,85001,2808,25770,,12.595405,165,2.776027
2017_legi_t1,2017,85002,2207,26180,,8.823165,66,0
2017_legi_t1,2017,85003,10218,26220,7,8.070662,392,3.634224
2017_legi_t1,2017,85004,2966,25740,,12.639599,76,
2017_legi_t1,2017,85005,1035,25310,,6.611652,47,0
2017_legi_t1,2017,85006,2028,24780,,10.865621,55,0
2017_legi_t1,2017,85008,7129,26810,7,7.277981,164,5.33379
2017_legi_t1,2017,85009,1118,24350,,8.266171,17,0
2017_legi_t1,2017,85010,1408,25080,,11.023622,36,0
2017_legi_t1,2017,85011,1790,27310,,10.088449,58,0
2017_legi_t1,2017,85012,2356,25590,,9.808811,112,1.450722
2017_legi_t1,2017,85013,1551,26070,,5.606407,26,0
2017_legi_t1,2017,85014,1161,24160,,6.587073,29,0
2017_legi_t1,2017,85015,1654,26120,,6.491104,35,0
2017_legi_t1,2017,85016,2366,26040,,8.56787,66,0
2017_legi_t1,2017,85017,2406,25700,,6.042024,58,0
2017_legi_t1,2017,85018,3955,24610,,9.717599,149,2.059263
2017_legi_t1,2017,85019,6239,26810,,6.295944,193,6.821461
2017_legi_t1,2017,85020,4059,26570,,6.555952,91,0
2017_legi_t1,2017,85021,,,,5.872235,,
2017_legi_t1,2017,85022,1320,25030,,10.930576,28,0
2017_legi_t1,2017,85023,449,25070,,9.44388,12,0
2017_legi_t1,2017,85024,2215,25020,,7.631579,39,0
2017_legi_t1,2017,85025,2295,25770,,7.097379,70,0
2017_legi_t1,2017,85026,1465,24990,,9.090909,53,0
2017_legi_t1,2017,85027,,,,,,
2017_legi_t1,2017,85028,595,26280,,9.631728,11,0
2017_legi_t1,2017,85029,2169,24540,,6.130499,138,2.664419
2017_legi_t1,2017,85031,3170,24570,,6.047562,83,0
2017_legi_t1,2017,85033,717,23840,,10.121849,16,0
2017_legi_t1,2017,85034,3471,25500,,6.600253,105,0
2017_legi_t1,2017,85035,5139,28160,,10.5202,204,0.634345
2017_legi_t1,2017,85036,587,24790,,10.644258,12,0
2017_legi_t1,2017,85037,,,,,,
2017_legi_t1,2017,85038,2916,26670,,5.389649,62,0
2017_legi_t1,2017,85039,4015,25600,,5.698133,70,0
2017_legi_t1,2017,85040,1100,23790,,8.492455,21,0
2017_legi_t1,2017,85041,,,,,,
2017_legi_t1,2017,85042,1909,24010,,9.284622,54,4.248822
2017_legi_t1,2017,85045,1103,25210,,9.482422,29,0
2017_legi_t1,2017,85046,3883,26420,,6.113682,125,2.197622
2017_legi_t1,2017,85047,22890,25830,10.4,10.862499,1078,3.075293
2017_legi_t1,2017,85048,,,,,,
2017_legi_t1,2017,85049,1816,24330,,11.84466,33,0
2017_legi_t1,2017,85050,2041,23860,,10.483871,32,0
2017_legi_t1,2017,85051,8518,24630,11,8.618982,346,3.067707
2017_legi_t1,2017,85053,,,,,,
2017_legi_t1,2017,85054,1083,23930,,8.181818,14,0
2017_legi_t1,2017,85055,1108,25210,,7.337737,10,0
2017_legi_t1,2017,85056,394,24440,,7.480501,11,0
2017_legi_t1,2017,85058,792,27120,,6.112096,20,0
2017_legi_t1,2017,85059,2590,22720,,11.733035,124,0
2017_legi_t1,2017,85060,,,,,,
2017_legi_t1,2017,85061,1550,25950,,5.181284,23,0
2017_legi_t1,2017,85062,1144,24560,,9.027756,27,0
2017_legi_t1,2017,85064,2559,25850,,5.161882,71,0
2017_legi_t1,2017,85065,3648,25150,,6.67058,104,0
2017_legi_t1,2017,85066,847,24180,,5.59312,10,0
2017_legi_t1,2017,85067,1002,25610,,7.011686,46,0
2017_legi_t1,2017,85070,3416,25180,,12.725287,116,0
2017_legi_t1,2017,85071,3708,24800,,9.664497,83,0
2017_legi_t1,2017,85072,1047,24870,,5.769231,21,0
2017_legi_t1,2017,85073,1025,25320,,5.881474,26,0
2017_legi_t1,2017,85074,229,24260,,13.333092,3,0
2017_legi_t1,2017,85076,5659,27940,,5.666503,144,0
2017_legi_t1,2017,85077,492,23010,,18.613139,8,0
2017_legi_t1,2017,85078,731,24460,,9.693506,24,0
2017_legi_t1,2017,85080,1757,25000,,9.190471,36,0
2017_legi_t1,2017,85081,4535,27360,,6.360043,163,0
2017_legi_t1,2017,85082,2984,25420,,6.641969,95,0
2017_legi_t1,2017,85083,1643,24800,,8.343231,66,0
2017_legi_t1,2017,85084,6835,25780,7,6.104119,377,2.355455
2017_legi_t1,2017,85086,1704,24630,,7.69235,42,0
2017_legi_t1,2017,85087,205,20510,,10.169492,5,0
2017_legi_t1,2017,85088,4978,28060,,7.514231,78,0
2017_legi_t1,2017,85089,5411,26360,,6.905307,132,0
2017_legi_t1,2017,85090,6401,24910,,6.755651,194,0.576227
2017_legi_t1,2017,85092,13806,24230,17,13.433787,674,3.352177
2017_legi_t1,2017,85093,1242,25140,,6.90571,28,0
2017_legi_t1,2017,85094,1176,24430,,10.363807,41,0
2017_legi_t1,2017,85095,2128,24400,,7,44,0
2017_legi_t1,2017,85096,5413,25600,,8.372619,161,1.528084
2017_legi_t1,2017,85097,3223,25760,,6.165191,78,0
2017_legi_t1,2017,85098,1963,26660,,5.941321,29,1.964957
2017_legi_t1,2017,85099,1144,25220,,8.134056,15,0
2017_legi_t1,2017,85100,2216,27060,,7.808578,62,0
2017_legi_t1,2017,85101,484,24470,,11.375606,8,0
2017_legi_t1,2017,85102,725,23410,,13.52146,6,0
2017_legi_t1,2017,85103,2216,25540,,10.313901,39,0
2017_legi_t1,2017,85104,910,25290,,10.420024,26,0
2017_legi_t1,2017,85105,516,22680,,9.899649,9,0
2017_legi_t1,2017,85106,1335,26470,,9.162602,111,0
2017_legi_t1,2017,85107,,,,,,
2017_legi_t1,2017,85108,3437,26870,,6.892301,87,0
2017_legi_t1,2017,85109,16589,26010,8,8.192895,837,1.240203
2017_legi_t1,2017,85110,903,23270,,8.884636,27,0
2017_legi_t1,2017,85111,1505,23570,,10.702948,34,0
2017_legi_t1,2017,85112,2805,26850,,9.085511,80,0
2017_legi_t1,2017,85113,4887,26500,,10.474168,308,0
2017_legi_t1,2017,85114,3046,28440,,10.301219,146,1.092658
2017_legi_t1,2017,85115,647,24390,,8.469945,21,0
2017_legi_t1,2017,85116,483,25200,,11.574928,15,0
2017_legi_t1,2017,85117,601,25300,,9.214092,17,0
2017_legi_t1,2017,85118,2285,27090,,6.894257,44,0
2017_legi_t1,2017,85119,2572,26170,,5.906007,68,0
2017_legi_t1,2017,85120,1512,25400,,9.848485,36,0
2017_legi_t1,2017,85121,1050,23070,,10.296412,25,0
2017_legi_t1,2017,85123,296,24930,,8.982036,4,0
2017_legi_t1,2017,85125,383,23820,,6.666667,10,0
2017_legi_t1,2017,85126,1360,26360,,6.947891,27,0
2017_legi_t1,2017,85127,2442,27200,,10.353293,118,0
2017_legi_t1,2017,85128,9450,24440,15,13.147264,424,4.113019
2017_legi_t1,2017,85129,3671,25760,,7.475222,88,0
2017_legi_t1,2017,85130,1754,25090,,10.596708,47,0
2017_legi_t1,2017,85131,1461,25220,,8.640501,26,0
2017_legi_t1,2017,85132,757,24960,,11.42309,21,0
2017_legi_t1,2017,85133,895,24100,,10.415759,48,0
2017_legi_t1,2017,85134,240,26070,,7.072963,3,0
2017_legi_t1,2017,85135,2773,24760,,9.936779,99,2.053156
2017_legi_t1,2017,85136,124,21910,,18.644068,2,0
2017_legi_t1,2017,85137,526,25830,,7.534247,11,0
2017_legi_t1,2017,85138,1199,25350,,9.339926,14,0
2017_legi_t1,2017,85139,457,24130,,11.721606,13,0
2017_legi_t1,2017,85140,1489,25100,,5.869565,37,0
2017_legi_t1,2017,85141,681,23850,,9.711286,13,0
2017_legi_t1,2017,85142,1010,25460,,6.918239,16,0
2017_legi_t1,2017,85143,1073,24070,,10.144928,28,0
2017_legi_t1,2017,85144,1560,25940,,5.848994,26,0
2017_legi_t1,2017,85145,989,23520,,7.0244,20,0
2017_legi_t1,2017,85146,20754,27250,6.4,6.512938,908,1.500876
2017_legi_t1,2017,85147,1626,24750,,9.168242,31,0
2017_legi_t1,2017,85148,820,25470,,8.163265,11,0
2017_legi_t1,2017,85149,408,22620,,10.629921,10,0
2017_legi_t1,2017,85151,6065,26260,,6.782124,191,
2017_legi_t1,2017,85152,5451,25800,,9.495126,251,
2017_legi_t1,2017,85153,2986,24890,,5.366958,94,0
2017_legi_t1,2017,85154,1749,23830,,8.564189,52,0
2017_legi_t1,2017,85155,5209,28350,,5.341246,200,1.972482
2017_legi_t1,2017,85156,2341,24420,,9.641479,92,0
2017_legi_t1,2017,85157,823,25080,,7.311321,20,0
2017_legi_t1,2017,85158,1211,23570,,10.000978,22,0
2017_legi_t1,2017,85159,2372,24510,,9.340252,70,0
2017_legi_t1,2017,85160,3056,26570,,6.823285,78,0
2017_legi_t1,2017,85161,2546,25880,,8.52969,61,0
2017_legi_t1,2017,85162,2054,25570,,6.738194,68,0
2017_legi_t1,2017,85163,4502,27310,,10.02004,413,0
2017_legi_t1,2017,85164,2293,26430,,8.839991,104,0
2017_legi_t1,2017,85166,,,,,,
2017_legi_t1,2017,85167,801,26970,,4.950495,9,0
2017_legi_t1,2017,85168,,,,,,
2017_legi_t1,2017,85169,1110,24140,,12.206573,32,0
2017_legi_t1,2017,85171,618,26390,,8.506383,15,0
2017_legi_t1,2017,85172,2210,25110,,8.940012,63,0
2017_legi_t1,2017,85174,684,24150,,8.903105,14,0
2017_legi_t1,2017,85175,678,25380,,6.544503,9,0
2017_legi_t1,2017,85176,1144,26740,,6.327419,23,
2017_legi_t1,2017,85177,1366,23420,,13.330451,28,0
2017_legi_t1,2017,85178,8637,26700,,6.545578,290,0
2017_legi_t1,2017,85179,1234,24740,,8.557845,30,0
2017_legi_t1,2017,85181,643,24220,,9.991319,10,0
2017_legi_t1,2017,85182,5641,24930,10,7.847264,235,0
2017_legi_t1,2017,85184,318,23590,,10.952442,7,0
2017_legi_t1,2017,85185,646,25000,,7.143949,12,0
2017_legi_t1,2017,85186,1018,26220,,5.714151,22,0
2017_legi_t1,2017,85187,861,25280,,5.988024,21,0
2017_legi_t1,2017,85188,1157,24990,,8.371158,23,0
2017_legi_t1,2017,85189,2179,26080,,8.881765,51,0
2017_legi_t1,2017,85190,3571,24980,,6.421866,99,1.645908
2017_legi_t1,2017,85191,54699,25090,15.6,12.29333,2633,3.420992
2017_legi_t1,2017,85192,980,25260,,6.293706,18,0
2017_legi_t1,2017,85193,664,23740,,9.144543,14,0
2017_legi_t1,2017,85194,48740,28010,9.2,10.693462,2168,1.473956
2017_legi_t1,2017,85196,1942,25960,,5.051828,34,0
2017_legi_t1,2017,85197,3833,26180,,6.252487,84,0
2017_legi_t1,2017,85198,1382,26230,,5.641519,27,0
2017_legi_t1,2017,85199,533,23810,,13.4375,12,0
2017_legi_t1,2017,85200,1166,24860,,10.850902,17,0
2017_legi_t1,2017,85201,511,25190,,5.907012,13,0
2017_legi_t1,2017,85202,1587,25140,,8.273749,43,0
2017_legi_t1,2017,85204,2653,24610,,9.649363,82,0
2017_legi_t1,2017,85205,543,23500,,10.976096,8,0
2017_legi_t1,2017,85206,400,22990,,11.214953,9,0
2017_legi_t1,2017,85207,413,24670,,13.165913,4,0
2017_legi_t1,2017,85208,2425,26610,,6.768117,63,0
2017_legi_t1,2017,85209,613,24640,,11.731844,19,0
2017_legi_t1,2017,85210,2251,24000,,9.81997,52,0
2017_legi_t1,2017,85211,2547,26180,,7.938512,51,0
2017_legi_t1,2017,85213,4285,25930,,6.073921,125,0
2017_legi_t1,2017,85214,2592,26730,,7.268385,71,0
2017_legi_t1,2017,85215,3924,25530,,7.67313,127,0
2017_legi_t1,2017,85216,2074,25600,,6.265199,90,0
2017_legi_t1,2017,85217,,,,,,
2017_legi_t1,2017,85218,1820,26250,,6.137866,29,0
2017_legi_t1,2017,85220,1629,25240,,6.889918,32,0
2017_legi_t1,2017,85221,2752,24790,,9.06785,58,0
2017_legi_t1,2017,85222,8140,27450,8,12.25034,621,1.072737
2017_legi_t1,2017,85223,3593,24380,,11.20533,182,4.765475
2017_legi_t1,2017,85224,,,,,,
2017_legi_t1,2017,85226,12923,27070,10,10.518298,427,1.348652
2017_legi_t1,2017,85227,1904,24390,,9.7366,44,0
2017_legi_t1,2017,85229,628,23240,,5.714286,18,0
2017_legi_t1,2017,85231,824,25470,,7.335186,18,0
2017_legi_t1,2017,85232,1095,25000,,9.34971,27,0
2017_legi_t1,2017,85233,,,,7.368421,,
2017_legi_t1,2017,85234,8809,26700,12,13.525836,588,1.409805
2017_legi_t1,2017,85235,427,24480,,8.713693,10,0
2017_legi_t1,2017,85236,2018,25360,,7.354441,48,0
2017_legi_t1,2017,85237,394,24250,,6.849315,11,0
2017_legi_t1,2017,85238,3613,26260,,6.400724,106,0
2017_legi_t1,2017,85239,1196,25340,,8.247367,20,0
2017_legi_t1,2017,85240,1619,26990,,5.986261,53,0
2017_legi_t1,2017,85242,1033,24650,,7.296849,29,0
2017_legi_t1,2017,85243,2933,26260,,10.212745,61,0
2017_legi_t1,2017,85244,802,25340,,9.042636,17,0
2017_legi_t1,2017,85245,169,22110,,9.243697,7,0
2017_legi_t1,2017,85246,2540,25850,,6.289898,69,0
2017_legi_t1,2017,85247,1144,25470,,7.003822,27,0
2017_legi_t1,2017,85248,421,24740,,8.433735,13,0
2017_legi_t1,2017,85250,2443,26270,,7.854141,43,0
2017_legi_t1,2017,85251,637,23380,,9.473684,24,0
2017_legi_t1,2017,85252,598,24260,,7.365439,17,0
2017_legi_t1,2017,85254,1771,24890,,7.877041,41,0
2017_legi_t1,2017,85255,2347,24770,,11.803279,58,0
2017_legi_t1,2017,85256,1263,24900,,7.087227,16,0
2017_legi_t1,2017,85259,1382,26500,,5.227273,34,0
2017_legi_t1,2017,85260,857,23920,,10.038686,15,0
2017_legi_t1,2017,85261,297,24990,,13.422819,10,0
2017_legi_t1,2017,85262,3622,25240,,5.042017,73,0
2017_legi_t1,2017,85264,1340,23000,,7.820119,36,0
2017_legi_t1,2017,85265,924,23440,,9.197324,17,0
2017_legi_t1,2017,85266,1671,25020,,7.581967,45,0
2017_legi_t1,2017,85267,982,25340,,9.049105,18,0
2017_legi_t1,2017,85268,1526,24780,,10.829493,45,0
2017_legi_t1,2017,85269,424,25960,,8.910056,6,0
2017_legi_t1,2017,85271,,,,,,
2017_legi_t1,2017,85273,1996,25740,,8.704583,41,0
2017_legi_t1,2017,85274,549,24070,,8.724832,11,0
2017_legi_t1,2017,85276,753,23840,,9.108911,10,0
2017_legi_t1,2017,85277,1592,25000,,9.496568,34,0
2017_legi_t1,2017,85278,1602,27430,,12.106136,38,0
2017_legi_t1,2017,85280,3390,25480,,8.519305,124,0
2017_legi_t1,2017,85281,1029,24570,,7.849356,16,0
2017_legi_t1,2017,85282,972,24660,,7.222222,23,0
2017_legi_t1,2017,85284,4535,26550,,9.950454,120,0
2017_legi_t1,2017,85285,756,24790,,7.146847,16,0
2017_legi_t1,2017,85286,551,23910,,9.036145,17,0
2017_legi_t1,2017,85287,447,24640,,7.755457,11,0
2017_legi_t1,2017,85288,8327,27910,7,10.362447,354,1.432449
2017_legi_t1,2017,85289,2173,24020,,7.497687,73,0
2017_legi_t1,2017,85290,538,24740,,8.978328,15,0
2017_legi_t1,2017,85291,1255,25200,,7.752759,23,0
2017_legi_t1,2017,85292,1504,23940,,8.587719,37,0
2017_legi_t1,2017,85293,1556,26200,,6.767677,39,0
2017_legi_t1,2017,85294,3129,28330,,13.820396,294,
2017_legi_t1,2017,85295,3361,25840,,6.60677,86,0
2017_legi_t1,2017,85296,1240,24150,,7.525448,31,0
2017_legi_t1,2017,85297,1061,24500,,10.779436,29,0
2017_legi_t1,2017,85298,1951,25130,,9.568875,48,0
2017_legi_t1,2017,85299,,,,,,
2017_legi_t1,2017,85300,4743,27080,,6.664764,127,
2017_legi_t1,2017,85301,1802,26120,,6.22044,43,0
2017_legi_t1,2017,85302,5580,25850,,5.356455,208,0
2017_legi_t1,2017,85303,1829,24060,,9.620991,52,0
2017_legi_t1,2017,85304,782,23390,,13.442455,17,0
2017_legi_t1,2017,85305,823,24800,,7.37738,25,0
2017_legi_t1,2017,85306,743,24800,,8.296943,9,0
2017_legi_t1,2017,85307,,,,,,
2017_pres_t1,2017,44001,2052,24080,,7,57,2.665389
2017_pres_t1,2017,44002,4121,27630,,5.70676,140,4.643288
2017_pres_t1,2017,44003,11346,26100,13,8.252788,720,5.370603
2017_pres_t1,2017,44005,7288,25870,8,7.378905,177,2.989317
2017_pres_t1,2017,44006,1881,25700,,9.266055,47,3.655236
2017_pres_t1,2017,44007,2451,22940,,8.932432,75,0
2017_pres_t1,2017,44009,9617,32310,6,6.072366,360,6.437768
2017_pres_t1,2017,44010,2799,27730,,10.221989,128,1.584237
2017_pres_t1,2017,44012,3523,28490,,10.164961,113,2.253802
2017_pres_t1,2017,44013,3317,26930,,8.624454,48,0
2017_pres_t1,2017,44014,3967,28650,,5.352186,155,6.761107
2017_pres_t1,2017,44015,10352,25370,10,8.278419,303,5.67494
2017_pres_t1,2017,44016,1114,25500,,6.553372,25,0
2017_pres_t1,2017,44017,,,,,,
2017_pres_t1,2017,44018,8281,28660,7,7.025059,247,6.887899
2017_pres_t1,2017,44019,1100,27720,,6.310264,17,0
2017_pres_t1,2017,44020,20590,26590,13.8,8.824352,598,12.649657
2017_pres_t1,2017,44021,5004,25470,,9.387177,143,3.515197
2017_pres_t1,2017,44022,2814,25720,,6.388206,59,0
2017_pres_t1,2017,44023,3067,25630,,6.721023,74,0
2017_pres_t1,2017,44024,2760,29020,,5.164067,44,0
2017_pres_t1,2017,44025,4031,26710,,6.403727,135,0
2017_pres_t1,2017,44026,20535,30820,7.4,6.827714,990,7.59615
2017_pres_t1,2017,44027,2600,28050,,5.971174,41,0
2017_pres_t1,2017,44028,4011,29370,,6.576109,124,6.512148
2017_pres_t1,2017,44029,7158,27150,,5.907826,211,1.395599
2017_pres_t1,2017,44030,4424,25090,,7.6025,56,1.280673
2017_pres_t1,2017,44031,811,23880,,8.951965,26,0
2017_pres_t1,2017,44032,3443,28350,,5.255226,85,4.913076
2017_pres_t1,2017,44033,3246,28930,,5.188069,47,2.160994
2017_pres_t1,2017,44035,20483,31490,7,6.347465,637,7.72611
2017_pres_t1,2017,44036,12231,23000,19,12.179655,623,4.643082
2017_pres_t1,2017,44037,3138,28380,,6.864966,97,1.324392
2017_pres_t1,2017,44038,3035,25200,,8.191107,69,0
2017_pres_t1,2017,44039,1172,28080,,5.377907,50,0
2017_pres_t1,2017,44041,6342,27850,,5.683924,206,3.385091
2017_pres_t1,2017,44043,7459,28020,9,8.19752,392,2.715902
2017_pres_t1,2017,44044,1072,22940,,11.128527,21,0
2017_pres_t1,2017,44045,3954,27730,,4.612335,89,0
2017_pres_t1,2017,44046,2615,27300,,6.593725,41,0
2017_pres_t1,2017,44047,23541,27510,9.6,6.598806,588,15.442959
2017_pres_t1,2017,44048,2534,26740,,5.995056,62,0
2017_pres_t1,2017,44049,4081,28540,,8.83411,193,
2017_pres_t1,2017,44050,2985,26490,,7.062636,29,0
2017_pres_t1,2017,44051,3578,24310,,8.05026,142,1.4862
2017_pres_t1,2017,44052,8117,25630,9,9.840241,176,2.457311
2017_pres_t1,2017,44053,2288,26660,,6.934307,31,0
2017_pres_t1,2017,44054,3062,25280,,6.273667,72,0
2017_pres_t1,2017,44055,16613,32440,8,9.144791,989,3.123637
2017_pres_t1,2017,44056,3852,26570,,6.642402,75,3.90693
2017_pres_t1,2017,44057,2257,23570,,10.628019,46,0
2017_pres_t1,2017,44058,502,23250,,7.291667,13,0
2017_pres_t1,2017,44061,3289,25360,,7.478609,69,0
2017_pres_t1,2017,44062,1880,25120,,8.3459,29,0
2017_pres_t1,2017,44063,3794,27430,,6.148441,124,0
2017_pres_t1,2017,44064,5090,27630,,6.190476,82,2.1721
2017_pres_t1,2017,44065,770,23110,,8.225108,20,0
2017_pres_t1,2017,44066,6910,29730,,5.273347,192,8.078995
2017_pres_t1,2017,44067,5242,23280,15,10.225534,165,2.596054
2017_pres_t1,2017,44068,3577,24450,,7.672199,63,0
2017_pres_t1,2017,44069,16684,28630,8,8.486351,913,2.107858
2017_pres_t1,2017,44070,4734,29150,,6.000739,148,1.612295
2017_pres_t1,2017,44071,5992,30880,,5.983146,268,3.733251
2017_pres_t1,2017,44072,7178,25730,9,8.830523,203,1.369296
2017_pres_t1,2017,44073,6528,27820,,6.490319,204,11.742301
2017_pres_t1,2017,44074,4172,27770,,8.569357,62,11.990398
2017_pres_t1,2017,44075,1825,23980,,9.070559,46,3.348309
2017_pres_t1,2017,44076,1381,24170,,6.369537,25,0
2017_pres_t1,2017,44077,2753,25450,,8.721386,57,
2017_pres_t1,2017,44078,327,21560,,10.503094,9,0
2017_pres_t1,2017,44079,3214,26850,,5.999805,87,0
2017_pres_t1,2017,44080,769,26990,,9.288538,12,0
2017_pres_t1,2017,44081,4769,24680,,8.713282,155,2.578458
2017_pres_t1,2017,44082,5593,27020,,5.684755,104,1.560831
2017_pres_t1,2017,44083,2468,26010,,7.039585,40,0
2017_pres_t1,2017,44084,8595,27370,8,6.247982,240,1.172637
2017_pres_t1,2017,44085,949,24400,,7.244094,23,0
2017_pres_t1,2017,44086,1064,23610,,8.339683,25,0
2017_pres_t1,2017,44087,7665,25310,10,7.800232,341,3.196683
2017_pres_t1,2017,44088,3071,27280,,5.757591,60,0
2017_pres_t1,2017,44089,3689,28030,,6.95922,136,6.342495
2017_pres_t1,2017,44090,1578,25200,,7.604167,37,0
2017_pres_t1,2017,44091,1529,24310,,8.552632,40,0
2017_pres_t1,2017,44092,670,22530,,13.164557,9,0
2017_pres_t1,2017,44093,,,,,,
2017_pres_t1,2017,44094,3393,29420,,6.739346,58,3.903325
2017_pres_t1,2017,44095,1587,23920,,8.884972,28,0
2017_pres_t1,2017,44096,4681,26450,,6.009615,113,0
2017_pres_t1,2017,44097,2156,28570,,11.798839,75,1.567293
2017_pres_t1,2017,44098,5619,26010,,8.207063,119,0.995619
2017_pres_t1,2017,44099,1964,24330,,7.706829,63,5.157806
2017_pres_t1,2017,44100,2341,27170,,6.731488,46,0
2017_pres_t1,2017,44101,6523,27090,10,7.679873,157,4.90633
2017_pres_t1,2017,44102,3346,26650,,4.482709,98,3.106843
2017_pres_t1,2017,44103,7289,25290,11,9.442607,325,11.280797
2017_pres_t1,2017,44104,843,25360,,7.040147,13,0
2017_pres_t1,2017,44105,356,22530,,10.638298,11,0
2017_pres_t1,2017,44106,1846,27460,,7.662475,50,3.879862
2017_pres_t1,2017,44107,2004,26250,,8.187135,40,0
2017_pres_t1,2017,44108,2903,27450,,6.428884,84,0
2017_pres_t1,2017,44109,325070,26720,19.1,12.15272,11718,4.485272
2017_pres_t1,2017,44110,9448,26520,8,6.640565,288,2.741515
2017_pres_t1,2017,44111,2335,26520,,6.47535,33,0
2017_pres_t1,2017,44112,579,24010,,6.749649,9,0
2017_pres_t1,2017,44113,4280,25220,,8.947149,167,3.954409
2017_pres_t1,2017,44114,28341,30410,11.3,7.935357,963,8.679913
2017_pres_t1,2017,44115,3915,28380,,6.951844,75,3.046922
2017_pres_t1,2017,44116,3030,23620,,12.797373,52,0
2017_pres_t1,2017,44117,3374,27870,,6.708467,102,0
2017_pres_t1,2017,44118,1454,24420,,8.051926,27,0
2017_pres_t1,2017,44119,2042,25020,,7.556675,47,0
2017_pres_t1,2017,44120,5335,26610,,9.278351,110,1.561338
2017_pres_t1,2017,44121,437,23210,,10.146934,13,0
2017_pres_t1,2017,44122,3865,27740,,5.52017,71,0
2017_pres_t1,2017,44123,1011,24300,,8.333333,26,0
2017_pres_t1,2017,44124,829,24490,,8.510638,22,0
2017_pres_t1,2017,44125,2663,29320,,9.672727,110,0.635122
2017_pres_t1,2017,44126,4617,27060,,8.7846,127,1.336944
2017_pres_t1,2017,44127,2802,25440,,5.831695,77,0
2017_pres_t1,2017,44128,5281,24720,12,10.528677,146,1.200881
2017_pres_t1,2017,44129,11249,26570,8,8.911197,358,5.236083
2017_pres_t1,2017,44130,6942,29240,,5.144155,202,7.773649
2017_pres_t1,2017,44131,18382,29470,7,8.01689,871,2.54166
2017_pres_t1,2017,44132,12530,31310,8,8.155129,501,5.49956
2017_pres_t1,2017,44133,3046,27910,,6.518251,67,2.675775
2017_pres_t1,2017,44134,1050,26210,,5.873494,23,0
2017_pres_t1,2017,44135,4007,29460,11,11.68162,240,2.717996
2017_pres_t1,2017,44136,1246,30360,,10.39354,64,2.271877
2017_pres_t1,2017,44137,3557,27680,,5.509416,73,2.860342
2017_pres_t1,2017,44138,1124,25930,,7.331378,55,0
2017_pres_t1,2017,44139,1541,25720,,9.492241,20,0
2017_pres_t1,2017,44140,1559,25890,,6.688325,31,0
2017_pres_t1,2017,44141,1288,25480,,7.070392,27,0
2017_pres_t1,2017,44142,1932,25910,,5.716653,42,0
2017_pres_t1,2017,44143,43349,26580,14.1,9.087705,1241,7.293348
2017_pres_t1,2017,44144,2358,24390,,8.45481,64,
2017_pres_t1,2017,44145,3272,26650,,7.024324,57,0
2017_pres_t1,2017,44146,2152,24350,,7.912088,55,2.838306
2017_pres_t1,2017,44148,705,23410,,10.348339,11,0
2017_pres_t1,2017,44149,4075,25830,,5.921601,76,2.008032
2017_pres_t1,2017,44150,3991,28420,,6.526083,195,2.063983
2017_pres_t1,2017,44151,6949,29840,,6.993398,140,2.28747
2017_pres_t1,2017,44152,3014,26120,,7.476594,65,0
2017_pres_t1,2017,44153,1749,23860,,9.317343,29,0
2017_pres_t1,2017,44154,14645,28760,8,8.114062,414,3.371087
2017_pres_t1,2017,44155,3499,26570,,6.899421,70,0
2017_pres_t1,2017,44156,3209,25110,,6.340746,59,4.855399
2017_pres_t1,2017,44157,1764,24260,,9.959759,38,0
2017_pres_t1,2017,44158,7739,30120,,6.026758,240,4.60323
2017_pres_t1,2017,44159,1246,30640,,5.490196,27,0
2017_pres_t1,2017,44160,,,,,,
2017_pres_t1,2017,44161,3790,25050,,7.20231,91,0
2017_pres_t1,2017,44162,50561,25940,16.9,11.049622,2754,6.140166
2017_pres_t1,2017,44163,4890,26250,,6.499173,89,0
2017_pres_t1,2017,44164,2376,25390,,6.880083,71,0
2017_pres_t1,2017,44165,2405,27060,,4.513194,55,0
2017_pres_t1,2017,44166,6024,27230,,6.164843,77,3.509513
2017_pres_t1,2017,44168,4125,24840,,8.331409,53,
2017_pres_t1,2017,44169,7768,28760,,6.398933,244,7.16479
2017_pres_t1,2017,44170,963,23510,,7.326007,28,0
2017_pres_t1,2017,44171,2114,29400,,6.403941,31,4.704301
2017_pres_t1,2017,44172,16227,28980,9,6.722112,554,9.19942
2017_pres_t1,2017,44173,2118,26700,,6.226863,37,0
2017_pres_t1,2017,44174,2390,26340,,7.698958,48,4.410075
2017_pres_t1,2017,44175,5246,27420,,7.337526,100,0
2017_pres_t1,2017,44176,3221,26080,,8.16944,35,2.852852
2017_pres_t1,2017,44178,2644,27000,,6.626005,56,2.786992
2017_pres_t1,2017,44179,5435,27990,,5.174991,120,2.481851
2017_pres_t1,2017,44180,6625,23960,12,7.380805,188,1.657158
2017_pres_t1,2017,44182,5520,27960,,7.948246,158,1.127269
2017_pres_t1,2017,44183,2859,26550,,7.707418,70,0
2017_pres_t1,2017,44184,73111,24750,18,12.72384,2203,5.174367
2017_pres_t1,2017,44185,3304,24480,,10.047847,96,3.922401
2017_pres_t1,2017,44186,7209,26790,,5.909101,180,0
2017_pres_t1,2017,44187,4701,25240,,8.334299,154,2.966955
2017_pres_t1,2017,44188,9392,27410,7,6.904041,312,1.900181
2017_pres_t1,2017,44189,2447,25540,,8.242159,39,0
2017_pres_t1,2017,44190,28373,28930,9.7,8.349553,590,8.78912
2017_pres_t1,2017,44191,,,,,,
2017_pres_t1,2017,44192,2846,26080,,6.087964,71,0
2017_pres_t1,2017,44193,1527,23440,,8.74571,34,3.432916
2017_pres_t1,2017,44194,8534,33610,7,6.435749,280,5.750064
2017_pres_t1,2017,44195,9465,28290,9,7.595077,291,4.007943
2017_pres_t1,2017,44196,1693,24330,,9.430052,18,0
2017_pres_t1,2017,44197,1658,22950,,9.324759,50,4.487348
2017_pres_t1,2017,44198,9163,28200,8,6.575666,383,7.374562
2017_pres_t1,2017,44199,1965,24390,,9.068856,48,0
2017_pres_t1,2017,44200,339,23470,,8.333333,6,0
2017_pres_t1,2017,44201,7457,33610,,5.714494,179,3.539049
2017_pres_t1,2017,44202,1820,25740,,6.449835,44,
2017_pres_t1,2017,44203,2005,27440,,7.010268,33,0
2017_pres_t1,2017,44204,10956,29430,8,7.931207,297,4.834345
2017_pres_t1,2017,44205,2619,25400,,8.220109,57,0
2017_pres_t1,2017,44206,1936,24660,,8.686839,45,0
2017_pres_t1,2017,44207,1124,24540,,7.241379,24,0
2017_pres_t1,2017,44208,976,22750,,7.517363,25,0
2017_pres_t1,2017,44209,10414,31030,6,5.334985,338,7.684066
2017_pres_t1,2017,44210,8234,24200,13,10.176735,379,5.455497
2017_pres_t1,2017,44211,4862,27900,10,9.834025,198,1.483067
2017_pres_t1,2017,44212,9524,26770,8,6.815042,334,1.434821
2017_pres_t1,2017,44213,7509,24540,11,8.053468,228,1.225548
2017_pres_t1,2017,44214,2084,24970,,7.984278,51,0
2017_pres_t1,2017,44215,26048,31190,6.6,6.644872,845,3.788029
2017_pres_t1,2017,44216,4110,26060,,6.301505,134,
2017_pres_t1,2017,44217,6633,31380,,6.169393,261,4.202532
2017_pres_t1,2017,44218,687,25100,,8.177907,17,0
2017_pres_t1,2017,44219,,,,,,
2017_pres_t1,2017,44220,1716,26690,,7.712228,32,0
2017_pres_t1,2017,44221,1559,26740,,5.288293,27,0
2017_pres_t1,2017,44222,1258,26490,,7.448276,17,0
2017_pres_t1,2017,44223,3691,27620,,6.251195,104,2.114165
2017_pres_t1,2017,44224,1815,25070,,6.232587,35,0
2017_pres_t1,2017,49002,2925,24540,,12.304251,101,1.914971
2017_pres_t1,2017,49003,1734,24260,,9.620616,59,0
2017_pres_t1,2017,49007,157555,23930,22,13.93158,5368,1.658407
2017_pres_t1,2017,49008,917,23970,,10.47619,30,0
2017_pres_t1,2017,49009,450,25070,,6.050563,6,0
2017_pres_t1,2017,49010,317,26330,,5.624447,14,0
2017_pres_t1,2017,49011,410,27510,,9.183673,4,0
2017_pres_t1,2017,49012,349,23920,,7.76699,8,0
2017_pres_t1,2017,49015,15225,28520,10,8.659943,369,5.327584
2017_pres_t1,2017,49017,629,24930,,9.669804,11,0
2017_pres_t1,2017,49018,11747,24110,13,9.623743,382,5.533266
2017_pres_t1,2017,49020,5618,28980,,6.979971,631,3.506274
2017_pres_t1,2017,49021,6893,25190,8,7.734073,234,3.244075
2017_pres_t1,2017,49022,1346,27030,,5.34873,50,0
2017_pres_t1,2017,49023,23887,25400,7.2,7.045149,708,3.092682
2017_pres_t1,2017,49026,2781,26270,,7.060326,96,0
2017_pres_t1,2017,49027,2115,25980,,5.81529,41,0
2017_pres_t1,2017,49028,119,25600,,15.430319,8,0
2017_pres_t1,2017,49029,1317,28740,,7.340846,32,0
2017_pres_t1,2017,49030,938,26080,,9.344262,19,0
2017_pres_t1,2017,49035,6635,32260,,6.243808,156,4.524887
2017_pres_t1,2017,49036,775,23780,,10.25641,11,0
2017_pres_t1,2017,49038,236,22170,,9.032258,5,0
2017_pres_t1,2017,49041,2078,23430,,11.205415,44,2.575988
2017_pres_t1,2017,49045,617,23320,,9.490671,16,0
2017_pres_t1,2017,49046,,,,,,
2017_pres_t1,2017,49048,3193,28100,,6.634088,59,0
2017_pres_t1,2017,49050,11000,27020,6,6.518296,325,4.95575
2017_pres_t1,2017,49053,348,24580,,9.268293,8,0
2017_pres_t1,2017,49054,2815,24000,,11.71598,102,0
2017_pres_t1,2017,49055,2397,29100,,5.582694,60,0
2017_pres_t1,2017,49056,276,25550,,14.666667,9,0
2017_pres_t1,2017,49057,329,23600,,7.328655,7,0
2017_pres_t1,2017,49058,892,24130,,5.870841,26,0
2017_pres_t1,2017,49060,3450,24450,,10.005217,97,0
2017_pres_t1,2017,49061,811,23480,,8.842096,36,0
2017_pres_t1,2017,49063,6541,26540,8,7.678915,240,2.451586
2017_pres_t1,2017,49064,409,25660,,11.659193,18,0
2017_pres_t1,2017,49065,,,,,,
2017_pres_t1,2017,49067,341,24940,,6.071716,13,0
2017_pres_t1,2017,49068,1837,25350,,6.727065,64,0
2017_pres_t1,2017,49069,,,,5.942745,,
2017_pres_t1,2017,49070,712,24860,,7.487551,12,0
2017_pres_t1,2017,49076,820,26100,,5.172314,11,0
2017_pres_t1,2017,49080,8712,24680,10,8.991361,217,2.162657
2017_pres_t1,2017,49082,941,25130,,5.972923,21,0
2017_pres_t1,2017,49086,3885,25620,,7.0255,129,0
2017_pres_t1,2017,49089,1067,25030,,6.331907,30,0
2017_pres_t1,2017,49090,1036,25160,,8.5,13,0
2017_pres_t1,2017,49092,21550,25430,8.9,6.723372,761,1.474835
2017_pres_t1,2017,49099,54074,25020,15.8,12.495466,2246,2.350464
2017_pres_t1,2017,49100,473,25000,,10.231023,21,0
2017_pres_t1,2017,49102,345,24250,,10.315375,12,0
2017_pres_t1,2017,49107,481,27420,,5.938963,18,0
2017_pres_t1,2017,49109,1575,25420,,6.763601,37,0
2017_pres_t1,2017,49110,1982,25770,,7.288889,53,0
2017_pres_t1,2017,49112,935,26540,,6.214689,21,0
2017_pres_t1,2017,49113,530,25700,,8.150124,9,0
2017_pres_t1,2017,49114,140,21740,,11.956522,3,0
2017_pres_t1,2017,49120,1448,27290,,7.150715,26,0
2017_pres_t1,2017,49121,442,24620,,6.293843,13,0
2017_pres_t1,2017,49123,1812,27090,,7.636682,143,0
2017_pres_t1,2017,49125,11227,24540,12,9.37688,391,6.134951
2017_pres_t1,2017,49127,3376,24600,,9.994821,137,1.446704
2017_pres_t1,2017,49129,4614,26690,,7.548577,220,3.114532
2017_pres_t1,2017,49130,661,27430,,6.138107,12,0
2017_pres_t1,2017,49131,719,24460,,8.590308,6,0
2017_pres_t1,2017,49132,1567,25460,,7.735702,29,0
2017_pres_t1,2017,49135,2216,27780,,7.049063,45,0
2017_pres_t1,2017,49138,2531,24960,,8.051948,64,4.633316
2017_pres_t1,2017,49140,1477,23460,,8.753527,27,0
2017_pres_t1,2017,49144,,,,,,
2017_pres_t1,2017,49149,,,,,,
2017_pres_t1,2017,49155,1437,29340,,5.747594,58,0
2017_pres_t1,2017,49159,,,,,,
2017_pres_t1,2017,49160,3069,24760,,10.607383,75,0
2017_pres_t1,2017,49161,343,26210,,8.457711,8,0
2017_pres_t1,2017,49163,2792,25100,,7.360097,61,0
2017_pres_t1,2017,49167,4670,31910,,5.33259,145,1.768013
2017_pres_t1,2017,49170,828,26390,,8.461538,14,0
2017_pres_t1,2017,49171,119,24130,,11.267606,2,0
2017_pres_t1,2017,49174,1304,24430,,8.249065,26,0
2017_pres_t1,2017,49176,5343,25990,,7.617488,178,
2017_pres_t1,2017,49178,884,24740,,9.760956,34,0
2017_pres_t1,2017,49180,6583,23720,15,11.474258,234,4.607813
2017_pres_t1,2017,49182,895,25930,,6.19137,31,0
2017_pres_t1,2017,49183,4967,25470,,8.232006,106,0.972525
2017_pres_t1,2017,49188,846,26020,,4.821214,21,0
2017_pres_t1,2017,49192,3206,25980,,7.623184,125,2.969306
2017_pres_t1,2017,49193,3878,25250,,8.412425,81,0
2017_pres_t1,2017,49194,5770,26840,,6.937776,121,1.124431
2017_pres_t1,2017,49195,1257,26290,,5.529276,29,0
2017_pres_t1,2017,49200,6453,27970,,5.717229,113,1.664411
2017_pres_t1,2017,49201,2057,25480,,8.973134,41,0
2017_pres_t1,2017,49205,1050,23600,,10.775621,37,0
2017_pres_t1,2017,49209,433,25200,,7.175117,6,0
2017_pres_t1,2017,49211,1229,25200,,7.574378,42,0
2017_pres_t1,2017,49214,7811,27720,7,8.8088,135,3.700592
2017_pres_t1,2017,49215,3716,24190,,12.297555,132,
2017_pres_t1,2017,49216,565,28200,,3.2187,9,0
2017_pres_t1,2017,49217,792,26240,,4.81888,14,0
2017_pres_t1,2017,49218,15684,24680,8,6.860204,407,0.991445
2017_pres_t1,2017,49219,416,27820,,9.205021,32,0
2017_pres_t1,2017,49220,3694,24670,,7.38104,100,0.937162
2017_pres_t1,2017,49221,800,21640,,11.11768,21,0
2017_pres_t1,2017,49222,2033,27430,,6.767516,66,0
2017_pres_t1,2017,49223,6172,27750,8,8.224741,158,3.878976
2017_pres_t1,2017,49224,1011,24490,,10.662359,28,0
2017_pres_t1,2017,49228,5473,22210,19,11.751727,173,3.505491
2017_pres_t1,2017,49231,1454,26350,,6.113537,40,0
2017_pres_t1,2017,49235,377,27400,,10.367893,21,0
2017_pres_t1,2017,49236,128,24530,,15.714286,6,0
2017_pres_t1,2017,49237,137,22880,,8.988764,1,0
2017_pres_t1,2017,49240,1016,24290,,7.151779,24,0
2017_pres_t1,2017,49241,2649,29110,,6.496761,75,0
2017_pres_t1,2017,49244,18514,25020,9,7.167398,543,2.179651
2017_pres_t1,2017,49246,12863,26690,12,9.207352,498,2.024455
2017_pres_t1,2017,49247,2478,27480,,7.549314,50,
2017_pres_t1,2017,49248,8811,23850,13,11.165578,283,2.838731
2017_pres_t1,2017,49253,1089,23700,,11.690141,45,0
2017_pres_t1,2017,49257,1043,24760,,8.239095,17,0
2017_pres_t1,2017,49259,2332,26130,,7.244212,64,0
2017_pres_t1,2017,49260,2012,26320,,6.587361,51,0
2017_pres_t1,2017,49261,8452,25150,10,9.653803,235,3.118165
2017_pres_t1,2017,49262,644,26900,,5.445545,9,0
2017_pres_t1,2017,49266,1283,26200,,5.779056,20,0
2017_pres_t1,2017,49267,9496,26190,13,10.192523,551,6.452984
2017_pres_t1,2017,49269,2843,26920,,5.107832,83,0
2017_pres_t1,2017,49271,2139,27740,,5.8824,40,0
2017_pres_t1,2017,49272,1127,24170,,7.971454,15,0
2017_pres_t1,2017,49274,,,,,,
2017_pres_t1,2017,49278,3617,30130,,6.380952,170,3.350414
2017_pres_t1,2017,49283,3787,26180,,6.664216,134,0
2017_pres_t1,2017,49284,1396,25550,,7.919283,41,0
2017_pres_t1,2017,49288,225,26620,,6.289308,3,0
2017_pres_t1,2017,49289,,,,,,
2017_pres_t1,2017,49291,386,23920,,9.161721,8,0
2017_pres_t1,2017,49292,3508,26040,,6.542792,91,0
2017_pres_t1,2017,49294,2961,28980,,6.047032,59,0
2017_pres_t1,2017,49298,3860,29560,,5.9712,175,2.531725
2017_pres_t1,2017,49299,3099,26950,,4.691076,78,0
2017_pres_t1,2017,49301,25764,26070,6.2,6.320258,702,3.092339
2017_pres_t1,2017,49302,442,22920,,12.403101,11,0
2017_pres_t1,2017,49304,,,,,,
2017_pres_t1,2017,49306,1693,28630,,6.807287,66,0
2017_pres_t1,2017,49307,16588,27910,5,6.976931,407,11.974003
2017_pres_t1,2017,49308,2209,31470,,5.360811,53,0
2017_pres_t1,2017,49310,600,23100,,9.859155,17,0
2017_pres_t1,2017,49311,1319,25090,,7.170796,20,0
2017_pres_t1,2017,49321,,,,,,
2017_pres_t1,2017,49323,7946,27010,9,7.784863,368,3.742982
2017_pres_t1,2017,49326,891,29400,,4.755523,11,0
2017_pres_t1,2017,49328,26074,23990,18.8,14.301428,1155,2.696523
2017_pres_t1,2017,49329,1351,28690,,8.436725,48,0
2017_pres_t1,2017,49330,1161,26410,,4.840941,14,0
2017_pres_t1,2017,49331,17617,24390,12,8.681104,579,3.87843
2017_pres_t1,2017,49332,4199,27320,,6.690998,223,0
2017_pres_t1,2017,49333,2853,24710,,7.906216,113,1.758276
2017_pres_t1,2017,49334,341,25000,,12.857143,7,0
2017_pres_t1,2017,49336,875,24970,,7.149785,37,0
2017_pres_t1,2017,49337,,,,,,
2017_pres_t1,2017,49338,1344,28720,,7.935204,17,0
2017_pres_t1,2017,49339,1477,27750,,6.847826,23,0
2017_pres_t1,2017,49341,691,25080,,11.231102,16,0
2017_pres_t1,2017,49343,3178,26960,,5.472103,89,
2017_pres_t1,2017,49344,1238,26660,,5.152464,20,0
2017_pres_t1,2017,49345,5874,25780,,6.263426,195,0
2017_pres_t1,2017,49347,4498,26990,,6.809303,176,3.465942
2017_pres_t1,2017,49352,1316,25800,,6.968215,23,0
2017_pres_t1,2017,49353,15620,23960,17,12.449092,431,6.216564
2017_pres_t1,2017,49355,3078,26280,,6.21118,75,0
2017_pres_t1,2017,49358,569,23910,,9.645326,27,0
2017_pres_t1,2017,49359,553,27500,,6.90314,18,0
2017_pres_t1,2017,49361,1924,23800,,8.830935,39,0
2017_pres_t1,2017,49362,1282,27620,,8.984022,34,0
2017_pres_t1,2017,49364,1122,24740,,8.420901,35,0
2017_pres_t1,2017,49367,5784,25210,,6.888431,120,1.602948
2017_pres_t1,2017,49368,2006,22870,,10.995671,63,0
2017_pres_t1,2017,49369,1330,22660,,9.776254,42,0
2017_pres_t1,2017,49370,459,25750,,7.886435,10,0
2017_pres_t1,2017,49371,1750,25110,,6.509946,32,0
2017_pres_t1,2017,49373,7722,23890,11,7.978404,282,0
2017_pres_t1,2017,49374,1462,23700,,7.014595,19,0
2017_pres_t1,2017,49377,5642,28150,,5.991583,114,1.776609
2017_pres_t1,2017,49378,2599,24320,,9.723289,60,0
2017_pres_t1,2017,49381,1829,25350,,6.173118,55,0
2017_pres_t1,2017,53001,1864,26540,,4.446461,35,0
2017_pres_t1,2017,53002,612,25350,,5.215117,16,0
2017_pres_t1,2017,53003,2603,24800,,5.959794,104,0
2017_pres_t1,2017,53004,,,,,,
2017_pres_t1,2017,53005,2324,25370,,5.212211,76,0
2017_pres_t1,2017,53006,,,,,,
2017_pres_t1,2017,53007,2908,26370,,5.463859,66,0
2017_pres_t1,2017,53008,1830,25970,,4.57385,39,0
2017_pres_t1,2017,53009,672,26650,,5.651106,23,0
2017_pres_t1,2017,53010,419,25500,,8.62069,8,0
2017_pres_t1,2017,53011,887,25720,,7.706422,25,0
2017_pres_t1,2017,53012,453,25350,,5,14,0
2017_pres_t1,2017,53013,555,25130,,7.211517,20,0
2017_pres_t1,2017,53014,,,,,,
2017_pres_t1,2017,53015,1964,25810,,5.947316,34,0
2017_pres_t1,2017,53016,1220,23270,,5.769231,45,0
2017_pres_t1,2017,53017,971,23230,,7.431336,31,0
2017_pres_t1,2017,53018,1298,24480,,7.05875,47,0
2017_pres_t1,2017,53019,119,25940,,10.526316,4,0
2017_pres_t1,2017,53021,966,27810,,4.662379,12,0
2017_pres_t1,2017,53022,495,25810,,9.034268,17,0
2017_pres_t1,2017,53023,550,26550,,4.388715,6,0
2017_pres_t1,2017,53025,1086,25390,,7.899765,29,0
2017_pres_t1,2017,53026,500,26380,,4.601227,15,0
2017_pres_t1,2017,53027,203,24970,,3.250518,7,0
2017_pres_t1,2017,53028,560,25800,,4.935065,8,0
2017_pres_t1,2017,53029,1280,23330,,8.050146,41,0
2017_pres_t1,2017,53030,320,26990,,5.439331,7,0
2017_pres_t1,2017,53031,490,25540,,5.57377,15,0
2017_pres_t1,2017,53033,116,24250,,2.439024,5,0
2017_pres_t1,2017,53034,6294,28150,,5.528053,230,1.587154
2017_pres_t1,2017,53035,611,24600,,4.688758,20,0
2017_pres_t1,2017,53036,1066,24070,,7.444146,26,0
2017_pres_t1,2017,53037,718,25240,,6.896552,11,0
2017_pres_t1,2017,53038,136,25820,,1.960784,7,0
2017_pres_t1,2017,53039,1726,24600,,4.442553,54,0
2017_pres_t1,2017,53040,618,24100,,8.190326,12,0
2017_pres_t1,2017,53041,276,25870,,6.918239,8,0
2017_pres_t1,2017,53042,833,25300,,6.138292,23,0
2017_pres_t1,2017,53043,584,24870,,6.578947,13,0
2017_pres_t1,2017,53045,674,25970,,5.10449,15,0
2017_pres_t1,2017,53046,313,25410,,6.735751,8,0
2017_pres_t1,2017,53047,254,24250,,8,11,0
2017_pres_t1,2017,53048,1173,24830,,5.916306,47,0
2017_pres_t1,2017,53049,691,26880,,5.399061,6,0
2017_pres_t1,2017,53051,624,23130,,6.05394,10,0
2017_pres_t1,2017,53052,282,25830,,7.222222,7,0
2017_pres_t1,2017,53053,495,24250,,6.422018,8,0
2017_pres_t1,2017,53054,6482,28990,,5.079314,466,2.375611
2017_pres_t1,2017,53055,599,24960,,6.042296,24,0
2017_pres_t1,2017,53056,963,27430,,4.754358,16,0
2017_pres_t1,2017,53057,503,22830,,7.446809,12,0
2017_pres_t1,2017,53058,315,25890,,3.791469,8,0
2017_pres_t1,2017,53059,413,25890,,5.15873,13,0
2017_pres_t1,2017,53061,455,24260,,6.835255,11,0
2017_pres_t1,2017,53062,16539,25180,11,8.582213,705,6.532325
2017_pres_t1,2017,53063,464,23810,,7.348243,10,0
2017_pres_t1,2017,53064,960,24540,,4.486536,31,0
2017_pres_t1,2017,53065,,,,,,
2017_pres_t1,2017,53066,1363,25080,,4.761905,29,0
2017_pres_t1,2017,53067,433,23590,,7.520796,10,0
2017_pres_t1,2017,53068,155,23720,,2.12766,8,0
2017_pres_t1,2017,53069,152,21580,,10,5,0
2017_pres_t1,2017,53071,477,23180,,4.395604,17,0
2017_pres_t1,2017,53072,1289,26020,,7.27729,22,0
2017_pres_t1,2017,53073,919,22980,,7.746479,24,0
2017_pres_t1,2017,53074,840,26970,,3.838772,20,0
2017_pres_t1,2017,53075,298,23770,,7.058824,6,0
2017_pres_t1,2017,53076,307,24720,,4.975124,11,0
2017_pres_t1,2017,53077,3208,25160,,5.214016,124,0
2017_pres_t1,2017,53078,867,24740,,6.37931,21,0
2017_pres_t1,2017,53079,377,22100,,5.660377,10,0
2017_pres_t1,2017,53080,114,20910,,15.277778,7,0
2017_pres_t1,2017,53082,633,24840,,2.688172,15,0
2017_pres_t1,2017,53083,808,23610,,8.863198,26,0
2017_pres_t1,2017,53084,4415,24560,13,6.861342,210,1.128209
2017_pres_t1,2017,53085,197,26950,,5.607477,3,0
2017_pres_t1,2017,53086,633,24570,,5.764411,24,0
2017_pres_t1,2017,53087,226,26420,,9.774436,9,0
2017_pres_t1,2017,53088,853,24090,,4.097444,27,0
2017_pres_t1,2017,53089,533,24440,,5.882353,15,0
2017_pres_t1,2017,53090,184,26970,,5.769231,6,0
2017_pres_t1,2017,53091,461,24520,,6.498195,21,0
2017_pres_t1,2017,53092,,,,,,
2017_pres_t1,2017,53093,288,21980,,4.635762,3,0
2017_pres_t1,2017,53094,2278,26100,,4.268581,60,0
2017_pres_t1,2017,53096,5511,24330,10,7.952363,220,0
2017_pres_t1,2017,53097,8380,24550,13,8.145563,281,3.045669
2017_pres_t1,2017,53098,423,24250,,4.924242,15,0
2017_pres_t1,2017,53099,1096,27590,,6.017192,23,0
2017_pres_t1,2017,53100,1186,23500,,7.965558,44,0
2017_pres_t1,2017,53101,838,24910,,5.556976,12,0
2017_pres_t1,2017,53102,166,23360,,10.204082,6,0
2017_pres_t1,2017,53103,2127,25680,,5.270305,43,0
2017_pres_t1,2017,53104,1351,25380,,4.871931,30,0
2017_pres_t1,2017,53105,238,26980,,5,5,0
2017_pres_t1,2017,53106,541,22980,,9.116747,14,0
2017_pres_t1,2017,53107,2475,22790,,9.337068,130,0
2017_pres_t1,2017,53108,570,24770,,8.936679,27,0
2017_pres_t1,2017,53109,626,25740,,5.913978,14,0
2017_pres_t1,2017,53110,977,23710,,6.991101,39,0
2017_pres_t1,2017,53111,466,25380,,8.357619,16,0
2017_pres_t1,2017,53112,343,22120,,10.92437,15,0
2017_pres_t1,2017,53113,625,24570,,6.741537,18,0
2017_pres_t1,2017,53114,172,22320,,11.403509,1,0
2017_pres_t1,2017,53115,305,23790,,4.591601,7,0
2017_pres_t1,2017,53116,721,24300,,3.853161,29,0
2017_pres_t1,2017,53117,496,25630,,6.689666,11,0
2017_pres_t1,2017,53118,228,22210,,4.285714,8,0
2017_pres_t1,2017,53119,4554,27360,,4.384474,77,0
2017_pres_t1,2017,53120,458,24920,,6.10687,16,0
2017_pres_t1,2017,53121,1343,23870,,6.687199,60,0
2017_pres_t1,2017,53122,756,25500,,7.030331,20,0
2017_pres_t1,2017,53123,1332,24540,,4.853129,35,0
2017_pres_t1,2017,53124,1392,24910,,6.240455,44,0
2017_pres_t1,2017,53125,1100,23290,,7.641355,36,0
2017_pres_t1,2017,53126,1012,23990,,5.108359,33,0
2017_pres_t1,2017,53127,2243,25190,,6.712106,114,0
2017_pres_t1,2017,53128,322,24190,,6.485139,14,0
2017_pres_t1,2017,53129,358,26160,,7.659574,8,0
2017_pres_t1,2017,53130,49474,24120,20.3,10.724703,2292,1.563365
2017_pres_t1,2017,53131,184,24470,,1.904762,7,0
2017_pres_t1,2017,53132,274,25530,,7.936508,13,0
2017_pres_t1,2017,53133,710,22580,,7.815961,11,0
2017_pres_t1,2017,53134,187,24700,,10.344828,3,0
2017_pres_t1,2017,53135,728,25660,,5,19,0
2017_pres_t1,2017,53136,1227,27030,,3.270712,20,0
2017_pres_t1,2017,53137,2724,26550,,4.929378,68,0
2017_pres_t1,2017,53138,,,,,,
2017_pres_t1,2017,53139,410,23510,,7.627119,12,0
2017_pres_t1,2017,53140,4345,26750,,5.198413,121,0
2017_pres_t1,2017,53141,1182,26550,,4.491018,22,0
2017_pres_t1,2017,53142,284,25520,,4.763486,10,0
2017_pres_t1,2017,53143,510,26710,,4.179104,11,0
2017_pres_t1,2017,53144,750,25420,,3.805071,20,0
2017_pres_t1,2017,53145,543,25050,,6.666667,15,0
2017_pres_t1,2017,53146,1884,27080,,5.492032,54,0
2017_pres_t1,2017,53147,12854,24830,15,8.884853,556,2.390233
2017_pres_t1,2017,53148,230,23760,,6,10,0
2017_pres_t1,2017,53150,907,26600,,5.183815,26,0
2017_pres_t1,2017,53151,1075,24570,,5.546493,26,0
2017_pres_t1,2017,53152,2784,23330,,9.146881,122,0
2017_pres_t1,2017,53153,625,24880,,5.751388,11,0
2017_pres_t1,2017,53154,883,24040,,4.9217,32,0
2017_pres_t1,2017,53155,1307,25320,,4.93537,34,0
2017_pres_t1,2017,53156,250,27530,,6.060606,10,0
2017_pres_t1,2017,53157,1342,27480,,2.594803,22,0
2017_pres_t1,2017,53158,1030,25180,,3.846154,32,0
2017_pres_t1,2017,53159,,,,,,
2017_pres_t1,2017,53160,374,24270,,3.719008,14,0
2017_pres_t1,2017,53161,3192,24680,,7.314044,104,0
2017_pres_t1,2017,53162,977,27330,,6.937448,20,0
2017_pres_t1,2017,53163,757,24060,,6.439319,14,0
2017_pres_t1,2017,53164,345,23570,,4.295035,14,0
2017_pres_t1,2017,53165,347,27460,,6.161137,1,0
2017_pres_t1,2017,53168,1250,25200,,5.901346,28,0
2017_pres_t1,2017,53169,406,26280,,3.745318,8,0
2017_pres_t1,2017,53170,1124,25420,,6.046527,25,0
2017_pres_t1,2017,53172,394,27690,,5.776173,9,0
2017_pres_t1,2017,53173,177,25010,,8.928571,4,0
2017_pres_t1,2017,53174,841,26960,,4.227941,20,0
2017_pres_t1,2017,53175,1384,27440,,4.227053,29,0
2017_pres_t1,2017,53176,522,24150,,6.596769,17,0
2017_pres_t1,2017,53177,296,24750,,6.738038,11,0
2017_pres_t1,2017,53178,228,26730,,2.941176,9,0
2017_pres_t1,2017,53179,354,24670,,4.698661,7,0
2017_pres_t1,2017,53180,659,25530,,6.146572,31,0
2017_pres_t1,2017,53181,808,23480,,7.836847,28,0
2017_pres_t1,2017,53182,1816,24100,,7.067238,36,0
2017_pres_t1,2017,53184,161,28640,,4.761905,6,0
2017_pres_t1,2017,53185,2300,23140,,7.187783,89,0
2017_pres_t1,2017,53186,2141,24480,,5.17961,73,0
2017_pres_t1,2017,53187,230,25070,,3.90625,7,0
2017_pres_t1,2017,53188,2506,23090,,9.598214,56,0
2017_pres_t1,2017,53189,111,25370,,3.076923,6,0
2017_pres_t1,2017,53190,464,23970,,6.910569,14,0
2017_pres_t1,2017,53191,250,22560,,5.479452,8,0
2017_pres_t1,2017,53192,311,22110,,9.59596,6,0
2017_pres_t1,2017,53193,575,26060,,6.504065,9,0
2017_pres_t1,2017,53195,484,27430,,5.825243,9,0
2017_pres_t1,2017,53196,350,24210,,7.246377,16,0
2017_pres_t1,2017,53197,934,22440,,7.112031,37,0
2017_pres_t1,2017,53198,223,23780,,7.857143,6,0
2017_pres_t1,2017,53199,212,23360,,1.5625,4,0
2017_pres_t1,2017,53200,1181,27620,,3.97351,14,0
2017_pres_t1,2017,53201,7384,26720,10,6.586136,476,7.181955
2017_pres_t1,2017,53202,294,24170,,6.259312,14,0
2017_pres_t1,2017,53203,524,24760,,6.282954,6,0
2017_pres_t1,2017,53204,399,24750,,10.185185,8,0
2017_pres_t1,2017,53206,219,26530,,6.25,4,0
2017_pres_t1,2017,53207,,,,,,
2017_pres_t1,2017,53208,502,24350,,8.090615,10,0
2017_pres_t1,2017,53209,559,26170,,6.045205,13,0
2017_pres_t1,2017,53210,1512,24730,,8.939171,38,0
2017_pres_t1,2017,53211,1440,24620,,6.370641,54,0
2017_pres_t1,2017,53212,456,27900,,6.359685,8,0
2017_pres_t1,2017,53213,496,22430,,6.255134,11,0
2017_pres_t1,2017,53214,154,24840,,15.966387,5,0
2017_pres_t1,2017,53215,,,,,,
2017_pres_t1,2017,53216,946,25120,,4.098345,20,0
2017_pres_t1,2017,53218,770,25000,,5.243998,23,0
2017_pres_t1,2017,53219,1381,26250,,4.382022,38,0
2017_pres_t1,2017,53220,378,25020,,6.224066,8,0
2017_pres_t1,2017,53221,394,23240,,4.223987,10,0
2017_pres_t1,2017,53222,365,25040,,7.067099,5,0
2017_pres_t1,2017,53223,329,22500,,4.477612,16,0
2017_pres_t1,2017,53224,1179,26630,,4.296622,16,0
2017_pres_t1,2017,53225,513,25200,,4.830587,13,0
2017_pres_t1,2017,53226,808,25350,,6.358382,22,0
2017_pres_t1,2017,53228,556,23890,,10.36468,16,0
2017_pres_t1,2017,53229,1689,28550,,2.944014,25,0
2017_pres_t1,2017,53230,257,24340,,2.816901,6,0
2017_pres_t1,2017,53231,,,,,,
2017_pres_t1,2017,53232,323,24850,,8.673777,10,0
2017_pres_t1,2017,53233,335,23420,,6.961519,9,0
2017_pres_t1,2017,53234,321,26260,,4.072398,8,0
2017_pres_t1,2017,53235,228,24010,,5.072464,8,0
2017_pres_t1,2017,53236,166,22860,,8.695652,9,0
2017_pres_t1,2017,53237,440,23740,,5.328576,13,0
2017_pres_t1,2017,53238,521,24400,,5.359407,14,0
2017_pres_t1,2017,53239,,,,,,
2017_pres_t1,2017,53240,425,23970,,5.746867,10,0
2017_pres_t1,2017,53241,,,,,,
2017_pres_t1,2017,53242,255,26100,,5.031447,8,0
2017_pres_t1,2017,53243,1782,26650,,5.524345,41,0
2017_pres_t1,2017,53244,,,,,,
2017_pres_t1,2017,53245,927,24850,,4.309507,40,0
2017_pres_t1,2017,53246,1761,24420,,10.25641,40,0
2017_pres_t1,2017,53247,2313,25620,,4.928458,50,0
2017_pres_t1,2017,53248,132,23290,,7.291667,5,0
2017_pres_t1,2017,53249,1107,23440,,9.794575,42,0
2017_pres_t1,2017,53250,391,23510,,5.555556,10,0
2017_pres_t1,2017,53251,475,25640,,4.973552,16,0
2017_pres_t1,2017,53253,518,22690,,7.665505,10,0
2017_pres_t1,2017,53254,,,,,,
2017_pres_t1,2017,53255,1197,25270,,5.829104,32,0
2017_pres_t1,2017,53256,162,25070,,9.090909,10,0
2017_pres_t1,2017,53257,328,25280,,9.659091,18,0
2017_pres_t1,2017,53258,901,25120,,4.620496,36,0
2017_pres_t1,2017,53259,376,23580,,3.75,23,0
2017_pres_t1,2017,53260,386,24650,,8.661417,15,0
2017_pres_t1,2017,53261,149,24920,,10.091743,7,0
2017_pres_t1,2017,53262,1060,25000,,6.408919,31,0
2017_pres_t1,2017,53263,270,23970,,4.972376,9,0
2017_pres_t1,2017,53264,190,23070,,8.333333,7,0
2017_pres_t1,2017,53265,770,23840,,8.501155,16,0
2017_pres_t1,2017,53266,227,25190,,7.092199,4,0
2017_pres_t1,2017,53267,1164,24120,,5.901116,60,0
2017_pres_t1,2017,53269,612,24410,,5.399461,21,0
2017_pres_t1,2017,53270,110,25040,,9.097149,3,0
2017_pres_t1,2017,53271,2682,23640,,9.910683,111,0
2017_pres_t1,2017,53272,192,21900,,15.88785,6,0
2017_pres_t1,2017,53273,1080,26060,,5.014485,34,0
2017_pres_t1,2017,53274,,,,,,
2017_pres_t1,2017,53276,905,23090,,6.877402,17,0
2017_pres_t1,2017,72001,1681,27990,,7.226739,26,0
2017_pres_t1,2017,72002,199,24850,,7.857143,5,0
2017_pres_t1,2017,72003,10740,20890,27,14.134253,239,4.832359
2017_pres_t1,2017,72004,569,26440,,7.245971,12,0
2017_pres_t1,2017,72005,917,24560,,6.435792,17,0
2017_pres_t1,2017,72006,1897,26810,,5.737394,123,
2017_pres_t1,2017,72007,499,26570,,7.718121,10,0
2017_pres_t1,2017,72008,5463,25890,11,8.764395,235,3.009631
2017_pres_t1,2017,72009,351,24400,,8.683553,5,0
2017_pres_t1,2017,72010,337,25320,,7.45098,8,0
2017_pres_t1,2017,72011,898,24120,,10.169151,21,0
2017_pres_t1,2017,72012,478,25870,,7.760309,13,0
2017_pres_t1,2017,72013,2131,23090,,10.843364,42,0
2017_pres_t1,2017,72015,107,24770,,11.267606,3,0
2017_pres_t1,2017,72016,1458,24330,,5.682405,31,0
2017_pres_t1,2017,72017,229,27200,,6.25,9,0
2017_pres_t1,2017,72018,88,,,10.144928,2,0
2017_pres_t1,2017,72019,335,25580,,8.016878,14,0
2017_pres_t1,2017,72020,692,25880,,8.086989,15,0
2017_pres_t1,2017,72021,572,24350,,9.263986,13,
2017_pres_t1,2017,72022,1217,23910,,9.838275,36,0
2017_pres_t1,2017,72023,2270,24620,,7.059837,51,0
2017_pres_t1,2017,72024,3748,28010,,4.603807,82,0
2017_pres_t1,2017,72025,1946,25020,,8.186505,42,3.382581
2017_pres_t1,2017,72026,1523,26320,,6.492381,24,0
2017_pres_t1,2017,72027,329,25140,,9.574468,6,0
2017_pres_t1,2017,72028,476,24810,,9.621993,18,0
2017_pres_t1,2017,72029,1974,23110,,10.226547,73,0
2017_pres_t1,2017,72031,543,24620,,9.733862,15,0
2017_pres_t1,2017,72032,334,25250,,6.912442,6,0
2017_pres_t1,2017,72033,,,,,,
2017_pres_t1,2017,72034,434,28460,,3.688828,13,0
2017_pres_t1,2017,72035,2025,24030,,12.644628,58,0
2017_pres_t1,2017,72036,306,25350,,7.493777,6,0
2017_pres_t1,2017,72037,129,23500,,12.962963,1,0
2017_pres_t1,2017,72038,534,24980,,11.027569,7,0
2017_pres_t1,2017,72039,3721,23060,,11.429961,90,0
2017_pres_t1,2017,72040,153,22850,,5.813953,5,0
2017_pres_t1,2017,72041,352,25620,,5.164319,11,0
2017_pres_t1,2017,72042,2121,24280,,9.084142,86,0
2017_pres_t1,2017,72043,335,25970,,8.62962,3,0
2017_pres_t1,2017,72044,431,24940,,9.689922,9,0
2017_pres_t1,2017,72045,781,26420,,9.126984,9,0
2017_pres_t1,2017,72046,1562,24720,,6.324756,23,0
2017_pres_t1,2017,72047,2127,26250,,6.394052,28,1.960165
2017_pres_t1,2017,72048,537,25290,,8.353421,8,0
2017_pres_t1,2017,72049,250,22810,,10.56338,13,0
2017_pres_t1,2017,72050,1525,24140,,8.258884,79,0
2017_pres_t1,2017,72051,3365,26370,,7.382786,83,0
2017_pres_t1,2017,72052,668,26200,,10,14,0
2017_pres_t1,2017,72053,1161,26330,,7.114625,13,0
2017_pres_t1,2017,72054,3680,25470,,6.68693,111,0
2017_pres_t1,2017,72056,1303,25700,,7.136994,15,0
2017_pres_t1,2017,72057,68,,,5.454545,0,0
2017_pres_t1,2017,72058,6803,28860,7,6.125356,183,4.205169
2017_pres_t1,2017,72059,816,24720,,8.829175,36,0
2017_pres_t1,2017,72060,282,22860,,17.751479,7,0
2017_pres_t1,2017,72061,1725,24860,,7.783936,24,0
2017_pres_t1,2017,72062,779,25730,,8.858603,22,0
2017_pres_t1,2017,72064,517,26080,,5.730659,16,0
2017_pres_t1,2017,72065,2252,29750,,5.709229,287,0
2017_pres_t1,2017,72066,421,27040,,8.22446,4,0
2017_pres_t1,2017,72067,998,25130,,6.60066,15,0
2017_pres_t1,2017,72068,1370,23120,,12.261992,78,0
2017_pres_t1,2017,72070,250,24410,,9.580838,3,0
2017_pres_t1,2017,72071,5707,22730,21,15.171914,198,4.150632
2017_pres_t1,2017,72072,255,26170,,8.724832,4,0
2017_pres_t1,2017,72073,1164,27040,,4.732121,23,0
2017_pres_t1,2017,72074,213,26180,,9.401709,4,0
2017_pres_t1,2017,72075,996,26100,,5.915746,17,0
2017_pres_t1,2017,72076,259,27170,,3.007519,1,0
2017_pres_t1,2017,72077,436,24150,,8.541003,16,0
2017_pres_t1,2017,72078,353,23620,,12.616822,15,0
2017_pres_t1,2017,72079,308,25730,,7.920792,5,0
2017_pres_t1,2017,72080,2746,26610,,6.472526,101,0
2017_pres_t1,2017,72081,,,,,,
2017_pres_t1,2017,72083,357,26050,,6.463878,10,0
2017_pres_t1,2017,72084,1276,25500,,7.518832,18,0
2017_pres_t1,2017,72085,177,25690,,10.655738,6,0
2017_pres_t1,2017,72086,138,27210,,7.692308,3,0
2017_pres_t1,2017,72087,460,26120,,4.427172,16,0
2017_pres_t1,2017,72088,320,25140,,8.296943,9,0
2017_pres_t1,2017,72089,1828,24300,,10.810811,72,0
2017_pres_t1,2017,72090,2838,24270,,9.30612,95,7.069409
2017_pres_t1,2017,72091,135,25150,,5.050505,4,0
2017_pres_t1,2017,72093,886,26650,,6.31068,19,0
2017_pres_t1,2017,72094,638,23620,,10.354223,14,0
2017_pres_t1,2017,72095,8049,21320,28,15.077124,139,3.793504
2017_pres_t1,2017,72096,1619,27030,,5.294627,45,0
2017_pres_t1,2017,72097,,,,,,
2017_pres_t1,2017,72098,512,24070,,11.146631,10,0
2017_pres_t1,2017,72099,641,25210,,5.472637,10,0
2017_pres_t1,2017,72100,403,24400,,8.075892,13,0
2017_pres_t1,2017,72101,670,24290,,8.577643,16,0
2017_pres_t1,2017,72102,83,,,8.064516,2,0
2017_pres_t1,2017,72103,614,23660,,10.637908,21,0
2017_pres_t1,2017,72104,585,23220,,9.411765,10,0
2017_pres_t1,2017,72105,460,28090,,7.236842,7,0
2017_pres_t1,2017,72106,910,26580,,5.211726,8,0
2017_pres_t1,2017,72107,341,27990,,6.306306,8,0
2017_pres_t1,2017,72109,544,25610,,11.233945,12,0
2017_pres_t1,2017,72110,993,24520,,6.211219,24,0
2017_pres_t1,2017,72111,490,26630,,6.725146,12,0
2017_pres_t1,2017,72112,482,23670,,13.31058,20,0
2017_pres_t1,2017,72113,746,28160,,5.554254,15,0
2017_pres_t1,2017,72114,250,25820,,6.043956,12,0
2017_pres_t1,2017,72115,942,24280,,8.444639,26,0
2017_pres_t1,2017,72116,,,,,,
2017_pres_t1,2017,72117,,,,,,
2017_pres_t1,2017,72118,1433,24670,,9.62877,31,0
2017_pres_t1,2017,72119,1062,28120,,8.818513,14,0
2017_pres_t1,2017,72120,225,25660,,9.375,7,0
2017_pres_t1,2017,72121,318,25090,,7.270995,10,0
2017_pres_t1,2017,72122,1076,25760,,5.42966,16,0
2017_pres_t1,2017,72123,61,,,0,1,0
2017_pres_t1,2017,72124,4818,24770,11,11.002334,143,1.694227
2017_pres_t1,2017,72125,304,24740,,6.482114,10,0
2017_pres_t1,2017,72126,290,24330,,7.8125,11,0
2017_pres_t1,2017,72127,1852,27840,,5.124099,16,4.429697
2017_pres_t1,2017,72128,526,24390,,9.742462,10,0
2017_pres_t1,2017,72129,905,26830,,5.555556,14,0
2017_pres_t1,2017,72130,736,29030,,3.69822,13,0
2017_pres_t1,2017,72131,577,25100,,5.955725,10,0
2017_pres_t1,2017,72132,8769,23720,18,12.009483,401,1.721829
2017_pres_t1,2017,72133,1543,28910,,4.665314,22,0
2017_pres_t1,2017,72134,525,24260,,7.228224,12,0
2017_pres_t1,2017,72135,600,24670,,10.31746,6,0
2017_pres_t1,2017,72136,309,26510,,4.147465,8,0
2017_pres_t1,2017,72137,2189,26010,,4.548844,36,0
2017_pres_t1,2017,72138,2909,23250,,13.329155,104,0
2017_pres_t1,2017,72139,995,24100,,4.972698,25,0
2017_pres_t1,2017,72141,889,25040,,9.165303,16,0
2017_pres_t1,2017,72142,141,23940,,4,6,0
2017_pres_t1,2017,72143,1941,23840,,8.069651,64,0
2017_pres_t1,2017,72144,339,23710,,7.273679,11,0
2017_pres_t1,2017,72145,384,23830,,9.163347,10,0
2017_pres_t1,2017,72146,3200,27470,,6.275852,56,3.712089
2017_pres_t1,2017,72147,1285,26700,,5.080129,24,0
2017_pres_t1,2017,72148,80,,,7.142857,5,0
2017_pres_t1,2017,72149,597,25210,,5.721393,24,0
2017_pres_t1,2017,72150,1275,27340,,6.075334,36,0
2017_pres_t1,2017,72151,1142,25320,,6.033376,21,0
2017_pres_t1,2017,72152,412,26330,,7.806691,5,0
2017_pres_t1,2017,72153,552,22820,,8.934931,15,0
2017_pres_t1,2017,72154,15081,24300,16,11.713396,555,4.244737
2017_pres_t1,2017,72155,4260,27340,,6.036932,80,2.488317
2017_pres_t1,2017,72156,920,25110,,5.565476,14,0
2017_pres_t1,2017,72157,695,28000,,5.104408,7,0
2017_pres_t1,2017,72158,817,24280,,10.766046,19,0
2017_pres_t1,2017,72160,585,25400,,9.893048,13,0
2017_pres_t1,2017,72161,938,24260,,8.333333,16,0
2017_pres_t1,2017,72163,484,25590,,9.967846,9,0
2017_pres_t1,2017,72164,65,,,13.953488,1,0
2017_pres_t1,2017,72165,1937,26120,,6.599293,19,0
2017_pres_t1,2017,72166,295,25470,,3.636364,10,0
2017_pres_t1,2017,72167,703,25990,,6.32249,20,0
2017_pres_t1,2017,72168,2100,23680,,8.118202,74,0
2017_pres_t1,2017,72169,1496,27340,,5.215043,30,0
2017_pres_t1,2017,72170,175,22920,,7.619048,8,0
2017_pres_t1,2017,72171,104,,,11.290323,4,0
2017_pres_t1,2017,72172,1454,24680,,6.200673,30,0
2017_pres_t1,2017,72173,1233,25610,,7.799443,42,0
2017_pres_t1,2017,72174,105,,,12.5,7,0
2017_pres_t1,2017,72175,1524,24070,,8.034896,48,0
2017_pres_t1,2017,72176,4016,22820,17,11.137652,157,1.634561
2017_pres_t1,2017,72177,336,25040,,9.82906,8,0
2017_pres_t1,2017,72178,197,22890,,13.274336,7,0
2017_pres_t1,2017,72179,1881,22980,,7.420831,40,0
2017_pres_t1,2017,72180,5080,21870,23,14.241164,199,
2017_pres_t1,2017,72181,145182,23610,22.9,13.875636,4806,2.268078
2017_pres_t1,2017,72182,1550,24440,,8.159708,36,3.464203
2017_pres_t1,2017,72183,1063,23230,,9.733587,34,0
2017_pres_t1,2017,72184,346,26440,,7.438017,21,0
2017_pres_t1,2017,72185,658,24610,,8.312958,8,0
2017_pres_t1,2017,72186,879,24910,,7.169811,32,0
2017_pres_t1,2017,72187,1618,24200,,7.305497,22,0
2017_pres_t1,2017,72188,159,26270,,5.376344,3,0
2017_pres_t1,2017,72189,2038,22490,,8.855546,80,0
2017_pres_t1,2017,72190,287,26770,,4.761905,9,0
2017_pres_t1,2017,72191,3186,24330,,10.720667,67,0
2017_pres_t1,2017,72192,105,24730,,8.695652,2,0
2017_pres_t1,2017,72193,446,25940,,6.276151,14,0
2017_pres_t1,2017,72194,272,23940,,9.770115,7,0
2017_pres_t1,2017,72195,1853,25110,,8.886972,27,0
2017_pres_t1,2017,72196,735,24280,,9.601599,13,0
2017_pres_t1,2017,72197,679,25340,,7.226107,11,0
2017_pres_t1,2017,72198,2631,29340,,7.159905,65,0
2017_pres_t1,2017,72199,266,26090,,8.484848,14,0
2017_pres_t1,2017,72200,3699,26990,,7.502168,79,
2017_pres_t1,2017,72201,234,23150,,13.690476,5,0
2017_pres_t1,2017,72202,207,23580,,6.666667,7,0
2017_pres_t1,2017,72204,517,25280,,9.259259,21,0
2017_pres_t1,2017,72205,1833,25750,,7.259523,33,0
2017_pres_t1,2017,72208,369,25160,,8.32686,28,0
2017_pres_t1,2017,72209,313,23670,,11.052632,8,0
2017_pres_t1,2017,72210,299,24850,,10.471877,8,0
2017_pres_t1,2017,72211,633,22740,,9.550562,22,0
2017_pres_t1,2017,72212,697,23920,,9.803922,15,0
2017_pres_t1,2017,72213,5299,25520,,8.277113,112,2.037944
2017_pres_t1,2017,72214,12,,,0,1,0
2017_pres_t1,2017,72215,1023,24270,,9.015581,22,0
2017_pres_t1,2017,72216,593,24970,,6.498254,12,0
2017_pres_t1,2017,72217,2463,29610,,4.76682,70,0
2017_pres_t1,2017,72218,302,25420,,9.89011,5,0
2017_pres_t1,2017,72219,768,26080,,6.881523,29,0
2017_pres_t1,2017,72220,876,24550,,7.203491,12,0
2017_pres_t1,2017,72221,361,23270,,7.586967,7,0
2017_pres_t1,2017,72222,255,24770,,8.87574,7,0
2017_pres_t1,2017,72223,2585,24530,,8.138759,78,0
2017_pres_t1,2017,72224,529,25250,,9.090909,6,0
2017_pres_t1,2017,72225,671,24730,,10.10101,16,0
2017_pres_t1,2017,72226,1325,25420,,8.470367,22,0
2017_pres_t1,2017,72227,33,,,7.142857,4,0
2017_pres_t1,2017,72228,1998,25950,,6.449224,45,2.364066
2017_pres_t1,2017,72229,449,22340,,11.286335,8,0
2017_pres_t1,2017,72230,1038,27060,,7.956778,16,0
2017_pres_t1,2017,72231,5367,26780,,6.207548,101,0
2017_pres_t1,2017,72232,707,26150,,5.050505,5,0
2017_pres_t1,2017,72233,71,,,11.111111,1,0
2017_pres_t1,2017,72234,346,24520,,10.087719,7,0
2017_pres_t1,2017,72235,373,23660,,12.5,17,0
2017_pres_t1,2017,72236,191,29700,,6.666667,5,0
2017_pres_t1,2017,72237,505,25230,,7.266587,7,0
2017_pres_t1,2017,72238,74,,,0,1,0
2017_pres_t1,2017,72239,597,26150,,8.772859,20,0
2017_pres_t1,2017,72241,2928,25880,,6.843245,87,6.241332
2017_pres_t1,2017,72243,1614,24430,,9.928479,34,0
2017_pres_t1,2017,72244,2900,25340,,5.743973,53,0
2017_pres_t1,2017,72245,669,24390,,9.606211,7,0
2017_pres_t1,2017,72246,193,25310,,5.035971,3,0
2017_pres_t1,2017,72247,1333,29410,,5.044843,27,0
2017_pres_t1,2017,72248,808,24110,,8.951105,16,0
2017_pres_t1,2017,72249,805,26710,,4.74452,13,0
2017_pres_t1,2017,72250,160,26740,,6.185567,7,0
2017_pres_t1,2017,72251,390,25670,,10.833809,8,0
2017_pres_t1,2017,72252,1108,24300,,9.24907,28,0
2017_pres_t1,2017,72253,2546,27540,,5.881305,74,0
2017_pres_t1,2017,72254,263,25030,,12.359551,9,0
2017_pres_t1,2017,72255,791,23740,,7.073022,16,0
2017_pres_t1,2017,72256,808,23950,,7.337526,20,0
2017_pres_t1,2017,72257,2352,32460,,5.316436,72,10.582011
2017_pres_t1,2017,72259,270,25880,,6.930693,14,0
2017_pres_t1,2017,72260,3492,27920,,6.724811,181,3.5673
2017_pres_t1,2017,72261,301,27010,,8.138296,9,0
2017_pres_t1,2017,72262,2052,24130,,8.390121,70,0
2017_pres_t1,2017,72264,12194,21680,23,14.869569,441,3.764506
2017_pres_t1,2017,72265,246,22280,,11.242604,9,0
2017_pres_t1,2017,72266,764,25590,,6.944316,14,0
2017_pres_t1,2017,72267,916,25670,,6.367903,18,0
2017_pres_t1,2017,72268,709,24930,,10.828735,3,0
2017_pres_t1,2017,72269,2969,23240,,11.242005,129,0
2017_pres_t1,2017,72270,185,26880,,9.090909,4,0
2017_pres_t1,2017,72271,881,24600,,7.814741,10,0
2017_pres_t1,2017,72272,326,24680,,4.636557,5,0
2017_pres_t1,2017,72273,231,24640,,15.714286,4,0
2017_pres_t1,2017,72274,214,25500,,5.384615,8,0
2017_pres_t1,2017,72275,1517,27190,,4.678363,24,0
2017_pres_t1,2017,72276,1884,24020,,8.787882,47,0
2017_pres_t1,2017,72277,113,26450,,4.347826,1,0
2017_pres_t1,2017,72278,750,23170,,8.114777,24,0
2017_pres_t1,2017,72279,171,23220,,2.970297,5,0
2017_pres_t1,2017,72280,2228,28730,,4.977938,24,0
2017_pres_t1,2017,72281,450,24510,,8.487085,10,0
2017_pres_t1,2017,72282,519,22970,,13.355049,17,0
2017_pres_t1,2017,72283,346,22590,,11.372028,16,0
2017_pres_t1,2017,72284,,,,,,
2017_pres_t1,2017,72286,392,26070,,6.669147,5,0
2017_pres_t1,2017,72287,,,,6.008182,,
2017_pres_t1,2017,72289,1964,25660,,7.76334,52,0
2017_pres_t1,2017,72290,1810,25430,,5.247543,23,0
2017_pres_t1,2017,72291,955,23600,,9.638554,20,0
2017_pres_t1,2017,72292,225,27420,,7.142857,4,0
2017_pres_t1,2017,72293,612,25970,,8.811929,5,0
2017_pres_t1,2017,72294,474,24870,,10.476354,24,0
2017_pres_t1,2017,72295,511,26210,,5.351171,15,0
2017_pres_t1,2017,72296,741,25700,,7.522985,9,0
2017_pres_t1,2017,72297,536,25440,,8.206687,8,0
2017_pres_t1,2017,72298,,,,9.635376,,
2017_pres_t1,2017,72299,2471,25350,,7.859079,33,2.828035
2017_pres_t1,2017,72300,2712,26070,,8.168572,63,0
2017_pres_t1,2017,72302,172,26460,,8.333333,3,0
2017_pres_t1,2017,72303,740,23830,,9.067996,17,0
2017_pres_t1,2017,72304,,,,,,
2017_pres_t1,2017,72305,914,24310,,10.1473,21,0
2017_pres_t1,2017,72306,1325,26370,,6.697589,18,0
2017_pres_t1,2017,72307,238,26650,,12.94964,3,0
2017_pres_t1,2017,72308,2090,26480,,6.965942,41,
2017_pres_t1,2017,72309,276,24040,,9.825313,4,0
2017_pres_t1,2017,72310,2002,31410,,4.293485,67,0
2017_pres_t1,2017,72311,339,22090,,14.60177,6,0
2017_pres_t1,2017,72312,225,24380,,7.462687,7,0
2017_pres_t1,2017,72313,212,26140,,2.985075,2,0
2017_pres_t1,2017,72314,363,24020,,6.407823,11,0
2017_pres_t1,2017,72315,832,24430,,10.238799,15,0
2017_pres_t1,2017,72316,705,24150,,7.092199,17,0
2017_pres_t1,2017,72317,498,24670,,9.235669,14,0
2017_pres_t1,2017,72319,729,26210,,8.445422,13,0
2017_pres_t1,2017,72320,2773,30250,,5.757122,175,0
2017_pres_t1,2017,72321,499,25700,,7.946004,10,0
2017_pres_t1,2017,72322,223,27490,,9.701493,10,0
2017_pres_t1,2017,72323,438,25640,,7.191781,12,0
2017_pres_t1,2017,72324,503,23910,,12.539185,9,0
2017_pres_t1,2017,72325,822,24010,,5.450733,24,0
2017_pres_t1,2017,72326,218,25620,,8.955224,6,0
2017_pres_t1,2017,72327,268,25540,,8.196721,8,0
2017_pres_t1,2017,72328,3865,29840,,5.671506,126,5.641206
2017_pres_t1,2017,72329,4042,27980,,5.317406,98,0
2017_pres_t1,2017,72330,447,22110,,8.029197,14,0
2017_pres_t1,2017,72331,584,24650,,9.038509,11,0
2017_pres_t1,2017,72332,599,24390,,5.277191,16,0
2017_pres_t1,2017,72333,432,23250,,9.469697,7,0
2017_pres_t1,2017,72334,2192,22320,,12.416107,112,0
2017_pres_t1,2017,72335,1080,26890,,6.320661,23,0
2017_pres_t1,2017,72336,1229,27470,,5.30688,108,0
2017_pres_t1,2017,72337,832,23240,,8.687616,18,0
2017_pres_t1,2017,72338,822,27320,,6.858004,8,0
2017_pres_t1,2017,72339,646,27920,,7.522124,8,0
2017_pres_t1,2017,72340,1237,26330,,6.447368,13,0
2017_pres_t1,2017,72341,604,27150,,6.004199,18,0
2017_pres_t1,2017,72342,160,29690,,5.555556,6,0
2017_pres_t1,2017,72343,606,24430,,4.901961,16,0
2017_pres_t1,2017,72344,2821,28110,,5.430017,74,0
2017_pres_t1,2017,72345,339,26670,,6.603774,3,0
2017_pres_t1,2017,72346,4628,25460,,6.935737,111,2.408056
2017_pres_t1,2017,72347,289,26050,,7.780823,8,0
2017_pres_t1,2017,72348,132,23990,,11.494253,2,0
2017_pres_t1,2017,72349,521,25830,,7.142857,9,0
2017_pres_t1,2017,72350,3043,26590,,7.234479,69,2.626443
2017_pres_t1,2017,72351,1017,25010,,8.081134,34,0
2017_pres_t1,2017,72352,143,23270,,1.176471,3,0
2017_pres_t1,2017,72353,215,27360,,5.263158,5,0
2017_pres_t1,2017,72354,165,24670,,10.204082,9,0
2017_pres_t1,2017,72355,119,,,4,1,0
2017_pres_t1,2017,72356,398,23360,,6.866362,9,0
2017_pres_t1,2017,72357,741,24570,,6.897555,23,0
2017_pres_t1,2017,72358,1653,24170,,7.127217,43,0
2017_pres_t1,2017,72359,1412,26270,,7.542896,20,0
2017_pres_t1,2017,72360,1639,30000,,5.771365,42,0
2017_pres_t1,2017,72361,510,23770,,9.160305,15,0
2017_pres_t1,2017,72362,169,26470,,5.555556,3,0
2017_pres_t1,2017,72363,1669,24560,,10.609244,53,0
2017_pres_t1,2017,72364,1383,24520,,12.943872,42,0
2017_pres_t1,2017,72366,304,25300,,3.553299,13,0
2017_pres_t1,2017,72367,778,24250,,8.658009,13,0
2017_pres_t1,2017,72368,287,25010,,7.575758,9,0
2017_pres_t1,2017,72369,586,24500,,6.650246,15,0
2017_pres_t1,2017,72370,339,22820,,12.257007,8,0
2017_pres_t1,2017,72372,77,,,6.666667,3,0
2017_pres_t1,2017,72373,2508,24840,,8.875922,101,2.228469
2017_pres_t1,2017,72374,137,24310,,6.329114,4,0
2017_pres_t1,2017,72375,517,26050,,5.367232,16,0
2017_pres_t1,2017,72376,651,26210,,5.707763,19,0
2017_pres_t1,2017,72377,1035,25490,,6.677524,37,0
2017_pres_t1,2017,72378,1383,26070,,7.157464,33,0
2017_pres_t1,2017,72379,203,24660,,8.527132,10,0
2017_pres_t1,2017,72380,899,26080,,7.216495,23,0
2017_pres_t1,2017,72381,1350,26260,,6.315597,33,0
2017_pres_t1,2017,72382,1526,25580,,7.208872,30,0
2017_pres_t1,2017,72383,131,27000,,6.097561,2,0
2017_pres_t1,2017,72385,1734,25590,,7.36456,23,0
2017_pres_t1,2017,72386,4187,29910,,5.937616,92,3.759399
2017_pres_t1,2017,85001,2808,25770,,12.595405,165,2.776027
2017_pres_t1,2017,85002,2207,26180,,8.823165,66,0
2017_pres_t1,2017,85003,10218,26220,7,8.070662,392,3.634224
2017_pres_t1,2017,85004,2966,25740,,12.639599,76,
2017_pres_t1,2017,85005,1035,25310,,6.611652,47,0
2017_pres_t1,2017,85006,2028,24780,,10.865621,55,0
2017_pres_t1,2017,85008,7129,26810,7,7.277981,164,5.33379
2017_pres_t1,2017,85009,1118,24350,,8.266171,17,0
2017_pres_t1,2017,85010,1408,25080,,11.023622,36,0
2017_pres_t1,2017,85011,1790,27310,,10.088449,58,0
2017_pres_t1,2017,85012,2356,25590,,9.808811,112,1.450722
2017_pres_t1,2017,85013,1551,26070,,5.606407,26,0
2017_pres_t1,2017,85014,1161,24160,,6.587073,29,0
2017_pres_t1,2017,85015,1654,26120,,6.491104,35,0
2017_pres_t1,2017,85016,2366,26040,,8.56787,66,0
2017_pres_t1,2017,85017,2406,25700,,6.042024,58,0
2017_pres_t1,2017,85018,3955,24610,,9.717599,149,2.059263
2017_pres_t1,2017,85019,6239,26810,,6.295944,193,6.821461
2017_pres_t1,2017,85020,4059,26570,,6.555952,91,0
2017_pres_t1,2017,85021,,,,5.872235,,
2017_pres_t1,2017,85022,1320,25030,,10.930576,28,0
2017_pres_t1,2017,85023,449,25070,,9.44388,12,0
2017_pres_t1,2017,85024,2215,25020,,7.631579,39,0
2017_pres_t1,2017,85025,2295,25770,,7.097379,70,0
2017_pres_t1,2017,85026,1465,24990,,9.090909,53,0
2017_pres_t1,2017,85027,,,,,,
2017_pres_t1,2017,85028,595,26280,,9.631728,11,0
2017_pres_t1,2017,85029,2169,24540,,6.130499,138,2.664419
2017_pres_t1,2017,85031,3170,24570,,6.047562,83,0
2017_pres_t1,2017,85033,717,23840,,10.121849,16,0
2017_pres_t1,2017,85034,3471,25500,,6.600253,105,0
2017_pres_t1,2017,85035,5139,28160,,10.5202,204,0.634345
2017_pres_t1,2017,85036,587,24790,,10.644258,12,0
2017_pres_t1,2017,85037,,,,,,
2017_pres_t1,2017,85038,2916,26670,,5.389649,62,0
2017_pres_t1,2017,85039,4015,25600,,5.698133,70,0
2017_pres_t1,2017,85040,1100,23790,,8.492455,21,0
2017_pres_t1,2017,85041,,,,,,
2017_pres_t1,2017,85042,1909,24010,,9.284622,54,4.248822
2017_pres_t1,2017,85045,1103,25210,,9.482422,29,0
2017_pres_t1,2017,85046,3883,26420,,6.113682,125,2.197622
2017_pres_t1,2017,85047,22890,25830,10.4,10.862499,1078,3.075293
2017_pres_t1,2017,85048,,,,,,
2017_pres_t1,2017,85049,1816,24330,,11.84466,33,0
2017_pres_t1,2017,85050,2041,23860,,10.483871,32,0
2017_pres_t1,2017,85051,8518,24630,11,8.618982,346,3.067707
2017_pres_t1,2017,85053,,,,,,
2017_pres_t1,2017,85054,1083,23930,,8.181818,14,0
2017_pres_t1,2017,85055,1108,25210,,7.337737,10,0
2017_pres_t1,2017,85056,394,24440,,7.480501,11,0
2017_pres_t1,2017,85058,792,27120,,6.112096,20,0
2017_pres_t1,2017,85059,2590,22720,,11.733035,124,0
2017_pres_t1,2017,85060,,,,,,
2017_pres_t1,2017,85061,1550,25950,,5.181284,23,0
2017_pres_t1,2017,85062,1144,24560,,9.027756,27,0
2017_pres_t1,2017,85064,2559,25850,,5.161882,71,0
2017_pres_t1,2017,85065,3648,25150,,6.67058,104,0
2017_pres_t1,2017,85066,847,24180,,5.59312,10,0
2017_pres_t1,2017,85067,1002,25610,,7.011686,46,0
2017_pres_t1,2017,85070,3416,25180,,12.725287,116,0
2017_pres_t1,2017,85071,3708,24800,,9.664497,83,0
2017_pres_t1,2017,85072,1047,24870,,5.769231,21,0
2017_pres_t1,2017,85073,1025,25320,,5.881474,26,0
2017_pres_t1,2017,85074,229,24260,,13.333092,3,0
2017_pres_t1,2017,85076,5659,27940,,5.666503,144,0
2017_pres_t1,2017,85077,492,23010,,18.613139,8,0
2017_pres_t1,2017,85078,731,24460,,9.693506,24,0
2017_pres_t1,2017,85080,1757,25000,,9.190471,36,0
2017_pres_t1,2017,85081,4535,27360,,6.360043,163,0
2017_pres_t1,2017,85082,2984,25420,,6.641969,95,0
2017_pres_t1,2017,85083,1643,24800,,8.343231,66,0
2017_pres_t1,2017,85084,6835,25780,7,6.104119,377,2.355455
2017_pres_t1,2017,85086,1704,24630,,7.69235,42,0
2017_pres_t1,2017,85087,205,20510,,10.169492,5,0
2017_pres_t1,2017,85088,4978,28060,,7.514231,78,0
2017_pres_t1,2017,85089,5411,26360,,6.905307,132,0
2017_pres_t1,2017,85090,6401,24910,,6.755651,194,0.576227
2017_pres_t1,2017,85092,13806,24230,17,13.433787,674,3.352177
2017_pres_t1,2017,85093,1242,25140,,6.90571,28,0
2017_pres_t1,2017,85094,1176,24430,,10.363807,41,0
2017_pres_t1,2017,85095,2128,24400,,7,44,0
2017_pres_t1,2017,85096,5413,25600,,8.372619,161,1.528084
2017_pres_t1,2017,85097,3223,25760,,6.165191,78,0
2017_pres_t1,2017,85098,1963,26660,,5.941321,29,1.964957
2017_pres_t1,2017,85099,1144,25220,,8.134056,15,0
2017_pres_t1,2017,85100,2216,27060,,7.808578,62,0
2017_pres_t1,2017,85101,484,24470,,11.375606,8,0
2017_pres_t1,2017,85102,725,23410,,13.52146,6,0
2017_pres_t1,2017,85103,2216,25540,,10.313901,39,0
2017_pres_t1,2017,85104,910,25290,,10.420024,26,0
2017_pres_t1,2017,85105,516,22680,,9.899649,9,0
2017_pres_t1,2017,85106,1335,26470,,9.162602,111,0
2017_pres_t1,2017,85107,,,,,,
2017_pres_t1,2017,85108,3437,26870,,6.892301,87,0
2017_pres_t1,2017,85109,16589,26010,8,8.192895,837,1.240203
2017_pres_t1,2017,85110,903,23270,,8.884636,27,0
2017_pres_t1,2017,85111,1505,23570,,10.702948,34,0
2017_pres_t1,2017,85112,2805,26850,,9.085511,80,0
2017_pres_t1,2017,85113,4887,26500,,10.474168,308,0
2017_pres_t1,2017,85114,3046,28440,,10.301219,146,1.092658
2017_pres_t1,2017,85115,647,24390,,8.469945,21,0
2017_pres_t1,2017,85116,483,25200,,11.574928,15,0
2017_pres_t1,2017,85117,601,25300,,9.214092,17,0
2017_pres_t1,2017,85118,2285,27090,,6.894257,44,0
2017_pres_t1,2017,85119,2572,26170,,5.906007,68,0
2017_pres_t1,2017,85120,1512,25400,,9.848485,36,0
2017_pres_t1,2017,85121,1050,23070,,10.296412,25,0
2017_pres_t1,2017,85123,296,24930,,8.982036,4,0
2017_pres_t1,2017,85125,383,23820,,6.666667,10,0
2017_pres_t1,2017,85126,1360,26360,,6.947891,27,0
2017_pres_t1,2017,85127,2442,27200,,10.353293,118,0
2017_pres_t1,2017,85128,9450,24440,15,13.147264,424,4.113019
2017_pres_t1,2017,85129,3671,25760,,7.475222,88,0
2017_pres_t1,2017,85130,1754,25090,,10.596708,47,0
2017_pres_t1,2017,85131,1461,25220,,8.640501,26,0
2017_pres_t1,2017,85132,757,24960,,11.42309,21,0
2017_pres_t1,2017,85133,895,24100,,10.415759,48,0
2017_pres_t1,2017,85134,240,26070,,7.072963,3,0
2017_pres_t1,2017,85135,2773,24760,,9.936779,99,2.053156
2017_pres_t1,2017,85136,124,21910,,18.644068,2,0
2017_pres_t1,2017,85137,526,25830,,7.534247,11,0
2017_pres_t1,2017,85138,1199,25350,,9.339926,14,0
2017_pres_t1,2017,85139,457,24130,,11.721606,13,0
2017_pres_t1,2017,85140,1489,25100,,5.869565,37,0
2017_pres_t1,2017,85141,681,23850,,9.711286,13,0
2017_pres_t1,2017,85142,1010,25460,,6.918239,16,0
2017_pres_t1,2017,85143,1073,24070,,10.144928,28,0
2017_pres_t1,2017,85144,1560,25940,,5.848994,26,0
2017_pres_t1,2017,85145,989,23520,,7.0244,20,0
2017_pres_t1,2017,85146,20754,27250,6.4,6.512938,908,1.500876
2017_pres_t1,2017,85147,1626,24750,,9.168242,31,0
2017_pres_t1,2017,85148,820,25470,,8.163265,11,0
2017_pres_t1,2017,85149,408,22620,,10.629921,10,0
2017_pres_t1,2017,85151,6065,26260,,6.782124,191,
2017_pres_t1,2017,85152,5451,25800,,9.495126,251,
2017_pres_t1,2017,85153,2986,24890,,5.366958,94,0
2017_pres_t1,2017,85154,1749,23830,,8.564189,52,0
2017_pres_t1,2017,85155,5209,28350,,5.341246,200,1.972482
2017_pres_t1,2017,85156,2341,24420,,9.641479,92,0
2017_pres_t1,2017,85157,823,25080,,7.311321,20,0
2017_pres_t1,2017,85158,1211,23570,,10.000978,22,0
2017_pres_t1,2017,85159,2372,24510,,9.340252,70,0
2017_pres_t1,2017,85160,3056,26570,,6.823285,78,0
2017_pres_t1,2017,85161,2546,25880,,8.52969,61,0
2017_pres_t1,2017,85162,2054,25570,,6.738194,68,0
2017_pres_t1,2017,85163,4502,27310,,10.02004,413,0
2017_pres_t1,2017,85164,2293,26430,,8.839991,104,0
2017_pres_t1,2017,85166,,,,,,
2017_pres_t1,2017,85167,801,26970,,4.950495,9,0
2017_pres_t1,2017,85168,,,,,,
2017_pres_t1,2017,85169,1110,24140,,12.206573,32,0
2017_pres_t1,2017,85171,618,26390,,8.506383,15,0
2017_pres_t1,2017,85172,2210,25110,,8.940012,63,0
2017_pres_t1,2017,85174,684,24150,,8.903105,14,0
2017_pres_t1,2017,85175,678,25380,,6.544503,9,0
2017_pres_t1,2017,85176,1144,26740,,6.327419,23,
2017_pres_t1,2017,85177,1366,23420,,13.330451,28,0
2017_pres_t1,2017,85178,8637,26700,,6.545578,290,0
2017_pres_t1,2017,85179,1234,24740,,8.557845,30,0
2017_pres_t1,2017,85181,643,24220,,9.991319,10,0
2017_pres_t1,2017,85182,5641,24930,10,7.847264,235,0
2017_pres_t1,2017,85184,318,23590,,10.952442,7,0
2017_pres_t1,2017,85185,646,25000,,7.143949,12,0
2017_pres_t1,2017,85186,1018,26220,,5.714151,22,0
2017_pres_t1,2017,85187,861,25280,,5.988024,21,0
2017_pres_t1,2017,85188,1157,24990,,8.371158,23,0
2017_pres_t1,2017,85189,2179,26080,,8.881765,51,0
2017_pres_t1,2017,85190,3571,24980,,6.421866,99,1.645908
2017_pres_t1,2017,85191,54699,25090,15.6,12.29333,2633,3.420992
2017_pres_t1,2017,85192,980,25260,,6.293706,18,0
2017_pres_t1,2017,85193,664,23740,,9.144543,14,0
2017_pres_t1,2017,85194,48740,28010,9.2,10.693462,2168,1.473956
2017_pres_t1,2017,85196,1942,25960,,5.051828,34,0
2017_pres_t1,2017,85197,3833,26180,,6.252487,84,0
2017_pres_t1,2017,85198,1382,26230,,5.641519,27,0
2017_pres_t1,2017,85199,533,23810,,13.4375,12,0
2017_pres_t1,2017,85200,1166,24860,,10.850902,17,0
2017_pres_t1,2017,85201,511,25190,,5.907012,13,0
2017_pres_t1,2017,85202,1587,25140,,8.273749,43,0
2017_pres_t1,2017,85204,2653,24610,,9.649363,82,0
2017_pres_t1,2017,85205,543,23500,,10.976096,8,0
2017_pres_t1,2017,85206,400,22990,,11.214953,9,0
2017_pres_t1,2017,85207,413,24670,,13.165913,4,0
2017_pres_t1,2017,85208,2425,26610,,6.768117,63,0
2017_pres_t1,2017,85209,613,24640,,11.731844,19,0
2017_pres_t1,2017,85210,2251,24000,,9.81997,52,0
2017_pres_t1,2017,85211,2547,26180,,7.938512,51,0
2017_pres_t1,2017,85213,4285,25930,,6.073921,125,0
2017_pres_t1,2017,85214,2592,26730,,7.268385,71,0
2017_pres_t1,2017,85215,3924,25530,,7.67313,127,0
2017_pres_t1,2017,85216,2074,25600,,6.265199,90,0
2017_pres_t1,2017,85217,,,,,,
2017_pres_t1,2017,85218,1820,26250,,6.137866,29,0
2017_pres_t1,2017,85220,1629,25240,,6.889918,32,0
2017_pres_t1,2017,85221,2752,24790,,9.06785,58,0
2017_pres_t1,2017,85222,8140,27450,8,12.25034,621,1.072737
2017_pres_t1,2017,85223,3593,24380,,11.20533,182,4.765475
2017_pres_t1,2017,85224,,,,,,
2017_pres_t1,2017,85226,12923,27070,10,10.518298,427,1.348652
2017_pres_t1,2017,85227,1904,24390,,9.7366,44,0
2017_pres_t1,2017,85229,628,23240,,5.714286,18,0
2017_pres_t1,2017,85231,824,25470,,7.335186,18,0
2017_pres_t1,2017,85232,1095,25000,,9.34971,27,0
2017_pres_t1,2017,85233,,,,7.368421,,
2017_pres_t1,2017,85234,8809,26700,12,13.525836,588,1.409805
2017_pres_t1,2017,85235,427,24480,,8.713693,10,0
2017_pres_t1,2017,85236,2018,25360,,7.354441,48,0
2017_pres_t1,2017,85237,394,24250,,6.849315,11,0
2017_pres_t1,2017,85238,3613,26260,,6.400724,106,0
2017_pres_t1,2017,85239,1196,25340,,8.247367,20,0
2017_pres_t1,2017,85240,1619,26990,,5.986261,53,0
2017_pres_t1,2017,85242,1033,24650,,7.296849,29,0
2017_pres_t1,2017,85243,2933,26260,,10.212745,61,0
2017_pres_t1,2017,85244,802,25340,,9.042636,17,0
2017_pres_t1,2017,85245,169,22110,,9.243697,7,0
2017_pres_t1,2017,85246,2540,25850,,6.289898,69,0
2017_pres_t1,2017,85247,1144,25470,,7.003822,27,0
2017_pres_t1,2017,85248,421,24740,,8.433735,13,0
2017_pres_t1,2017,85250,2443,26270,,7.854141,43,0
2017_pres_t1,2017,85251,637,23380,,9.473684,24,0
2017_pres_t1,2017,85252,598,24260,,7.365439,17,0
2017_pres_t1,2017,85254,1771,24890,,7.877041,41,0
2017_pres_t1,2017,85255,2347,24770,,11.803279,58,0
2017_pres_t1,2017,85256,1263,24900,,7.087227,16,0
2017_pres_t1,2017,85259,1382,26500,,5.227273,34,0
2017_pres_t1,2017,85260,857,23920,,10.038686,15,0
2017_pres_t1,2017,85261,297,24990,,13.422819,10,0
2017_pres_t1,2017,85262,3622,25240,,5.042017,73,0
2017_pres_t1,2017,85264,1340,23000,,7.820119,36,0
2017_pres_t1,2017,85265,924,23440,,9.197324,17,0
2017_pres_t1,2017,85266,1671,25020,,7.581967,45,0
2017_pres_t1,2017,85267,982,25340,,9.049105,18,0
2017_pres_t1,2017,85268,1526,24780,,10.829493,45,0
2017_pres_t1,2017,85269,424,25960,,8.910056,6,0
2017_pres_t1,2017,85271,,,,,,
2017_pres_t1,2017,85273,1996,25740,,8.704583,41,0
2017_pres_t1,2017,85274,549,24070,,8.724832,11,0
2017_pres_t1,2017,85276,753,23840,,9.108911,10,0
2017_pres_t1,2017,85277,1592,25000,,9.496568,34,0
2017_pres_t1,2017,85278,1602,27430,,12.106136,38,0
2017_pres_t1,2017,85280,3390,25480,,8.519305,124,0
2017_pres_t1,2017,85281,1029,24570,,7.849356,16,0
2017_pres_t1,2017,85282,972,24660,,7.222222,23,0
2017_pres_t1,2017,85284,4535,26550,,9.950454,120,0
2017_pres_t1,2017,85285,756,24790,,7.146847,16,0
2017_pres_t1,2017,85286,551,23910,,9.036145,17,0
2017_pres_t1,2017,85287,447,24640,,7.755457,11,0
2017_pres_t1,2017,85288,8327,27910,7,10.362447,354,1.432449
2017_pres_t1,2017,85289,2173,24020,,7.497687,73,0
2017_pres_t1,2017,85290,538,24740,,8.978328,15,0
2017_pres_t1,2017,85291,1255,25200,,7.752759,23,0
2017_pres_t1,2017,85292,1504,23940,,8.587719,37,0
2017_pres_t1,2017,85293,1556,26200,,6.767677,39,0
2017_pres_t1,2017,85294,3129,28330,,13.820396,294,
2017_pres_t1,2017,85295,3361,25840,,6.60677,86,0
2017_pres_t1,2017,85296,1240,24150,,7.525448,31,0
2017_pres_t1,2017,85297,1061,24500,,10.779436,29,0
2017_pres_t1,2017,85298,1951,25130,,9.568875,48,0
2017_pres_t1,2017,85299,,,,,,
2017_pres_t1,2017,85300,4743,27080,,6.664764,127,
2017_pres_t1,2017,85301,1802,26120,,6.22044,43,0
2017_pres_t1,2017,85302,5580,25850,,5.356455,208,0
2017_pres_t1,2017,85303,1829,24060,,9.620991,52,0
2017_pres_t1,2017,85304,782,23390,,13.442455,17,0
2017_pres_t1,2017,85305,823,24800,,7.37738,25,0
2017_pres_t1,2017,85306,743,24800,,8.296943,9,0
2017_pres_t1,2017,85307,,,,,,
2022_legi_t1,2022,44001,2052,24080,,5.630897,57,7.217057
2022_legi_t1,2022,44002,4121,27630,,4.472321,140,2.644028
2022_legi_t1,2022,44003,11346,26100,13,7.436147,720,4.28407
2022_legi_t1,2022,44005,7288,25870,8,6.009507,177,2.24859
2022_legi_t1,2022,44006,1881,25700,,7.064979,47,0
2022_legi_t1,2022,44007,2451,22940,,7.588354,75,0
2022_legi_t1,2022,44009,9617,32310,6,4.92703,360,6.813223
2022_legi_t1,2022,44010,2799,27730,,10.041211,128,1.905248
2022_legi_t1,2022,44012,3523,28490,,7.963888,113,1.335276
2022_legi_t1,2022,44013,3317,26930,,6.257442,48,0
2022_legi_t1,2022,44014,3967,28650,,3.917626,155,6.798921
2022_legi_t1,2022,44015,10352,25370,10,7.471595,303,5.481616
2022_legi_t1,2022,44016,1114,25500,,4.324464,25,0
2022_legi_t1,2022,44018,8281,28660,7,5.765609,247,8.494659
2022_legi_t1,2022,44019,1100,27720,,3.750102,17,0
2022_legi_t1,2022,44020,20590,26590,13.8,7.155969,598,5.645739
2022_legi_t1,2022,44021,5004,25470,,6.570415,143,0
2022_legi_t1,2022,44022,2814,25720,,4.644254,59,0
2022_legi_t1,2022,44023,3067,25630,,5.90535,74,3.523864
2022_legi_t1,2022,44024,2760,29020,,4.030652,44,0
2022_legi_t1,2022,44025,4031,26710,,5.536532,135,1.352382
2022_legi_t1,2022,44026,20535,30820,7.4,5.351998,990,3.499861
2022_legi_t1,2022,44027,2600,28050,,4.643157,41,3
2022_legi_t1,2022,44028,4011,29370,,6.535978,124,7.701369
2022_legi_t1,2022,44029,7158,27150,,5.133407,211,5.157675
2022_legi_t1,2022,44030,4424,25090,,8.188145,56,3.644966
2022_legi_t1,2022,44031,811,23880,,7.106897,26,0
2022_legi_t1,2022,44032,3443,28350,,3.477174,85,1.864009
2022_legi_t1,2022,44033,3246,28930,,4.285824,47,0
2022_legi_t1,2022,44035,20483,31490,7,6.597321,637,7.960838
2022_legi_t1,2022,44036,12231,23000,19,10.313489,623,3.45414
2022_legi_t1,2022,44037,3138,28380,,4.313489,97,7.052709
2022_legi_t1,2022,44038,3035,25200,,4.745728,69,0
2022_legi_t1,2022,44039,1172,28080,,4.815351,50,0
2022_legi_t1,2022,44041,6342,27850,,5.595011,206,7.357132
2022_legi_t1,2022,44043,7459,28020,9,5.619371,392,7.37121
2022_legi_t1,2022,44044,1072,22940,,9.601377,21,0
2022_legi_t1,2022,44045,3954,27730,,4.253927,89,1.744996
2022_legi_t1,2022,44046,2615,27300,,6.340978,41,0
2022_legi_t1,2022,44047,23541,27510,9.6,6.611046,588,6.041717
2022_legi_t1,2022,44048,2534,26740,,4.180523,62,0
2022_legi_t1,2022,44049,4081,28540,,10.445422,193,1.838701
2022_legi_t1,2022,44050,2985,26490,,4.278777,29,0
2022_legi_t1,2022,44051,3578,24310,,5.555752,142,3.908837
2022_legi_t1,2022,44052,8117,25630,9,6.552046,176,8.528785
2022_legi_t1,2022,44053,2288,26660,,5.02312,31,0
2022_legi_t1,2022,44054,3062,25280,,5.841732,72,0
2022_legi_t1,2022,44055,16613,32440,8,8.704102,989,8.088771
2022_legi_t1,2022,44056,3852,26570,,5.433148,75,9.085346
2022_legi_t1,2022,44057,2257,23570,,8.834029,46,0
2022_legi_t1,2022,44058,502,23250,,10.445075,13,0
2022_legi_t1,2022,44060,,,,,,
2022_legi_t1,2022,44061,3289,25360,,7.092626,69,0
2022_legi_t1,2022,44062,1880,25120,,7.32631,29,0
2022_legi_t1,2022,44063,3794,27430,,5.287205,124,
2022_legi_t1,2022,44064,5090,27630,,4.490714,82,4.071323
2022_legi_t1,2022,44065,770,23110,,7.829257,20,0
2022_legi_t1,2022,44066,6910,29730,,4.090512,192,3.218759
2022_legi_t1,2022,44067,5242,23280,15,8.844501,165,0.994692
2022_legi_t1,2022,44068,3577,24450,,6.172503,63,0
2022_legi_t1,2022,44069,16684,28630,8,6.629224,913,6.313226
2022_legi_t1,2022,44070,4734,29150,,5.124832,148,6.29639
2022_legi_t1,2022,44071,5992,30880,,5.204415,268,4.403103
2022_legi_t1,2022,44072,7178,25730,9,6.068881,203,7.514451
2022_legi_t1,2022,44073,6528,27820,,5.500924,204,10.870559
2022_legi_t1,2022,44074,4172,27770,,7.129285,62,4.422605
2022_legi_t1,2022,44075,1825,23980,,7.31569,46,0
2022_legi_t1,2022,44076,1381,24170,,5.686421,25,0
2022_legi_t1,2022,44077,2753,25450,,4.864335,57,0
2022_legi_t1,2022,44078,327,21560,,10.015471,9,0
2022_legi_t1,2022,44079,3214,26850,,4.533482,87,0
2022_legi_t1,2022,44080,769,26990,,4.704111,12,0
2022_legi_t1,2022,44081,4769,24680,,5.447824,155,3.499563
2022_legi_t1,2022,44082,5593,27020,,4.496287,104,2.059232
2022_legi_t1,2022,44083,2468,26010,,4.39397,40,0
2022_legi_t1,2022,44084,8595,27370,8,5.377357,240,7.130785
2022_legi_t1,2022,44085,949,24400,,4.965894,23,0
2022_legi_t1,2022,44086,1064,23610,,9.885152,25,0
2022_legi_t1,2022,44087,7665,25310,10,6.815589,341,8.439928
2022_legi_t1,2022,44088,3071,27280,,3.405909,60,4.949371
2022_legi_t1,2022,44089,3689,28030,,4.494144,136,1.638507
2022_legi_t1,2022,44090,1578,25200,,4.946848,37,0
2022_legi_t1,2022,44091,1529,24310,,5.204274,40,0
2022_legi_t1,2022,44092,670,22530,,7.684961,9,0
2022_legi_t1,2022,44094,3393,29420,,5.039498,58,8.501629
2022_legi_t1,2022,44095,1587,23920,,6.322854,28,0
2022_legi_t1,2022,44096,4681,26450,,4.125151,113,2.674691
2022_legi_t1,2022,44097,2156,28570,,10.834154,75,1.275054
2022_legi_t1,2022,44098,5619,26010,,4.517672,119,0
2022_legi_t1,2022,44099,1964,24330,,8.509448,63,0
2022_legi_t1,2022,44100,2341,27170,,5.208872,46,0
2022_legi_t1,2022,44101,6523,27090,10,7.218187,157,3.100994
2022_legi_t1,2022,44102,3346,26650,,4.879801,98,4.29002
2022_legi_t1,2022,44103,7289,25290,11,6.560576,325,11.954573
2022_legi_t1,2022,44104,843,25360,,3.66257,13,0
2022_legi_t1,2022,44105,356,22530,,9.217978,11,0
2022_legi_t1,2022,44106,1846,27460,,7.324322,50,0
2022_legi_t1,2022,44107,2004,26250,,5.568666,40,0
2022_legi_t1,2022,44108,2903,27450,,5.122722,84,0
2022_legi_t1,2022,44109,325070,26720,19.1,10.089698,11718,3.834582
2022_legi_t1,2022,44110,9448,26520,8,4.752351,288,6.328609
2022_legi_t1,2022,44111,2335,26520,,4.994437,33,0
2022_legi_t1,2022,44112,579,24010,,6.075574,9,0
2022_legi_t1,2022,44113,4280,25220,,7.075047,167,4.126393
2022_legi_t1,2022,44114,28341,30410,11.3,7.136306,963,6.642698
2022_legi_t1,2022,44115,3915,28380,,4.792763,75,0
2022_legi_t1,2022,44116,3030,23620,,8.972629,52,0
2022_legi_t1,2022,44117,3374,27870,,3.728247,102,1.980902
2022_legi_t1,2022,44118,1454,24420,,5.738261,27,0
2022_legi_t1,2022,44119,2042,25020,,5.524514,47,0
2022_legi_t1,2022,44120,5335,26610,,6.744887,110,1.802279
2022_legi_t1,2022,44121,437,23210,,9.155165,13,0
2022_legi_t1,2022,44122,3865,27740,,4.578844,71,2.130621
2022_legi_t1,2022,44123,1011,24300,,6.020022,26,0
2022_legi_t1,2022,44124,829,24490,,6.755462,22,0
2022_legi_t1,2022,44125,2663,29320,,8.959047,110,3.022975
2022_legi_t1,2022,44126,4617,27060,,9.459967,127,6.058863
2022_legi_t1,2022,44127,2802,25440,,5.722223,77,0
2022_legi_t1,2022,44128,5281,24720,12,8.499177,146,2.946832
2022_legi_t1,2022,44129,11249,26570,8,7.146947,358,7.523986
2022_legi_t1,2022,44130,6942,29240,,5.62975,202,11.524452
2022_legi_t1,2022,44131,18382,29470,7,7.881928,871,6.254383
2022_legi_t1,2022,44132,12530,31310,8,8.76679,501,4.321939
2022_legi_t1,2022,44133,3046,27910,,5.066258,67,8.809021
2022_legi_t1,2022,44134,1050,26210,,2.836835,23,0
2022_legi_t1,2022,44135,4007,29460,11,10.200797,240,3.463757
2022_legi_t1,2022,44136,1246,30360,,10.785298,64,0
2022_legi_t1,2022,44137,3557,27680,,5.189445,73,0
2022_legi_t1,2022,44138,1124,25930,,4.907155,55,0
2022_legi_t1,2022,44139,1541,25720,,4.323456,20,0
2022_legi_t1,2022,44140,1559,25890,,4.018986,31,0
2022_legi_t1,2022,44141,1288,25480,,4.1996,27,0
2022_legi_t1,2022,44142,1932,25910,,4.929491,42,0
2022_legi_t1,2022,44143,43349,26580,14.1,8.085764,1241,5.625797
2022_legi_t1,2022,44144,2358,24390,,5.483541,64,0
2022_legi_t1,2022,44145,3272,26650,,3.831817,57,0
2022_legi_t1,2022,44146,2152,24350,,6.471008,55,1.533255
2022_legi_t1,2022,44148,705,23410,,8.122493,11,0
2022_legi_t1,2022,44149,4075,25830,,4.146835,76,0
2022_legi_t1,2022,44150,3991,28420,,4.206723,195,2.94987
2022_legi_t1,2022,44151,6949,29840,,4.865938,140,4.108723
2022_legi_t1,2022,44152,3014,26120,,6.092761,65,0
2022_legi_t1,2022,44153,1749,23860,,7.293592,29,0
2022_legi_t1,2022,44154,14645,28760,8,6.366079,414,4.064767
2022_legi_t1,2022,44155,3499,26570,,5.568681,70,10.219223
2022_legi_t1,2022,44156,3209,25110,,5.368948,59,0
2022_legi_t1,2022,44157,1764,24260,,7.705906,38,0
2022_legi_t1,2022,44158,7739,30120,,4.86176,240,3.642987
2022_legi_t1,2022,44159,1246,30640,,4.949544,27,0
2022_legi_t1,2022,44161,3790,25050,,7.601015,91,
2022_legi_t1,2022,44162,50561,25940,16.9,9.001979,2754,4.612918
2022_legi_t1,2022,44163,4890,26250,,5.352207,89,0
2022_legi_t1,2022,44164,2376,25390,,5.622583,71,0
2022_legi_t1,2022,44165,2405,27060,,4.344387,55,0
2022_legi_t1,2022,44166,6024,27230,,7.673231,77,1.352535
2022_legi_t1,2022,44168,4125,24840,,7.34535,53,
2022_legi_t1,2022,44169,7768,28760,,4.349468,244,10.036358
2022_legi_t1,2022,44170,963,23510,,7.287626,28,0
2022_legi_t1,2022,44171,2114,29400,,3.968203,31,0
2022_legi_t1,2022,44172,16227,28980,9,6.151258,554,6.195758
2022_legi_t1,2022,44173,2118,26700,,5.490364,37,0
2022_legi_t1,2022,44174,2390,26340,,5.224155,48,0
2022_legi_t1,2022,44175,5246,27420,,4.871564,100,0
2022_legi_t1,2022,44176,3221,26080,,6.562654,35,0
2022_legi_t1,2022,44178,2644,27000,,6.127942,56,3.961736
2022_legi_t1,2022,44179,5435,27990,,4.685248,120,2.370488
2022_legi_t1,2022,44180,6625,23960,12,5.177247,188,0.508805
2022_legi_t1,2022,44182,5520,27960,,7.128718,158,1.453755
2022_legi_t1,2022,44183,2859,26550,,7.201731,70,0
2022_legi_t1,2022,44184,73111,24750,18,10.656633,2203,3.249572
2022_legi_t1,2022,44185,3304,24480,,10.478487,96,2.794697
2022_legi_t1,2022,44186,7209,26790,,5.720047,180,5.292465
2022_legi_t1,2022,44187,4701,25240,,7.251125,154,3.796449
2022_legi_t1,2022,44188,9392,27410,7,5.838506,312,
2022_legi_t1,2022,44189,2447,25540,,6.676805,39,10.292502
2022_legi_t1,2022,44190,28373,28930,9.7,6.99218,590,7.659733
2022_legi_t1,2022,44192,2846,26080,,7.131776,71,0
2022_legi_t1,2022,44193,1527,23440,,6.519513,34,0
2022_legi_t1,2022,44194,8534,33610,7,4.731687,280,6.72814
2022_legi_t1,2022,44195,9465,28290,9,6.517276,291,9.694909
2022_legi_t1,2022,44196,1693,24330,,6.807124,18,0
2022_legi_t1,2022,44197,1658,22950,,8.513207,50,0
2022_legi_t1,2022,44198,9163,28200,8,5.393942,383,12.457254
2022_legi_t1,2022,44199,1965,24390,,6.702397,48,0
2022_legi_t1,2022,44200,339,23470,,7.941819,6,0
2022_legi_t1,2022,44201,7457,33610,,5.885314,179,13.564306
2022_legi_t1,2022,44202,1820,25740,,5.603917,44,0
2022_legi_t1,2022,44203,2005,27440,,4.606298,33,7.292132
2022_legi_t1,2022,44204,10956,29430,8,6.06375,297,8.934391
2022_legi_t1,2022,44205,2619,25400,,5.160775,57,0
2022_legi_t1,2022,44206,1936,24660,,6.134209,45,2.234637
2022_legi_t1,2022,44207,1124,24540,,5.254767,24,0
2022_legi_t1,2022,44208,976,22750,,6.610601,25,0
2022_legi_t1,2022,44209,10414,31030,6,5.989003,338,4.224171
2022_legi_t1,2022,44210,8234,24200,13,9.032255,379,6.62254
2022_legi_t1,2022,44211,4862,27900,10,8.395962,198,2.42919
2022_legi_t1,2022,44212,9524,26770,8,4.63202,334,4.718094
2022_legi_t1,2022,44213,7509,24540,11,7.24439,228,4.922772
2022_legi_t1,2022,44214,2084,24970,,6.726592,51,0
2022_legi_t1,2022,44215,26048,31190,6.6,5.576034,845,7.785817
2022_legi_t1,2022,44216,4110,26060,,6.254741,134,3.636881
2022_legi_t1,2022,44217,6633,31380,,3.831579,261,3.732736
2022_legi_t1,2022,44218,687,25100,,7.237335,17,0
2022_legi_t1,2022,44220,1716,26690,,6.080916,32,0
2022_legi_t1,2022,44221,1559,26740,,5.422592,27,0
2022_legi_t1,2022,44222,1258,26490,,5.51959,17,0
2022_legi_t1,2022,44223,3691,27620,,4.684074,104,5.194514
2022_legi_t1,2022,44224,1815,25070,,6.276426,35,0
2022_legi_t1,2022,49002,2925,24540,,7.159928,101,1.623085
2022_legi_t1,2022,49003,1734,24260,,7.04795,59,0
2022_legi_t1,2022,49007,157555,23930,22,11.490844,5368,1.255011
2022_legi_t1,2022,49008,917,23970,,8.505583,30,0
2022_legi_t1,2022,49009,450,25070,,4.710169,6,0
2022_legi_t1,2022,49010,317,26330,,7.86778,14,0
2022_legi_t1,2022,49011,410,27510,,5.895117,4,0
2022_legi_t1,2022,49012,349,23920,,5.661547,8,0
2022_legi_t1,2022,49015,15225,28520,10,9.241433,369,2.215148
2022_legi_t1,2022,49017,629,24930,,5.134382,11,0
2022_legi_t1,2022,49018,11747,24110,13,8.214238,382,1.741049
2022_legi_t1,2022,49020,5618,28980,,5.651316,631,7.671092
2022_legi_t1,2022,49021,6893,25190,8,6.27583,234,1.283285
2022_legi_t1,2022,49022,1346,27030,,5.599415,50,0
2022_legi_t1,2022,49023,23887,25400,7.2,5.28297,708,1.190838
2022_legi_t1,2022,49026,2781,26270,,6.855531,96,2.440529
2022_legi_t1,2022,49027,2115,25980,,4.485537,41,0
2022_legi_t1,2022,49028,119,25600,,4.054054,8,0
2022_legi_t1,2022,49029,1317,28740,,9.25132,32,0
2022_legi_t1,2022,49030,938,26080,,7.648639,19,0
2022_legi_t1,2022,49035,6635,32260,,4.223955,156,3.892209
2022_legi_t1,2022,49036,775,23780,,6.551027,11,0
2022_legi_t1,2022,49038,236,22170,,5.332062,5,0
2022_legi_t1,2022,49041,2078,23430,,10.29986,44,0
2022_legi_t1,2022,49045,617,23320,,8.47101,16,0
2022_legi_t1,2022,49048,3193,28100,,5.7692,59,1.206242
2022_legi_t1,2022,49050,11000,27020,6,5.27746,325,4.754625
2022_legi_t1,2022,49053,348,24580,,2.884433,8,0
2022_legi_t1,2022,49054,2815,24000,,9.414259,102,
2022_legi_t1,2022,49055,2397,29100,,4.496739,60,1.604579
2022_legi_t1,2022,49056,276,25550,,7.391965,9,0
2022_legi_t1,2022,49057,329,23600,,4.04144,7,0
2022_legi_t1,2022,49058,892,24130,,4.425819,26,0
2022_legi_t1,2022,49060,3450,24450,,9.155025,97,0
2022_legi_t1,2022,49061,811,23480,,8.609858,36,0
2022_legi_t1,2022,49063,6541,26540,8,7.312941,240,0
2022_legi_t1,2022,49064,409,25660,,3.118821,18,0
2022_legi_t1,2022,49067,341,24940,,5.504233,13,0
2022_legi_t1,2022,49068,1837,25350,,4.767901,64,0
2022_legi_t1,2022,49069,,,,5.743647,,
2022_legi_t1,2022,49070,712,24860,,5.828077,12,0
2022_legi_t1,2022,49076,820,26100,,3.721795,11,0
2022_legi_t1,2022,49080,8712,24680,10,6.694372,217,6.472492
2022_legi_t1,2022,49082,941,25130,,5.698302,21,0
2022_legi_t1,2022,49086,3885,25620,,3.624622,129,0
2022_legi_t1,2022,49089,1067,25030,,6.190888,30,0
2022_legi_t1,2022,49090,1036,25160,,5.536362,13,0
2022_legi_t1,2022,49092,21550,25430,8.9,5.0896,761,3.145418
2022_legi_t1,2022,49099,54074,25020,15.8,9.852324,2246,2.544684
2022_legi_t1,2022,49100,473,25000,,6.802863,21,0
2022_legi_t1,2022,49102,345,24250,,9.511861,12,0
2022_legi_t1,2022,49107,481,27420,,6.383995,18,0
2022_legi_t1,2022,49109,1575,25420,,4.476166,37,0
2022_legi_t1,2022,49110,1982,25770,,7.295163,53,0
2022_legi_t1,2022,49112,935,26540,,3.458713,21,0
2022_legi_t1,2022,49113,530,25700,,8.940164,9,0
2022_legi_t1,2022,49114,140,21740,,11.25,3,0
2022_legi_t1,2022,49120,1448,27290,,4.49789,26,0
2022_legi_t1,2022,49121,442,24620,,6.085441,13,0
2022_legi_t1,2022,49123,1812,27090,,6.983783,143,0
2022_legi_t1,2022,49125,11227,24540,12,7.678459,391,4.538177
2022_legi_t1,2022,49127,3376,24600,,8.219945,137,0
2022_legi_t1,2022,49129,4614,26690,,7.651917,220,2.703556
2022_legi_t1,2022,49130,661,27430,,5.09395,12,0
2022_legi_t1,2022,49131,719,24460,,5.656609,6,0
2022_legi_t1,2022,49132,1567,25460,,6.276709,29,0
2022_legi_t1,2022,49135,2216,27780,,4.742385,45,0
2022_legi_t1,2022,49138,2531,24960,,5.221083,64,2.11204
2022_legi_t1,2022,49140,1477,23460,,6.024393,27,0
2022_legi_t1,2022,49144,,,,,,
2022_legi_t1,2022,49155,1437,29340,,5.590332,58,0
2022_legi_t1,2022,49160,3069,24760,,8.116753,75,0
2022_legi_t1,2022,49161,343,26210,,6.254234,8,0
2022_legi_t1,2022,49163,2792,25100,,4.639707,61,1.80566
2022_legi_t1,2022,49167,4670,31910,,4.940974,145,0
2022_legi_t1,2022,49170,828,26390,,7.969475,14,0
2022_legi_t1,2022,49171,119,24130,,3.947368,2,0
2022_legi_t1,2022,49174,1304,24430,,6.318495,26,0
2022_legi_t1,2022,49176,5343,25990,,7.039566,178,0
2022_legi_t1,2022,49178,884,24740,,6.379887,34,0
2022_legi_t1,2022,49180,6583,23720,15,8.160034,234,2.625437
2022_legi_t1,2022,49182,895,25930,,4.058875,31,0
2022_legi_t1,2022,49183,4967,25470,,5.366763,106,0
2022_legi_t1,2022,49188,846,26020,,5.96809,21,0
2022_legi_t1,2022,49192,3206,25980,,6.102946,125,0
2022_legi_t1,2022,49193,3878,25250,,5.825113,81,0
2022_legi_t1,2022,49194,5770,26840,,4.752605,121,1.627339
2022_legi_t1,2022,49195,1257,26290,,4.719921,29,0
2022_legi_t1,2022,49200,6453,27970,,6.426107,113,3.57564
2022_legi_t1,2022,49201,2057,25480,,8.677432,41,0
2022_legi_t1,2022,49205,1050,23600,,6.934021,37,0
2022_legi_t1,2022,49209,433,25200,,8.054595,6,0
2022_legi_t1,2022,49211,1229,25200,,4.669548,42,0
2022_legi_t1,2022,49214,7811,27720,7,7.870521,135,2.442985
2022_legi_t1,2022,49215,3716,24190,,12.628073,132,
2022_legi_t1,2022,49216,565,28200,,4.354902,9,0
2022_legi_t1,2022,49217,792,26240,,6.344027,14,0
2022_legi_t1,2022,49218,15684,24680,8,5.191248,407,1.19189
2022_legi_t1,2022,49219,416,27820,,12.080321,32,0
2022_legi_t1,2022,49220,3694,24670,,5.762836,100,2.982646
2022_legi_t1,2022,49221,800,21640,,8.96534,21,0
2022_legi_t1,2022,49222,2033,27430,,5.282774,66,0
2022_legi_t1,2022,49223,6172,27750,8,5.560105,158,7.633795
2022_legi_t1,2022,49224,1011,24490,,8.489563,28,0
2022_legi_t1,2022,49228,5473,22210,19,9.806259,173,3.04878
2022_legi_t1,2022,49231,1454,26350,,5.637274,40,0
2022_legi_t1,2022,49235,377,27400,,4.929373,21,0
2022_legi_t1,2022,49236,128,24530,,6.943956,6,0
2022_legi_t1,2022,49237,137,22880,,3.703704,1,0
2022_legi_t1,2022,49240,1016,24290,,4.887284,24,0
2022_legi_t1,2022,49241,2649,29110,,4.391078,75,3.083565
2022_legi_t1,2022,49244,18514,25020,9,6.335855,543,2.095689
2022_legi_t1,2022,49246,12863,26690,12,8.558702,498,2.491811
2022_legi_t1,2022,49247,2478,27480,,6.104485,50,0
2022_legi_t1,2022,49248,8811,23850,13,7.942195,283,1.911401
2022_legi_t1,2022,49253,1089,23700,,7.03537,45,0
2022_legi_t1,2022,49257,1043,24760,,5.494367,17,0
2022_legi_t1,2022,49259,2332,26130,,4.072857,64,0
2022_legi_t1,2022,49260,2012,26320,,6.296484,51,0
2022_legi_t1,2022,49261,8452,25150,10,8.636649,235,1.540336
2022_legi_t1,2022,49262,644,26900,,3.528608,9,0
2022_legi_t1,2022,49266,1283,26200,,4.915241,20,0
2022_legi_t1,2022,49267,9496,26190,13,9.302442,551,3.921618
2022_legi_t1,2022,49269,2843,26920,,4.041137,83,0
2022_legi_t1,2022,49271,2139,27740,,5.313489,40,3.472676
2022_legi_t1,2022,49272,1127,24170,,7.383219,15,0
2022_legi_t1,2022,49278,3617,30130,,7.487901,170,2.846421
2022_legi_t1,2022,49283,3787,26180,,6.307023,134,2.836064
2022_legi_t1,2022,49284,1396,25550,,5.973646,41,0
2022_legi_t1,2022,49288,225,26620,,9.680331,3,0
2022_legi_t1,2022,49291,386,23920,,9.575556,8,0
2022_legi_t1,2022,49292,3508,26040,,5.900265,91,0
2022_legi_t1,2022,49294,2961,28980,,4.831314,59,3.641068
2022_legi_t1,2022,49298,3860,29560,,5.140978,175,4.253927
2022_legi_t1,2022,49299,3099,26950,,4.701871,78,0
2022_legi_t1,2022,49301,25764,26070,6.2,5.313256,702,3.336062
2022_legi_t1,2022,49302,442,22920,,4.880367,11,0
2022_legi_t1,2022,49306,1693,28630,,4.685445,66,0
2022_legi_t1,2022,49307,16588,27910,5,5.068728,407,1.840396
2022_legi_t1,2022,49308,2209,31470,,4.805256,53,0
2022_legi_t1,2022,49310,600,23100,,7.279423,17,0
2022_legi_t1,2022,49311,1319,25090,,5.579889,20,6.379837
2022_legi_t1,2022,49321,,,,,,
2022_legi_t1,2022,49323,7946,27010,9,5.863955,368,3.422417
2022_legi_t1,2022,49326,891,29400,,4.12795,11,0
2022_legi_t1,2022,49328,26074,23990,18.8,11.246238,1155,2.058155
2022_legi_t1,2022,49329,1351,28690,,5.799199,48,0
2022_legi_t1,2022,49330,1161,26410,,4.30475,14,0
2022_legi_t1,2022,49331,17617,24390,12,7.195514,579,1.961886
2022_legi_t1,2022,49332,4199,27320,,4.66503,223,0
2022_legi_t1,2022,49333,2853,24710,,7.637048,113,2.194936
2022_legi_t1,2022,49334,341,25000,,6.752054,7,0
2022_legi_t1,2022,49336,875,24970,,4.895698,37,0
2022_legi_t1,2022,49338,1344,28720,,4.928267,17,0
2022_legi_t1,2022,49339,1477,27750,,6.13777,23,0
2022_legi_t1,2022,49341,691,25080,,6.484991,16,0
2022_legi_t1,2022,49343,3178,26960,,3.805458,89,0
2022_legi_t1,2022,49344,1238,26660,,5.725682,20,0
2022_legi_t1,2022,49345,5874,25780,,4.043314,195,0
2022_legi_t1,2022,49347,4498,26990,,5.658058,176,
2022_legi_t1,2022,49352,1316,25800,,4.56007,23,0
2022_legi_t1,2022,49353,15620,23960,17,9.796931,431,2.469464
2022_legi_t1,2022,49355,3078,26280,,4.584052,75,0
2022_legi_t1,2022,49358,569,23910,,11.524,27,0
2022_legi_t1,2022,49359,553,27500,,5.2961,18,0
2022_legi_t1,2022,49361,1924,23800,,8.083085,39,4.305705
2022_legi_t1,2022,49362,1282,27620,,4.71887,34,0
2022_legi_t1,2022,49364,1122,24740,,4.075476,35,0
2022_legi_t1,2022,49367,5784,25210,,6.410577,120,0
2022_legi_t1,2022,49368,2006,22870,,9.592279,63,0
2022_legi_t1,2022,49369,1330,22660,,8.585842,42,0
2022_legi_t1,2022,49370,459,25750,,2.137403,10,0
2022_legi_t1,2022,49371,1750,25110,,6.285835,32,0
2022_legi_t1,2022,49373,7722,23890,11,6.186851,282,0
2022_legi_t1,2022,49374,1462,23700,,8.672768,19,0
2022_legi_t1,2022,49377,5642,28150,,4.420903,114,2.550667
2022_legi_t1,2022,49378,2599,24320,,7.469044,60,1.712554
2022_legi_t1,2022,49381,1829,25350,,5.807778,55,0
2022_legi_t1,2022,53001,1864,26540,,4.056022,35,0
2022_legi_t1,2022,53002,612,25350,,3.423196,16,0
2022_legi_t1,2022,53003,2603,24800,,5.642694,104,0
2022_legi_t1,2022,53005,2324,25370,,3.059353,76,0
2022_legi_t1,2022,53007,2908,26370,,4.49116,66,0
2022_legi_t1,2022,53008,1830,25970,,3.277447,39,0
2022_legi_t1,2022,53009,672,26650,,4.597804,23,0
2022_legi_t1,2022,53010,419,25500,,4.364089,8,0
2022_legi_t1,2022,53011,887,25720,,6.859167,25,0
2022_legi_t1,2022,53012,453,25350,,4.950586,14,0
2022_legi_t1,2022,53013,555,25130,,7.368921,20,0
2022_legi_t1,2022,53015,1964,25810,,4.335781,34,0
2022_legi_t1,2022,53016,1220,23270,,4.905993,45,0
2022_legi_t1,2022,53017,971,23230,,5.676053,31,0
2022_legi_t1,2022,53018,1298,24480,,5.395205,47,0
2022_legi_t1,2022,53019,119,25940,,5.555556,4,0
2022_legi_t1,2022,53021,966,27810,,3.176633,12,0
2022_legi_t1,2022,53022,495,25810,,4.74773,17,0
2022_legi_t1,2022,53023,550,26550,,2.776653,6,0
2022_legi_t1,2022,53025,1086,25390,,4.859972,29,0
2022_legi_t1,2022,53026,500,26380,,3.508511,15,0
2022_legi_t1,2022,53027,203,24970,,4.724029,7,0
2022_legi_t1,2022,53028,560,25800,,4.071345,8,0
2022_legi_t1,2022,53029,1280,23330,,7.076859,41,0
2022_legi_t1,2022,53030,320,26990,,3.333495,7,0
2022_legi_t1,2022,53031,490,25540,,2.311604,15,0
2022_legi_t1,2022,53033,116,24250,,8.641975,5,0
2022_legi_t1,2022,53034,6294,28150,,4.409635,230,
2022_legi_t1,2022,53035,611,24600,,4.359007,20,0
2022_legi_t1,2022,53036,1066,24070,,5.786131,26,0
2022_legi_t1,2022,53037,718,25240,,6.280928,11,0
2022_legi_t1,2022,53038,136,25820,,3.448276,7,0
2022_legi_t1,2022,53039,1726,24600,,3.121614,54,0
2022_legi_t1,2022,53040,618,24100,,5.779529,12,0
2022_legi_t1,2022,53041,276,25870,,2.970424,8,0
2022_legi_t1,2022,53042,833,25300,,3.848976,23,0
2022_legi_t1,2022,53043,584,24870,,6.004302,13,0
2022_legi_t1,2022,53045,674,25970,,3.109213,15,0
2022_legi_t1,2022,53046,313,25410,,3.52656,8,0
2022_legi_t1,2022,53047,254,24250,,4.391576,11,0
2022_legi_t1,2022,53048,1173,24830,,4.641968,47,0
2022_legi_t1,2022,53049,691,26880,,3.654941,6,0
2022_legi_t1,2022,53051,624,23130,,7.032439,10,0
2022_legi_t1,2022,53052,282,25830,,5.910511,7,0
2022_legi_t1,2022,53053,495,24250,,6.047838,8,0
2022_legi_t1,2022,53054,6482,28990,,4.757934,466,6.25
2022_legi_t1,2022,53055,599,24960,,5.458883,24,0
2022_legi_t1,2022,53056,963,27430,,4.079026,16,0
2022_legi_t1,2022,53057,503,22830,,4.141741,12,0
2022_legi_t1,2022,53058,315,25890,,1.897097,8,0
2022_legi_t1,2022,53059,413,25890,,3.719834,13,
2022_legi_t1,2022,53061,455,24260,,2.883749,11,0
2022_legi_t1,2022,53062,16539,25180,11,7.616778,705,3.38375
2022_legi_t1,2022,53063,464,23810,,3.04547,10,0
2022_legi_t1,2022,53064,960,24540,,5.602017,31,0
2022_legi_t1,2022,53066,1363,25080,,2.705167,29,0
2022_legi_t1,2022,53067,433,23590,,6.094902,10,0
2022_legi_t1,2022,53068,155,23720,,2.531646,8,0
2022_legi_t1,2022,53069,152,21580,,7.142857,5,0
2022_legi_t1,2022,53071,477,23180,,2.987717,17,0
2022_legi_t1,2022,53072,1289,26020,,4.745543,22,0
2022_legi_t1,2022,53073,919,22980,,7.214791,24,0
2022_legi_t1,2022,53074,840,26970,,4.776572,20,0
2022_legi_t1,2022,53075,298,23770,,4.858864,6,0
2022_legi_t1,2022,53076,307,24720,,5.966231,11,0
2022_legi_t1,2022,53077,3208,25160,,4.534006,124,0
2022_legi_t1,2022,53078,867,24740,,4.385825,21,0
2022_legi_t1,2022,53079,377,22100,,9.602635,10,0
2022_legi_t1,2022,53080,114,20910,,3.333333,7,0
2022_legi_t1,2022,53082,633,24840,,4.963547,15,0
2022_legi_t1,2022,53083,808,23610,,5.994319,26,0
2022_legi_t1,2022,53084,4415,24560,13,6.519779,210,0
2022_legi_t1,2022,53085,197,26950,,9.565217,3,0
2022_legi_t1,2022,53086,633,24570,,4.796765,24,0
2022_legi_t1,2022,53087,226,26420,,5.298013,9,0
2022_legi_t1,2022,53088,853,24090,,6.82737,27,0
2022_legi_t1,2022,53089,533,24440,,4.861714,15,0
2022_legi_t1,2022,53090,184,26970,,4.347826,6,0
2022_legi_t1,2022,53091,461,24520,,7.315556,21,0
2022_legi_t1,2022,53093,288,21980,,2.629681,3,0
2022_legi_t1,2022,53094,2278,26100,,4.579594,60,0
2022_legi_t1,2022,53096,5511,24330,10,4.922213,220,3.30033
2022_legi_t1,2022,53097,8380,24550,13,6.040624,281,0
2022_legi_t1,2022,53098,423,24250,,1.639267,15,0
2022_legi_t1,2022,53099,1096,27590,,3.223879,23,0
2022_legi_t1,2022,53100,1186,23500,,2.707795,44,0
2022_legi_t1,2022,53101,838,24910,,7.082822,12,0
2022_legi_t1,2022,53102,166,23360,,8.571429,6,0
2022_legi_t1,2022,53103,2127,25680,,3.817303,43,0
2022_legi_t1,2022,53104,1351,25380,,4.418715,30,0
2022_legi_t1,2022,53105,238,26980,,10.322581,5,0
2022_legi_t1,2022,53106,541,22980,,5.358415,14,0
2022_legi_t1,2022,53107,2475,22790,,7.155079,130,0
2022_legi_t1,2022,53108,570,24770,,5.505175,27,0
2022_legi_t1,2022,53109,626,25740,,4.362016,14,0
2022_legi_t1,2022,53110,977,23710,,6.347536,39,0
2022_legi_t1,2022,53111,466,25380,,5.646125,16,0
2022_legi_t1,2022,53112,343,22120,,5.904802,15,0
2022_legi_t1,2022,53113,625,24570,,5.128084,18,0
2022_legi_t1,2022,53114,172,22320,,5.154639,1,0
2022_legi_t1,2022,53115,305,23790,,4.533303,7,0
2022_legi_t1,2022,53116,721,24300,,3.449089,29,0
2022_legi_t1,2022,53117,496,25630,,3.531204,11,0
2022_legi_t1,2022,53118,228,22210,,4.938449,8,0
2022_legi_t1,2022,53119,4554,27360,,4.522529,77,0
2022_legi_t1,2022,53120,458,24920,,7.422193,16,0
2022_legi_t1,2022,53121,1343,23870,,6.194887,60,0
2022_legi_t1,2022,53122,756,25500,,6.547042,20,0
2022_legi_t1,2022,53123,1332,24540,,3.678857,35,
2022_legi_t1,2022,53124,1392,24910,,4.667538,44,0
2022_legi_t1,2022,53125,1100,23290,,7.106722,36,0
2022_legi_t1,2022,53126,1012,23990,,3.816333,33,0
2022_legi_t1,2022,53127,2243,25190,,4.576102,114,0
2022_legi_t1,2022,53128,322,24190,,3.682403,14,0
2022_legi_t1,2022,53129,358,26160,,2.160645,8,0
2022_legi_t1,2022,53130,49474,24120,20.3,9.637649,2292,2.391897
2022_legi_t1,2022,53131,184,24470,,4.807692,7,0
2022_legi_t1,2022,53132,274,25530,,5.604888,13,0
2022_legi_t1,2022,53133,710,22580,,7.878486,11,0
2022_legi_t1,2022,53134,187,24700,,3.960396,3,0
2022_legi_t1,2022,53135,728,25660,,3.94661,19,0
2022_legi_t1,2022,53136,1227,27030,,2.640859,20,0
2022_legi_t1,2022,53137,2724,26550,,3.342032,68,0
2022_legi_t1,2022,53139,410,23510,,5.142296,12,0
2022_legi_t1,2022,53140,4345,26750,,4.276195,121,0
2022_legi_t1,2022,53141,1182,26550,,4.636525,22,0
2022_legi_t1,2022,53142,284,25520,,3.124588,10,0
2022_legi_t1,2022,53143,510,26710,,3.045601,11,0
2022_legi_t1,2022,53144,750,25420,,4.267889,20,0
2022_legi_t1,2022,53145,543,25050,,2.529912,15,0
2022_legi_t1,2022,53146,1884,27080,,3.391028,54,0
2022_legi_t1,2022,53147,12854,24830,15,8.260936,556,2.393584
2022_legi_t1,2022,53148,230,23760,,4.054054,10,0
2022_legi_t1,2022,53150,907,26600,,4.466831,26,0
2022_legi_t1,2022,53151,1075,24570,,4.024413,26,0
2022_legi_t1,2022,53152,2784,23330,,7.142516,122,0
2022_legi_t1,2022,53153,625,24880,,5.899842,11,0
2022_legi_t1,2022,53154,883,24040,,4.78883,32,0
2022_legi_t1,2022,53155,1307,25320,,4.460211,34,0
2022_legi_t1,2022,53156,250,27530,,3.08642,10,0
2022_legi_t1,2022,53157,1342,27480,,4.168927,22,0
2022_legi_t1,2022,53158,1030,25180,,4.484567,32,0
2022_legi_t1,2022,53160,374,24270,,4.473877,14,0
2022_legi_t1,2022,53161,3192,24680,,4.28797,104,0
2022_legi_t1,2022,53162,977,27330,,4.369499,20,0
2022_legi_t1,2022,53163,757,24060,,5.512336,14,0
2022_legi_t1,2022,53164,345,23570,,5.533128,14,0
2022_legi_t1,2022,53165,347,27460,,4.204794,1,0
2022_legi_t1,2022,53168,1250,25200,,4.472951,28,0
2022_legi_t1,2022,53169,406,26280,,3.606886,8,0
2022_legi_t1,2022,53170,1124,25420,,5.373874,25,0
2022_legi_t1,2022,53172,394,27690,,4.9471,9,0
2022_legi_t1,2022,53173,177,25010,,7.476636,4,0
2022_legi_t1,2022,53174,841,26960,,2.999953,20,0
2022_legi_t1,2022,53175,1384,27440,,3.122492,29,0
2022_legi_t1,2022,53176,522,24150,,5.991952,17,0
2022_legi_t1,2022,53177,296,24750,,7.173295,11,0
2022_legi_t1,2022,53178,228,26730,,3.401361,9,0
2022_legi_t1,2022,53179,354,24670,,4.785824,7,0
2022_legi_t1,2022,53180,659,25530,,4.025821,31,0
2022_legi_t1,2022,53181,808,23480,,2.821346,28,0
2022_legi_t1,2022,53182,1816,24100,,4.957926,36,0
2022_legi_t1,2022,53184,161,28640,,1.851852,6,0
2022_legi_t1,2022,53185,2300,23140,,8.452271,89,0
2022_legi_t1,2022,53186,2141,24480,,4.97761,73,0
2022_legi_t1,2022,53187,230,25070,,3.570209,7,0
2022_legi_t1,2022,53188,2506,23090,,8.491418,56,
2022_legi_t1,2022,53189,111,25370,,6.944444,6,0
2022_legi_t1,2022,53190,464,23970,,7.601466,14,0
2022_legi_t1,2022,53191,250,22560,,7.529837,8,0
2022_legi_t1,2022,53192,311,22110,,3.480689,6,0
2022_legi_t1,2022,53193,575,26060,,6.14842,9,0
2022_legi_t1,2022,53195,484,27430,,3.857529,9,0
2022_legi_t1,2022,53196,350,24210,,6.499626,16,0
2022_legi_t1,2022,53197,934,22440,,5.192761,37,0
2022_legi_t1,2022,53198,223,23780,,3.145688,6,0
2022_legi_t1,2022,53199,212,23360,,5.959005,4,0
2022_legi_t1,2022,53200,1181,27620,,3.257454,14,0
2022_legi_t1,2022,53201,7384,26720,10,6.418077,476,
2022_legi_t1,2022,53202,294,24170,,6.378266,14,0
2022_legi_t1,2022,53203,524,24760,,7.118089,6,0
2022_legi_t1,2022,53204,399,24750,,5.055455,8,0
2022_legi_t1,2022,53206,219,26530,,7.586207,4,0
2022_legi_t1,2022,53208,502,24350,,4.926822,10,0
2022_legi_t1,2022,53209,559,26170,,3.447821,13,0
2022_legi_t1,2022,53210,1512,24730,,6.395311,38,0
2022_legi_t1,2022,53211,1440,24620,,5.863516,54,0
2022_legi_t1,2022,53212,456,27900,,3.003579,8,0
2022_legi_t1,2022,53213,496,22430,,5.280388,11,0
2022_legi_t1,2022,53214,154,24840,,3.603604,5,0
2022_legi_t1,2022,53216,946,25120,,3.598347,20,0
2022_legi_t1,2022,53218,770,25000,,4.138126,23,0
2022_legi_t1,2022,53219,1381,26250,,3.562524,38,0
2022_legi_t1,2022,53220,378,25020,,4.565834,8,0
2022_legi_t1,2022,53221,394,23240,,6.598762,10,0
2022_legi_t1,2022,53222,365,25040,,3.303072,5,0
2022_legi_t1,2022,53223,329,22500,,5.83025,16,0
2022_legi_t1,2022,53224,1179,26630,,3.72523,16,0
2022_legi_t1,2022,53225,513,25200,,4.24262,13,0
2022_legi_t1,2022,53226,808,25350,,5.915879,22,0
2022_legi_t1,2022,53228,556,23890,,6.098205,16,0
2022_legi_t1,2022,53229,1689,28550,,4.070979,25,0
2022_legi_t1,2022,53230,257,24340,,3.836641,6,0
2022_legi_t1,2022,53232,323,24850,,8.257348,10,0
2022_legi_t1,2022,53233,335,23420,,4.914038,9,0
2022_legi_t1,2022,53234,321,26260,,5.382303,8,0
2022_legi_t1,2022,53235,228,24010,,6.72955,8,0
2022_legi_t1,2022,53236,166,22860,,7.142857,9,0
2022_legi_t1,2022,53237,440,23740,,4.467177,13,0
2022_legi_t1,2022,53238,521,24400,,6.025437,14,0
2022_legi_t1,2022,53240,425,23970,,3.328475,10,0
2022_legi_t1,2022,53242,255,26100,,5.590062,8,0
2022_legi_t1,2022,53243,1782,26650,,3.700536,41,0
2022_legi_t1,2022,53245,927,24850,,5.226679,40,0
2022_legi_t1,2022,53246,1761,24420,,6.813706,40,0
2022_legi_t1,2022,53247,2313,25620,,4.059573,50,0
2022_legi_t1,2022,53248,132,23290,,7.692308,5,0
2022_legi_t1,2022,53249,1107,23440,,9.988918,42,0
2022_legi_t1,2022,53250,391,23510,,4.995449,10,0
2022_legi_t1,2022,53251,475,25640,,4.809099,16,0
2022_legi_t1,2022,53253,518,22690,,7.380592,10,0
2022_legi_t1,2022,53255,1197,25270,,3.961471,32,0
2022_legi_t1,2022,53256,162,25070,,8.695652,10,0
2022_legi_t1,2022,53257,328,25280,,8.143393,18,0
2022_legi_t1,2022,53258,901,25120,,4.905443,36,0
2022_legi_t1,2022,53259,376,23580,,4.895862,23,0
2022_legi_t1,2022,53260,386,24650,,4.047688,15,0
2022_legi_t1,2022,53261,149,24920,,4.395604,7,0
2022_legi_t1,2022,53262,1060,25000,,3.790015,31,0
2022_legi_t1,2022,53263,270,23970,,5.340513,9,0
2022_legi_t1,2022,53264,190,23070,,12.727273,7,0
2022_legi_t1,2022,53265,770,23840,,8.920262,16,0
2022_legi_t1,2022,53266,227,25190,,5.384615,4,0
2022_legi_t1,2022,53267,1164,24120,,7.263469,60,0
2022_legi_t1,2022,53269,612,24410,,9.210549,21,0
2022_legi_t1,2022,53270,110,25040,,1.639344,3,0
2022_legi_t1,2022,53271,2682,23640,,8.661636,111,0
2022_legi_t1,2022,53272,192,21900,,10.377358,6,0
2022_legi_t1,2022,53273,1080,26060,,3.783349,34,0
2022_legi_t1,2022,53276,905,23090,,4.639006,17,0
2022_legi_t1,2022,72001,1681,27990,,4.505189,26,0
2022_legi_t1,2022,72002,199,24850,,5.217391,5,0
2022_legi_t1,2022,72003,10740,20890,27,13.190129,239,1.508526
2022_legi_t1,2022,72004,569,26440,,6.425575,12,0
2022_legi_t1,2022,72005,917,24560,,6.249852,17,0
2022_legi_t1,2022,72006,1897,26810,,4.467955,123,0
2022_legi_t1,2022,72007,499,26570,,5.668909,10,0
2022_legi_t1,2022,72008,5463,25890,11,5.89753,235,3.863481
2022_legi_t1,2022,72009,351,24400,,7.349601,5,0
2022_legi_t1,2022,72010,337,25320,,5.18022,8,0
2022_legi_t1,2022,72011,898,24120,,7.199916,21,0
2022_legi_t1,2022,72012,478,25870,,3.550971,13,0
2022_legi_t1,2022,72013,2131,23090,,8.184596,42,0
2022_legi_t1,2022,72015,107,24770,,8.219178,3,0
2022_legi_t1,2022,72016,1458,24330,,5.262883,31,0
2022_legi_t1,2022,72017,229,27200,,7.051282,9,0
2022_legi_t1,2022,72018,88,,,3.125,2,0
2022_legi_t1,2022,72019,335,25580,,3.84396,14,0
2022_legi_t1,2022,72020,692,25880,,6.51529,15,0
2022_legi_t1,2022,72021,572,24350,,9.108759,13,0
2022_legi_t1,2022,72022,1217,23910,,7.504008,36,0
2022_legi_t1,2022,72023,2270,24620,,6.419028,51,0
2022_legi_t1,2022,72024,3748,28010,,3.537005,82,0
2022_legi_t1,2022,72025,1946,25020,,5.985599,42,0
2022_legi_t1,2022,72026,1523,26320,,5.829005,24,0
2022_legi_t1,2022,72027,329,25140,,5.474357,6,0
2022_legi_t1,2022,72028,476,24810,,8.957923,18,0
2022_legi_t1,2022,72029,1974,23110,,10.971415,73,0
2022_legi_t1,2022,72031,543,24620,,9.053693,15,0
2022_legi_t1,2022,72032,334,25250,,9.021528,6,0
2022_legi_t1,2022,72034,434,28460,,7.136435,13,0
2022_legi_t1,2022,72035,2025,24030,,14.023658,58,0
2022_legi_t1,2022,72036,306,25350,,4.487992,6,0
2022_legi_t1,2022,72037,129,23500,,13.043478,1,0
2022_legi_t1,2022,72038,534,24980,,6.021354,7,0
2022_legi_t1,2022,72039,3721,23060,,7.773989,90,1.825684
2022_legi_t1,2022,72040,153,22850,,9.677419,5,0
2022_legi_t1,2022,72041,352,25620,,1.830504,11,0
2022_legi_t1,2022,72042,2121,24280,,7.799789,86,0
2022_legi_t1,2022,72043,335,25970,,6.575821,3,0
2022_legi_t1,2022,72044,431,24940,,4.14025,9,0
2022_legi_t1,2022,72045,781,26420,,5.095939,9,0
2022_legi_t1,2022,72046,1562,24720,,5.758735,23,0
2022_legi_t1,2022,72047,2127,26250,,3.995836,28,0
2022_legi_t1,2022,72048,537,25290,,2.430634,8,0
2022_legi_t1,2022,72049,250,22810,,2.836762,13,0
2022_legi_t1,2022,72050,1525,24140,,6.535569,79,0
2022_legi_t1,2022,72051,3365,26370,,6.917931,83,0
2022_legi_t1,2022,72052,668,26200,,6.636617,14,0
2022_legi_t1,2022,72053,1161,26330,,3.862536,13,0
2022_legi_t1,2022,72054,3680,25470,,7.154463,111,2.448103
2022_legi_t1,2022,72056,1303,25700,,5.129195,15,0
2022_legi_t1,2022,72057,68,,,1.960784,0,0
2022_legi_t1,2022,72058,6803,28860,7,4.334054,183,7.417397
2022_legi_t1,2022,72059,816,24720,,6.61494,36,0
2022_legi_t1,2022,72060,282,22860,,12.695652,7,0
2022_legi_t1,2022,72061,1725,24860,,6.627229,24,0
2022_legi_t1,2022,72062,779,25730,,4.98793,22,0
2022_legi_t1,2022,72064,517,26080,,9.221802,16,0
2022_legi_t1,2022,72065,2252,29750,,4.516173,287,0
2022_legi_t1,2022,72066,421,27040,,2.974944,4,0
2022_legi_t1,2022,72067,998,25130,,5.294792,15,0
2022_legi_t1,2022,72068,1370,23120,,12.941869,78,
2022_legi_t1,2022,72070,250,24410,,6.745342,3,0
2022_legi_t1,2022,72071,5707,22730,21,10.08266,198,10.002778
2022_legi_t1,2022,72072,255,26170,,3.636364,4,0
2022_legi_t1,2022,72073,1164,27040,,6.2893,23,0
2022_legi_t1,2022,72074,213,26180,,3.389831,4,0
2022_legi_t1,2022,72075,996,26100,,4.621303,17,0
2022_legi_t1,2022,72076,259,27170,,4.444444,1,0
2022_legi_t1,2022,72077,436,24150,,9.285333,16,0
2022_legi_t1,2022,72078,353,23620,,4.269301,15,0
2022_legi_t1,2022,72079,308,25730,,2.133016,5,0
2022_legi_t1,2022,72080,2746,26610,,4.751583,101,
2022_legi_t1,2022,72083,357,26050,,6.239192,10,0
2022_legi_t1,2022,72084,1276,25500,,6.034954,18,0
2022_legi_t1,2022,72085,177,25690,,5.217391,6,0
2022_legi_t1,2022,72086,138,27210,,14.634146,3,0
2022_legi_t1,2022,72087,460,26120,,4.767847,16,0
2022_legi_t1,2022,72088,320,25140,,8.146025,9,0
2022_legi_t1,2022,72089,1828,24300,,8.725604,72,0
2022_legi_t1,2022,72090,2838,24270,,5.86323,95,3.153727
2022_legi_t1,2022,72091,135,25150,,3.75,4,0
2022_legi_t1,2022,72093,886,26650,,5.136211,19,0
2022_legi_t1,2022,72094,638,23620,,6.374345,14,0
2022_legi_t1,2022,72095,8049,21320,28,15.125747,139,0
2022_legi_t1,2022,72096,1619,27030,,2.736102,45,0
2022_legi_t1,2022,72098,512,24070,,8.58502,10,0
2022_legi_t1,2022,72099,641,25210,,5.827521,10,0
2022_legi_t1,2022,72100,403,24400,,6.64305,13,0
2022_legi_t1,2022,72101,670,24290,,6.895501,16,0
2022_legi_t1,2022,72102,83,,,9.259259,2,0
2022_legi_t1,2022,72103,614,23660,,11.749356,21,0
2022_legi_t1,2022,72104,585,23220,,6.573397,10,0
2022_legi_t1,2022,72105,460,28090,,4.723904,7,0
2022_legi_t1,2022,72106,910,26580,,2.502862,8,0
2022_legi_t1,2022,72107,341,27990,,3.594892,8,0
2022_legi_t1,2022,72109,544,25610,,6.176968,12,0
2022_legi_t1,2022,72110,993,24520,,5.391548,24,0
2022_legi_t1,2022,72111,490,26630,,5.033881,12,0
2022_legi_t1,2022,72112,482,23670,,8.362574,20,0
2022_legi_t1,2022,72113,746,28160,,2.474374,15,0
2022_legi_t1,2022,72114,250,25820,,5.656984,12,0
2022_legi_t1,2022,72115,942,24280,,7.056994,26,0
2022_legi_t1,2022,72118,1433,24670,,8.502825,31,0
2022_legi_t1,2022,72119,1062,28120,,6.600409,14,0
2022_legi_t1,2022,72120,225,25660,,8.805031,7,0
2022_legi_t1,2022,72121,318,25090,,4.852135,10,0
2022_legi_t1,2022,72122,1076,25760,,3.651666,16,0
2022_legi_t1,2022,72123,61,,,7.692308,1,0
2022_legi_t1,2022,72124,4818,24770,11,8.086265,143,0.998641
2022_legi_t1,2022,72125,304,24740,,2.687952,10,0
2022_legi_t1,2022,72126,290,24330,,9.910582,11,0
2022_legi_t1,2022,72127,1852,27840,,4.984241,16,0
2022_legi_t1,2022,72128,526,24390,,8.378554,10,0
2022_legi_t1,2022,72129,905,26830,,4.235195,14,0
2022_legi_t1,2022,72130,736,29030,,3.246497,13,0
2022_legi_t1,2022,72131,577,25100,,5.76501,10,0
2022_legi_t1,2022,72132,8769,23720,18,10.007644,401,1.440692
2022_legi_t1,2022,72133,1543,28910,,4.156045,22,0
2022_legi_t1,2022,72134,525,24260,,9.176452,12,0
2022_legi_t1,2022,72135,600,24670,,5.499144,6,0
2022_legi_t1,2022,72136,309,26510,,6.463598,8,0
2022_legi_t1,2022,72137,2189,26010,,5.040386,36,
2022_legi_t1,2022,72138,2909,23250,,10.023191,104,0
2022_legi_t1,2022,72139,995,24100,,7.001763,25,0
2022_legi_t1,2022,72141,889,25040,,7.823707,16,0
2022_legi_t1,2022,72142,141,23940,,9.89011,6,0
2022_legi_t1,2022,72143,1941,23840,,10.226638,64,0
2022_legi_t1,2022,72144,339,23710,,8.252987,11,0
2022_legi_t1,2022,72145,384,23830,,8.055077,10,0
2022_legi_t1,2022,72146,3200,27470,,3.293666,56,0
2022_legi_t1,2022,72147,1285,26700,,5.324479,24,0
2022_legi_t1,2022,72148,80,,,5.769231,5,0
2022_legi_t1,2022,72149,597,25210,,5.4272,24,0
2022_legi_t1,2022,72150,1275,27340,,3.520399,36,0
2022_legi_t1,2022,72151,1142,25320,,5.38065,21,0
2022_legi_t1,2022,72152,412,26330,,4.10171,5,0
2022_legi_t1,2022,72153,552,22820,,13.895517,15,0
2022_legi_t1,2022,72154,15081,24300,16,9.285912,555,4.115604
2022_legi_t1,2022,72155,4260,27340,,4.434608,80,0
2022_legi_t1,2022,72156,920,25110,,7.019716,14,0
2022_legi_t1,2022,72157,695,28000,,5.734391,7,0
2022_legi_t1,2022,72158,817,24280,,7.611903,19,0
2022_legi_t1,2022,72160,585,25400,,6.570854,13,0
2022_legi_t1,2022,72161,938,24260,,7.682146,16,0
2022_legi_t1,2022,72163,484,25590,,7.753035,9,0
2022_legi_t1,2022,72164,65,,,0,1,0
2022_legi_t1,2022,72165,1937,26120,,5.382871,19,0
2022_legi_t1,2022,72166,295,25470,,4.681421,10,0
2022_legi_t1,2022,72167,703,25990,,5.95537,20,0
2022_legi_t1,2022,72168,2100,23680,,9.532195,74,0
2022_legi_t1,2022,72169,1496,27340,,4.749759,30,0
2022_legi_t1,2022,72170,175,22920,,8.490566,8,0
2022_legi_t1,2022,72171,104,,,7.272727,4,0
2022_legi_t1,2022,72172,1454,24680,,5.435732,30,0
2022_legi_t1,2022,72173,1233,25610,,5.951852,42,0
2022_legi_t1,2022,72174,105,,,9.722222,7,0
2022_legi_t1,2022,72175,1524,24070,,7.806634,48,0
2022_legi_t1,2022,72176,4016,22820,17,8.968297,157,2.492677
2022_legi_t1,2022,72177,336,25040,,5.363016,8,0
2022_legi_t1,2022,72178,197,22890,,7.258065,7,0
2022_legi_t1,2022,72179,1881,22980,,9.101792,40,0
2022_legi_t1,2022,72180,5080,21870,23,13.4134,199,0
2022_legi_t1,2022,72181,145182,23610,22.9,12.243415,4806,3.08163
2022_legi_t1,2022,72182,1550,24440,,5.381585,36,0
2022_legi_t1,2022,72183,1063,23230,,8.442268,34,0
2022_legi_t1,2022,72184,346,26440,,4.596517,21,0
2022_legi_t1,2022,72185,658,24610,,7.114915,8,0
2022_legi_t1,2022,72186,879,24910,,5.094725,32,0
2022_legi_t1,2022,72187,1618,24200,,7.398008,22,0
2022_legi_t1,2022,72188,159,26270,,5.494505,3,0
2022_legi_t1,2022,72189,2038,22490,,9.148156,80,
2022_legi_t1,2022,72190,287,26770,,6.589726,9,0
2022_legi_t1,2022,72191,3186,24330,,5.43799,67,0
2022_legi_t1,2022,72192,105,24730,,1.754386,2,0
2022_legi_t1,2022,72193,446,25940,,2.844006,14,0
2022_legi_t1,2022,72194,272,23940,,5.706304,7,0
2022_legi_t1,2022,72195,1853,25110,,7.117244,27,0
2022_legi_t1,2022,72196,735,24280,,7.556326,13,0
2022_legi_t1,2022,72197,679,25340,,4.37412,11,0
2022_legi_t1,2022,72198,2631,29340,,4.752699,65,0
2022_legi_t1,2022,72199,266,26090,,5.374556,14,0
2022_legi_t1,2022,72200,3699,26990,,4.815351,79,2.135824
2022_legi_t1,2022,72201,234,23150,,6.77922,5,0
2022_legi_t1,2022,72202,207,23580,,2.189781,7,0
2022_legi_t1,2022,72204,517,25280,,9.85276,21,0
2022_legi_t1,2022,72205,1833,25750,,5.537691,33,0
2022_legi_t1,2022,72208,369,25160,,5.930384,28,0
2022_legi_t1,2022,72209,313,23670,,7.467477,8,0
2022_legi_t1,2022,72210,299,24850,,11.086524,8,0
2022_legi_t1,2022,72211,633,22740,,7.725832,22,0
2022_legi_t1,2022,72212,697,23920,,7.205108,15,0
2022_legi_t1,2022,72213,5299,25520,,8.452788,112,5.017911
2022_legi_t1,2022,72214,12,,,0,1,0
2022_legi_t1,2022,72215,1023,24270,,10.656139,22,0
2022_legi_t1,2022,72216,593,24970,,8.406908,12,0
2022_legi_t1,2022,72217,2463,29610,,4.788516,70,0
2022_legi_t1,2022,72218,302,25420,,4.547781,5,0
2022_legi_t1,2022,72219,768,26080,,5.400552,29,0
2022_legi_t1,2022,72220,876,24550,,4.699567,12,0
2022_legi_t1,2022,72221,361,23270,,14.205739,7,0
2022_legi_t1,2022,72222,255,24770,,8.260174,7,0
2022_legi_t1,2022,72223,2585,24530,,5.726402,78,0
2022_legi_t1,2022,72224,529,25250,,4.151156,6,0
2022_legi_t1,2022,72225,671,24730,,6.952173,16,0
2022_legi_t1,2022,72226,1325,25420,,5.498537,22,0
2022_legi_t1,2022,72227,33,,,4.347826,4,0
2022_legi_t1,2022,72228,1998,25950,,4.33324,45,0
2022_legi_t1,2022,72229,449,22340,,6.861303,8,0
2022_legi_t1,2022,72230,1038,27060,,7.892033,16,0
2022_legi_t1,2022,72231,5367,26780,,5.88368,101,0
2022_legi_t1,2022,72232,707,26150,,6.829915,5,0
2022_legi_t1,2022,72233,71,,,7.317073,1,0
2022_legi_t1,2022,72234,346,24520,,6.990143,7,0
2022_legi_t1,2022,72235,373,23660,,5.841784,17,0
2022_legi_t1,2022,72236,191,29700,,6.349206,5,0
2022_legi_t1,2022,72237,505,25230,,6.011986,7,0
2022_legi_t1,2022,72238,74,,,0,1,0
2022_legi_t1,2022,72239,597,26150,,6.662515,20,0
2022_legi_t1,2022,72241,2928,25880,,5.719364,87,0
2022_legi_t1,2022,72243,1614,24430,,6.239522,34,0
2022_legi_t1,2022,72244,2900,25340,,5.8791,53,0
2022_legi_t1,2022,72245,669,24390,,7.193316,7,0
2022_legi_t1,2022,72246,193,25310,,4.255319,3,0
2022_legi_t1,2022,72247,1333,29410,,4.995745,27,0
2022_legi_t1,2022,72248,808,24110,,9.753365,16,0
2022_legi_t1,2022,72249,805,26710,,4.895837,13,0
2022_legi_t1,2022,72250,160,26740,,8.490566,7,0
2022_legi_t1,2022,72251,390,25670,,9.791086,8,0
2022_legi_t1,2022,72252,1108,24300,,8.484542,28,0
2022_legi_t1,2022,72253,2546,27540,,5.825561,74,0
2022_legi_t1,2022,72254,263,25030,,5.511761,9,0
2022_legi_t1,2022,72255,791,23740,,10.879268,16,0
2022_legi_t1,2022,72256,808,23950,,6.474533,20,0
2022_legi_t1,2022,72257,2352,32460,,3.399507,72,0
2022_legi_t1,2022,72259,270,25880,,6.12282,14,0
2022_legi_t1,2022,72260,3492,27920,,4.973999,181,6.052455
2022_legi_t1,2022,72261,301,27010,,4.596319,9,0
2022_legi_t1,2022,72262,2052,24130,,7.330372,70,0
2022_legi_t1,2022,72264,12194,21680,23,10.866461,441,3.003883
2022_legi_t1,2022,72265,246,22280,,10.487852,9,0
2022_legi_t1,2022,72266,764,25590,,10.256175,14,0
2022_legi_t1,2022,72267,916,25670,,6.330266,18,0
2022_legi_t1,2022,72268,709,24930,,7.62278,3,0
2022_legi_t1,2022,72269,2969,23240,,9.640936,129,
2022_legi_t1,2022,72270,185,26880,,0,4,0
2022_legi_t1,2022,72271,881,24600,,5.471086,10,0
2022_legi_t1,2022,72272,326,24680,,4.038465,5,0
2022_legi_t1,2022,72273,231,24640,,11.029412,4,0
2022_legi_t1,2022,72274,214,25500,,5.839416,8,0
2022_legi_t1,2022,72275,1517,27190,,3.350583,24,0
2022_legi_t1,2022,72276,1884,24020,,7.869252,47,0
2022_legi_t1,2022,72277,113,26450,,1.315789,1,0
2022_legi_t1,2022,72278,750,23170,,8.250527,24,0
2022_legi_t1,2022,72279,171,23220,,9.473684,5,0
2022_legi_t1,2022,72280,2228,28730,,4.437364,24,0
2022_legi_t1,2022,72281,450,24510,,10.783116,10,0
2022_legi_t1,2022,72282,519,22970,,6.323849,17,0
2022_legi_t1,2022,72283,346,22590,,14.314834,16,0
2022_legi_t1,2022,72286,392,26070,,6.038775,5,0
2022_legi_t1,2022,72287,,,,4.610619,,
2022_legi_t1,2022,72289,1964,25660,,5.557625,52,0
2022_legi_t1,2022,72290,1810,25430,,5.097821,23,0
2022_legi_t1,2022,72291,955,23600,,7.436119,20,0
2022_legi_t1,2022,72292,225,27420,,2.208047,4,0
2022_legi_t1,2022,72293,612,25970,,5.536603,5,0
2022_legi_t1,2022,72294,474,24870,,13.258466,24,0
2022_legi_t1,2022,72295,511,26210,,3.171682,15,0
2022_legi_t1,2022,72296,741,25700,,9.90275,9,0
2022_legi_t1,2022,72297,536,25440,,3.121048,8,0
2022_legi_t1,2022,72298,,,,4.416179,,
2022_legi_t1,2022,72299,2471,25350,,6.715469,33,2.794753
2022_legi_t1,2022,72300,2712,26070,,7.215334,63,0
2022_legi_t1,2022,72302,172,26460,,4.385965,3,0
2022_legi_t1,2022,72303,740,23830,,9.086286,17,0
2022_legi_t1,2022,72305,914,24310,,6.845375,21,0
2022_legi_t1,2022,72306,1325,26370,,5.157073,18,0
2022_legi_t1,2022,72307,238,26650,,4.697987,3,0
2022_legi_t1,2022,72308,2090,26480,,5.904382,41,0
2022_legi_t1,2022,72309,276,24040,,8.098442,4,0
2022_legi_t1,2022,72310,2002,31410,,4.694663,67,0
2022_legi_t1,2022,72311,339,22090,,8.061404,6,0
2022_legi_t1,2022,72312,225,24380,,5.384615,7,0
2022_legi_t1,2022,72313,212,26140,,3.252033,2,0
2022_legi_t1,2022,72314,363,24020,,8.496397,11,0
2022_legi_t1,2022,72315,832,24430,,10.455715,15,0
2022_legi_t1,2022,72316,705,24150,,5.360503,17,0
2022_legi_t1,2022,72317,498,24670,,4.165436,14,0
2022_legi_t1,2022,72319,729,26210,,5.726289,13,0
2022_legi_t1,2022,72320,2773,30250,,3.76123,175,0
2022_legi_t1,2022,72321,499,25700,,5.681732,10,0
2022_legi_t1,2022,72322,223,27490,,7.875111,10,0
2022_legi_t1,2022,72323,438,25640,,5.391357,12,0
2022_legi_t1,2022,72324,503,23910,,9.304724,9,0
2022_legi_t1,2022,72325,822,24010,,7.194833,24,0
2022_legi_t1,2022,72326,218,25620,,5.263158,6,0
2022_legi_t1,2022,72327,268,25540,,6.042904,8,0
2022_legi_t1,2022,72328,3865,29840,,5.070529,126,4.039238
2022_legi_t1,2022,72329,4042,27980,,4.143281,98,0
2022_legi_t1,2022,72330,447,22110,,5.716658,14,0
2022_legi_t1,2022,72331,584,24650,,10.722897,11,0
2022_legi_t1,2022,72332,599,24390,,10.292505,16,0
2022_legi_t1,2022,72333,432,23250,,9.53074,7,0
2022_legi_t1,2022,72334,2192,22320,,12.910449,112,0
2022_legi_t1,2022,72335,1080,26890,,5.441047,23,0
2022_legi_t1,2022,72336,1229,27470,,6.333082,108,0
2022_legi_t1,2022,72337,832,23240,,9.263137,18,0
2022_legi_t1,2022,72338,822,27320,,5.132871,8,0
2022_legi_t1,2022,72339,646,27920,,6.285221,8,0
2022_legi_t1,2022,72340,1237,26330,,4.644029,13,0
2022_legi_t1,2022,72341,604,27150,,6.124304,18,0
2022_legi_t1,2022,72342,160,29690,,8.537778,6,0
2022_legi_t1,2022,72343,606,24430,,6.304685,16,0
2022_legi_t1,2022,72344,2821,28110,,4.010366,74,
2022_legi_t1,2022,72345,339,26670,,5.071584,3,0
2022_legi_t1,2022,72346,4628,25460,,5.092744,111,0
2022_legi_t1,2022,72347,289,26050,,6.897308,8,0
2022_legi_t1,2022,72348,132,23990,,9.090909,2,0
2022_legi_t1,2022,72349,521,25830,,5.426101,9,0
2022_legi_t1,2022,72350,3043,26590,,4.870932,69,2.259439
2022_legi_t1,2022,72351,1017,25010,,4.222084,34,0
2022_legi_t1,2022,72352,143,23270,,3.658537,3,0
2022_legi_t1,2022,72353,215,27360,,3.623188,5,0
2022_legi_t1,2022,72354,165,24670,,5.714286,9,0
2022_legi_t1,2022,72355,119,,,12.307692,1,0
2022_legi_t1,2022,72356,398,23360,,5.002384,9,0
2022_legi_t1,2022,72357,741,24570,,5.351609,23,0
2022_legi_t1,2022,72358,1653,24170,,8.31683,43,0
2022_legi_t1,2022,72359,1412,26270,,6.645158,20,0
2022_legi_t1,2022,72360,1639,30000,,4.693166,42,0
2022_legi_t1,2022,72361,510,23770,,9.184745,15,0
2022_legi_t1,2022,72362,169,26470,,10.185185,3,0
2022_legi_t1,2022,72363,1669,24560,,7.526451,53,0
2022_legi_t1,2022,72364,1383,24520,,9.338834,42,0
2022_legi_t1,2022,72366,304,25300,,6.094824,13,0
2022_legi_t1,2022,72367,778,24250,,6.636361,13,0
2022_legi_t1,2022,72368,287,25010,,6.055338,9,0
2022_legi_t1,2022,72369,586,24500,,9.567583,15,0
2022_legi_t1,2022,72370,339,22820,,7.304064,8,0
2022_legi_t1,2022,72372,77,,,4.166667,3,0
2022_legi_t1,2022,72373,2508,24840,,7.433661,101,0
2022_legi_t1,2022,72374,137,24310,,8.333333,4,0
2022_legi_t1,2022,72375,517,26050,,3.326433,16,0
2022_legi_t1,2022,72376,651,26210,,5.281877,19,0
2022_legi_t1,2022,72377,1035,25490,,4.878286,37,0
2022_legi_t1,2022,72378,1383,26070,,3.128525,33,0
2022_legi_t1,2022,72379,203,24660,,8.870968,10,0
2022_legi_t1,2022,72380,899,26080,,6.298342,23,0
2022_legi_t1,2022,72381,1350,26260,,4.093981,33,0
2022_legi_t1,2022,72382,1526,25580,,5.864886,30,0
2022_legi_t1,2022,72383,131,27000,,8.247423,2,0
2022_legi_t1,2022,72385,1734,25590,,4.638356,23,0
2022_legi_t1,2022,72386,4187,29910,,4.804884,92,12.85941
2022_legi_t1,2022,85001,2808,25770,,12.427606,165,1.77089
2022_legi_t1,2022,85002,2207,26180,,6.514595,66,0
2022_legi_t1,2022,85003,10218,26220,7,6.29241,392,1.681902
2022_legi_t1,2022,85004,2966,25740,,12.506621,76,0
2022_legi_t1,2022,85005,1035,25310,,5.825142,47,0
2022_legi_t1,2022,85006,2028,24780,,7.162917,55,0
2022_legi_t1,2022,85008,7129,26810,7,7.140857,164,1.941453
2022_legi_t1,2022,85009,1118,24350,,6.547501,17,0
2022_legi_t1,2022,85010,1408,25080,,7.596833,36,
2022_legi_t1,2022,85011,1790,27310,,6.992297,58,0
2022_legi_t1,2022,85012,2356,25590,,7.213147,112,0
2022_legi_t1,2022,85013,1551,26070,,2.81825,26,0
2022_legi_t1,2022,85014,1161,24160,,7.197764,29,0
2022_legi_t1,2022,85015,1654,26120,,5.178627,35,0
2022_legi_t1,2022,85016,2366,26040,,6.685537,66,0
2022_legi_t1,2022,85017,2406,25700,,3.580109,58,0
2022_legi_t1,2022,85018,3955,24610,,8.099528,149,0
2022_legi_t1,2022,85019,6239,26810,,5.478214,193,0
2022_legi_t1,2022,85020,4059,26570,,6.022489,91,5.670548
2022_legi_t1,2022,85021,,,,3.760206,,
2022_legi_t1,2022,85022,1320,25030,,10.947867,28,0
2022_legi_t1,2022,85023,449,25070,,4.767283,12,0
2022_legi_t1,2022,85024,2215,25020,,6.244014,39,0
2022_legi_t1,2022,85025,2295,25770,,4.310554,70,0
2022_legi_t1,2022,85026,1465,24990,,7.850916,53,0
2022_legi_t1,2022,85028,595,26280,,5.377684,11,0
2022_legi_t1,2022,85029,2169,24540,,6.326432,138,0
2022_legi_t1,2022,85031,3170,24570,,3.601463,83,0
2022_legi_t1,2022,85033,717,23840,,8.743849,16,0
2022_legi_t1,2022,85034,3471,25500,,4.719557,105,
2022_legi_t1,2022,85035,5139,28160,,9.4535,204,1.158357
2022_legi_t1,2022,85036,587,24790,,6.224545,12,0
2022_legi_t1,2022,85037,,,,,,
2022_legi_t1,2022,85038,2916,26670,,4.374523,62,0
2022_legi_t1,2022,85039,4015,25600,,3.719573,70,0
2022_legi_t1,2022,85040,1100,23790,,6.539531,21,0
2022_legi_t1,2022,85041,,,,,,
2022_legi_t1,2022,85042,1909,24010,,10.412984,54,0
2022_legi_t1,2022,85045,1103,25210,,7.059392,29,0
2022_legi_t1,2022,85046,3883,26420,,5.330039,125,
2022_legi_t1,2022,85047,22890,25830,10.4,8.891134,1078,2.218659
2022_legi_t1,2022,85049,1816,24330,,7.628661,33,0
2022_legi_t1,2022,85050,2041,23860,,6.674239,32,0
2022_legi_t1,2022,85051,8518,24630,11,7.251221,346,3.942135
2022_legi_t1,2022,85053,,,,,,
2022_legi_t1,2022,85054,1083,23930,,8.552178,14,0
2022_legi_t1,2022,85055,1108,25210,,4.624185,10,0
2022_legi_t1,2022,85056,394,24440,,5.062154,11,0
2022_legi_t1,2022,85058,792,27120,,7.316693,20,0
2022_legi_t1,2022,85059,2590,22720,,9.501667,124,5.706632
2022_legi_t1,2022,85061,1550,25950,,7.00074,23,0
2022_legi_t1,2022,85062,1144,24560,,6.119692,27,0
2022_legi_t1,2022,85064,2559,25850,,3.328795,71,0
2022_legi_t1,2022,85065,3648,25150,,5.936291,104,0
2022_legi_t1,2022,85066,847,24180,,5.585435,10,0
2022_legi_t1,2022,85067,1002,25610,,4.040125,46,0
2022_legi_t1,2022,85070,3416,25180,,8.628273,116,0
2022_legi_t1,2022,85071,3708,24800,,8.367383,83,0
2022_legi_t1,2022,85072,1047,24870,,3.287297,21,0
2022_legi_t1,2022,85073,1025,25320,,8.338492,26,0
2022_legi_t1,2022,85074,229,24260,,8,3,0
2022_legi_t1,2022,85076,5659,27940,,4.552603,144,0
2022_legi_t1,2022,85077,492,23010,,10.277792,8,0
2022_legi_t1,2022,85078,731,24460,,8.077435,24,0
2022_legi_t1,2022,85080,1757,25000,,7.517459,36,0
2022_legi_t1,2022,85081,4535,27360,,3.97543,163,0
2022_legi_t1,2022,85082,2984,25420,,6.145544,95,0
2022_legi_t1,2022,85083,1643,24800,,8.600679,66,0
2022_legi_t1,2022,85084,6835,25780,7,4.984316,377,1.023716
2022_legi_t1,2022,85086,1704,24630,,7.525835,42,0
2022_legi_t1,2022,85087,205,20510,,9.038899,5,0
2022_legi_t1,2022,85088,4978,28060,,5.893236,78,0.950683
2022_legi_t1,2022,85089,5411,26360,,5.838505,132,1.476411
2022_legi_t1,2022,85090,6401,24910,,6.351321,194,0
2022_legi_t1,2022,85092,13806,24230,17,9.290499,674,1.112837
2022_legi_t1,2022,85093,1242,25140,,3.91182,28,0
2022_legi_t1,2022,85094,1176,24430,,9.588862,41,0
2022_legi_t1,2022,85095,2128,24400,,4.42652,44,0
2022_legi_t1,2022,85096,5413,25600,,5.326724,161,0
2022_legi_t1,2022,85097,3223,25760,,4.561484,78,0
2022_legi_t1,2022,85098,1963,26660,,4.879962,29,0
2022_legi_t1,2022,85099,1144,25220,,6.4733,15,0
2022_legi_t1,2022,85100,2216,27060,,7.191367,62,0
2022_legi_t1,2022,85101,484,24470,,11.058044,8,0
2022_legi_t1,2022,85102,725,23410,,12.226087,6,0
2022_legi_t1,2022,85103,2216,25540,,6.171262,39,0
2022_legi_t1,2022,85104,910,25290,,10.850398,26,0
2022_legi_t1,2022,85105,516,22680,,8.775633,9,0
2022_legi_t1,2022,85106,1335,26470,,11.091425,111,0
2022_legi_t1,2022,85108,3437,26870,,6.136288,87,0
2022_legi_t1,2022,85109,16589,26010,8,5.822037,837,1.150468
2022_legi_t1,2022,85110,903,23270,,11.873111,27,0
2022_legi_t1,2022,85111,1505,23570,,11.175848,34,0
2022_legi_t1,2022,85112,2805,26850,,6.809613,80,0
2022_legi_t1,2022,85113,4887,26500,,9.057617,308,0
2022_legi_t1,2022,85114,3046,28440,,9.071193,146,1.314558
2022_legi_t1,2022,85115,647,24390,,4.746307,21,0
2022_legi_t1,2022,85116,483,25200,,11.435168,15,0
2022_legi_t1,2022,85117,601,25300,,5.266758,17,0
2022_legi_t1,2022,85118,2285,27090,,4.969882,44,0
2022_legi_t1,2022,85119,2572,26170,,4.03401,68,0
2022_legi_t1,2022,85120,1512,25400,,8.807324,36,0
2022_legi_t1,2022,85121,1050,23070,,7.701399,25,0
2022_legi_t1,2022,85123,296,24930,,7.807266,4,0
2022_legi_t1,2022,85125,383,23820,,6.459418,10,0
2022_legi_t1,2022,85126,1360,26360,,5.519865,27,0
2022_legi_t1,2022,85127,2442,27200,,7.99994,118,0.87457
2022_legi_t1,2022,85128,9450,24440,15,8.04001,424,2.273726
2022_legi_t1,2022,85129,3671,25760,,5.041776,88,0
2022_legi_t1,2022,85130,1754,25090,,6.962103,47,0
2022_legi_t1,2022,85131,1461,25220,,7.982475,26,0
2022_legi_t1,2022,85132,757,24960,,7.014743,21,0
2022_legi_t1,2022,85133,895,24100,,6.753922,48,0
2022_legi_t1,2022,85134,240,26070,,8.391305,3,0
2022_legi_t1,2022,85135,2773,24760,,9.40567,99,0
2022_legi_t1,2022,85136,124,21910,,16.666667,2,0
2022_legi_t1,2022,85137,526,25830,,4.670549,11,0
2022_legi_t1,2022,85138,1199,25350,,7.858321,14,0
2022_legi_t1,2022,85139,457,24130,,8.373937,13,0
2022_legi_t1,2022,85140,1489,25100,,5.122914,37,0
2022_legi_t1,2022,85141,681,23850,,7.218864,13,0
2022_legi_t1,2022,85142,1010,25460,,4.285275,16,0
2022_legi_t1,2022,85143,1073,24070,,8.125237,28,0
2022_legi_t1,2022,85144,1560,25940,,4.596364,26,0
2022_legi_t1,2022,85145,989,23520,,5.52298,20,0
2022_legi_t1,2022,85146,20754,27250,6.4,5.63024,908,2.316428
2022_legi_t1,2022,85147,1626,24750,,5.945546,31,0
2022_legi_t1,2022,85148,820,25470,,8.462797,11,0
2022_legi_t1,2022,85149,408,22620,,7.304311,10,0
2022_legi_t1,2022,85151,6065,26260,,4.730744,191,0
2022_legi_t1,2022,85152,5451,25800,,5.621657,251,0
2022_legi_t1,2022,85153,2986,24890,,4.357697,94,0
2022_legi_t1,2022,85154,1749,23830,,6.000417,52,0
2022_legi_t1,2022,85155,5209,28350,,4.389701,200,0
2022_legi_t1,2022,85156,2341,24420,,6.752095,92,0
2022_legi_t1,2022,85157,823,25080,,4.928619,20,0
2022_legi_t1,2022,85158,1211,23570,,8.13192,22,0
2022_legi_t1,2022,85159,2372,24510,,7.390023,70,0
2022_legi_t1,2022,85160,3056,26570,,3.901407,78,0
2022_legi_t1,2022,85161,2546,25880,,4.770741,61,0
2022_legi_t1,2022,85162,2054,25570,,5.607628,68,0
2022_legi_t1,2022,85163,4502,27310,,8.529483,413,0
2022_legi_t1,2022,85164,2293,26430,,10.062465,104,0
2022_legi_t1,2022,85167,801,26970,,7.151298,9,0
2022_legi_t1,2022,85169,1110,24140,,8.204535,32,0
2022_legi_t1,2022,85171,618,26390,,6.988832,15,0
2022_legi_t1,2022,85172,2210,25110,,6.166839,63,
2022_legi_t1,2022,85174,684,24150,,7.892979,14,0
2022_legi_t1,2022,85175,678,25380,,5.358766,9,0
2022_legi_t1,2022,85176,1144,26740,,4.673275,23,0
2022_legi_t1,2022,85177,1366,23420,,8.289693,28,0
2022_legi_t1,2022,85178,8637,26700,,4.078477,290,0.709975
2022_legi_t1,2022,85179,1234,24740,,6.946677,30,0
2022_legi_t1,2022,85181,643,24220,,8.701821,10,0
2022_legi_t1,2022,85182,5641,24930,10,7.219512,235,0
2022_legi_t1,2022,85184,318,23590,,11.542892,7,0
2022_legi_t1,2022,85185,646,25000,,8.804613,12,0
2022_legi_t1,2022,85186,1018,26220,,2.842118,22,0
2022_legi_t1,2022,85187,861,25280,,5.998151,21,0
2022_legi_t1,2022,85188,1157,24990,,6.100562,23,0
2022_legi_t1,2022,85189,2179,26080,,9.03887,51,0
2022_legi_t1,2022,85190,3571,24980,,4.511346,99,2.897617
2022_legi_t1,2022,85191,54699,25090,15.6,9.448295,2633,2.611185
2022_legi_t1,2022,85192,980,25260,,3.314687,18,0
2022_legi_t1,2022,85193,664,23740,,6.768228,14,0
2022_legi_t1,2022,85194,48740,28010,9.2,9.126895,2168,3.16256
2022_legi_t1,2022,85196,1942,25960,,3.053886,34,0
2022_legi_t1,2022,85197,3833,26180,,3.935959,84,0
2022_legi_t1,2022,85198,1382,26230,,4.408586,27,0
2022_legi_t1,2022,85199,533,23810,,6.215056,12,0
2022_legi_t1,2022,85200,1166,24860,,8.486526,17,0
2022_legi_t1,2022,85201,511,25190,,9.624831,13,0
2022_legi_t1,2022,85202,1587,25140,,8.032687,43,0
2022_legi_t1,2022,85204,2653,24610,,8.928956,82,0
2022_legi_t1,2022,85205,543,23500,,9.748107,8,0
2022_legi_t1,2022,85206,400,22990,,10.453862,9,0
2022_legi_t1,2022,85207,413,24670,,11.336026,4,0
2022_legi_t1,2022,85208,2425,26610,,3.636665,63,0
2022_legi_t1,2022,85209,613,24640,,6.929263,19,0
2022_legi_t1,2022,85210,2251,24000,,5.342594,52,0
2022_legi_t1,2022,85211,2547,26180,,6.416165,51,0
2022_legi_t1,2022,85213,4285,25930,,5.382985,125,0.842085
2022_legi_t1,2022,85214,2592,26730,,6.452164,71,0
2022_legi_t1,2022,85215,3924,25530,,5.191154,127,0
2022_legi_t1,2022,85216,2074,25600,,4.603088,90,0
2022_legi_t1,2022,85218,1820,26250,,5.186522,29,0
2022_legi_t1,2022,85220,1629,25240,,4.92522,32,0
2022_legi_t1,2022,85221,2752,24790,,5.460257,58,0
2022_legi_t1,2022,85222,8140,27450,8,10.208036,621,1.551284
2022_legi_t1,2022,85223,3593,24380,,8.012964,182,0
2022_legi_t1,2022,85226,12923,27070,10,8.856851,427,1.166726
2022_legi_t1,2022,85227,1904,24390,,7.151661,44,0
2022_legi_t1,2022,85229,628,23240,,3.819161,18,0
2022_legi_t1,2022,85231,824,25470,,10.905556,18,0
2022_legi_t1,2022,85232,1095,25000,,7.647759,27,0
2022_legi_t1,2022,85233,,,,3.699002,,
2022_legi_t1,2022,85234,8809,26700,12,10.143949,588,2.987162
2022_legi_t1,2022,85235,427,24480,,8.865697,10,0
2022_legi_t1,2022,85236,2018,25360,,7.582729,48,0
2022_legi_t1,2022,85237,394,24250,,9.916904,11,0
2022_legi_t1,2022,85238,3613,26260,,4.685917,106,0
2022_legi_t1,2022,85239,1196,25340,,9.064277,20,0
2022_legi_t1,2022,85240,1619,26990,,3.418184,53,0
2022_legi_t1,2022,85242,1033,24650,,6.012446,29,0
2022_legi_t1,2022,85243,2933,26260,,11.087372,61,0
2022_legi_t1,2022,85244,802,25340,,5.322735,17,0
2022_legi_t1,2022,85245,169,22110,,4.040404,7,0
2022_legi_t1,2022,85246,2540,25850,,5.668038,69,0
2022_legi_t1,2022,85247,1144,25470,,3.375708,27,0
2022_legi_t1,2022,85248,421,24740,,5.395432,13,0
2022_legi_t1,2022,85250,2443,26270,,5.610546,43,0
2022_legi_t1,2022,85251,637,23380,,4.409766,24,0
2022_legi_t1,2022,85252,598,24260,,7.07329,17,0
2022_legi_t1,2022,85254,1771,24890,,6.057405,41,0
2022_legi_t1,2022,85255,2347,24770,,9.372739,58,0
2022_legi_t1,2022,85256,1263,24900,,5.71069,16,0
2022_legi_t1,2022,85259,1382,26500,,4.376924,34,0
2022_legi_t1,2022,85260,857,23920,,9.502419,15,0
2022_legi_t1,2022,85261,297,24990,,11.884998,10,0
2022_legi_t1,2022,85262,3622,25240,,4.78732,73,1.979674
2022_legi_t1,2022,85264,1340,23000,,6.465936,36,0
2022_legi_t1,2022,85265,924,23440,,10.522511,17,0
2022_legi_t1,2022,85266,1671,25020,,4.193115,45,0
2022_legi_t1,2022,85267,982,25340,,8.732986,18,0
2022_legi_t1,2022,85268,1526,24780,,6.67043,45,0
2022_legi_t1,2022,85269,424,25960,,11.546465,6,0
2022_legi_t1,2022,85271,,,,,,
2022_legi_t1,2022,85273,1996,25740,,8.53173,41,0
2022_legi_t1,2022,85274,549,24070,,6.348978,11,0
2022_legi_t1,2022,85276,753,23840,,6.238059,10,0
2022_legi_t1,2022,85277,1592,25000,,5.92305,34,0
2022_legi_t1,2022,85278,1602,27430,,9.099289,38,0
2022_legi_t1,2022,85280,3390,25480,,7.71329,124,0
2022_legi_t1,2022,85281,1029,24570,,7.519682,16,0
2022_legi_t1,2022,85282,972,24660,,4.176324,23,0
2022_legi_t1,2022,85284,4535,26550,,5.840778,120,1.846218
2022_legi_t1,2022,85285,756,24790,,5.430422,16,0
2022_legi_t1,2022,85286,551,23910,,8.362828,17,0
2022_legi_t1,2022,85287,447,24640,,5.825521,11,0
2022_legi_t1,2022,85288,8327,27910,7,7.004075,354,2.264499
2022_legi_t1,2022,85289,2173,24020,,6.456772,73,0
2022_legi_t1,2022,85290,538,24740,,7.367235,15,0
2022_legi_t1,2022,85291,1255,25200,,6.650679,23,0
2022_legi_t1,2022,85292,1504,23940,,6.448809,37,0
2022_legi_t1,2022,85293,1556,26200,,3.651655,39,0
2022_legi_t1,2022,85294,3129,28330,,10.340778,294,1.318945
2022_legi_t1,2022,85295,3361,25840,,4.94729,86,0
2022_legi_t1,2022,85296,1240,24150,,7.501087,31,0
2022_legi_t1,2022,85297,1061,24500,,7.020154,29,0
2022_legi_t1,2022,85298,1951,25130,,5.741796,48,0
2022_legi_t1,2022,85300,4743,27080,,4.5769,127,0
2022_legi_t1,2022,85301,1802,26120,,3.795645,43,0
2022_legi_t1,2022,85302,5580,25850,,5.123935,208,0
2022_legi_t1,2022,85303,1829,24060,,5.771837,52,2.825093
2022_legi_t1,2022,85304,782,23390,,10.058329,17,0
2022_legi_t1,2022,85305,823,24800,,6.795397,25,0
2022_legi_t1,2022,85306,743,24800,,7.076833,9,0
2022_pres_t1,2022,44001,2052,24080,,5.630897,57,7.217057
2022_pres_t1,2022,44002,4121,27630,,4.472321,140,2.644028
2022_pres_t1,2022,44003,11346,26100,13,7.436147,720,4.28407
2022_pres_t1,2022,44005,7288,25870,8,6.009507,177,2.24859
2022_pres_t1,2022,44006,1881,25700,,7.064979,47,0
2022_pres_t1,2022,44007,2451,22940,,7.588354,75,0
2022_pres_t1,2022,44009,9617,32310,6,4.92703,360,6.813223
2022_pres_t1,2022,44010,2799,27730,,10.041211,128,1.905248
2022_pres_t1,2022,44012,3523,28490,,7.963888,113,1.335276
2022_pres_t1,2022,44013,3317,26930,,6.257442,48,0
2022_pres_t1,2022,44014,3967,28650,,3.917626,155,6.798921
2022_pres_t1,2022,44015,10352,25370,10,7.471595,303,5.481616
2022_pres_t1,2022,44016,1114,25500,,4.324464,25,0
2022_pres_t1,2022,44018,8281,28660,7,5.765609,247,8.494659
2022_pres_t1,2022,44019,1100,27720,,3.750102,17,0
2022_pres_t1,2022,44020,20590,26590,13.8,7.155969,598,5.645739
2022_pres_t1,2022,44021,5004,25470,,6.570415,143,0
2022_pres_t1,2022,44022,2814,25720,,4.644254,59,0
2022_pres_t1,2022,44023,3067,25630,,5.90535,74,3.523864
2022_pres_t1,2022,44024,2760,29020,,4.030652,44,0
2022_pres_t1,2022,44025,4031,26710,,5.536532,135,1.352382
2022_pres_t1,2022,44026,20535,30820,7.4,5.351998,990,3.499861
2022_pres_t1,2022,44027,2600,28050,,4.643157,41,3
2022_pres_t1,2022,44028,4011,29370,,6.535978,124,7.701369
2022_pres_t1,2022,44029,7158,27150,,5.133407,211,5.157675
2022_pres_t1,2022,44030,4424,25090,,8.188145,56,3.644966
2022_pres_t1,2022,44031,811,23880,,7.106897,26,0
2022_pres_t1,2022,44032,3443,28350,,3.477174,85,1.864009
2022_pres_t1,2022,44033,3246,28930,,4.285824,47,0
2022_pres_t1,2022,44035,20483,31490,7,6.597321,637,7.960838
2022_pres_t1,2022,44036,12231,23000,19,10.313489,623,3.45414
2022_pres_t1,2022,44037,3138,28380,,4.313489,97,7.052709
2022_pres_t1,2022,44038,3035,25200,,4.745728,69,0
2022_pres_t1,2022,44039,1172,28080,,4.815351,50,0
2022_pres_t1,2022,44041,6342,27850,,5.595011,206,7.357132
2022_pres_t1,2022,44043,7459,28020,9,5.619371,392,7.37121
2022_pres_t1,2022,44044,1072,22940,,9.601377,21,0
2022_pres_t1,2022,44045,3954,27730,,4.253927,89,1.744996
2022_pres_t1,2022,44046,2615,27300,,6.340978,41,0
2022_pres_t1,2022,44047,23541,27510,9.6,6.611046,588,6.041717
2022_pres_t1,2022,44048,2534,26740,,4.180523,62,0
2022_pres_t1,2022,44049,4081,28540,,10.445422,193,1.838701
2022_pres_t1,2022,44050,2985,26490,,4.278777,29,0
2022_pres_t1,2022,44051,3578,24310,,5.555752,142,3.908837
2022_pres_t1,2022,44052,8117,25630,9,6.552046,176,8.528785
2022_pres_t1,2022,44053,2288,26660,,5.02312,31,0
2022_pres_t1,2022,44054,3062,25280,,5.841732,72,0
2022_pres_t1,2022,44055,16613,32440,8,8.704102,989,8.088771
2022_pres_t1,2022,44056,3852,26570,,5.433148,75,9.085346
2022_pres_t1,2022,44057,2257,23570,,8.834029,46,0
2022_pres_t1,2022,44058,502,23250,,10.445075,13,0
2022_pres_t1,2022,44061,3289,25360,,7.092626,69,0
2022_pres_t1,2022,44062,1880,25120,,7.32631,29,0
2022_pres_t1,2022,44063,3794,27430,,5.287205,124,
2022_pres_t1,2022,44064,5090,27630,,4.490714,82,4.071323
2022_pres_t1,2022,44065,770,23110,,7.829257,20,0
2022_pres_t1,2022,44066,6910,29730,,4.090512,192,3.218759
2022_pres_t1,2022,44067,5242,23280,15,8.844501,165,0.994692
2022_pres_t1,2022,44068,3577,24450,,6.172503,63,0
2022_pres_t1,2022,44069,16684,28630,8,6.629224,913,6.313226
2022_pres_t1,2022,44070,4734,29150,,5.124832,148,6.29639
2022_pres_t1,2022,44071,5992,30880,,5.204415,268,4.403103
2022_pres_t1,2022,44072,7178,25730,9,6.068881,203,7.514451
2022_pres_t1,2022,44073,6528,27820,,5.500924,204,10.870559
2022_pres_t1,2022,44074,4172,27770,,7.129285,62,4.422605
2022_pres_t1,2022,44075,1825,23980,,7.31569,46,0
2022_pres_t1,2022,44076,1381,24170,,5.686421,25,0
2022_pres_t1,2022,44077,2753,25450,,4.864335,57,0
2022_pres_t1,2022,44078,327,21560,,10.015471,9,0
2022_pres_t1,2022,44079,3214,26850,,4.533482,87,0
2022_pres_t1,2022,44080,769,26990,,4.704111,12,0
2022_pres_t1,2022,44081,4769,24680,,5.447824,155,3.499563
2022_pres_t1,2022,44082,5593,27020,,4.496287,104,2.059232
2022_pres_t1,2022,44083,2468,26010,,4.39397,40,0
2022_pres_t1,2022,44084,8595,27370,8,5.377357,240,7.130785
2022_pres_t1,2022,44085,949,24400,,4.965894,23,0
2022_pres_t1,2022,44086,1064,23610,,9.885152,25,0
2022_pres_t1,2022,44087,7665,25310,10,6.815589,341,8.439928
2022_pres_t1,2022,44088,3071,27280,,3.405909,60,4.949371
2022_pres_t1,2022,44089,3689,28030,,4.494144,136,1.638507
2022_pres_t1,2022,44090,1578,25200,,4.946848,37,0
2022_pres_t1,2022,44091,1529,24310,,5.204274,40,0
2022_pres_t1,2022,44092,670,22530,,7.684961,9,0
2022_pres_t1,2022,44094,3393,29420,,5.039498,58,8.501629
2022_pres_t1,2022,44095,1587,23920,,6.322854,28,0
2022_pres_t1,2022,44096,4681,26450,,4.125151,113,2.674691
2022_pres_t1,2022,44097,2156,28570,,10.834154,75,1.275054
2022_pres_t1,2022,44098,5619,26010,,4.517672,119,0
2022_pres_t1,2022,44099,1964,24330,,8.509448,63,0
2022_pres_t1,2022,44100,2341,27170,,5.208872,46,0
2022_pres_t1,2022,44101,6523,27090,10,7.218187,157,3.100994
2022_pres_t1,2022,44102,3346,26650,,4.879801,98,4.29002
2022_pres_t1,2022,44103,7289,25290,11,6.560576,325,11.954573
2022_pres_t1,2022,44104,843,25360,,3.66257,13,0
2022_pres_t1,2022,44105,356,22530,,9.217978,11,0
2022_pres_t1,2022,44106,1846,27460,,7.324322,50,0
2022_pres_t1,2022,44107,2004,26250,,5.568666,40,0
2022_pres_t1,2022,44108,2903,27450,,5.122722,84,0
2022_pres_t1,2022,44109,325070,26720,19.1,10.089698,11718,3.834582
2022_pres_t1,2022,44110,9448,26520,8,4.752351,288,6.328609
2022_pres_t1,2022,44111,2335,26520,,4.994437,33,0
2022_pres_t1,2022,44112,579,24010,,6.075574,9,0
2022_pres_t1,2022,44113,4280,25220,,7.075047,167,4.126393
2022_pres_t1,2022,44114,28341,30410,11.3,7.136306,963,6.642698
2022_pres_t1,2022,44115,3915,28380,,4.792763,75,0
2022_pres_t1,2022,44116,3030,23620,,8.972629,52,0
2022_pres_t1,2022,44117,3374,27870,,3.728247,102,1.980902
2022_pres_t1,2022,44118,1454,24420,,5.738261,27,0
2022_pres_t1,2022,44119,2042,25020,,5.524514,47,0
2022_pres_t1,2022,44120,5335,26610,,6.744887,110,1.802279
2022_pres_t1,2022,44121,437,23210,,9.155165,13,0
2022_pres_t1,2022,44122,3865,27740,,4.578844,71,2.130621
2022_pres_t1,2022,44123,1011,24300,,6.020022,26,0
2022_pres_t1,2022,44124,829,24490,,6.755462,22,0
2022_pres_t1,2022,44125,2663,29320,,8.959047,110,3.022975
2022_pres_t1,2022,44126,4617,27060,,9.459967,127,6.058863
2022_pres_t1,2022,44127,2802,25440,,5.722223,77,0
2022_pres_t1,2022,44128,5281,24720,12,8.499177,146,2.946832
2022_pres_t1,2022,44129,11249,26570,8,7.146947,358,7.523986
2022_pres_t1,2022,44130,6942,29240,,5.62975,202,11.524452
2022_pres_t1,2022,44131,18382,29470,7,7.881928,871,6.254383
2022_pres_t1,2022,44132,12530,31310,8,8.76679,501,4.321939
2022_pres_t1,2022,44133,3046,27910,,5.066258,67,8.809021
2022_pres_t1,2022,44134,1050,26210,,2.836835,23,0
2022_pres_t1,2022,44135,4007,29460,11,10.200797,240,3.463757
2022_pres_t1,2022,44136,1246,30360,,10.785298,64,0
2022_pres_t1,2022,44137,3557,27680,,5.189445,73,0
2022_pres_t1,2022,44138,1124,25930,,4.907155,55,0
2022_pres_t1,2022,44139,1541,25720,,4.323456,20,0
2022_pres_t1,2022,44140,1559,25890,,4.018986,31,0
2022_pres_t1,2022,44141,1288,25480,,4.1996,27,0
2022_pres_t1,2022,44142,1932,25910,,4.929491,42,0
2022_pres_t1,2022,44143,43349,26580,14.1,8.085764,1241,5.625797
2022_pres_t1,2022,44144,2358,24390,,5.483541,64,0
2022_pres_t1,2022,44145,3272,26650,,3.831817,57,0
2022_pres_t1,2022,44146,2152,24350,,6.471008,55,1.533255
2022_pres_t1,2022,44148,705,23410,,8.122493,11,0
2022_pres_t1,2022,44149,4075,25830,,4.146835,76,0
2022_pres_t1,2022,44150,3991,28420,,4.206723,195,2.94987
2022_pres_t1,2022,44151,6949,29840,,4.865938,140,4.108723
2022_pres_t1,2022,44152,3014,26120,,6.092761,65,0
2022_pres_t1,2022,44153,1749,23860,,7.293592,29,0
2022_pres_t1,2022,44154,14645,28760,8,6.366079,414,4.064767
2022_pres_t1,2022,44155,3499,26570,,5.568681,70,10.219223
2022_pres_t1,2022,44156,3209,25110,,5.368948,59,0
2022_pres_t1,2022,44157,1764,24260,,7.705906,38,0
2022_pres_t1,2022,44158,7739,30120,,4.86176,240,3.642987
2022_pres_t1,2022,44159,1246,30640,,4.949544,27,0
2022_pres_t1,2022,44161,3790,25050,,7.601015,91,
2022_pres_t1,2022,44162,50561,25940,16.9,9.001979,2754,4.612918
2022_pres_t1,2022,44163,4890,26250,,5.352207,89,0
2022_pres_t1,2022,44164,2376,25390,,5.622583,71,0
2022_pres_t1,2022,44165,2405,27060,,4.344387,55,0
2022_pres_t1,2022,44166,6024,27230,,7.673231,77,1.352535
2022_pres_t1,2022,44168,4125,24840,,7.34535,53,
2022_pres_t1,2022,44169,7768,28760,,4.349468,244,10.036358
2022_pres_t1,2022,44170,963,23510,,7.287626,28,0
2022_pres_t1,2022,44171,2114,29400,,3.968203,31,0
2022_pres_t1,2022,44172,16227,28980,9,6.151258,554,6.195758
2022_pres_t1,2022,44173,2118,26700,,5.490364,37,0
2022_pres_t1,2022,44174,2390,26340,,5.224155,48,0
2022_pres_t1,2022,44175,5246,27420,,4.871564,100,0
2022_pres_t1,2022,44176,3221,26080,,6.562654,35,0
2022_pres_t1,2022,44178,2644,27000,,6.127942,56,3.961736
2022_pres_t1,2022,44179,5435,27990,,4.685248,120,2.370488
2022_pres_t1,2022,44180,6625,23960,12,5.177247,188,0.508805
2022_pres_t1,2022,44182,5520,27960,,7.128718,158,1.453755
2022_pres_t1,2022,44183,2859,26550,,7.201731,70,0
2022_pres_t1,2022,44184,73111,24750,18,10.656633,2203,3.249572
2022_pres_t1,2022,44185,3304,24480,,10.478487,96,2.794697
2022_pres_t1,2022,44186,7209,26790,,5.720047,180,5.292465
2022_pres_t1,2022,44187,4701,25240,,7.251125,154,3.796449
2022_pres_t1,2022,44188,9392,27410,7,5.838506,312,
2022_pres_t1,2022,44189,2447,25540,,6.676805,39,10.292502
2022_pres_t1,2022,44190,28373,28930,9.7,6.99218,590,7.659733
2022_pres_t1,2022,44192,2846,26080,,7.131776,71,0
2022_pres_t1,2022,44193,1527,23440,,6.519513,34,0
2022_pres_t1,2022,44194,8534,33610,7,4.731687,280,6.72814
2022_pres_t1,2022,44195,9465,28290,9,6.517276,291,9.694909
2022_pres_t1,2022,44196,1693,24330,,6.807124,18,0
2022_pres_t1,2022,44197,1658,22950,,8.513207,50,0
2022_pres_t1,2022,44198,9163,28200,8,5.393942,383,12.457254
2022_pres_t1,2022,44199,1965,24390,,6.702397,48,0
2022_pres_t1,2022,44200,339,23470,,7.941819,6,0
2022_pres_t1,2022,44201,7457,33610,,5.885314,179,13.564306
2022_pres_t1,2022,44202,1820,25740,,5.603917,44,0
2022_pres_t1,2022,44203,2005,27440,,4.606298,33,7.292132
2022_pres_t1,2022,44204,10956,29430,8,6.06375,297,8.934391
2022_pres_t1,2022,44205,2619,25400,,5.160775,57,0
2022_pres_t1,2022,44206,1936,24660,,6.134209,45,2.234637
2022_pres_t1,2022,44207,1124,24540,,5.254767,24,0
2022_pres_t1,2022,44208,976,22750,,6.610601,25,0
2022_pres_t1,2022,44209,10414,31030,6,5.989003,338,4.224171
2022_pres_t1,2022,44210,8234,24200,13,9.032255,379,6.62254
2022_pres_t1,2022,44211,4862,27900,10,8.395962,198,2.42919
2022_pres_t1,2022,44212,9524,26770,8,4.63202,334,4.718094
2022_pres_t1,2022,44213,7509,24540,11,7.24439,228,4.922772
2022_pres_t1,2022,44214,2084,24970,,6.726592,51,0
2022_pres_t1,2022,44215,26048,31190,6.6,5.576034,845,7.785817
2022_pres_t1,2022,44216,4110,26060,,6.254741,134,3.636881
2022_pres_t1,2022,44217,6633,31380,,3.831579,261,3.732736
2022_pres_t1,2022,44218,687,25100,,7.237335,17,0
2022_pres_t1,2022,44220,1716,26690,,6.080916,32,0
2022_pres_t1,2022,44221,1559,26740,,5.422592,27,0
2022_pres_t1,2022,44222,1258,26490,,5.51959,17,0
2022_pres_t1,2022,44223,3691,27620,,4.684074,104,5.194514
2022_pres_t1,2022,44224,1815,25070,,6.276426,35,0
2022_pres_t1,2022,49002,2925,24540,,7.159928,101,1.623085
2022_pres_t1,2022,49003,1734,24260,,7.04795,59,0
2022_pres_t1,2022,49007,157555,23930,22,11.490844,5368,1.255011
2022_pres_t1,2022,49008,917,23970,,8.505583,30,0
2022_pres_t1,2022,49009,450,25070,,4.710169,6,0
2022_pres_t1,2022,49010,317,26330,,7.86778,14,0
2022_pres_t1,2022,49011,410,27510,,5.895117,4,0
2022_pres_t1,2022,49012,349,23920,,5.661547,8,0
2022_pres_t1,2022,49015,15225,28520,10,9.241433,369,2.215148
2022_pres_t1,2022,49017,629,24930,,5.134382,11,0
2022_pres_t1,2022,49018,11747,24110,13,8.214238,382,1.741049
2022_pres_t1,2022,49020,5618,28980,,5.651316,631,7.671092
2022_pres_t1,2022,49021,6893,25190,8,6.27583,234,1.283285
2022_pres_t1,2022,49022,1346,27030,,5.599415,50,0
2022_pres_t1,2022,49023,23887,25400,7.2,5.28297,708,1.190838
2022_pres_t1,2022,49026,2781,26270,,6.855531,96,2.440529
2022_pres_t1,2022,49027,2115,25980,,4.485537,41,0
2022_pres_t1,2022,49028,119,25600,,4.054054,8,0
2022_pres_t1,2022,49029,1317,28740,,9.25132,32,0
2022_pres_t1,2022,49030,938,26080,,7.648639,19,0
2022_pres_t1,2022,49035,6635,32260,,4.223955,156,3.892209
2022_pres_t1,2022,49036,775,23780,,6.551027,11,0
2022_pres_t1,2022,49038,236,22170,,5.332062,5,0
2022_pres_t1,2022,49041,2078,23430,,10.29986,44,0
2022_pres_t1,2022,49045,617,23320,,8.47101,16,0
2022_pres_t1,2022,49048,3193,28100,,5.7692,59,1.206242
2022_pres_t1,2022,49050,11000,27020,6,5.27746,325,4.754625
2022_pres_t1,2022,49053,348,24580,,2.884433,8,0
2022_pres_t1,2022,49054,2815,24000,,9.414259,102,
2022_pres_t1,2022,49055,2397,29100,,4.496739,60,1.604579
2022_pres_t1,2022,49056,276,25550,,7.391965,9,0
2022_pres_t1,2022,49057,329,23600,,4.04144,7,0
2022_pres_t1,2022,49058,892,24130,,4.425819,26,0
2022_pres_t1,2022,49060,3450,24450,,9.155025,97,0
2022_pres_t1,2022,49061,811,23480,,8.609858,36,0
2022_pres_t1,2022,49063,6541,26540,8,7.312941,240,0
2022_pres_t1,2022,49064,409,25660,,3.118821,18,0
2022_pres_t1,2022,49067,341,24940,,5.504233,13,0
2022_pres_t1,2022,49068,1837,25350,,4.767901,64,0
2022_pres_t1,2022,49069,,,,5.743647,,
2022_pres_t1,2022,49070,712,24860,,5.828077,12,0
2022_pres_t1,2022,49076,820,26100,,3.721795,11,0
2022_pres_t1,2022,49080,8712,24680,10,6.694372,217,6.472492
2022_pres_t1,2022,49082,941,25130,,5.698302,21,0
2022_pres_t1,2022,49086,3885,25620,,3.624622,129,0
2022_pres_t1,2022,49089,1067,25030,,6.190888,30,0
2022_pres_t1,2022,49090,1036,25160,,5.536362,13,0
2022_pres_t1,2022,49092,21550,25430,8.9,5.0896,761,3.145418
2022_pres_t1,2022,49099,54074,25020,15.8,9.852324,2246,2.544684
2022_pres_t1,2022,49100,473,25000,,6.802863,21,0
2022_pres_t1,2022,49102,345,24250,,9.511861,12,0
2022_pres_t1,2022,49107,481,27420,,6.383995,18,0
2022_pres_t1,2022,49109,1575,25420,,4.476166,37,0
2022_pres_t1,2022,49110,1982,25770,,7.295163,53,0
2022_pres_t1,2022,49112,935,26540,,3.458713,21,0
2022_pres_t1,2022,49113,530,25700,,8.940164,9,0
2022_pres_t1,2022,49114,140,21740,,11.25,3,0
2022_pres_t1,2022,49120,1448,27290,,4.49789,26,0
2022_pres_t1,2022,49121,442,24620,,6.085441,13,0
2022_pres_t1,2022,49123,1812,27090,,6.983783,143,0
2022_pres_t1,2022,49125,11227,24540,12,7.678459,391,4.538177
2022_pres_t1,2022,49127,3376,24600,,8.219945,137,0
2022_pres_t1,2022,49129,4614,26690,,7.651917,220,2.703556
2022_pres_t1,2022,49130,661,27430,,5.09395,12,0
2022_pres_t1,2022,49131,719,24460,,5.656609,6,0
2022_pres_t1,2022,49132,1567,25460,,6.276709,29,0
2022_pres_t1,2022,49135,2216,27780,,4.742385,45,0
2022_pres_t1,2022,49138,2531,24960,,5.221083,64,2.11204
2022_pres_t1,2022,49140,1477,23460,,6.024393,27,0
2022_pres_t1,2022,49155,1437,29340,,5.590332,58,0
2022_pres_t1,2022,49160,3069,24760,,8.116753,75,0
2022_pres_t1,2022,49161,343,26210,,6.254234,8,0
2022_pres_t1,2022,49163,2792,25100,,4.639707,61,1.80566
2022_pres_t1,2022,49167,4670,31910,,4.940974,145,0
2022_pres_t1,2022,49170,828,26390,,7.969475,14,0
2022_pres_t1,2022,49171,119,24130,,3.947368,2,0
2022_pres_t1,2022,49174,1304,24430,,6.318495,26,0
2022_pres_t1,2022,49176,5343,25990,,7.039566,178,0
2022_pres_t1,2022,49178,884,24740,,6.379887,34,0
2022_pres_t1,2022,49180,6583,23720,15,8.160034,234,2.625437
2022_pres_t1,2022,49182,895,25930,,4.058875,31,0
2022_pres_t1,2022,49183,4967,25470,,5.366763,106,0
2022_pres_t1,2022,49188,846,26020,,5.96809,21,0
2022_pres_t1,2022,49192,3206,25980,,6.102946,125,0
2022_pres_t1,2022,49193,3878,25250,,5.825113,81,0
2022_pres_t1,2022,49194,5770,26840,,4.752605,121,1.627339
2022_pres_t1,2022,49195,1257,26290,,4.719921,29,0
2022_pres_t1,2022,49200,6453,27970,,6.426107,113,3.57564
2022_pres_t1,2022,49201,2057,25480,,8.677432,41,0
2022_pres_t1,2022,49205,1050,23600,,6.934021,37,0
2022_pres_t1,2022,49209,433,25200,,8.054595,6,0
2022_pres_t1,2022,49211,1229,25200,,4.669548,42,0
2022_pres_t1,2022,49214,7811,27720,7,7.870521,135,2.442985
2022_pres_t1,2022,49215,3716,24190,,12.628073,132,
2022_pres_t1,2022,49216,565,28200,,4.354902,9,0
2022_pres_t1,2022,49217,792,26240,,6.344027,14,0
2022_pres_t1,2022,49218,15684,24680,8,5.191248,407,1.19189
2022_pres_t1,2022,49219,416,27820,,12.080321,32,0
2022_pres_t1,2022,49220,3694,24670,,5.762836,100,2.982646
2022_pres_t1,2022,49221,800,21640,,8.96534,21,0
2022_pres_t1,2022,49222,2033,27430,,5.282774,66,0
2022_pres_t1,2022,49223,6172,27750,8,5.560105,158,7.633795
2022_pres_t1,2022,49224,1011,24490,,8.489563,28,0
2022_pres_t1,2022,49228,5473,22210,19,9.806259,173,3.04878
2022_pres_t1,2022,49231,1454,26350,,5.637274,40,0
2022_pres_t1,2022,49235,377,27400,,4.929373,21,0
2022_pres_t1,2022,49236,128,24530,,6.943956,6,0
2022_pres_t1,2022,49237,137,22880,,3.703704,1,0
2022_pres_t1,2022,49240,1016,24290,,4.887284,24,0
2022_pres_t1,2022,49241,2649,29110,,4.391078,75,3.083565
2022_pres_t1,2022,49244,18514,25020,9,6.335855,543,2.095689
2022_pres_t1,2022,49246,12863,26690,12,8.558702,498,2.491811
2022_pres_t1,2022,49247,2478,27480,,6.104485,50,0
2022_pres_t1,2022,49248,8811,23850,13,7.942195,283,1.911401
2022_pres_t1,2022,49253,1089,23700,,7.03537,45,0
2022_pres_t1,2022,49257,1043,24760,,5.494367,17,0
2022_pres_t1,2022,49259,2332,26130,,4.072857,64,0
2022_pres_t1,2022,49260,2012,26320,,6.296484,51,0
2022_pres_t1,2022,49261,8452,25150,10,8.636649,235,1.540336
2022_pres_t1,2022,49262,644,26900,,3.528608,9,0
2022_pres_t1,2022,49266,1283,26200,,4.915241,20,0
2022_pres_t1,2022,49267,9496,26190,13,9.302442,551,3.921618
2022_pres_t1,2022,49269,2843,26920,,4.041137,83,0
2022_pres_t1,2022,49271,2139,27740,,5.313489,40,3.472676
2022_pres_t1,2022,49272,1127,24170,,7.383219,15,0
2022_pres_t1,2022,49278,3617,30130,,7.487901,170,2.846421
2022_pres_t1,2022,49283,3787,26180,,6.307023,134,2.836064
2022_pres_t1,2022,49284,1396,25550,,5.973646,41,0
2022_pres_t1,2022,49288,225,26620,,9.680331,3,0
2022_pres_t1,2022,49291,386,23920,,9.575556,8,0
2022_pres_t1,2022,49292,3508,26040,,5.900265,91,0
2022_pres_t1,2022,49294,2961,28980,,4.831314,59,3.641068
2022_pres_t1,2022,49298,3860,29560,,5.140978,175,4.253927
2022_pres_t1,2022,49299,3099,26950,,4.701871,78,0
2022_pres_t1,2022,49301,25764,26070,6.2,5.313256,702,3.336062
2022_pres_t1,2022,49302,442,22920,,4.880367,11,0
2022_pres_t1,2022,49306,1693,28630,,4.685445,66,0
2022_pres_t1,2022,49307,16588,27910,5,5.068728,407,1.840396
2022_pres_t1,2022,49308,2209,31470,,4.805256,53,0
2022_pres_t1,2022,49310,600,23100,,7.279423,17,0
2022_pres_t1,2022,49311,1319,25090,,5.579889,20,6.379837
2022_pres_t1,2022,49321,,,,,,
2022_pres_t1,2022,49323,7946,27010,9,5.863955,368,3.422417
2022_pres_t1,2022,49326,891,29400,,4.12795,11,0
2022_pres_t1,2022,49328,26074,23990,18.8,11.246238,1155,2.058155
2022_pres_t1,2022,49329,1351,28690,,5.799199,48,0
2022_pres_t1,2022,49330,1161,26410,,4.30475,14,0
2022_pres_t1,2022,49331,17617,24390,12,7.195514,579,1.961886
2022_pres_t1,2022,49332,4199,27320,,4.66503,223,0
2022_pres_t1,2022,49333,2853,24710,,7.637048,113,2.194936
2022_pres_t1,2022,49334,341,25000,,6.752054,7,0
2022_pres_t1,2022,49336,875,24970,,4.895698,37,0
2022_pres_t1,2022,49338,1344,28720,,4.928267,17,0
2022_pres_t1,2022,49339,1477,27750,,6.13777,23,0
2022_pres_t1,2022,49341,691,25080,,6.484991,16,0
2022_pres_t1,2022,49343,3178,26960,,3.805458,89,0
2022_pres_t1,2022,49344,1238,26660,,5.725682,20,0
2022_pres_t1,2022,49345,5874,25780,,4.043314,195,0
2022_pres_t1,2022,49347,4498,26990,,5.658058,176,
2022_pres_t1,2022,49352,1316,25800,,4.56007,23,0
2022_pres_t1,2022,49353,15620,23960,17,9.796931,431,2.469464
2022_pres_t1,2022,49355,3078,26280,,4.584052,75,0
2022_pres_t1,2022,49358,569,23910,,11.524,27,0
2022_pres_t1,2022,49359,553,27500,,5.2961,18,0
2022_pres_t1,2022,49361,1924,23800,,8.083085,39,4.305705
2022_pres_t1,2022,49362,1282,27620,,4.71887,34,0
2022_pres_t1,2022,49364,1122,24740,,4.075476,35,0
2022_pres_t1,2022,49367,5784,25210,,6.410577,120,0
2022_pres_t1,2022,49368,2006,22870,,9.592279,63,0
2022_pres_t1,2022,49369,1330,22660,,8.585842,42,0
2022_pres_t1,2022,49370,459,25750,,2.137403,10,0
2022_pres_t1,2022,49371,1750,25110,,6.285835,32,0
2022_pres_t1,2022,49373,7722,23890,11,6.186851,282,0
2022_pres_t1,2022,49374,1462,23700,,8.672768,19,0
2022_pres_t1,2022,49377,5642,28150,,4.420903,114,2.550667
2022_pres_t1,2022,49378,2599,24320,,7.469044,60,1.712554
2022_pres_t1,2022,49381,1829,25350,,5.807778,55,0
2022_pres_t1,2022,53001,1864,26540,,4.056022,35,0
2022_pres_t1,2022,53002,612,25350,,3.423196,16,0
2022_pres_t1,2022,53003,2603,24800,,5.642694,104,0
2022_pres_t1,2022,53005,2324,25370,,3.059353,76,0
2022_pres_t1,2022,53007,2908,26370,,4.49116,66,0
2022_pres_t1,2022,53008,1830,25970,,3.277447,39,0
2022_pres_t1,2022,53009,672,26650,,4.597804,23,0
2022_pres_t1,2022,53010,419,25500,,4.364089,8,0
2022_pres_t1,2022,53011,887,25720,,6.859167,25,0
2022_pres_t1,2022,53012,453,25350,,4.950586,14,0
2022_pres_t1,2022,53013,555,25130,,7.368921,20,0
2022_pres_t1,2022,53015,1964,25810,,4.335781,34,0
2022_pres_t1,2022,53016,1220,23270,,4.905993,45,0
2022_pres_t1,2022,53017,971,23230,,5.676053,31,0
2022_pres_t1,2022,53018,1298,24480,,5.395205,47,0
2022_pres_t1,2022,53019,119,25940,,5.555556,4,0
2022_pres_t1,2022,53021,966,27810,,3.176633,12,0
2022_pres_t1,2022,53022,495,25810,,4.74773,17,0
2022_pres_t1,2022,53023,550,26550,,2.776653,6,0
2022_pres_t1,2022,53025,1086,25390,,4.859972,29,0
2022_pres_t1,2022,53026,500,26380,,3.508511,15,0
2022_pres_t1,2022,53027,203,24970,,4.724029,7,0
2022_pres_t1,2022,53028,560,25800,,4.071345,8,0
2022_pres_t1,2022,53029,1280,23330,,7.076859,41,0
2022_pres_t1,2022,53030,320,26990,,3.333495,7,0
2022_pres_t1,2022,53031,490,25540,,2.311604,15,0
2022_pres_t1,2022,53033,116,24250,,8.641975,5,0
2022_pres_t1,2022,53034,6294,28150,,4.409635,230,
2022_pres_t1,2022,53035,611,24600,,4.359007,20,0
2022_pres_t1,2022,53036,1066,24070,,5.786131,26,0
2022_pres_t1,2022,53037,718,25240,,6.280928,11,0
2022_pres_t1,2022,53038,136,25820,,3.448276,7,0
2022_pres_t1,2022,53039,1726,24600,,3.121614,54,0
2022_pres_t1,2022,53040,618,24100,,5.779529,12,0
2022_pres_t1,2022,53041,276,25870,,2.970424,8,0
2022_pres_t1,2022,53042,833,25300,,3.848976,23,0
2022_pres_t1,2022,53043,584,24870,,6.004302,13,0
2022_pres_t1,2022,53045,674,25970,,3.109213,15,0
2022_pres_t1,2022,53046,313,25410,,3.52656,8,0
2022_pres_t1,2022,53047,254,24250,,4.391576,11,0
2022_pres_t1,2022,53048,1173,24830,,4.641968,47,0
2022_pres_t1,2022,53049,691,26880,,3.654941,6,0
2022_pres_t1,2022,53051,624,23130,,7.032439,10,0
2022_pres_t1,2022,53052,282,25830,,5.910511,7,0
2022_pres_t1,2022,53053,495,24250,,6.047838,8,0
2022_pres_t1,2022,53054,6482,28990,,4.757934,466,6.25
2022_pres_t1,2022,53055,599,24960,,5.458883,24,0
2022_pres_t1,2022,53056,963,27430,,4.079026,16,0
2022_pres_t1,2022,53057,503,22830,,4.141741,12,0
2022_pres_t1,2022,53058,315,25890,,1.897097,8,0
2022_pres_t1,2022,53059,413,25890,,3.719834,13,
2022_pres_t1,2022,53061,455,24260,,2.883749,11,0
2022_pres_t1,2022,53062,16539,25180,11,7.616778,705,3.38375
2022_pres_t1,2022,53063,464,23810,,3.04547,10,0
2022_pres_t1,2022,53064,960,24540,,5.602017,31,0
2022_pres_t1,2022,53066,1363,25080,,2.705167,29,0
2022_pres_t1,2022,53067,433,23590,,6.094902,10,0
2022_pres_t1,2022,53068,155,23720,,2.531646,8,0
2022_pres_t1,2022,53069,152,21580,,7.142857,5,0
2022_pres_t1,2022,53071,477,23180,,2.987717,17,0
2022_pres_t1,2022,53072,1289,26020,,4.745543,22,0
2022_pres_t1,2022,53073,919,22980,,7.214791,24,0
2022_pres_t1,2022,53074,840,26970,,4.776572,20,0
2022_pres_t1,2022,53075,298,23770,,4.858864,6,0
2022_pres_t1,2022,53076,307,24720,,5.966231,11,0
2022_pres_t1,2022,53077,3208,25160,,4.534006,124,0
2022_pres_t1,2022,53078,867,24740,,4.385825,21,0
2022_pres_t1,2022,53079,377,22100,,9.602635,10,0
2022_pres_t1,2022,53080,114,20910,,3.333333,7,0
2022_pres_t1,2022,53082,633,24840,,4.963547,15,0
2022_pres_t1,2022,53083,808,23610,,5.994319,26,0
2022_pres_t1,2022,53084,4415,24560,13,6.519779,210,0
2022_pres_t1,2022,53085,197,26950,,9.565217,3,0
2022_pres_t1,2022,53086,633,24570,,4.796765,24,0
2022_pres_t1,2022,53087,226,26420,,5.298013,9,0
2022_pres_t1,2022,53088,853,24090,,6.82737,27,0
2022_pres_t1,2022,53089,533,24440,,4.861714,15,0
2022_pres_t1,2022,53090,184,26970,,4.347826,6,0
2022_pres_t1,2022,53091,461,24520,,7.315556,21,0
2022_pres_t1,2022,53093,288,21980,,2.629681,3,0
2022_pres_t1,2022,53094,2278,26100,,4.579594,60,0
2022_pres_t1,2022,53096,5511,24330,10,4.922213,220,3.30033
2022_pres_t1,2022,53097,8380,24550,13,6.040624,281,0
2022_pres_t1,2022,53098,423,24250,,1.639267,15,0
2022_pres_t1,2022,53099,1096,27590,,3.223879,23,0
2022_pres_t1,2022,53100,1186,23500,,2.707795,44,0
2022_pres_t1,2022,53101,838,24910,,7.082822,12,0
2022_pres_t1,2022,53102,166,23360,,8.571429,6,0
2022_pres_t1,2022,53103,2127,25680,,3.817303,43,0
2022_pres_t1,2022,53104,1351,25380,,4.418715,30,0
2022_pres_t1,2022,53105,238,26980,,10.322581,5,0
2022_pres_t1,2022,53106,541,22980,,5.358415,14,0
2022_pres_t1,2022,53107,2475,22790,,7.155079,130,0
2022_pres_t1,2022,53108,570,24770,,5.505175,27,0
2022_pres_t1,2022,53109,626,25740,,4.362016,14,0
2022_pres_t1,2022,53110,977,23710,,6.347536,39,0
2022_pres_t1,2022,53111,466,25380,,5.646125,16,0
2022_pres_t1,2022,53112,343,22120,,5.904802,15,0
2022_pres_t1,2022,53113,625,24570,,5.128084,18,0
2022_pres_t1,2022,53114,172,22320,,5.154639,1,0
2022_pres_t1,2022,53115,305,23790,,4.533303,7,0
2022_pres_t1,2022,53116,721,24300,,3.449089,29,0
2022_pres_t1,2022,53117,496,25630,,3.531204,11,0
2022_pres_t1,2022,53118,228,22210,,4.938449,8,0
2022_pres_t1,2022,53119,4554,27360,,4.522529,77,0
2022_pres_t1,2022,53120,458,24920,,7.422193,16,0
2022_pres_t1,2022,53121,1343,23870,,6.194887,60,0
2022_pres_t1,2022,53122,756,25500,,6.547042,20,0
2022_pres_t1,2022,53123,1332,24540,,3.678857,35,
2022_pres_t1,2022,53124,1392,24910,,4.667538,44,0
2022_pres_t1,2022,53125,1100,23290,,7.106722,36,0
2022_pres_t1,2022,53126,1012,23990,,3.816333,33,0
2022_pres_t1,2022,53127,2243,25190,,4.576102,114,0
2022_pres_t1,2022,53128,322,24190,,3.682403,14,0
2022_pres_t1,2022,53129,358,26160,,2.160645,8,0
2022_pres_t1,2022,53130,49474,24120,20.3,9.637649,2292,2.391897
2022_pres_t1,2022,53131,184,24470,,4.807692,7,0
2022_pres_t1,2022,53132,274,25530,,5.604888,13,0
2022_pres_t1,2022,53133,710,22580,,7.878486,11,0
2022_pres_t1,2022,53134,187,24700,,3.960396,3,0
2022_pres_t1,2022,53135,728,25660,,3.94661,19,0
2022_pres_t1,2022,53136,1227,27030,,2.640859,20,0
2022_pres_t1,2022,53137,2724,26550,,3.342032,68,0
2022_pres_t1,2022,53139,410,23510,,5.142296,12,0
2022_pres_t1,2022,53140,4345,26750,,4.276195,121,0
2022_pres_t1,2022,53141,1182,26550,,4.636525,22,0
2022_pres_t1,2022,53142,284,25520,,3.124588,10,0
2022_pres_t1,2022,53143,510,26710,,3.045601,11,0
2022_pres_t1,2022,53144,750,25420,,4.267889,20,0
2022_pres_t1,2022,53145,543,25050,,2.529912,15,0
2022_pres_t1,2022,53146,1884,27080,,3.391028,54,0
2022_pres_t1,2022,53147,12854,24830,15,8.260936,556,2.393584
2022_pres_t1,2022,53148,230,23760,,4.054054,10,0
2022_pres_t1,2022,53150,907,26600,,4.466831,26,0
2022_pres_t1,2022,53151,1075,24570,,4.024413,26,0
2022_pres_t1,2022,53152,2784,23330,,7.142516,122,0
2022_pres_t1,2022,53153,625,24880,,5.899842,11,0
2022_pres_t1,2022,53154,883,24040,,4.78883,32,0
2022_pres_t1,2022,53155,1307,25320,,4.460211,34,0
2022_pres_t1,2022,53156,250,27530,,3.08642,10,0
2022_pres_t1,2022,53157,1342,27480,,4.168927,22,0
2022_pres_t1,2022,53158,1030,25180,,4.484567,32,0
2022_pres_t1,2022,53160,374,24270,,4.473877,14,0
2022_pres_t1,2022,53161,3192,24680,,4.28797,104,0
2022_pres_t1,2022,53162,977,27330,,4.369499,20,0
2022_pres_t1,2022,53163,757,24060,,5.512336,14,0
2022_pres_t1,2022,53164,345,23570,,5.533128,14,0
2022_pres_t1,2022,53165,347,27460,,4.204794,1,0
2022_pres_t1,2022,53168,1250,25200,,4.472951,28,0
2022_pres_t1,2022,53169,406,26280,,3.606886,8,0
2022_pres_t1,2022,53170,1124,25420,,5.373874,25,0
2022_pres_t1,2022,53172,394,27690,,4.9471,9,0
2022_pres_t1,2022,53173,177,25010,,7.476636,4,0
2022_pres_t1,2022,53174,841,26960,,2.999953,20,0
2022_pres_t1,2022,53175,1384,27440,,3.122492,29,0
2022_pres_t1,2022,53176,522,24150,,5.991952,17,0
2022_pres_t1,2022,53177,296,24750,,7.173295,11,0
2022_pres_t1,2022,53178,228,26730,,3.401361,9,0
2022_pres_t1,2022,53179,354,24670,,4.785824,7,0
2022_pres_t1,2022,53180,659,25530,,4.025821,31,0
2022_pres_t1,2022,53181,808,23480,,2.821346,28,0
2022_pres_t1,2022,53182,1816,24100,,4.957926,36,0
2022_pres_t1,2022,53184,161,28640,,1.851852,6,0
2022_pres_t1,2022,53185,2300,23140,,8.452271,89,0
2022_pres_t1,2022,53186,2141,24480,,4.97761,73,0
2022_pres_t1,2022,53187,230,25070,,3.570209,7,0
2022_pres_t1,2022,53188,2506,23090,,8.491418,56,
2022_pres_t1,2022,53189,111,25370,,6.944444,6,0
2022_pres_t1,2022,53190,464,23970,,7.601466,14,0
2022_pres_t1,2022,53191,250,22560,,7.529837,8,0
2022_pres_t1,2022,53192,311,22110,,3.480689,6,0
2022_pres_t1,2022,53193,575,26060,,6.14842,9,0
2022_pres_t1,2022,53195,484,27430,,3.857529,9,0
2022_pres_t1,2022,53196,350,24210,,6.499626,16,0
2022_pres_t1,2022,53197,934,22440,,5.192761,37,0
2022_pres_t1,2022,53198,223,23780,,3.145688,6,0
2022_pres_t1,2022,53199,212,23360,,5.959005,4,0
2022_pres_t1,2022,53200,1181,27620,,3.257454,14,0
2022_pres_t1,2022,53201,7384,26720,10,6.418077,476,
2022_pres_t1,2022,53202,294,24170,,6.378266,14,0
2022_pres_t1,2022,53203,524,24760,,7.118089,6,0
2022_pres_t1,2022,53204,399,24750,,5.055455,8,0
2022_pres_t1,2022,53206,219,26530,,7.586207,4,0
2022_pres_t1,2022,53208,502,24350,,4.926822,10,0
2022_pres_t1,2022,53209,559,26170,,3.447821,13,0
2022_pres_t1,2022,53210,1512,24730,,6.395311,38,0
2022_pres_t1,2022,53211,1440,24620,,5.863516,54,0
2022_pres_t1,2022,53212,456,27900,,3.003579,8,0
2022_pres_t1,2022,53213,496,22430,,5.280388,11,0
2022_pres_t1,2022,53214,154,24840,,3.603604,5,0
2022_pres_t1,2022,53216,946,25120,,3.598347,20,0
2022_pres_t1,2022,53218,770,25000,,4.138126,23,0
2022_pres_t1,2022,53219,1381,26250,,3.562524,38,0
2022_pres_t1,2022,53220,378,25020,,4.565834,8,0
2022_pres_t1,2022,53221,394,23240,,6.598762,10,0
2022_pres_t1,2022,53222,365,25040,,3.303072,5,0
2022_pres_t1,2022,53223,329,22500,,5.83025,16,0
2022_pres_t1,2022,53224,1179,26630,,3.72523,16,0
2022_pres_t1,2022,53225,513,25200,,4.24262,13,0
2022_pres_t1,2022,53226,808,25350,,5.915879,22,0
2022_pres_t1,2022,53228,556,23890,,6.098205,16,0
2022_pres_t1,2022,53229,1689,28550,,4.070979,25,0
2022_pres_t1,2022,53230,257,24340,,3.836641,6,0
2022_pres_t1,2022,53232,323,24850,,8.257348,10,0
2022_pres_t1,2022,53233,335,23420,,4.914038,9,0
2022_pres_t1,2022,53234,321,26260,,5.382303,8,0
2022_pres_t1,2022,53235,228,24010,,6.72955,8,0
2022_pres_t1,2022,53236,166,22860,,7.142857,9,0
2022_pres_t1,2022,53237,440,23740,,4.467177,13,0
2022_pres_t1,2022,53238,521,24400,,6.025437,14,0
2022_pres_t1,2022,53240,425,23970,,3.328475,10,0
2022_pres_t1,2022,53242,255,26100,,5.590062,8,0
2022_pres_t1,2022,53243,1782,26650,,3.700536,41,0
2022_pres_t1,2022,53245,927,24850,,5.226679,40,0
2022_pres_t1,2022,53246,1761,24420,,6.813706,40,0
2022_pres_t1,2022,53247,2313,25620,,4.059573,50,0
2022_pres_t1,2022,53248,132,23290,,7.692308,5,0
2022_pres_t1,2022,53249,1107,23440,,9.988918,42,0
2022_pres_t1,2022,53250,391,23510,,4.995449,10,0
2022_pres_t1,2022,53251,475,25640,,4.809099,16,0
2022_pres_t1,2022,53253,518,22690,,7.380592,10,0
2022_pres_t1,2022,53255,1197,25270,,3.961471,32,0
2022_pres_t1,2022,53256,162,25070,,8.695652,10,0
2022_pres_t1,2022,53257,328,25280,,8.143393,18,0
2022_pres_t1,2022,53258,901,25120,,4.905443,36,0
2022_pres_t1,2022,53259,376,23580,,4.895862,23,0
2022_pres_t1,2022,53260,386,24650,,4.047688,15,0
2022_pres_t1,2022,53261,149,24920,,4.395604,7,0
2022_pres_t1,2022,53262,1060,25000,,3.790015,31,0
2022_pres_t1,2022,53263,270,23970,,5.340513,9,0
2022_pres_t1,2022,53264,190,23070,,12.727273,7,0
2022_pres_t1,2022,53265,770,23840,,8.920262,16,0
2022_pres_t1,2022,53266,227,25190,,5.384615,4,0
2022_pres_t1,2022,53267,1164,24120,,7.263469,60,0
2022_pres_t1,2022,53269,612,24410,,9.210549,21,0
2022_pres_t1,2022,53270,110,25040,,1.639344,3,0
2022_pres_t1,2022,53271,2682,23640,,8.661636,111,0
2022_pres_t1,2022,53272,192,21900,,10.377358,6,0
2022_pres_t1,2022,53273,1080,26060,,3.783349,34,0
2022_pres_t1,2022,53276,905,23090,,4.639006,17,0
2022_pres_t1,2022,72001,1681,27990,,4.505189,26,0
2022_pres_t1,2022,72002,199,24850,,5.217391,5,0
2022_pres_t1,2022,72003,10740,20890,27,13.190129,239,1.508526
2022_pres_t1,2022,72004,569,26440,,6.425575,12,0
2022_pres_t1,2022,72005,917,24560,,6.249852,17,0
2022_pres_t1,2022,72006,1897,26810,,4.467955,123,0
2022_pres_t1,2022,72007,499,26570,,5.668909,10,0
2022_pres_t1,2022,72008,5463,25890,11,5.89753,235,3.863481
2022_pres_t1,2022,72009,351,24400,,7.349601,5,0
2022_pres_t1,2022,72010,337,25320,,5.18022,8,0
2022_pres_t1,2022,72011,898,24120,,7.199916,21,0
2022_pres_t1,2022,72012,478,25870,,3.550971,13,0
2022_pres_t1,2022,72013,2131,23090,,8.184596,42,0
2022_pres_t1,2022,72015,107,24770,,8.219178,3,0
2022_pres_t1,2022,72016,1458,24330,,5.262883,31,0
2022_pres_t1,2022,72017,229,27200,,7.051282,9,0
2022_pres_t1,2022,72018,88,,,3.125,2,0
2022_pres_t1,2022,72019,335,25580,,3.84396,14,0
2022_pres_t1,2022,72020,692,25880,,6.51529,15,0
2022_pres_t1,2022,72021,572,24350,,9.108759,13,0
2022_pres_t1,2022,72022,1217,23910,,7.504008,36,0
2022_pres_t1,2022,72023,2270,24620,,6.419028,51,0
2022_pres_t1,2022,72024,3748,28010,,3.537005,82,0
2022_pres_t1,2022,72025,1946,25020,,5.985599,42,0
2022_pres_t1,2022,72026,1523,26320,,5.829005,24,0
2022_pres_t1,2022,72027,329,25140,,5.474357,6,0
2022_pres_t1,2022,72028,476,24810,,8.957923,18,0
2022_pres_t1,2022,72029,1974,23110,,10.971415,73,0
2022_pres_t1,2022,72031,543,24620,,9.053693,15,0
2022_pres_t1,2022,72032,334,25250,,9.021528,6,0
2022_pres_t1,2022,72034,434,28460,,7.136435,13,0
2022_pres_t1,2022,72035,2025,24030,,14.023658,58,0
2022_pres_t1,2022,72036,306,25350,,4.487992,6,0
2022_pres_t1,2022,72037,129,23500,,13.043478,1,0
2022_pres_t1,2022,72038,534,24980,,6.021354,7,0
2022_pres_t1,2022,72039,3721,23060,,7.773989,90,1.825684
2022_pres_t1,2022,72040,153,22850,,9.677419,5,0
2022_pres_t1,2022,72041,352,25620,,1.830504,11,0
2022_pres_t1,2022,72042,2121,24280,,7.799789,86,0
2022_pres_t1,2022,72043,335,25970,,6.575821,3,0
2022_pres_t1,2022,72044,431,24940,,4.14025,9,0
2022_pres_t1,2022,72045,781,26420,,5.095939,9,0
2022_pres_t1,2022,72046,1562,24720,,5.758735,23,0
2022_pres_t1,2022,72047,2127,26250,,3.995836,28,0
2022_pres_t1,2022,72048,537,25290,,2.430634,8,0
2022_pres_t1,2022,72049,250,22810,,2.836762,13,0
2022_pres_t1,2022,72050,1525,24140,,6.535569,79,0
2022_pres_t1,2022,72051,3365,26370,,6.917931,83,0
2022_pres_t1,2022,72052,668,26200,,6.636617,14,0
2022_pres_t1,2022,72053,1161,26330,,3.862536,13,0
2022_pres_t1,2022,72054,3680,25470,,7.154463,111,2.448103
2022_pres_t1,2022,72056,1303,25700,,5.129195,15,0
2022_pres_t1,2022,72057,68,,,1.960784,0,0
2022_pres_t1,2022,72058,6803,28860,7,4.334054,183,7.417397
2022_pres_t1,2022,72059,816,24720,,6.61494,36,0
2022_pres_t1,2022,72060,282,22860,,12.695652,7,0
2022_pres_t1,2022,72061,1725,24860,,6.627229,24,0
2022_pres_t1,2022,72062,779,25730,,4.98793,22,0
2022_pres_t1,2022,72064,517,26080,,9.221802,16,0
2022_pres_t1,2022,72065,2252,29750,,4.516173,287,0
2022_pres_t1,2022,72066,421,27040,,2.974944,4,0
2022_pres_t1,2022,72067,998,25130,,5.294792,15,0
2022_pres_t1,2022,72068,1370,23120,,12.941869,78,
2022_pres_t1,2022,72070,250,24410,,6.745342,3,0
2022_pres_t1,2022,72071,5707,22730,21,10.08266,198,10.002778
2022_pres_t1,2022,72072,255,26170,,3.636364,4,0
2022_pres_t1,2022,72073,1164,27040,,6.2893,23,0
2022_pres_t1,2022,72074,213,26180,,3.389831,4,0
2022_pres_t1,2022,72075,996,26100,,4.621303,17,0
2022_pres_t1,2022,72076,259,27170,,4.444444,1,0
2022_pres_t1,2022,72077,436,24150,,9.285333,16,0
2022_pres_t1,2022,72078,353,23620,,4.269301,15,0
2022_pres_t1,2022,72079,308,25730,,2.133016,5,0
2022_pres_t1,2022,72080,2746,26610,,4.751583,101,
2022_pres_t1,2022,72083,357,26050,,6.239192,10,0
2022_pres_t1,2022,72084,1276,25500,,6.034954,18,0
2022_pres_t1,2022,72085,177,25690,,5.217391,6,0
2022_pres_t1,2022,72086,138,27210,,14.634146,3,0
2022_pres_t1,2022,72087,460,26120,,4.767847,16,0
2022_pres_t1,2022,72088,320,25140,,8.146025,9,0
2022_pres_t1,2022,72089,1828,24300,,8.725604,72,0
2022_pres_t1,2022,72090,2838,24270,,5.86323,95,3.153727
2022_pres_t1,2022,72091,135,25150,,3.75,4,0
2022_pres_t1,2022,72093,886,26650,,5.136211,19,0
2022_pres_t1,2022,72094,638,23620,,6.374345,14,0
2022_pres_t1,2022,72095,8049,21320,28,15.125747,139,0
2022_pres_t1,2022,72096,1619,27030,,2.736102,45,0
2022_pres_t1,2022,72098,512,24070,,8.58502,10,0
2022_pres_t1,2022,72099,641,25210,,5.827521,10,0
2022_pres_t1,2022,72100,403,24400,,6.64305,13,0
2022_pres_t1,2022,72101,670,24290,,6.895501,16,0
2022_pres_t1,2022,72102,83,,,9.259259,2,0
2022_pres_t1,2022,72103,614,23660,,11.749356,21,0
2022_pres_t1,2022,72104,585,23220,,6.573397,10,0
2022_pres_t1,2022,72105,460,28090,,4.723904,7,0
2022_pres_t1,2022,72106,910,26580,,2.502862,8,0
2022_pres_t1,2022,72107,341,27990,,3.594892,8,0
2022_pres_t1,2022,72109,544,25610,,6.176968,12,0
2022_pres_t1,2022,72110,993,24520,,5.391548,24,0
2022_pres_t1,2022,72111,490,26630,,5.033881,12,0
2022_pres_t1,2022,72112,482,23670,,8.362574,20,0
2022_pres_t1,2022,72113,746,28160,,2.474374,15,0
2022_pres_t1,2022,72114,250,25820,,5.656984,12,0
2022_pres_t1,2022,72115,942,24280,,7.056994,26,0
2022_pres_t1,2022,72118,1433,24670,,8.502825,31,0
2022_pres_t1,2022,72119,1062,28120,,6.600409,14,0
2022_pres_t1,2022,72120,225,25660,,8.805031,7,0
2022_pres_t1,2022,72121,318,25090,,4.852135,10,0
2022_pres_t1,2022,72122,1076,25760,,3.651666,16,0
2022_pres_t1,2022,72123,61,,,7.692308,1,0
2022_pres_t1,2022,72124,4818,24770,11,8.086265,143,0.998641
2022_pres_t1,2022,72125,304,24740,,2.687952,10,0
2022_pres_t1,2022,72126,290,24330,,9.910582,11,0
2022_pres_t1,2022,72127,1852,27840,,4.984241,16,0
2022_pres_t1,2022,72128,526,24390,,8.378554,10,0
2022_pres_t1,2022,72129,905,26830,,4.235195,14,0
2022_pres_t1,2022,72130,736,29030,,3.246497,13,0
2022_pres_t1,2022,72131,577,25100,,5.76501,10,0
2022_pres_t1,2022,72132,8769,23720,18,10.007644,401,1.440692
2022_pres_t1,2022,72133,1543,28910,,4.156045,22,0
2022_pres_t1,2022,72134,525,24260,,9.176452,12,0
2022_pres_t1,2022,72135,600,24670,,5.499144,6,0
2022_pres_t1,2022,72136,309,26510,,6.463598,8,0
2022_pres_t1,2022,72137,2189,26010,,5.040386,36,
2022_pres_t1,2022,72138,2909,23250,,10.023191,104,0
2022_pres_t1,2022,72139,995,24100,,7.001763,25,0
2022_pres_t1,2022,72141,889,25040,,7.823707,16,0
2022_pres_t1,2022,72142,141,23940,,9.89011,6,0
2022_pres_t1,2022,72143,1941,23840,,10.226638,64,0
2022_pres_t1,2022,72144,339,23710,,8.252987,11,0
2022_pres_t1,2022,72145,384,23830,,8.055077,10,0
2022_pres_t1,2022,72146,3200,27470,,3.293666,56,0
2022_pres_t1,2022,72147,1285,26700,,5.324479,24,0
2022_pres_t1,2022,72148,80,,,5.769231,5,0
2022_pres_t1,2022,72149,597,25210,,5.4272,24,0
2022_pres_t1,2022,72150,1275,27340,,3.520399,36,0
2022_pres_t1,2022,72151,1142,25320,,5.38065,21,0
2022_pres_t1,2022,72152,412,26330,,4.10171,5,0
2022_pres_t1,2022,72153,552,22820,,13.895517,15,0
2022_pres_t1,2022,72154,15081,24300,16,9.285912,555,4.115604
2022_pres_t1,2022,72155,4260,27340,,4.434608,80,0
2022_pres_t1,2022,72156,920,25110,,7.019716,14,0
2022_pres_t1,2022,72157,695,28000,,5.734391,7,0
2022_pres_t1,2022,72158,817,24280,,7.611903,19,0
2022_pres_t1,2022,72160,585,25400,,6.570854,13,0
2022_pres_t1,2022,72161,938,24260,,7.682146,16,0
2022_pres_t1,2022,72163,484,25590,,7.753035,9,0
2022_pres_t1,2022,72164,65,,,0,1,0
2022_pres_t1,2022,72165,1937,26120,,5.382871,19,0
2022_pres_t1,2022,72166,295,25470,,4.681421,10,0
2022_pres_t1,2022,72167,703,25990,,5.95537,20,0
2022_pres_t1,2022,72168,2100,23680,,9.532195,74,0
2022_pres_t1,2022,72169,1496,27340,,4.749759,30,0
2022_pres_t1,2022,72170,175,22920,,8.490566,8,0
2022_pres_t1,2022,72171,104,,,7.272727,4,0
2022_pres_t1,2022,72172,1454,24680,,5.435732,30,0
2022_pres_t1,2022,72173,1233,25610,,5.951852,42,0
2022_pres_t1,2022,72174,105,,,9.722222,7,0
2022_pres_t1,2022,72175,1524,24070,,7.806634,48,0
2022_pres_t1,2022,72176,4016,22820,17,8.968297,157,2.492677
2022_pres_t1,2022,72177,336,25040,,5.363016,8,0
2022_pres_t1,2022,72178,197,22890,,7.258065,7,0
2022_pres_t1,2022,72179,1881,22980,,9.101792,40,0
2022_pres_t1,2022,72180,5080,21870,23,13.4134,199,0
2022_pres_t1,2022,72181,145182,23610,22.9,12.243415,4806,3.08163
2022_pres_t1,2022,72182,1550,24440,,5.381585,36,0
2022_pres_t1,2022,72183,1063,23230,,8.442268,34,0
2022_pres_t1,2022,72184,346,26440,,4.596517,21,0
2022_pres_t1,2022,72185,658,24610,,7.114915,8,0
2022_pres_t1,2022,72186,879,24910,,5.094725,32,0
2022_pres_t1,2022,72187,1618,24200,,7.398008,22,0
2022_pres_t1,2022,72188,159,26270,,5.494505,3,0
2022_pres_t1,2022,72189,2038,22490,,9.148156,80,
2022_pres_t1,2022,72190,287,26770,,6.589726,9,0
2022_pres_t1,2022,72191,3186,24330,,5.43799,67,0
2022_pres_t1,2022,72192,105,24730,,1.754386,2,0
2022_pres_t1,2022,72193,446,25940,,2.844006,14,0
2022_pres_t1,2022,72194,272,23940,,5.706304,7,0
2022_pres_t1,2022,72195,1853,25110,,7.117244,27,0
2022_pres_t1,2022,72196,735,24280,,7.556326,13,0
2022_pres_t1,2022,72197,679,25340,,4.37412,11,0
2022_pres_t1,2022,72198,2631,29340,,4.752699,65,0
2022_pres_t1,2022,72199,266,26090,,5.374556,14,0
2022_pres_t1,2022,72200,3699,26990,,4.815351,79,2.135824
2022_pres_t1,2022,72201,234,23150,,6.77922,5,0
2022_pres_t1,2022,72202,207,23580,,2.189781,7,0
2022_pres_t1,2022,72204,517,25280,,9.85276,21,0
2022_pres_t1,2022,72205,1833,25750,,5.537691,33,0
2022_pres_t1,2022,72208,369,25160,,5.930384,28,0
2022_pres_t1,2022,72209,313,23670,,7.467477,8,0
2022_pres_t1,2022,72210,299,24850,,11.086524,8,0
2022_pres_t1,2022,72211,633,22740,,7.725832,22,0
2022_pres_t1,2022,72212,697,23920,,7.205108,15,0
2022_pres_t1,2022,72213,5299,25520,,8.452788,112,5.017911
2022_pres_t1,2022,72214,12,,,0,1,0
2022_pres_t1,2022,72215,1023,24270,,10.656139,22,0
2022_pres_t1,2022,72216,593,24970,,8.406908,12,0
2022_pres_t1,2022,72217,2463,29610,,4.788516,70,0
2022_pres_t1,2022,72218,302,25420,,4.547781,5,0
2022_pres_t1,2022,72219,768,26080,,5.400552,29,0
2022_pres_t1,2022,72220,876,24550,,4.699567,12,0
2022_pres_t1,2022,72221,361,23270,,14.205739,7,0
2022_pres_t1,2022,72222,255,24770,,8.260174,7,0
2022_pres_t1,2022,72223,2585,24530,,5.726402,78,0
2022_pres_t1,2022,72224,529,25250,,4.151156,6,0
2022_pres_t1,2022,72225,671,24730,,6.952173,16,0
2022_pres_t1,2022,72226,1325,25420,,5.498537,22,0
2022_pres_t1,2022,72227,33,,,4.347826,4,0
2022_pres_t1,2022,72228,1998,25950,,4.33324,45,0
2022_pres_t1,2022,72229,449,22340,,6.861303,8,0
2022_pres_t1,2022,72230,1038,27060,,7.892033,16,0
2022_pres_t1,2022,72231,5367,26780,,5.88368,101,0
2022_pres_t1,2022,72232,707,26150,,6.829915,5,0
2022_pres_t1,2022,72233,71,,,7.317073,1,0
2022_pres_t1,2022,72234,346,24520,,6.990143,7,0
2022_pres_t1,2022,72235,373,23660,,5.841784,17,0
2022_pres_t1,2022,72236,191,29700,,6.349206,5,0
2022_pres_t1,2022,72237,505,25230,,6.011986,7,0
2022_pres_t1,2022,72238,74,,,0,1,0
2022_pres_t1,2022,72239,597,26150,,6.662515,20,0
2022_pres_t1,2022,72241,2928,25880,,5.719364,87,0
2022_pres_t1,2022,72243,1614,24430,,6.239522,34,0
2022_pres_t1,2022,72244,2900,25340,,5.8791,53,0
2022_pres_t1,2022,72245,669,24390,,7.193316,7,0
2022_pres_t1,2022,72246,193,25310,,4.255319,3,0
2022_pres_t1,2022,72247,1333,29410,,4.995745,27,0
2022_pres_t1,2022,72248,808,24110,,9.753365,16,0
2022_pres_t1,2022,72249,805,26710,,4.895837,13,0
2022_pres_t1,2022,72250,160,26740,,8.490566,7,0
2022_pres_t1,2022,72251,390,25670,,9.791086,8,0
2022_pres_t1,2022,72252,1108,24300,,8.484542,28,0
2022_pres_t1,2022,72253,2546,27540,,5.825561,74,0
2022_pres_t1,2022,72254,263,25030,,5.511761,9,0
2022_pres_t1,2022,72255,791,23740,,10.879268,16,0
2022_pres_t1,2022,72256,808,23950,,6.474533,20,0
2022_pres_t1,2022,72257,2352,32460,,3.399507,72,0
2022_pres_t1,2022,72259,270,25880,,6.12282,14,0
2022_pres_t1,2022,72260,3492,27920,,4.973999,181,6.052455
2022_pres_t1,2022,72261,301,27010,,4.596319,9,0
2022_pres_t1,2022,72262,2052,24130,,7.330372,70,0
2022_pres_t1,2022,72264,12194,21680,23,10.866461,441,3.003883
2022_pres_t1,2022,72265,246,22280,,10.487852,9,0
2022_pres_t1,2022,72266,764,25590,,10.256175,14,0
2022_pres_t1,2022,72267,916,25670,,6.330266,18,0
2022_pres_t1,2022,72268,709,24930,,7.62278,3,0
2022_pres_t1,2022,72269,2969,23240,,9.640936,129,
2022_pres_t1,2022,72270,185,26880,,0,4,0
2022_pres_t1,2022,72271,881,24600,,5.471086,10,0
2022_pres_t1,2022,72272,326,24680,,4.038465,5,0
2022_pres_t1,2022,72273,231,24640,,11.029412,4,0
2022_pres_t1,2022,72274,214,25500,,5.839416,8,0
2022_pres_t1,2022,72275,1517,27190,,3.350583,24,0
2022_pres_t1,2022,72276,1884,24020,,7.869252,47,0
2022_pres_t1,2022,72277,113,26450,,1.315789,1,0
2022_pres_t1,2022,72278,750,23170,,8.250527,24,0
2022_pres_t1,2022,72279,171,23220,,9.473684,5,0
2022_pres_t1,2022,72280,2228,28730,,4.437364,24,0
2022_pres_t1,2022,72281,450,24510,,10.783116,10,0
2022_pres_t1,2022,72282,519,22970,,6.323849,17,0
2022_pres_t1,2022,72283,346,22590,,14.314834,16,0
2022_pres_t1,2022,72286,392,26070,,6.038775,5,0
2022_pres_t1,2022,72287,,,,4.610619,,
2022_pres_t1,2022,72289,1964,25660,,5.557625,52,0
2022_pres_t1,2022,72290,1810,25430,,5.097821,23,0
2022_pres_t1,2022,72291,955,23600,,7.436119,20,0
2022_pres_t1,2022,72292,225,27420,,2.208047,4,0
2022_pres_t1,2022,72293,612,25970,,5.536603,5,0
2022_pres_t1,2022,72294,474,24870,,13.258466,24,0
2022_pres_t1,2022,72295,511,26210,,3.171682,15,0
2022_pres_t1,2022,72296,741,25700,,9.90275,9,0
2022_pres_t1,2022,72297,536,25440,,3.121048,8,0
2022_pres_t1,2022,72298,,,,4.416179,,
2022_pres_t1,2022,72299,2471,25350,,6.715469,33,2.794753
2022_pres_t1,2022,72300,2712,26070,,7.215334,63,0
2022_pres_t1,2022,72302,172,26460,,4.385965,3,0
2022_pres_t1,2022,72303,740,23830,,9.086286,17,0
2022_pres_t1,2022,72305,914,24310,,6.845375,21,0
2022_pres_t1,2022,72306,1325,26370,,5.157073,18,0
2022_pres_t1,2022,72307,238,26650,,4.697987,3,0
2022_pres_t1,2022,72308,2090,26480,,5.904382,41,0
2022_pres_t1,2022,72309,276,24040,,8.098442,4,0
2022_pres_t1,2022,72310,2002,31410,,4.694663,67,0
2022_pres_t1,2022,72311,339,22090,,8.061404,6,0
2022_pres_t1,2022,72312,225,24380,,5.384615,7,0
2022_pres_t1,2022,72313,212,26140,,3.252033,2,0
2022_pres_t1,2022,72314,363,24020,,8.496397,11,0
2022_pres_t1,2022,72315,832,24430,,10.455715,15,0
2022_pres_t1,2022,72316,705,24150,,5.360503,17,0
2022_pres_t1,2022,72317,498,24670,,4.165436,14,0
2022_pres_t1,2022,72319,729,26210,,5.726289,13,0
2022_pres_t1,2022,72320,2773,30250,,3.76123,175,0
2022_pres_t1,2022,72321,499,25700,,5.681732,10,0
2022_pres_t1,2022,72322,223,27490,,7.875111,10,0
2022_pres_t1,2022,72323,438,25640,,5.391357,12,0
2022_pres_t1,2022,72324,503,23910,,9.304724,9,0
2022_pres_t1,2022,72325,822,24010,,7.194833,24,0
2022_pres_t1,2022,72326,218,25620,,5.263158,6,0
2022_pres_t1,2022,72327,268,25540,,6.042904,8,0
2022_pres_t1,2022,72328,3865,29840,,5.070529,126,4.039238
2022_pres_t1,2022,72329,4042,27980,,4.143281,98,0
2022_pres_t1,2022,72330,447,22110,,5.716658,14,0
2022_pres_t1,2022,72331,584,24650,,10.722897,11,0
2022_pres_t1,2022,72332,599,24390,,10.292505,16,0
2022_pres_t1,2022,72333,432,23250,,9.53074,7,0
2022_pres_t1,2022,72334,2192,22320,,12.910449,112,0
2022_pres_t1,2022,72335,1080,26890,,5.441047,23,0
2022_pres_t1,2022,72336,1229,27470,,6.333082,108,0
2022_pres_t1,2022,72337,832,23240,,9.263137,18,0
2022_pres_t1,2022,72338,822,27320,,5.132871,8,0
2022_pres_t1,2022,72339,646,27920,,6.285221,8,0
2022_pres_t1,2022,72340,1237,26330,,4.644029,13,0
2022_pres_t1,2022,72341,604,27150,,6.124304,18,0
2022_pres_t1,2022,72342,160,29690,,8.537778,6,0
2022_pres_t1,2022,72343,606,24430,,6.304685,16,0
2022_pres_t1,2022,72344,2821,28110,,4.010366,74,
2022_pres_t1,2022,72345,339,26670,,5.071584,3,0
2022_pres_t1,2022,72346,4628,25460,,5.092744,111,0
2022_pres_t1,2022,72347,289,26050,,6.897308,8,0
2022_pres_t1,2022,72348,132,23990,,9.090909,2,0
2022_pres_t1,2022,72349,521,25830,,5.426101,9,0
2022_pres_t1,2022,72350,3043,26590,,4.870932,69,2.259439
2022_pres_t1,2022,72351,1017,25010,,4.222084,34,0
2022_pres_t1,2022,72352,143,23270,,3.658537,3,0
2022_pres_t1,2022,72353,215,27360,,3.623188,5,0
2022_pres_t1,2022,72354,165,24670,,5.714286,9,0
2022_pres_t1,2022,72355,119,,,12.307692,1,0
2022_pres_t1,2022,72356,398,23360,,5.002384,9,0
2022_pres_t1,2022,72357,741,24570,,5.351609,23,0
2022_pres_t1,2022,72358,1653,24170,,8.31683,43,0
2022_pres_t1,2022,72359,1412,26270,,6.645158,20,0
2022_pres_t1,2022,72360,1639,30000,,4.693166,42,0
2022_pres_t1,2022,72361,510,23770,,9.184745,15,0
2022_pres_t1,2022,72362,169,26470,,10.185185,3,0
2022_pres_t1,2022,72363,1669,24560,,7.526451,53,0
2022_pres_t1,2022,72364,1383,24520,,9.338834,42,0
2022_pres_t1,2022,72366,304,25300,,6.094824,13,0
2022_pres_t1,2022,72367,778,24250,,6.636361,13,0
2022_pres_t1,2022,72368,287,25010,,6.055338,9,0
2022_pres_t1,2022,72369,586,24500,,9.567583,15,0
2022_pres_t1,2022,72370,339,22820,,7.304064,8,0
2022_pres_t1,2022,72372,77,,,4.166667,3,0
2022_pres_t1,2022,72373,2508,24840,,7.433661,101,0
2022_pres_t1,2022,72374,137,24310,,8.333333,4,0
2022_pres_t1,2022,72375,517,26050,,3.326433,16,0
2022_pres_t1,2022,72376,651,26210,,5.281877,19,0
2022_pres_t1,2022,72377,1035,25490,,4.878286,37,0
2022_pres_t1,2022,72378,1383,26070,,3.128525,33,0
2022_pres_t1,2022,72379,203,24660,,8.870968,10,0
2022_pres_t1,2022,72380,899,26080,,6.298342,23,0
2022_pres_t1,2022,72381,1350,26260,,4.093981,33,0
2022_pres_t1,2022,72382,1526,25580,,5.864886,30,0
2022_pres_t1,2022,72383,131,27000,,8.247423,2,0
2022_pres_t1,2022,72385,1734,25590,,4.638356,23,0
2022_pres_t1,2022,72386,4187,29910,,4.804884,92,12.85941
2022_pres_t1,2022,85001,2808,25770,,12.427606,165,1.77089
2022_pres_t1,2022,85002,2207,26180,,6.514595,66,0
2022_pres_t1,2022,85003,10218,26220,7,6.29241,392,1.681902
2022_pres_t1,2022,85004,2966,25740,,12.506621,76,0
2022_pres_t1,2022,85005,1035,25310,,5.825142,47,0
2022_pres_t1,2022,85006,2028,24780,,7.162917,55,0
2022_pres_t1,2022,85008,7129,26810,7,7.140857,164,1.941453
2022_pres_t1,2022,85009,1118,24350,,6.547501,17,0
2022_pres_t1,2022,85010,1408,25080,,7.596833,36,
2022_pres_t1,2022,85011,1790,27310,,6.992297,58,0
2022_pres_t1,2022,85012,2356,25590,,7.213147,112,0
2022_pres_t1,2022,85013,1551,26070,,2.81825,26,0
2022_pres_t1,2022,85014,1161,24160,,7.197764,29,0
2022_pres_t1,2022,85015,1654,26120,,5.178627,35,0
2022_pres_t1,2022,85016,2366,26040,,6.685537,66,0
2022_pres_t1,2022,85017,2406,25700,,3.580109,58,0
2022_pres_t1,2022,85018,3955,24610,,8.099528,149,0
2022_pres_t1,2022,85019,6239,26810,,5.478214,193,0
2022_pres_t1,2022,85020,4059,26570,,6.022489,91,5.670548
2022_pres_t1,2022,85021,,,,3.760206,,
2022_pres_t1,2022,85022,1320,25030,,10.947867,28,0
2022_pres_t1,2022,85023,449,25070,,4.767283,12,0
2022_pres_t1,2022,85024,2215,25020,,6.244014,39,0
2022_pres_t1,2022,85025,2295,25770,,4.310554,70,0
2022_pres_t1,2022,85026,1465,24990,,7.850916,53,0
2022_pres_t1,2022,85028,595,26280,,5.377684,11,0
2022_pres_t1,2022,85029,2169,24540,,6.326432,138,0
2022_pres_t1,2022,85031,3170,24570,,3.601463,83,0
2022_pres_t1,2022,85033,717,23840,,8.743849,16,0
2022_pres_t1,2022,85034,3471,25500,,4.719557,105,
2022_pres_t1,2022,85035,5139,28160,,9.4535,204,1.158357
2022_pres_t1,2022,85036,587,24790,,6.224545,12,0
2022_pres_t1,2022,85037,,,,,,
2022_pres_t1,2022,85038,2916,26670,,4.374523,62,0
2022_pres_t1,2022,85039,4015,25600,,3.719573,70,0
2022_pres_t1,2022,85040,1100,23790,,6.539531,21,0
2022_pres_t1,2022,85041,,,,,,
2022_pres_t1,2022,85042,1909,24010,,10.412984,54,0
2022_pres_t1,2022,85045,1103,25210,,7.059392,29,0
2022_pres_t1,2022,85046,3883,26420,,5.330039,125,
2022_pres_t1,2022,85047,22890,25830,10.4,8.891134,1078,2.218659
2022_pres_t1,2022,85049,1816,24330,,7.628661,33,0
2022_pres_t1,2022,85050,2041,23860,,6.674239,32,0
2022_pres_t1,2022,85051,8518,24630,11,7.251221,346,3.942135
2022_pres_t1,2022,85053,,,,,,
2022_pres_t1,2022,85054,1083,23930,,8.552178,14,0
2022_pres_t1,2022,85055,1108,25210,,4.624185,10,0
2022_pres_t1,2022,85056,394,24440,,5.062154,11,0
2022_pres_t1,2022,85058,792,27120,,7.316693,20,0
2022_pres_t1,2022,85059,2590,22720,,9.501667,124,5.706632
2022_pres_t1,2022,85061,1550,25950,,7.00074,23,0
2022_pres_t1,2022,85062,1144,24560,,6.119692,27,0
2022_pres_t1,2022,85064,2559,25850,,3.328795,71,0
2022_pres_t1,2022,85065,3648,25150,,5.936291,104,0
2022_pres_t1,2022,85066,847,24180,,5.585435,10,0
2022_pres_t1,2022,85067,1002,25610,,4.040125,46,0
2022_pres_t1,2022,85070,3416,25180,,8.628273,116,0
2022_pres_t1,2022,85071,3708,24800,,8.367383,83,0
2022_pres_t1,2022,85072,1047,24870,,3.287297,21,0
2022_pres_t1,2022,85073,1025,25320,,8.338492,26,0
2022_pres_t1,2022,85074,229,24260,,8,3,0
2022_pres_t1,2022,85076,5659,27940,,4.552603,144,0
2022_pres_t1,2022,85077,492,23010,,10.277792,8,0
2022_pres_t1,2022,85078,731,24460,,8.077435,24,0
2022_pres_t1,2022,85080,1757,25000,,7.517459,36,0
2022_pres_t1,2022,85081,4535,27360,,3.97543,163,0
2022_pres_t1,2022,85082,2984,25420,,6.145544,95,0
2022_pres_t1,2022,85083,1643,24800,,8.600679,66,0
2022_pres_t1,2022,85084,6835,25780,7,4.984316,377,1.023716
2022_pres_t1,2022,85086,1704,24630,,7.525835,42,0
2022_pres_t1,2022,85087,205,20510,,9.038899,5,0
2022_pres_t1,2022,85088,4978,28060,,5.893236,78,0.950683
2022_pres_t1,2022,85089,5411,26360,,5.838505,132,1.476411
2022_pres_t1,2022,85090,6401,24910,,6.351321,194,0
2022_pres_t1,2022,85092,13806,24230,17,9.290499,674,1.112837
2022_pres_t1,2022,85093,1242,25140,,3.91182,28,0
2022_pres_t1,2022,85094,1176,24430,,9.588862,41,0
2022_pres_t1,2022,85095,2128,24400,,4.42652,44,0
2022_pres_t1,2022,85096,5413,25600,,5.326724,161,0
2022_pres_t1,2022,85097,3223,25760,,4.561484,78,0
2022_pres_t1,2022,85098,1963,26660,,4.879962,29,0
2022_pres_t1,2022,85099,1144,25220,,6.4733,15,0
2022_pres_t1,2022,85100,2216,27060,,7.191367,62,0
2022_pres_t1,2022,85101,484,24470,,11.058044,8,0
2022_pres_t1,2022,85102,725,23410,,12.226087,6,0
2022_pres_t1,2022,85103,2216,25540,,6.171262,39,0
2022_pres_t1,2022,85104,910,25290,,10.850398,26,0
2022_pres_t1,2022,85105,516,22680,,8.775633,9,0
2022_pres_t1,2022,85106,1335,26470,,11.091425,111,0
2022_pres_t1,2022,85108,3437,26870,,6.136288,87,0
2022_pres_t1,2022,85109,16589,26010,8,5.822037,837,1.150468
2022_pres_t1,2022,85110,903,23270,,11.873111,27,0
2022_pres_t1,2022,85111,1505,23570,,11.175848,34,0
2022_pres_t1,2022,85112,2805,26850,,6.809613,80,0
2022_pres_t1,2022,85113,4887,26500,,9.057617,308,0
2022_pres_t1,2022,85114,3046,28440,,9.071193,146,1.314558
2022_pres_t1,2022,85115,647,24390,,4.746307,21,0
2022_pres_t1,2022,85116,483,25200,,11.435168,15,0
2022_pres_t1,2022,85117,601,25300,,5.266758,17,0
2022_pres_t1,2022,85118,2285,27090,,4.969882,44,0
2022_pres_t1,2022,85119,2572,26170,,4.03401,68,0
2022_pres_t1,2022,85120,1512,25400,,8.807324,36,0
2022_pres_t1,2022,85121,1050,23070,,7.701399,25,0
2022_pres_t1,2022,85123,296,24930,,7.807266,4,0
2022_pres_t1,2022,85125,383,23820,,6.459418,10,0
2022_pres_t1,2022,85126,1360,26360,,5.519865,27,0
2022_pres_t1,2022,85127,2442,27200,,7.99994,118,0.87457
2022_pres_t1,2022,85128,9450,24440,15,8.04001,424,2.273726
2022_pres_t1,2022,85129,3671,25760,,5.041776,88,0
2022_pres_t1,2022,85130,1754,25090,,6.962103,47,0
2022_pres_t1,2022,85131,1461,25220,,7.982475,26,0
2022_pres_t1,2022,85132,757,24960,,7.014743,21,0
2022_pres_t1,2022,85133,895,24100,,6.753922,48,0
2022_pres_t1,2022,85134,240,26070,,8.391305,3,0
2022_pres_t1,2022,85135,2773,24760,,9.40567,99,0
2022_pres_t1,2022,85136,124,21910,,16.666667,2,0
2022_pres_t1,2022,85137,526,25830,,4.670549,11,0
2022_pres_t1,2022,85138,1199,25350,,7.858321,14,0
2022_pres_t1,2022,85139,457,24130,,8.373937,13,0
2022_pres_t1,2022,85140,1489,25100,,5.122914,37,0
2022_pres_t1,2022,85141,681,23850,,7.218864,13,0
2022_pres_t1,2022,85142,1010,25460,,4.285275,16,0
2022_pres_t1,2022,85143,1073,24070,,8.125237,28,0
2022_pres_t1,2022,85144,1560,25940,,4.596364,26,0
2022_pres_t1,2022,85145,989,23520,,5.52298,20,0
2022_pres_t1,2022,85146,20754,27250,6.4,5.63024,908,2.316428
2022_pres_t1,2022,85147,1626,24750,,5.945546,31,0
2022_pres_t1,2022,85148,820,25470,,8.462797,11,0
2022_pres_t1,2022,85149,408,22620,,7.304311,10,0
2022_pres_t1,2022,85151,6065,26260,,4.730744,191,0
2022_pres_t1,2022,85152,5451,25800,,5.621657,251,0
2022_pres_t1,2022,85153,2986,24890,,4.357697,94,0
2022_pres_t1,2022,85154,1749,23830,,6.000417,52,0
2022_pres_t1,2022,85155,5209,28350,,4.389701,200,0
2022_pres_t1,2022,85156,2341,24420,,6.752095,92,0
2022_pres_t1,2022,85157,823,25080,,4.928619,20,0
2022_pres_t1,2022,85158,1211,23570,,8.13192,22,0
2022_pres_t1,2022,85159,2372,24510,,7.390023,70,0
2022_pres_t1,2022,85160,3056,26570,,3.901407,78,0
2022_pres_t1,2022,85161,2546,25880,,4.770741,61,0
2022_pres_t1,2022,85162,2054,25570,,5.607628,68,0
2022_pres_t1,2022,85163,4502,27310,,8.529483,413,0
2022_pres_t1,2022,85164,2293,26430,,10.062465,104,0
2022_pres_t1,2022,85167,801,26970,,7.151298,9,0
2022_pres_t1,2022,85169,1110,24140,,8.204535,32,0
2022_pres_t1,2022,85171,618,26390,,6.988832,15,0
2022_pres_t1,2022,85172,2210,25110,,6.166839,63,
2022_pres_t1,2022,85174,684,24150,,7.892979,14,0
2022_pres_t1,2022,85175,678,25380,,5.358766,9,0
2022_pres_t1,2022,85176,1144,26740,,4.673275,23,0
2022_pres_t1,2022,85177,1366,23420,,8.289693,28,0
2022_pres_t1,2022,85178,8637,26700,,4.078477,290,0.709975
2022_pres_t1,2022,85179,1234,24740,,6.946677,30,0
2022_pres_t1,2022,85181,643,24220,,8.701821,10,0
2022_pres_t1,2022,85182,5641,24930,10,7.219512,235,0
2022_pres_t1,2022,85184,318,23590,,11.542892,7,0
2022_pres_t1,2022,85185,646,25000,,8.804613,12,0
2022_pres_t1,2022,85186,1018,26220,,2.842118,22,0
2022_pres_t1,2022,85187,861,25280,,5.998151,21,0
2022_pres_t1,2022,85188,1157,24990,,6.100562,23,0
2022_pres_t1,2022,85189,2179,26080,,9.03887,51,0
2022_pres_t1,2022,85190,3571,24980,,4.511346,99,2.897617
2022_pres_t1,2022,85191,54699,25090,15.6,9.448295,2633,2.611185
2022_pres_t1,2022,85192,980,25260,,3.314687,18,0
2022_pres_t1,2022,85193,664,23740,,6.768228,14,0
2022_pres_t1,2022,85194,48740,28010,9.2,9.126895,2168,3.16256
2022_pres_t1,2022,85196,1942,25960,,3.053886,34,0
2022_pres_t1,2022,85197,3833,26180,,3.935959,84,0
2022_pres_t1,2022,85198,1382,26230,,4.408586,27,0
2022_pres_t1,2022,85199,533,23810,,6.215056,12,0
2022_pres_t1,2022,85200,1166,24860,,8.486526,17,0
2022_pres_t1,2022,85201,511,25190,,9.624831,13,0
2022_pres_t1,2022,85202,1587,25140,,8.032687,43,0
2022_pres_t1,2022,85204,2653,24610,,8.928956,82,0
2022_pres_t1,2022,85205,543,23500,,9.748107,8,0
2022_pres_t1,2022,85206,400,22990,,10.453862,9,0
2022_pres_t1,2022,85207,413,24670,,11.336026,4,0
2022_pres_t1,2022,85208,2425,26610,,3.636665,63,0
2022_pres_t1,2022,85209,613,24640,,6.929263,19,0
2022_pres_t1,2022,85210,2251,24000,,5.342594,52,0
2022_pres_t1,2022,85211,2547,26180,,6.416165,51,0
2022_pres_t1,2022,85213,4285,25930,,5.382985,125,0.842085
2022_pres_t1,2022,85214,2592,26730,,6.452164,71,0
2022_pres_t1,2022,85215,3924,25530,,5.191154,127,0
2022_pres_t1,2022,85216,2074,25600,,4.603088,90,0
2022_pres_t1,2022,85218,1820,26250,,5.186522,29,0
2022_pres_t1,2022,85220,1629,25240,,4.92522,32,0
2022_pres_t1,2022,85221,2752,24790,,5.460257,58,0
2022_pres_t1,2022,85222,8140,27450,8,10.208036,621,1.551284
2022_pres_t1,2022,85223,3593,24380,,8.012964,182,0
2022_pres_t1,2022,85226,12923,27070,10,8.856851,427,1.166726
2022_pres_t1,2022,85227,1904,24390,,7.151661,44,0
2022_pres_t1,2022,85229,628,23240,,3.819161,18,0
2022_pres_t1,2022,85231,824,25470,,10.905556,18,0
2022_pres_t1,2022,85232,1095,25000,,7.647759,27,0
2022_pres_t1,2022,85233,,,,3.699002,,
2022_pres_t1,2022,85234,8809,26700,12,10.143949,588,2.987162
2022_pres_t1,2022,85235,427,24480,,8.865697,10,0
2022_pres_t1,2022,85236,2018,25360,,7.582729,48,0
2022_pres_t1,2022,85237,394,24250,,9.916904,11,0
2022_pres_t1,2022,85238,3613,26260,,4.685917,106,0
2022_pres_t1,2022,85239,1196,25340,,9.064277,20,0
2022_pres_t1,2022,85240,1619,26990,,3.418184,53,0
2022_pres_t1,2022,85242,1033,24650,,6.012446,29,0
2022_pres_t1,2022,85243,2933,26260,,11.087372,61,0
2022_pres_t1,2022,85244,802,25340,,5.322735,17,0
2022_pres_t1,2022,85245,169,22110,,4.040404,7,0
2022_pres_t1,2022,85246,2540,25850,,5.668038,69,0
2022_pres_t1,2022,85247,1144,25470,,3.375708,27,0
2022_pres_t1,2022,85248,421,24740,,5.395432,13,0
2022_pres_t1,2022,85250,2443,26270,,5.610546,43,0
2022_pres_t1,2022,85251,637,23380,,4.409766,24,0
2022_pres_t1,2022,85252,598,24260,,7.07329,17,0
2022_pres_t1,2022,85254,1771,24890,,6.057405,41,0
2022_pres_t1,2022,85255,2347,24770,,9.372739,58,0
2022_pres_t1,2022,85256,1263,24900,,5.71069,16,0
2022_pres_t1,2022,85259,1382,26500,,4.376924,34,0
2022_pres_t1,2022,85260,857,23920,,9.502419,15,0
2022_pres_t1,2022,85261,297,24990,,11.884998,10,0
2022_pres_t1,2022,85262,3622,25240,,4.78732,73,1.979674
2022_pres_t1,2022,85264,1340,23000,,6.465936,36,0
2022_pres_t1,2022,85265,924,23440,,10.522511,17,0
2022_pres_t1,2022,85266,1671,25020,,4.193115,45,0
2022_pres_t1,2022,85267,982,25340,,8.732986,18,0
2022_pres_t1,2022,85268,1526,24780,,6.67043,45,0
2022_pres_t1,2022,85269,424,25960,,11.546465,6,0
2022_pres_t1,2022,85271,,,,,,
2022_pres_t1,2022,85273,1996,25740,,8.53173,41,0
2022_pres_t1,2022,85274,549,24070,,6.348978,11,0
2022_pres_t1,2022,85276,753,23840,,6.238059,10,0
2022_pres_t1,2022,85277,1592,25000,,5.92305,34,0
2022_pres_t1,2022,85278,1602,27430,,9.099289,38,0
2022_pres_t1,2022,85280,3390,25480,,7.71329,124,0
2022_pres_t1,2022,85281,1029,24570,,7.519682,16,0
2022_pres_t1,2022,85282,972,24660,,4.176324,23,0
2022_pres_t1,2022,85284,4535,26550,,5.840778,120,1.846218
2022_pres_t1,2022,85285,756,24790,,5.430422,16,0
2022_pres_t1,2022,85286,551,23910,,8.362828,17,0
2022_pres_t1,2022,85287,447,24640,,5.825521,11,0
2022_pres_t1,2022,85288,8327,27910,7,7.004075,354,2.264499
2022_pres_t1,2022,85289,2173,24020,,6.456772,73,0
2022_pres_t1,2022,85290,538,24740,,7.367235,15,0
2022_pres_t1,2022,85291,1255,25200,,6.650679,23,0
2022_pres_t1,2022,85292,1504,23940,,6.448809,37,0
2022_pres_t1,2022,85293,1556,26200,,3.651655,39,0
2022_pres_t1,2022,85294,3129,28330,,10.340778,294,1.318945
2022_pres_t1,2022,85295,3361,25840,,4.94729,86,0
2022_pres_t1,2022,85296,1240,24150,,7.501087,31,0
2022_pres_t1,2022,85297,1061,24500,,7.020154,29,0
2022_pres_t1,2022,85298,1951,25130,,5.741796,48,0
2022_pres_t1,2022,85300,4743,27080,,4.5769,127,0
2022_pres_t1,2022,85301,1802,26120,,3.795645,43,0
2022_pres_t1,2022,85302,5580,25850,,5.123935,208,0
2022_pres_t1,2022,85303,1829,24060,,5.771837,52,2.825093
2022_pres_t1,2022,85304,782,23390,,10.058329,17,0
2022_pres_t1,2022,85305,823,24800,,6.795397,25,0
2022_pres_t1,2022,85306,743,24800,,7.076833,9,0
